:020000040800F2
:1000000000000220B1B10008078000080980000844
:100010000B8000080D8000080F8000080000000021
:100020000000000000000000000000001180000837
:1000300013800008000000001580000817800008E9
:1000400001B2000801B2000801B2000801B20008C4
:1000500001B2000801B2000801B2000801B20008B4
:1000600001B2000801B2000801B2000801B20008A4
:1000700001B2000801B2000801B2000821800008A6
:1000800001B2000801B2000801B2000801B2000884
:1000900001B2000801B2000801B2000801B2000874
:1000A00001B2000801B2000801B2000801B2000864
:1000B00001B200083180000801B2000801B2000856
:1000C00001B2000801B2000801B2000801B2000844
:1000D00001B200084180000801B2000801B2000826
:1000E00001B2000801B2000801B2000801B2000824
:1000F00001B2000801B2000801B2000801B2000814
:1001000001B2000801B2000801B2000801B2000803
:1001100001B2000801B2000801B2000851800008D5
:1001200001B2000801B2000801B2000801B20008E3
:1001300001B20008000000000000000001B2000849
:1001400001B2000801B2000801B200086180000895
:1001500001B2000801B200087180000801B2000875
:1001600001B2000801B2000801B2000801B20008A3
:1001700001B2000801B20008000000000000000009
:0801800001B2000801B2000801
:1001880081F0004102E000BF83F0004330B54FEA40
:1001980041044FEA430594EA050F08BF90EA020FAD
:1001A8001FBF54EA000C55EA020C7FEA645C7FEA40
:1001B800655C00F0E2804FEA5454D4EB5555B8BF63
:1001C8006D420CDD2C4480EA020281EA030382EAD4
:1001D800000083EA010180EA020281EA0303362D66
:1001E80088BF30BD11F0004F4FEA01314FF4801C39
:1001F8004CEA113102D0404261EB410113F0004F4B
:100208004FEA03334CEA133302D0524263EB430301
:1002180094EA050F00F0A780A4F10104D5F1200E9F
:100228000DDB02FA0EFC22FA05F2801841F10001FA
:1002380003FA0EF2801843FA05F359410EE0A5F1CE
:1002480020050EF1200E012A03FA0EFC28BF4CF0FF
:10025800020C43FA05F3C01851EBE37101F00045B5
:1002680007D54FF0000EDCF1000C7EEB00006EEBC2
:100278000101B1F5801F1BD3B1F5001F0CD349084C
:100288005FEA30004FEA3C0C04F101044FEA4452A3
:1002980012F5800F80F09A80BCF1004F08BF5FEA2A
:1002A800500C50F1000041EB045141EA050130BD0A
:1002B8005FEA4C0C404141EB0101013C28BFB1F51C
:1002C800801FE9D291F0000F04BF01460020B1FA67
:1002D80081F308BF2033A3F10B03B3F120020CDA3A
:1002E8000C3208DD02F1140CC2F10C0201FA0CF018
:1002F80021FA02F10CE002F11402D8BFC2F1200C7D
:1003080001FA02F120FA0CFCDCBF41EA0C01904032
:10031800E41AA2BF01EB0451294330BD6FEA04047B
:100328001F3C1CDA0C340EDC04F11404C4F1200266
:1003380020FA04F001FA02F340EA030021FA04F378
:1003480045EA030130BDC4F10C04C4F1200220FACF
:1003580002F001FA04F340EA0300294630BD21FA0D
:1003680004F0294630BD94F0000F83F4801306BFD3
:1003780081F480110134013D4EE77FEA645C18BFC7
:100388007FEA655C29D094EA050F08BF90EA020F5E
:1003980005D054EA000C04BF1946104630BD91EA56
:1003A800030F1EBF0021002030BD5FEA545C05D159
:1003B8004000494128BF41F0004130BD14F5800498
:1003C8003CBF01F5801130BD01F0004545F0FE410C
:1003D80041F470014FF0000030BD7FEA645C1ABF41
:1003E800194610467FEA655C1CBF0B46024650EA78
:1003F800013406BF52EA033591EA030F41F40021A4
:1004080030BD00BF90F0000F04BF0021704730B529
:100418004FF4806404F132044FF000054FF00001FE
:1004280050E700BF90F0000F04BF0021704730B5BF
:100438004FF4806404F1320410F0004548BF404294
:100448004FF000013EE700BF42004FEAE2014FEAE9
:1004580031014FEA02701FBF12F07F4393F07F4FC4
:1004680081F06051704732F07F4208BF704793F0C7
:100478007F4F04BF41F40021704730B54FF46074DA
:1004880001F0004521F000411CE700BF50EA0102DD
:1004980008BF704730B54FF000050AE050EA010286
:1004A80008BF704730B511F0004502D5404261EBF6
:1004B80041014FF4806404F132045FEA915C3FF437
:1004C800D8AE4FF003025FEADC0C18BF03325FEAD4
:1004D800DC0C18BF033202EBDC02C2F1200300FA85
:1004E80003FC20FA02F001FA03FE40EA0E0021FAAA
:1004F80002F11444BDE600BF70B54FF0FF0C4CF498
:10050800E06C1CEA11541DBF1CEA135594EA0C0F49
:1005180095EA0C0F00F0DEF82C4481EA030621EA84
:100528004C5123EA4C5350EA013518BF52EA0335BF
:1005380041F4801143F4801338D0A0FB02CE4FF071
:100548000005E1FB02E506F00042E0FB03E54FF0A1
:100558000006E1FB03569CF0000F18BF4EF0010E99
:10056800A4F1FF04B6F5007F64F5407404D25FEA95
:100578004E0E6D4146EB060642EAC62141EA555148
:100588004FEAC52040EA5E504FEACE2EB4F1FD0C8A
:1005980088BFBCF5E06F1ED8BEF1004F08BF5FEA08
:1005A800500E50F1000041EB045170BD06F00046BA
:1005B80046EA010140EA020081EA0301B4EB5C0467
:1005C800C2BFD4EB0C0541EA045170BD41F480115F
:1005D8004FF0000E013C00F3AB8014F1360FDEBF84
:1005E800002001F0004170BDC4F10004203C35DA60
:1005F8000C341BDC04F11404C4F1200500FA05F3E3
:1006080020FA04F001FA05F240EA020001F0004283
:1006180021F0004110EBD37021FA04F642EB0601F9
:100628005EEA430E08BF20EAD37070BDC4F10C0423
:10063800C4F1200500FA04F320FA05F001FA04F2E7
:1006480040EA020001F0004110EBD37041F10001D3
:100658005EEA430E08BF20EAD37070BDC4F12005DE
:1006680000FA05F24EEA020E20FA04F301FA05F246
:1006780043EA020321FA04F001F0004121FA04F2EE
:1006880020EA020000EBD3705EEA430E08BF20EABE
:10069800D37070BD94F0000F0FD101F000464000F8
:1006A80041EB010111F4801F08BF013CF7D041EA7A
:1006B800060195F0000F18BF704703F0004652007E
:1006C80043EB030313F4801F08BF013DF7D043EA4F
:1006D8000603704794EA0C0F0CEA135518BF95EA05
:1006E8000C0F0CD050EA410618BF52EA4306D1D18C
:1006F80081EA030101F000414FF0000070BD50EAAB
:10070800410606BF1046194652EA430619D094EA34
:100718000C0F02D150EA013613D195EA0C0F05D11E
:1007280052EA03361CBF104619460AD181EA030172
:1007380001F0004141F0FE4141F470014FF000002A
:1007480070BD41F0FE4141F4780170BD70B54FF0C5
:10075800FF0C4CF4E06C1CEA11541DBF1CEA135545
:1007680094EA0C0F95EA0C0F00F0A7F8A4EB050427
:1007780081EA030E52EA03354FEA013100F088801E
:100788004FEA03334FF0805545EA131343EA1263E7
:100798004FEA022245EA111545EA10654FEA00269C
:1007A8000EF000419D4208BF964244F1FD0404F555
:1007B800407402D25B084FEA3202B61A65EB0305B1
:1007C8005B084FEA32024FF480104FF4002CB6EB6E
:1007D800020E75EB030E22BFB61A754640EA0C00EE
:1007E8005B084FEA3202B6EB020E75EB030E22BF2E
:1007F800B61A754640EA5C005B084FEA3202B6EB6F
:10080800020E75EB030E22BFB61A754640EA9C002D
:100818005B084FEA3202B6EB020E75EB030E22BFFD
:10082800B61A754640EADC0055EA060E18D04FEABB
:10083800051545EA16754FEA06164FEAC30343EA5B
:1008480052734FEAC2025FEA1C1CC0D111F4801F28
:100858000BD141EA00014FF000004FF0004CB6E721
:1008680011F4801F04BF01430020B4F1FD0C88BFC0
:10087800BCF5E06F3FF6AFAEB5EB030C04BFB6EBCB
:10088800020C5FEA500C50F1000041EB045170BDBE
:100898000EF0004E4EEA113114EB5C04C2BFD4EBEB
:1008A8000C0541EA045170BD41F480114FF0000E6F
:1008B800013C90E645EA060E8DE60CEA135594EAEB
:1008C8000C0F08BF95EA0C0F3FF43BAF94EA0C0FEE
:1008D8000AD150EA01347FF434AF95EA0C0F7FF463
:1008E80025AF104619462CE795EA0C0F06D152EAB7
:1008F80003353FF4FDAE1046194622E750EA41069B
:1009080018BF52EA43067FF4C5AE50EA41047FF4AB
:100918000DAF52EA43057FF4EBAE12E74FEA41020E
:1009280012F5001215D211D56FF47873B3EB625239
:1009380012D94FEAC12343F0004343EA505311F060
:10094800004F23FA02F018BF404270474FF00000F2
:10095800704750EA013005D111F0004008BF6FF030
:10096800004070474FF00000704700BF4A0011D2A6
:1009780012F5001211D20DD56FF47873B3EB6252F1
:100988000ED44FEAC12343F0004343EA505323FAFD
:1009980002F070474FF00000704750EA013002D172
:1009A8004FF0FF3070474FF00000704753B94AB915
:1009B800002908BF00281CBF4FF0FF314FF0FF305F
:1009C80000F00CB8ADF1080C6DE904CE0AF050FC4B
:1009D800DDF804E0DDE9022304B07047704700BF8A
:1009E8000348044B834202D0034B03B118477047B6
:1009F8001801002018010020000000000548064BDF
:100A08001B1AD90F01EBA301491002D0034B03B104
:100A18001847704718010020180100200000000046
:100A280010B5064C237843B9FFF7DAFF044B13B12E
:100A38000448AFF300800123237010BD1801002083
:100A48000000000070B5000808B5054B1BB105494A
:100A58000548AFF30080BDE80840FFF7CFBF00BFEF
:100A6800000000001C01002070B5000808B50A4607
:100A78004FF4FA630146024805F0EDFC08BD00BFDB
:100A88005809002008B50A4641F288330146024851
:100A980005F0ECFE08BD00BF5809002010B582B073
:100AA80066238DF8043099238DF80530094C00220F
:100AB8001021204602F023FF022101A8FFF7D6FFEC
:100AC80001221021204602F01AFF642002F08AF960
:100AD80002B010BD0008024010B582B006238DF8A0
:100AE8000730094C00221021204602F008FF01219E
:100AF8000DF10700FFF7BAFF01221021204602F08E
:100B0800FEFE02B010BD00BF0008024070B582B002
:100B18000C46154603238DF80430030C8DF8053078
:100B2800030A8DF806308DF807000C4E00221021BC
:100B3800304602F0E4FE04210DEB0100FFF796FFBA
:100B480041F28833AAB22146054805F08FFE0122FA
:100B58001021304602F0D3FE02B070BD00080240FA
:100B68005809002030B583B005238DF8073002F00E
:100B780033F90546114C00221021204602F0BFFE31
:100B880001210DF10700FFF771FF01210DF10600AA
:100B9800FFF778FF01221021204602F0B0FE02F094
:100BA8001BF9401BB0F5FA7F05D89DF8060010F038
:100BB8000100DFD100E0012003B030BD0008024091
:100BC80070B5C2B005460E46FFF786FF2B0201AC92
:100BD80002228DF804202A0A8DF805208DF8065087
:100BE8008DF807304FF48072314602A80AF032FBC4
:100BF800094D00221021284602F081FE4FF482712F
:100C08002046FFF733FF01221021284602F077FE25
:100C1800FFF7A8FF42B070BD0008024010B582B0CF
:100C28000446FFF759FF20238DF80430230C8DF874
:100C38000530230A8DF806308DF80740094C00224C
:100C48001021204602F05BFE04210DEB0100FFF7A6
:100C58000DFF01221021204602F051FEFFF782FF0E
:100C680002B010BD0008024010B582B00446FFF77C
:100C780033FF230120228DF80420C4F30F328DF8AE
:100C88000520C4F317148DF806408DF807300A4C78
:100C980000221021204602F032FE04210DEB010053
:100CA800FFF7E4FE01221021204602F028FEFFF79C
:100CB80059FF02B010BD00BF00080240052907D83F
:100CC800037923F0380343EAC10303710020704716
:100CD80001207047052906D8037923F00703194333
:100CE80001710020704701207047072903D8490087
:100CF80041710020704701207047112902D8817185
:100D0800002070470120704707EE901AF8EE677AC6
:100D180090ED027A77EEC77A90ED037A27EE277A7C
:100D280027EEA70AD0ED047A20EE270A30EE070A4C
:100D380082ED000A704707EE101AD0ED0A4A64EEF9
:100D4800804A90ED0B5A60EE006A25EE265A90ED27
:100D58000C6A66EE805A26EE256AD0ED097A77EE9F
:100D6800A47A77EE857A77EE867A90ED065A25EEA4
:100D7800005A90ED076A26EE866AD0ED086A65EE9D
:100D8800A65AB8EE477AD0ED056A76EE856A76EE11
:100D9800866A76EEA56A67EE266A27EE075A90ED10
:100DA8000D6AD0ED0E5A65EE805A36EE256A25EEAC
:100DB800066A27EE057AD0ED0F5A27EE257A37EE28
:100DC800067A37EEA60A30EE070A82ED000A704767
:100DD80070B582B005460E4611461C4601AAFFF7BB
:100DE80093FF6A4631469DED010A2846FFF7A3FFA7
:100DF800009B2360019A069B1A6002B070BD10B573
:100E080084B00068642402940193009201230A4686
:100E1800EE2103F09BF904B010BD000010B586B0B8
:100E280004466A46002300930193029303930493B4
:100E38008DF8143015233121FFF7E1FF0246002811
:100E480040F0C9809DF801109DF8003043EA012365
:100E580007EE903AF8EE677A9FED607A67EE877A48
:100E6800C4ED027A9DF803109DF8023043EA01238D
:100E780007EE903AF8EE677A9FED597A67EE877A2F
:100E8800C4ED037A9DF9043007EE903AF8EEE77A5C
:100E98009FED547A67EE877AC4ED047A9DF80630A0
:100EA8001B021BB29DF805100B4307EE903AF8EEB3
:100EB800E77ADFED4D6A77EEE67A9FED4C6A67EEEA
:100EC800867AC4ED057A9DF808301B021BB29DF89E
:100ED80007100B4307EE903AF8EEE77A77EEE67ADA
:100EE800DFED436A67EEA67AC4ED067A9DF909300C
:100EF80007EE903AF8EEE77ADFED3E6A67EEA67AFB
:100F0800C4ED077A9DF90A3007EE903AF8EEE77AD1
:100F1800DFED396A67EEA67AC4ED087A9DF80C1001
:100F28009DF80B3043EA012307EE903AF8EE677A12
:100F3800F2EE006A67EEA67AC4ED097A9DF80E1003
:100F48009DF80D3043EA012307EE903AF8EE677AF0
:100F5800DFED2A6A67EEA67AC4ED0A7A9DF90F30AA
:100F680007EE903AF8EEE77ADFED256A67EEA67AA3
:100F7800C4ED0B7A9DF9103007EE903AF8EEE77A57
:100F8800DFED206A67EEA67AC4ED0C7A9DF8123080
:100F98001B021BB29DF811100B4307EE903AF8EEB6
:100FA800E77A67EE877AC4ED0D7A9DF9133007EE7C
:100FB800903AF8EEE77A67EE877AC4ED0E7A9DF9F3
:100FC800143007EE903AF8EEE77A9FED0F7A67EE65
:100FD800877AC4ED0F7A104606B010BD0000804332
:100FE8000000803000008027000080460000803527
:100FF800000000310000802F0000002D0000803C20
:101008000000803B000000380000001F10B584B0CD
:101018000068642402940193009201230A46EE2199
:1010280002F0E4FF04B010BDF0B585B004460F46E9
:1010380016461D4613238DF80F3003798DF80E30B0
:1010480083798DF80D3043798DF80C3001230DF13B
:101058000E021C21FFF7DAFF08B105B0F0BD01232D
:101068000DF10D021D212046FFF7D0FF0028F4D115
:10107800012303AA1F212046FFF7C8FF0028ECD14F
:1010880001230DF10F021B212046FFF7BFFF0028A7
:10109800E3D10B236A4604212046FFF7B0FE00285F
:1010A800DBD19DF802209DF801301B0243EA024380
:1010B8009DF8002013433B609DF805209DF80430FF
:1010C8001B0243EA02439DF80320134333609DF853
:1010D8000A209DF809301B0243EA02439DF80820C4
:1010E80013432B60B9E710B582B00446B6238DF8D8
:1010F800073001230DF106020321FFF780FE20B916
:101108009DF8063013F0100F01D102B010BD012375
:101118000DF107027E212046FFF778FF0028F4D161
:10112800022001F05FFE01230DF105020221204695
:10113800FFF765FEE9E710B582B0044601230DF11B
:1011480007020021FFF75BFE18B99DF80730502B06
:1011580001D002B010BD2046FFF7C5FF0028F8D126
:101168002046FFF75BFEF4E701600023A0F86E302D
:1011780080F8723080F8733080F8743080F87530F9
:1011880080F8763080F877308367C0F88030C0F810
:101198009030C0F89430C0F89C30C0F8A030C0F847
:1011A800A430C0F8AC30704710B504460822054991
:1011B800006806F07FFC11220349206806F00DFF45
:1011C80010BD00BF88B50008A0050020002307E077
:1011D80003F10A01044A0A44117AC2181171013351
:1011E800042BF5DD704700BF9805002000000000C3
:1011F80010B50446664B997C664A117080F87010E9
:10120800D97C517080F871101288A0F86E201A7D70
:1012180080F872205A7D80F873209A7D80F87420B7
:10122800DA7D80F875201A7E80F8762093F82230CF
:1012380080F8773000230AE003F11E01544A0A447B
:10124800127A5549CA54E11881F87C200133032BDE
:10125800F2DD514B1B68A36707EE903AF8EEE77A88
:10126800DFED4E6A87EEA67A84ED227A00230AE043
:1012780003F12201464A0A44127A4749CA54E1183E
:1012880081F884200133032BF2DD434B1B68C4F83B
:10129800803007EE903AF8EEE77ADFED406A87EEA5
:1012A800A67A84ED237A002307E003F12601384A61
:1012B8000A44117A384AD1540133032BF5DD364BF1
:1012C8001B68C4F8903000230AE003F12A01304A71
:1012D8000A44127A3049CA54E11881F89820013337
:1012E800032BF2DD2C4B1B68C4F89430002307E075
:1012F80003F12E01264A0A44117A294AD1540133AE
:10130800032BF5DD264B1B68C4F89C30002307E04F
:1013180003F132011E4A0A44117A214AD154013399
:10132800032BF5DD1E4B1B68C4F8A03000230AE030
:1013380003F14201164A0A44127A1749CA54E118BD
:1013480081F8A8200133032BF2DD134B1B68C4F886
:10135800A430002307E003F146010D4A0A44117A3C
:101368000D4AD1540133032BF5DD0B4B1868FFF7F9
:1013780059F805A3D3E90023FFF7BEF8FFF7CEFA23
:10138800C4F8AC0010BD00BFF168E388B5F8E43ECE
:10139800980500203C010020340100208096184B5D
:1013A800380100200C4B997E0C4A1170D97E51707F
:1013B8001288A0F86E201A7F80F872205A7F80F871
:1013C80073209A7F80F87420DA7F80F8752093F86C
:1013D800203080F876307047980500203C010020C6
:1013E800002307E003F10A01374A0A44117A374A11
:1013F800D1540133032BF5DD344B1B68836707EEAB
:10140800903AF8EEE77ADFED326A87EEA67A80ED59
:10141800227A002307E003F10E012B4A0A44117ACD
:101428002A4AD1540133032BF5DD284B1B68C0F839
:10143800803007EE903AF8EEE77ADFED256A87EE1E
:10144800A67A80ED237A002307E003F112011E4AF1
:101458000A44117A1D4AD1540133032BF5DD1B4B85
:101468001B68C0F89030002307E003F11601164A04
:101478000A44117A154AD1540133032BF5DD134B75
:101488001B68C0F89430002307E003F11A010E4AE4
:101498000A44117A0F4AD1540133032BF5DD0D4B61
:1014A8001B68C0F89C30002307E003F11E01064AC0
:1014B8000A44117A074AD1540133032BF5DD054B51
:1014C8001B68C0F8A0307047980500203401002040
:1014D8008096184B3801002038B50546002408E0EE
:1014E800E21C2A44127A032A13D12846FFF76EFE1B
:1014F8000134642C2EDC2B191B7AB52BF8D1631C14
:101508002B441B7A622BF3D1A31C2B441B7A272B69
:10151800E6D0012B0CD0012B13D0012BE8D1E31C12
:101528002B441B7A022BE3D12846FFF759FFDFE74C
:10153800E21C2A44127A212AEDD12846FFF732FF0D
:10154800D6E7E21C2A44127A072AE6D12846FFF792
:101558004FFECDE738BD000010B504461C220C49EB
:10156800006806F0A7FAFA2001F03CFC1C220949A1
:10157800206806F09FFAFA2001F034FC2C22064974
:10158800206806F097FAFA2001F02CFC10BD00BF85
:10159800D8B50008BCB5000890B5000808B5044BDC
:1015A8000022B3F86410186E02F0A9F908BD00BF54
:1015B8004001002008B5044B0122B3F86410186EEE
:1015C80002F09DF908BD00BF4001002008B505E004
:1015D800074BB3F86C10986E02F08AF9044BB3F815
:1015E8006C10986E02F084F90028F1D108BD00BF94
:1015F800400100202DE9F04182B004460D46164610
:101608001F46BDF82080FFF7E1FFFFF7C7FF0097EF
:1016180033462A462146084804F0FFFF074B187056
:10162800FFF7C8FFB8F1000F02D102B0BDE8F081A2
:10163800404601F0D7FBF8E7400100203E010020BA
:101648002DE9F04F83B080460F46424812230370BD
:10165800FF2343708370C370002300936423042224
:101668003D49FFF7C7FF0CE03A4802230370FF2308
:101678004370837000230093642303223649FFF7E5
:10168800B9FF0121354802F033F90028ECD1314C7B
:10169800142323704FF0FF0984F8019084F8029016
:1016A80084F8039084F804902B4D00260096642358
:1016B800052229462046FFF79DFF1323237084F84F
:1016C800019084F8029084F8039000966423042221
:1016D80029462046FFF78EFF95F80290EB782E708A
:1016E8006E70AE70EE702E716E71AE71EE712E72FC
:1016F8006E721E2222706370A670E6702671667183
:10170800A671FFF763FFFFF749FFDFF858A04FF016
:10171800640BCDF800B003232A462146504604F056
:101728007CFF0F4E3070CDF800B04B462A46E11CC6
:10173800504604F072FF3070FFF73CFFFFF746FF9A
:101748004A462946404609F085FD87F8009003B0CF
:10175800BDE8F08F180500200C05002000040240A9
:101768003E0100204001002000B583B00D481D2334
:10177800037007234370402383700023009364237E
:1017880005220949FFF736FF084B187838B9064B88
:101798001B79142B00D0012003B05DF804FB022054
:1017A800FAE700BF180500200C0500203E010020C4
:1017B80070B582B0124C8C232370002363700C2206
:1017C800A270E370FF2525716371A3710D4E00931C
:1017D8006423072231462046FFF70CFF822323703B
:1017E8006570A570E57032230093642304223146A6
:1017F8002046FFF7FFFE044B01221A7002B070BDAD
:10180800180500200C0500203F0100202DE9F047B5
:1018180082B0494C9D2323704FF0010884F8018061
:10182800464E0A2700976423022231462046FFF7D6
:10183800E1FE8A23237084F8018000976423022242
:1018480031462046FFF7D6FE862323701B2363709C
:101858001023A3700025E5702571009764230522E5
:1018680031462046FFF7C6FE9F2323706570009718
:101878006423022231462046FFF7BCFE8B232370E7
:101888004FF0070A84F801A04FF0050984F8029088
:1018980084F803802571009764234A463146204620
:1018A800FFF7A8FE952323700423637084F802A031
:1018B800E57084F80480009764234A463146204640
:1018C800FFF798FE8E232370162363704FF00208EB
:1018D80084F8028000976423032231462046FFF7EC
:1018E80089FEA02323706570009764234246314621
:1018F8002046FFF77FFE08232370657084F8028076
:10190800FF23E37023716571A571E5712572009756
:101918006423092231462046FFF76CFE9323237087
:101928003023637000976423424631462046FFF710
:1019380061FE02B0BDE8F087180500200C05002004
:1019480010B582B0FFF736FE144C0022B4F85C10D4
:10195800A06D01F0D4FF322001F044FA0122B4F85E
:101968005C10A06D01F0CBFF642001F03BFA0C483D
:1019780097230370002343708370C3700A23009376
:10198800642304220749FFF735FEFFF7EDFE08B18F
:1019980002B010BDFFF73AFFFAE700BF4001002090
:1019A800180500200C05002000B585B0FEF72AFDBB
:1019B80010A3D3E90023FEF7C9FEFEF7D7FF86235D
:1019C8008DF80830030E8DF80930030C8DF80A30B5
:1019D800030A8DF80B308DF80C0000230093642364
:1019E8000522034902A8FFF705FE05B05DF804FBD0
:1019F8000C050020000000008084EE3F08B501F0CF
:101A0800F1F908BD10B5044602E00120FFF7F6FF22
:101A18006379002BF9D10123637110BD0023437151
:101A2800704710B5BDF808C0A8B10446A9B1B3B154
:101A3800016002718360A0F80CC00122614618465B
:101A480001F05DFF642302222179206802F0FAFC8C
:101A580038B1002000E0002010BD0020FCE7002085
:101A6800FAE70120F8E7F0B585B004460E461746B8
:101A78001D46FFF7C7FF0A9B0293ADB20195009779
:101A88001023B2B22179206802F060FB30B1002542
:101A98002046FFF7C3FF284605B0F0BD0125F7E74C
:101AA80008B50349034800F033F8034B187008BD24
:101AB800240500200001002028050020134B5B7A34
:101AC80013BB10B5044603F0FF00104B93F809C090
:101AD8005FFA8CFC4FF0000E03F80CE093F809C095
:101AE80003EB8C0CCCF804405C7A1C4422725A7AC2
:101AF800541CE4B25C7230320A703A234B702F23C4
:101B08008B7081F803E010BD012070472C05002080
:101B180008B50022FFF7D2FF08BD90F83130012B3D
:101B28000BD010B5044690F83310203000F026FA98
:101B380028B9012384F8313010BD002070474FF0D8
:101B4800FF30F9E738B5054600F12004802120462A
:101B580000F082F960BB0121204600F064F950BB17
:101B68000121204600F004F940BB0021204600F086
:101B7800A8F930BB042385F833300021204600F053
:101B8800FDF908BB0021204600F09EF8F8B90423AF
:101B980085F834300021204600F075FAD0B90621C6
:101BA800204600F0CCF8C0B9012385F8303038BDA4
:101BB8004FF0FF30FBE74FF0FF30F8E74FF0FF3012
:101BC800F5E74FF0FF30F2E74FF0FF30EFE74FF067
:101BD800FF30ECE74FF0FF30E9E74FF0FF30E6E782
:101BE80008B5203000F018F900B908BD4FF0FF30F3
:101BF800FBE7000010B582B00C460DF1070120305C
:101C080000F07BF8A0B99DF80730032B13D8DFE864
:101C180003F0020C0609094B236002B010BD084B03
:101C28002360FAE7074B2360F7E7074B2360F4E7E5
:101C38004FF0FF30F1E74FF0FF30EEE723DB793D5F
:101C480023DBF93D23DB793E23DBF93E30B585B054
:101C580005460C460023019302A9203000F0A1F8A4
:101C680060BB01A92846FFF7C5FF50BBBDF9083086
:101C780007EE103AB8EEC77ADDED017A27EE277A3B
:101C8800BDEEC77A84ED007ABDF90A3007EE103A46
:101C9800B8EEC77A27EE277ABDEEC77A84ED017AC7
:101CA800BDF90C3007EE103AB8EEC77A67EE877ABE
:101CB800FDEEE77AC4ED027A05B030BD4FF0FF3093
:101CC800FAE74FF0FF30F7E730B583B004460D462A
:101CD800012301AA102100F08BFB08B103B030BD2D
:101CE8009DF8043065F383038DF80430012301AABD
:101CF8001021204600F04EFBF0E710B582B00C46EC
:101D0800012301AA102100F073FB9DF80430C3F3EE
:101D18008103032B10D8DFE803F00206090C002327
:101D2800237002B010BD01232370FAE70223237049
:101D3800F7E703232370F4E700232370F1E730B5B6
:101D480083B004460D46012301AA112100F050FB7F
:101D580008B103B030BD9DF8043065F343038DF836
:101D68000430012301AA1121204600F013FBF0E7FB
:101D780030B583B004460D46012301AA122100F0B4
:101D880037FB08B103B030BD9DF8043065F3861306
:101D98008DF80430012301AA1221204600F0FAFA36
:101DA800F0E710B582B00C4606236A46282100F0F9
:101DB8001FFB9DF8012022809DF8003003EB0223D1
:101DC80023809DF8032062809DF8023003EB0223F4
:101DD80063809DF80520A2809DF8043003EB022360
:101DE800A38002B010BD30B583B004460D46012370
:101DF80001AA194600F0FCFA08B103B030BD9DF8FD
:101E0800043065F387138DF80430012301AA1946BD
:101E1800204600F0BFFAF0E708B50A4601230F2173
:101E280000F0E6FA08BD30B583B004460D4601233C
:101E380001AA122100F0DCFA08B103B030BD9DF808
:101E4800043065F382038DF80430012301AA1221BE
:101E5800204600F09FFAF0E730B583B005460C46FF
:101E680001236A46182100F0C3FA034618B1D3B11A
:101E7800184603B030BDE3099DF8002063F3410222
:101E88008DF8002001236A461821284600F082FABE
:101E980003460028ECD1012301AA6221284600F05C
:101EA800A7FA0346E3E79DF8043064F3C4038DF80A
:101EB8000430012301AA6221284600F06BFA034688
:101EC800D6E730B583B004460D46012301AA0A219E
:101ED80000F08EFA08B103B030BD9DF8043065F308
:101EE80002038DF80430012301AA0A21204600F0DC
:101EF80051FAF0E738B504460D460221FFF773FFA3
:101F080000B138BD02232A464621204600F070FA67
:101F18000028F6D100212046FFF765FFF1E730B52C
:101F280083B005460C460221FFF75DFF08B103B0F8
:101F380030BD012301AA5F21284600F059FA002884
:101F4800F5D19DF80430C3F3C103032B13D8DFE8A0
:101F580003F002090C0F0023237000212846FFF725
:101F680042FFE4E701232370F7E702232370F4E735
:101F780003232370F1E700232370EEE730B583B025
:101F880004460D4601A9FFF7B5FF0246C8BB9DF8F8
:101F9800041001F00103C1F340000343C1F38000C2
:101FA8000343C1F3C0000343C1F300100343C1F36B
:101FB80040100343C1F38010034343EAD1139DF853
:101FC800051001F001000343C1F340000343C1F3CE
:101FD80080000343C1F3C0000343C1F3001003436F
:101FE800C1F340100343C1F38010034353EAD113F4
:101FF8000CD142B901236A461021204600F0F8F9B5
:102008000246002A31D0104603B030BD0DF103015D
:102018002046FFF784FF02460028F4D19DF80330DC
:10202800032BE6D8DFE803F002060B13002DE0D1FE
:102038000125DEE78DB1012DDBD10225D9E7012D80
:102048000DD0022D0DD0002DD3D10325D1E7032DBE
:10205800CFD8DFE805F0080808080225C9E70325F6
:10206800C7E70325C5E70425C3E79DF8003065F3F6
:1020780007138DF8003001236A461021204600F02E
:1020880089F90246BFE730B583B004460D4601A979
:10209800FFF730FF0246C8BB9DF8041001F00103AA
:1020A800C1F340000343C1F380000343C1F3C00000
:1020B8000343C1F300100343C1F340100343C1F3CA
:1020C8008010034343EAD1139DF8051001F0010085
:1020D8000343C1F340000343C1F380000343C1F34A
:1020E800C0000343C1F300100343C1F3401003438E
:1020F800C1F38010034353EAD1130CD142B9012331
:102108006A461121204600F073F90246002A31D0B0
:10211800104603B030BD0DF103012046FFF7FFFE66
:1021280002460028F4D19DF80330032BE6D8DFE8F7
:1021380003F002060B13002DE0D10125DEE78DB177
:10214800012DDBD10225D9E7012D0DD0022D0DD0AF
:10215800002DD3D10325D1E7032DCFD8DFE805F033
:10216800080808080225C9E70325C7E70325C5E7C6
:102178000425C3E79DF8003065F307138DF8003098
:1021880001236A461121204600F004F90246BFE700
:102198002DE9F04F8BB005AD002405940694079403
:1021A8000894099400945A4B1A6B42F004021A637B
:1021B8001A6B02F004020092009A01941A6B42F022
:1021C80080021A631A6B02F080020192019A02944B
:1021D8001A6B42F001021A631A6B02F001020292B2
:1021E800029A03941A6B42F002021A631A6B02F005
:1021F80002020392039A04941A6B42F008021A63CB
:102208001B6B03F008030493049BDFF81481224638
:1022180040F28911404601F072FB0122302140460C
:1022280001F06DFB3B4F22462121384601F067FB48
:1022380001224FF48051384601F061FB01224FF42E
:102248000041354801F05BFB01220421334801F0CD
:1022580056FB40F2891305930126069607940894C5
:102268002946404601F04EFA302305930696079416
:102278004FF00309CDF820902946404601F042FA74
:1022880005960696079408942946384601F03AFAC6
:1022980002230593069407942946384601F032FA3A
:1022A8004FF0040ACDF814A04FF4881BCDF818B0ED
:1022B80007942946384601F025FA4FF481530593CF
:1022C80006960794CDF820902946384601F01AFA68
:1022D80040230593CDF818B007942946404601F0ED
:1022E80011FA4FF40043059306960794CDF8209011
:1022F8002946094801F006FACDF814A00696079475
:1023080008942946054801F0FDF90BB0BDE8F08FA7
:10231800003802400004024000000240000C024065
:102328000008024010B582B000240094124B1A6BCA
:1023380042F400121A631A6B02F400120092009A17
:1023480001941A6B42F480021A631B6B03F4800336
:102358000193019B224621460F2000F03BFF0F20EE
:1023680000F048FF22462146462000F033FF462071
:1023780000F040FF02B010BD0038024038B50546F5
:102388000C46034804F010FCE4002C6038BD00BF84
:1023980088070020B0B500AF15461A465C1C083304
:1023A800DB086846A0EBC3039D4601F07F0368463F
:1023B80000F8013B294608F04DFF0B4D00224FF471
:1023C8008051284601F09BFA4FF0FF33A2B26946CC
:1023D800064804F040F801224FF48051284601F0E5
:1023E8008EFA0020BD46B0BD00040240000900205E
:1023F800F0B583B014461D468DF80710124E002222
:102408004FF48051304601F07AFA9DF8073063F0B6
:102418007F038DF807300D4F4FF0FF3301220DF188
:102428000701384604F017F84FF0FF332A462146D3
:10243800384604F01BFA01224FF48051304601F06F
:102448005EFA002003B0F0BD00040240000900203D
:1024580008B50B4B834200D008BD0821094801F09C
:1024680054FA094A1368013B1360002BF4D1002287
:102478000821044801F043FA014804F080FBEBE727
:1024880088070020000802404405002072B6FEE7D5
:1024980000B585B00023009301930293039313487A
:1024A800134A0260436083600361037680F820303A
:1024B800C362104A8262C3600122C26180F8303070
:1024C800426100F03DFD68B90423009301230193A4
:1024D800002302936946054800F05EFD20B905B067
:1024E8005DF804FBFFF7D2FFFFF7D0FFD40A002006
:1024F800002001400100000F08B50A480A4B03609C
:102508000A4B436000238360C3604FF4804202613A
:1025180043618361C361036201F08AFC00B908BDAD
:10252800FFF7B4FF780A002000540040801A060024
:1025380008B50A480A4B03600A4B436000238360CE
:10254800C3604FF48042026143618361C3610362E7
:1025580001F06EFC00B908BDFFF798FF240A0020BF
:1025680000580040801A060008B50A480A4B036064
:102578000A4B436000238360C3604FF480420261CA
:1025880043618361C361036201F052FC00B908BD75
:10259800FFF77CFFD0090020005C0040A086010006
:1025A80008B50948094B0360002343607F22826015
:1025B800FF22C26003614361836103F0B3FD00B988
:1025C80008BDFFF763FF00BFB009002000280040E6
:1025D80008B50D480D4B03604FF482734360002328
:1025E8008360C360036143614FF400728261C36119
:1025F8000362436283620A23C36203F0CDFE00B91B
:1026080008BDFFF743FF00BF580900200030014014
:1026180008B50E480E4B03604FF4827343600023E5
:102628008360C36002220261012242614FF400729A
:1026380082610822C2610362436283620A23C36221
:1026480003F0AAFE00B908BDFFF720FF000900202B
:102658000038004008B50D480D4B03604FF48273F5
:10266800436000238360C360036143614FF40072D9
:102678008261C3610362436283620A23C36203F017
:102688008BFE00B908BDFFF701FF00BFA8080020B6
:10269800003C004000B58FB000230A930B930C93C5
:1026A8000D9308930993019302930393049305935D
:1026B800069307931D481E4A0260436083605922AF
:1026C800C2600361836104F055FC20BB4FF4805362
:1026D8000A930AA9154804F0B3FDF0B9134804F0A9
:1026E800A1FCE0B900230893099308A90F4805F055
:1026F80073F8B0B960230193002202920392059205
:1027080001A90A4804F021FD68B9084802F0B4F9A3
:102718000FB05DF804FBFFF7B9FEFFF7B7FEFFF750
:10272800B5FEFFF7B3FEFFF7B1FE00BF600800205B
:102738000004004000B58FB000230A930B930C935C
:102748000D930893099301930293039304930593BC
:10275800069307932348244A026040F24F224260BE
:10276800836040F67E12C2600361836104F002FC5C
:1027780058BB4FF480530A930AA91A4804F060FD25
:1027880028BB184804F04EFC18BB00230893099393
:1027980008A9144805F020F8E8B96023019300233C
:1027A800029303930593082201A90E4804F0CDFC77
:1027B80098B90C2201A90B4804F0C7FC78B909485C
:1027C80002F05AF90FB05DF804FBFFF75FFEFFF760
:1027D8005DFEFFF75BFEFFF759FEFFF757FEFFF7B9
:1027E80055FE00BF180800200008004000B58FB053
:1027F80000230A930B930C930D9308930993019369
:102808000293039304930593069307933148324A3E
:10281800026040F24F224260836040F67E12C2603E
:102828000361836104F0A6FB002840D14FF4805374
:102838000A930AA9274804F003FD002839D125483E
:1028480004F0F0FB002836D1224804F0BFFB002832
:1028580033D100230893099308A91E4804F0BCFF4C
:1028680068BB60230193002202920392059201A99A
:10287800184804F06AFC20BB04220DEB020115483D
:1028880004F063FCF8B9082201A9124804F05DFCC1
:10289800D8B9002301930C2201A90E4804F026FCA4
:1028A800A8B90C4802F0E8F80FB05DF804FBFFF790
:1028B800EDFDFFF7EBFDFFF7E9FDFFF7E7FDFFF79C
:1028C800E5FDFFF7E3FDFFF7E1FDFFF7DFFDFFF7AC
:1028D800DDFD00BFD0070020000C004008B50A4805
:1028E8000A4B03604FF41653436000238360C360B0
:1028F80003610C2242618361C36105F0ABF800B942
:1029080008BDFFF7C3FD00BFE0060020001001402E
:1029180008B50448044B036000F084FC00B908BD06
:10292800FFF7B4FDCC0A00200030024000B583B0A8
:102938000023009301930D480D4A02602322426050
:102948008360FA22C260836104F014FB50B900234B
:10295800009301936946054804F03EFF20B903B08F
:102968005DF804FBFFF792FDFFF790FD8807002054
:102978000014004010B594B008AC30220021204665
:1029880008F03BFC002303930493059306930793F5
:102998000193214A116C41F080511164126C02F0CC
:1029A80080520192019A02931C4B1A6842F48042A9
:1029B8001A601B6803F480430293029B092308935F
:1029C8004FF48033099301230D9302230E934FF4A0
:1029D80080020F92042210929022119212930623E1
:1029E8001393204602F062FF90B90F23039302234A
:1029F8000493002305934FF4A05306934FF4805398
:102A08000793042103A803F0BBF918B914B010BD4B
:102A1800FFF73CFDFFF73AFD003802400070004028
:102A280030B5ADF54D7D00F0B1F9FFF7A3FFFFF725
:102A3800AFFBFFF777FCFFF72BFDFFF75DFDFFF717
:102A480077FDFFF791FDFFF7ABFDFFF7C1FDFFF73E
:102A5800DFFDFFF7FFFDFFF71DFEFFF76BFEFFF73A
:102A6800C5FEFFF73BFF06F0D3F8FFF751FFFFF76E
:102A780017F8FFF75BFF4FF496716948FFF77EFC84
:102A8800684C01228021204600F039FF01224FF4D2
:102A98008071204600F033FF6348644B0360FEF703
:102AA8004AFB00284ED06248FFF74CF8002864D053
:102AB800604C61492046FEF757FB4FF47A7000F0EE
:102AC80091F92046FEF748FD5C4C58225C492046A7
:102AD80008F0C0FB5B4BA3650423A4F85C305A4B99
:102AE80023664FF40043A4F86430584DA5660223CA
:102AF800A4F86C30FEF724FF5548FEF755FFFEF7A3
:102B080057FE202300932B46A02252495248FEF735
:102B180088FF28B1AA228DF80C2255228DF80D22A3
:102B280000224E494E4800F0CCF84FF400720021C4
:102B380003A808F062FB00224021104600F094F838
:102B480000243BE0052000F04DF9374C03212046D6
:102B5800FEF7B4F803212046FEF7BCF80221204610
:102B6800FEF7C3F802212046FEF7C7F8C9ABCAAA88
:102B7800CBA92046FEF758FA95E72D4C2046FEF7DC
:102B8800CCFFC4A92046FFF761F80DF20F312046AB
:102B9800FFF726F88CE7274D2846FEF705FB284661
:102BA800FEF79AFCFA2000F01DF90DF20F252946D0
:102BB80084A8FEF745FD9DF80F323BBB642000F06A
:102BC80011F9194DC9ABCAAACBA92846FEF72CFAA8
:102BD800C7AB0093C8ABCA9ACB992846FEF7F8F85A
:102BE800C4A91348FFF732F864230093022383AA89
:102BF80000211948FEF737FF2146194800F076F8FA
:102C08000A34E4B2B42CC6D90024C4E7154D012314
:102C18002B704FF4967000F0E5F800232B70CDE789
:102C2800440500200008024058050020240A00201E
:102C38004806002098050020E006002040010020FA
:102C4800A8080020000C02400000024000040240D6
:102C58008050DE19780A002048050020D00700209F
:102C68003C0500203805002008B5104B58701A7034
:102C7800997017230E4904E01E220A600431013BB3
:102C88005BB2002B08DB094A1268DA4012F0010F28
:102C9800F2D03C220A60F1E7054A0021C2F824116B
:102CA8004A23044804F0D8FB08BD00BF440C0020A8
:102CB8001C0B00206008002008B5002104F012FD5C
:102CC80008BD08B503460846114618605A6004F066
:102CD80045FB08BDA0EB010C0098C01A00FB0CFCDA
:102CE800521A9CFBF2FC0CEB0300704710B582B043
:102CF80004460846B42900D9B4204FF498730093C9
:102D08003D23B4220021FFF7E5FF63682BB9236850
:102D18001B6880B2586302B010BD042B06D0082B84
:102D280009D023681B6880B21864F4E723681B681D
:102D380080B29863EFE723681B6880B2D863EAE73C
:102D480010B504460E4B1A784FF47A73B3FBF2F3BE
:102D58000C4A1068B0FBF3F000F050FA68B90F2C79
:102D680001D901200AE0002221464FF0FF3000F08F
:102D780031FA054B1C60002000E0012010BD00BFA7
:102D880000000020080000200400002008B50B4BBC
:102D98001A6842F400721A601A6842F480621A6073
:102DA8001A6842F480721A60032000F001FA0F20BA
:102DB800FFF7C6FF01F00CFC002008BD003C0240F4
:102DC800034A1168034B1B780B441360704700BF1C
:102DD800480C002000000020014B1868704700BF15
:102DE800480C002038B50446FFF7F6FF0546B4F155
:102DF800FF3F02D0044B1B781C44FFF7EDFF401B3C
:102E0800A042FAD338BD00BF000000204A4B5A68E0
:102E180022F440325A605A6841680A435A6002688C
:102E2800536823F48073536002685368016943EA66
:102E3800012353600268536823F0407353600268AB
:102E4800536881680B4353600268936823F40063F6
:102E5800936002689368C1680B439360826A374B3A
:102E68009A4257D00268936823F0706393600268AF
:102E78009368816A0B4393600268936823F0405318
:102E8800936002689368C16A0B4393600268936811
:102E980023F00203936002689368017E43EA4103CA
:102EA800936090F82030002B3FD00268536843F4B9
:102EB800006353600268536823F4604353600168F9
:102EC8004B68426A013A43EA42334B600268D36A6C
:102ED80023F47003D3620168CB6AC269013A43EAFA
:102EE8000253CB620268936823F40073936002680C
:102EF800936890F8301043EA41239360026893681E
:102F080023F48063936002689368416943EA8123EC
:102F1800936070470268936823F070639360026857
:102F2800936823F040539360B0E70268536823F432
:102F380000635360CAE700BF002301400100000F8F
:102F480038B310B50446036C43B1236C13F0100F6B
:102F58000BD00120002384F83C3010BD01F054FB55
:102F68000023636484F83C30EFE7236C23F4885330
:102F780023F0020343F0020323642046FFF746FFD1
:102F880000206064236C23F0030343F001032364EF
:102F9800E0E701207047000030B482B000220192BF
:102FA80090F83C20012A00F0B6800346012280F800
:102FB8003C200A68092A40D90468E06892B202EB0A
:102FC80042021E3A4FF0070C0CFA02F220EA020203
:102FD800E2601C68E0680A8802EB42021E3A8D68CB
:102FE80005FA02F20243E2604A68062A3CD81C68E5
:102FF800606B02EB8202053A4FF01F0C0CFA02F2EA
:1030080020EA020262631C68606B4A6802EB820273
:10301800053AB1F800C00CFA02F20243626318687C
:103028003E4A904250D018683C4A904255D0002001
:1030380083F83C0002B030BC70470468206992B243
:1030480002EB42024FF0070C0CFA02F220EA0202ED
:1030580022611C6820690A8802EB42028D6805FA21
:1030680002F202432261BFE70C2A16D81D68286BBA
:1030780002EB8202233A1F2404FA02F220EA020237
:103088002A631D68286B4A6802EB8202233A0C887F
:1030980004FA02F202432A63C1E71D68E86A02EBF8
:1030A8008202413A1F2404FA02F220EA0202EA628A
:1030B8001D68E86A4A6802EB8202413A0C8804FA01
:1030C80002F20243EA62AAE70A68122AABD114485C
:1030D800426842F480024260A5E70A68103A012A71
:1030E800A5D80F48426842F4000242600A68102AD4
:1030F8009DD10C4A12680C49A1FB0212920C02EBFA
:1031080082025200019202E0019A013A0192019A68
:10311800002AF9D18BE702208CE700BF002001408C
:10312800002301400800002083DE1B43002807DB42
:1031380000F01F02400901239340024A42F8203060
:10314800704700BF00E100E0002808DB0901C9B2B0
:1031580000F1604000F5614080F80013704700F00E
:103168000F000901C9B2014B1954704714ED00E072
:1031780000B500F00700C0F1070CBCF1040F28BF30
:103188004FF0040C031D062B0FD9C31E4FF0FF3E52
:103198000EFA0CF021EA000199400EFA03FE22EA29
:1031A8000E0241EA02005DF804FB0023EEE700008E
:1031B800074AD36823F4E0631B041B0C000200F4E5
:1031C800E060034343F0BF6343F40033D3607047C8
:1031D80000ED00E010B50446054BD868C0F30220A6
:1031E800FFF7C6FF01462046FFF7AEFF10BD00BF40
:1031F80000ED00E008B5FFF799FF08BD0138B0F110
:10320800807F0BD24FF0E0235861054AF02182F805
:1032180023100020986107221A6170470120704727
:1032280000ED00E058B110B5044643791BB1012305
:103238006371002010BD037101F01AFAF7E701204D
:10324800704730B405682C6824F480242C60046826
:1032580063608368402B05D0036899600368DA606F
:1032680030BC704703689A600368D960F8E70000CB
:1032780010B40368D9B210390A4AA2FB01421209F4
:10328800094CA25CC2655F2907D96FF309030433AF
:103298008365806D5DF8044B70476FF309038365A0
:1032A800F7E700BFABAAAAAAF4B50008836A826947
:1032B80092B9012B0AD0022B02D00BB10020704723
:1032C800C36A13F0807F28D100207047C36AB3F126
:1032D800C07F24D000207047B2F5005F09D0022BD0
:1032E80025D9032B25D1C36A13F0807F23D1002071
:1032F8007047032B03D8DFE803F01404140A0020F6
:103308007047C36A13F0807F0DD100207047C36AED
:10331800B3F1C07F09D00020704701207047012019
:103328007047012070470120704701207047012035
:1033380070470020704701207047000070B50446B0
:10334800FFF74AFD002C5BD00546022384F8353090
:10335800002384F834302268136823F001031360D3
:1033680023681A6812F0010F0AD0FFF735FD431BD6
:10337800052BF5D920236365032084F8350070BD3B
:103388001A68204911406268A0680243E068024355
:103398002069024360690243A0690243E06902436D
:1033A800206A02430A43616A04291ED01A6026680B
:1033B800756925F00705636A1D43042B07D1A36AC5
:1033C8001D43E36A1BB12046FFF770FF90B9756192
:1033D8002046FFF74DFFE26D3F23934083600020B6
:1033E8006065012384F83530C9E7E16A206B014341
:1033F8000A43DBE740236365012084F83500BEE714
:103408000120BCE73F8010F038B50446856D90F880
:10341800340001282AD0012084F8340094F83500BB
:10342800012804D0002384F83430022038BD02205B
:1034380084F83500002060652046FFF702FFE26D42
:103448003F239340AB602268136843F01603136070
:10345800236C23B12268136843F0080313602268C1
:10346800136843F0010313600020DFE70220DDE763
:1034780070B50446866DFFF7AFFC94F83530022B23
:1034880006D080236365002384F83430012070BDA2
:1034980005462268136823F01603136022685369EF
:1034A80023F080035361236CE3B12268136823F08F
:1034B800080313602268136823F00103136023686C
:1034C8001B6813F0010F11D0FFF786FC431B052B77
:1034D800F5D920236365032084F83500002384F898
:1034E8003430D4E7A36C002BDFD1E3E7E26D3F2350
:1034F8009340B360012384F83530002084F8340009
:10350800C5E790F83530022B03D0802343650120AE
:103518007047052380F835300268136823F00103EB
:103528001360002070470000F0B583B00446002304
:103538000193724B1D68724BA3FB0535AD0A876D6D
:103548003E68C26D08239340334210D003681A685E
:1035580012F0040F0BD01A6822F004021A60C26D30
:1035680008239340BB60436D43F001034365E26D5C
:1035780001239340334209D02268526912F0800F28
:1035880004D0BB60636D43F002036365E26D0423FE
:103598009340334209D02268126812F0020F04D017
:1035A800BB60636D43F004036365E26D10239340D1
:1035B800334224D02268126812F0080F1FD0BB6073
:1035C80023681A6812F4802F0DD01B6813F4002F9B
:1035D80004D1236C9BB12046984710E0A36C73B1CB
:1035E800204698470BE01A6812F4807F03D11A68C6
:1035F80022F008021A60236C0BB120469847E26D4E
:1036080020239340334254D02268126812F0100FDE
:103618004FD0BB6094F83530052B0ED023681A685C
:1036280012F4802F33D01B6813F4002F2AD1636C57
:10363800002B3ED0204698473BE02268136823F0D1
:10364800160313602268536923F080035361236CC7
:10365800A3B12268136823F008031360E26D3F23C7
:103668009340BB60012384F83530002384F834305C
:10367800236D002B3FD0204698473CE0A36C002BDD
:10368800E7D1EBE7E36BA3B12046984711E01A684E
:1036980012F4807F09D11A6822F010021A600123FF
:1036A80084F83530002384F83430E36B0BB12046BE
:1036B8009847636DFBB1636D13F0010F17D00523B5
:1036C80084F835302268136823F001031360019BE6
:1036D80001330193AB4204D823681B6813F0010F30
:1036E800F5D1012384F83530002384F83430E36CB5
:1036F8000BB12046984703B0F0BD00BF080000207A
:10370800B5814E1B00230F2B00F2E98070B582B003
:1037180065E085684FEA430E032404FA0EF425EAAF
:103728000405CC6804FA0EF42C438460446824EA47
:1037380002044A68C2F300129A40224342605CE0E5
:10374800DC08083450F8242003F00705AD004FF0DA
:103758000F0E0EFA05FE22EA0E0E0A69AA4042EA88
:103768000E0240F824205CE0072200E0002202FA62
:103778000EF22A4302345A4D45F82420594A9468D7
:103788006FEA0C0224EA0C054E6816F4801F01D07B
:103798004CEA0405534CA560E46802EA04054E6847
:1037A80016F4001F01D04CEA04054E4CE56064682D
:1037B80002EA04054E6816F4003F01D04CEA0405FD
:1037C800484C6560246822404D6815F4803F01D05C
:1037D8004CEA0402434C226001330F2B7DD80122AE
:1037E8009A400C6804EA020C32EA0404F4D14C68EA
:1037F80004F00304013C012C8BD94A6802F003024F
:10380800032A09D0C4685D000322AA4024EA0204FE
:103818008A68AA402243C2604A6802F00302022A68
:103828008ED004684FEA430E032202FA0EF224EA0D
:1038380002044A6802F0030202FA0EF2224302600E
:103848004A6812F4403FC7D000220192264A546CBD
:1038580044F480445464526C02F480420192019A08
:103868009C08A51C1E4A52F8255003F0030E4FEA87
:103878008E0E0F2202FA0EF225EA02051B4A90422A
:103888003FF474AF02F5806290421AD002F580626C
:10389800904218D002F58062904216D002F58062FC
:1038A800904214D002F58062904212D002F58062F4
:1038B800904210D002F5806290423FF455AF082242
:1038C80055E7012253E7022251E703224FE704227A
:1038D8004DE705224BE7062249E702B070BD704765
:1038E80000380140003C014000380240000002401E
:1038F8000369194201D001207047002070470AB1BE
:1039080081617047090481617047436901EA0302D4
:1039180021EA030141EA02418161704703685A695B
:1039280012F4806F01D1002070476FF480625A61F1
:1039380000230363202280F83D2080F83E30026C8B
:1039480042F00402026480F83C30012070472DE9FF
:10395800F04106460C46174698463BE0FFF73CFA0E
:10396800069BC01A404502D8B8F1000F32D1012D8C
:1039780018D033689B6924EA03039BB2B3FA83F334
:103988005B099F4226D100233363202286F83D201D
:1039980086F83E30326C42F02002326486F83C30C1
:1039A800012027E033685B6924EA03039BB2B3FA7A
:1039B80083F35B09E5E733685B6924EA030C1FFAC4
:1039C8008CFCBCFA8CFC4FEA5C1C674511D1B8F141
:1039D800FF3FC3D1C4F30745012DECD033689B6981
:1039E80024EA030C1FFA8CFCBCFA8CFC4FEA5C1C22
:1039F800EBE70020BDE8F0812DE9F84305460E46C7
:103A08009046994653E01A6842F400721A602B688F
:103A18006FF480625A6100232B63202285F83D20D1
:103A280085F83E302A6C42F004022A6485F83C305E
:103A380001204AE0FFF7D0F9A0EB0900404502D881
:103A4800B8F1000F33D1012F17D02B689B6926EAF4
:103A580003039BB2003B18BF012343B300232B632E
:103A6800202285F83D2085F83E302A6C42F020025D
:103A78002A6485F83C30012027E02B685B6926EA38
:103A880003039BB2003B18BF0123E6E72B689C6940
:103A980026EA0404A4B2003C18BF0124A4B12B6890
:103AA8005A6912F4806FAED1B8F1FF3FC2D1C6F3A4
:103AB8000747012FEAD12B685C6926EA0404A4B2FF
:103AC800003C18BF0124E9E70020BDE8F88370B581
:103AD80004460D46164623685B6913F0800F21D112
:103AE8002046FFF71BFFF8B9B5F1FF3FF3D0FFF70A
:103AF80073F9801BA84201D8002DECD123685B69BB
:103B080013F0800FE7D100232363202284F83D209F
:103B180084F83E30226C42F02002226484F83C3063
:103B2800012000E0002070BD0120FCE72DE9F043F2
:103B380085B004460D4691461F46DDF830800D9E3F
:103B48000368196841F480711960009643460022A1
:103B58004FF00111FFF7FBFE60B9236805F0FE0581
:103B68001D613346424626492046FFF745FF68B1A6
:103B7800012008E023681B6813F4807F02D04FF40B
:103B880000732364032005B0BDE8F083002303938A
:103B980023685A6903929B690393039B3246414603
:103BA8002046FFF794FF30B9012F0FD123685FFA41
:103BB80089F61E61E7E7236C042B01D00120E2E7B8
:103BC8002268136843F400731360F7E723684FEA29
:103BD80019221A61324641462046FFF778FF20B97C
:103BE80023685FFA89F61E61CDE7236C042B01D0A8
:103BF8000120C8E72268136843F400731360F7E7ED
:103C0800020001002DE9F04784B004460D4616462F
:103C180099460C9FDDF834800268136843F480638A
:103C280013600368196841F480711960CDF8008049
:103C38003B4600224FF00111FFF789FE70B95FFA89
:103C480085FA236805F0FE051D6143463A46414959
:103C58002046FFF7D1FE68B1012008E023681B6801
:103C680013F4807F02D04FF400732364032004B060
:103C7800BDE8F0870023039323685A6903929B6980
:103C88000393039B424639462046FFF720FF80B93D
:103C9800B9F1010F18D12368F6B21E6142463946C0
:103CA8002046FFF714FF68B3236C042B24D00120AF
:103CB800DDE7236C042B01D00120D8E722681368C4
:103CC80043F400731360F7E72368320A1A61424627
:103CD80039462046FFF7FBFE18B92368F6B21E6185
:103CE800DCE7236C042B01D00120C0E722681368AD
:103CF80043F400731360F7E72268136843F4007312
:103D08001360D4E72268136843F480731360CDF816
:103D180000803B4600224FF001112046FFF717FEB6
:103D280068B922684AF00103136143463A460949D3
:103D38002046FFF761FE002899D0012097E7236805
:103D48001B6813F4807F02D04FF4007323640320B0
:103D58008DE700BF0200010070B504460D46164607
:103D680023685B6913F0040F21D12046FFF7D6FDC5
:103D7800F8B9B5F1FF3FF3D0FFF72EF8801BA84242
:103D880001D8002DECD123685B6913F0040FE7D14B
:103D980000232363202284F83D2084F83E30226CDF
:103DA80042F02002226484F83C30012000E0002028
:103DB80070BD0120FCE770B504460D46164614E0B8
:103DC8006FF010025A6100232363202284F83D20FB
:103DD80084F83E30226C226484F83C30012025E0CF
:103DE80023685B6913F0400F10D02368586910F0FE
:103DF800400F1AD1586910F0100FE1D1FEF7ECFF0F
:103E0800801BA842ECD8002DEFD1E9E700232363FB
:103E1800202284F83D2084F83E30226C42F02002B3
:103E2800226484F83C30012000E0002070BD0000CE
:103E3800002800F0CC8070B5044690F83D30002B87
:103E480077D0242384F83D302268136823F00103D7
:103E580013602268136843F40043136022681368F0
:103E680023F40043136002F041F862685A4B9A4207
:103E780064D85A4B98428CBF00230123002B40F092
:103E8800A8805749A1FB00318B0C25686A6822F08D
:103E98003F0242EA91426A6021680A6A22F03F02C0
:103EA80066684D4DAE424FD8013313430B6221680B
:103EB800CA6922F44F4222F0FF026568464B9D42D0
:103EC8004CD8431E6D00B3FBF5F3013340F6FC708C
:103ED800034278D0C3F30B031A43CA6121680B6805
:103EE80023F0C003E269206A024313430B60216890
:103EF8008B6823F4034323F0FF032269E06802433D
:103F080013438B602168CB6823F0FF036269A069C3
:103F180002431343CB602268136843F00103136024
:103F280000202064202384F83D30206384F83E007C
:103F380070BD80F83C3000F0B3FB82E7294B984213
:103F48008CBF0023012399E74FF4967505FB03F313
:103F5800254DA5FB03539B090133A6E7A668BEB907
:103F6800431E05EB450CB3FBFCF30133C3F30B0312
:103F7800B3FA83F35B0943BBC6B9431E05EB45059A
:103F8800B3FBF5F30133C3F30B0343F40043A3E797
:103F9800431E05EB850C0CEB8C0CB3FBFCF30133D7
:103FA800C3F30B03B3FA83F35B09E4E7431E05EBA2
:103FB800850505EB8505B3FBF5F30133C3F30B0367
:103FC80043F4404388E7042386E7012384E701207C
:103FD80070470120ACE700BFA08601007F841E0067
:103FE80083DE1B43FF083D00D34D62102DE9F043EB
:103FF80083B004460F46904699460C9EFEF7ECFEA9
:1040080094F83D20202A03D0022003B0BDE8F083B5
:1040180005460090192301224A492046FFF797FCDC
:10402800002840F0898094F83C30012B00F086800D
:10403800012384F83C3023681A6812F0010F03D179
:104048001A6842F001021A602268136823F40063B8
:104058001360212384F83D30402384F83E30002348
:1040680023640A9B6362BDF82C306385638D2385C6
:10407800354BE362019500964B4642463946204649
:10408800FFF754FD00285BD1238D002B35D02A463D
:1040980031462046FFF71BFD20BB626A2368127871
:1040A8001A61626A531C6362218D013989B22185C4
:1040B800638D9BB2013B9BB263852368586910F0FE
:1040C800040FE1D00029DFD052781A61636A013306
:1040D8006362238D013B2385638D9BB2013B9BB2B9
:1040E8006385D1E7236C042B01D001208DE722687A
:1040F800136843F400731360F7E72A4631462046F5
:10410800FFF72AFE50B1236C042B01D001207CE775
:104118002268136843F400731360F7E72268136892
:1041280043F400731360202384F83D30002384F89F
:104138003E3084F83C3068E7022066E7022064E7F6
:10414800012062E7020010000000FFFF2DE9F043A4
:1041580087B004460F4690469946109EFEF73CFEEF
:1041680094F83D20202A04D00227384607B0BDE83D
:10417800F083054600901923012289492046FFF75C
:10418800E6FB002840F04E8194F83C30012B00F00B
:104198004B81012384F83C3023681A6812F0010F20
:1041A80003D11A6842F001021A602268136823F4E6
:1041B80000631360222384F83D30402384F83E30A6
:1041C800002323640E9B6362BDF83C306385638DD6
:1041D8002385744BE362019500964B464246394667
:1041E8002046FFF70FFD0746002840F01F81238D6A
:1041F8005BB9029323685A6902929A690292029AF9
:104208001A6842F400721A6075E0012B0AD0022B7A
:104218001AD00023059323685A6905929B69059370
:10422800059B68E02268136823F480631360002309
:10423800039323685A6903929A690392039A1A6846
:1042480042F400721A6056E02268136823F480630F
:1042580013602268136843F4006313600023049317
:1042680023685A6904929B690493049B43E02A4695
:1042780031462046FFF79FFD002840F0D98023688B
:104288001A69636A1A70636A01336362238D013B9A
:104298002385638D9BB2013B9BB263852BE0009520
:1042A8003346002240492046FFF751FB002840F0E2
:1042B800C1802268136843F40073136023681A6985
:1042C800636A1A70626A531C6362238D013B2385FB
:1042D800638D9BB2013B9BB2638523681B69537056
:1042E800636A01336362238D013B2385638D9BB22F
:1042F800013B9BB26385238D002B00F08A80032B42
:1043080054D8012BB3D0022BC9D0009533460022D4
:1043180025492046FFF71BFB002840F08D802268C6
:10432800136823F48063136023681A69636A1A7038
:10433800636A01336362238D013B2385638D9BB2DE
:10434800013B9BB2638500953346002216492046FF
:10435800FFF7FDFA002871D12268136843F400734F
:10436800136023681A69636A1A70626A531C63626D
:10437800238D013B2385638D9BB2013B9BB26385F3
:1043880023681B695370636A01336362238D013BA1
:104398002385638D9BB2013B9BB26385ABE700BF6E
:1043A800020010000000FFFF040001002A46314609
:1043B8002046FFF700FD002842D123681A69636A86
:1043C8001A70636A01336362228D013A92B22285C0
:1043D800638D9BB2013B9BB263852368596911F0D9
:1043E800040F88D0032A0FD023681A69636A1A70E9
:1043F800636A01336362238D013B2385638D9BB21E
:10440800013B9BB2638576E71A6822F480621A60E2
:10441800EAE7202384F83D30002384F83E3084F80E
:104428003C30A2E60227A0E602279EE601279CE68A
:1044380001279AE6012798E6012796E6012794E6E0
:10444800012792E62DE9F04385B004468846914657
:104458001D46FEF7C1FC94F83D30202B03D0022006
:1044680005B0BDE8F083064600901923012256499D
:104478002046FFF76CFA002840F09D8094F83C3005
:10448800012B00F09A80012384F83C3023681A68D5
:1044980012F0010F03D11A6842F001021A60226873
:1044A800136823F400631360242384F83D30002745
:1044B8002764464BE3623DE023681B6813F4807F62
:1044C80002D04FF4007323640320C9E7A02384F8C3
:1044D8003D3022685369C3F340035269C2F3802216
:1044E80094F83D10A02909D043B93AB9FEF774FCF5
:1044F800801BA842EAD8002DEBD1E7E7202384F8F7
:104508003D3023685A6912F0020F31D11A6842F41B
:1045180000721A6023686FF480625A61009619234A
:10452800012229492046FFF712FA002849D101370C
:104538004F4538D22268136843F48073136000969D
:104548002B4600224FF001112046FFF700FA002801
:10455800B2D1236808F0FE021A61FEF73DFC064658
:1045680022685369C3F340035269C2F38022B7E754
:104578001A6842F400721A600023039323685A6988
:1045880003929B690393039B0096192301220E490A
:104598002046FFF7DCF990B9202384F83D3000234A
:1045A80084F83C305CE7202384F83D30002384F80D
:1045B8003C30012054E7022052E7022050E7012056
:1045C8004EE701204CE700BF020010000000FFFF8B
:1045D80082B0002100910B4B5A6C42F480425A641D
:1045E8005A6C02F480420092009A01911A6C42F0CF
:1045F80080521A641B6C03F080530193019B02B034
:10460800704700BF0038024000B589B0002303930B
:104618000493059306930793026803F1804303F517
:1046280090339A4202D009B05DF804FB0021019151
:1046380003F58C335A6C42F480725A645A6C02F453
:1046480080720192019A02911A6B42F001021A6378
:104658001B6B03F001030293029B102303930323B4
:10466800049303A90148FFF74DF8DCE70000024076
:104678000268094B9A4200D0704782B00023019328
:10468800064B1A6B42F480521A631B6B03F4805377
:104698000193019B02B0704700300240003802408D
:1046A8002DE9F0478CB000230793089309930A93E8
:1046B8000B9303684D4A934208D04D4A93422AD03F
:1046C8004C4A93424DD00CB0BDE8F08700250095C8
:1046D800494C236B43F002032363236B03F002036B
:1046E8000093009BC0230793122308930123099387
:1046F80003230A9304230B9307A94048FFF702F802
:104708000195236C43F400132364236C03F4001312
:104718000193019BD7E700250295374C236B43F0A3
:1047280002032363236B03F002030293029B4FF4FB
:1047380040630793122308930123099303230A93E1
:1047480004230B9307A92D48FEF7DCFF0395236C80
:1047580043F480032364236C03F480030393039BD3
:10476800B1E700250495244C236B43F0040323632D
:10477800236B03F004030493049B0595236B43F018
:1047880001032363236B03F001030593059B4FF497
:10479800007307934FF0120ACDF820A04FF00109DB
:1047A800CDF824904FF00308CDF8288004270B9704
:1047B80007AE31461248FEF7A5FF4FF48073079302
:1047C800CDF820A0CDF82490CDF828800B9731465D
:1047D8000C48FEF797FF0695236C43F40003236407
:1047E800236C03F400030693069B6CE70054004017
:1047F80000580040005C00400038024000040240BD
:10480800000802400000024000B585B00023009374
:1048180001930293039302680B4B9A4202D005B0AE
:104828005DF804FB022300934FF40073039368467A
:1048380001F07CFB20B9054B0122C3F83C2EEEE7C2
:10484800FDF724FEF7E700BF0028004000004742BC
:1048580000B58DB000230793089309930A930B932F
:1048680003683B4A934208D03A4A934228D03A4ACE
:10487800934249D00DB05DF804FB00210191374BFC
:104888005A6C42F480525A645A6C02F48052019273
:10489800019A02911A6B42F001021A631B6B03F032
:1048A80001030293029BE023079302230893032347
:1048B8000A9305230B9307A92948FEF723FFD9E795
:1048C80000210391254B1A6C42F480421A641A6C39
:1048D80002F480420392039A04911A6B42F0020296
:1048E8001A631B6B03F002030493049B4FF46043A9
:1048F80007930223089303230A9305230B9307A91D
:104908001848FEF7FFFEB5E700210591134B1A6C16
:1049180042F400421A641A6C02F400420592059AA5
:1049280006911A6B42F004021A631B6B03F004032E
:104938000693069B4FF4E05307930223089303233F
:104948000A9306230B9307A90748FEF7DBFE91E7B6
:104958000030014000380040003C00400038024070
:1049680000000240000402400008024010B584B074
:1049780003683A4A93420AD0394A934240D0394AA6
:1049880093424AD0384A934254D004B010BD0446EA
:104998000023009302F50D32116C41F002011164FD
:1049A800126C02F002020092009A3048304A02600B
:1049B8004FF02062426040228260C3604FF4806200
:1049C80002614FF4805242614FF480428261C361B8
:1049D8004FF4403202624362FEF7B0FC68B9234BE1
:1049E80063629C63A3639C63002211461D20FEF74B
:1049F800F1FB1D20FEF7FEFBC7E7FDF747FDEEE7DD
:104A0800002301931B4B1A6C42F004021A641B6CBE
:104A180003F004030193019BB7E700230293154BAE
:104A28001A6C42F008021A641B6C03F00803029324
:104A3800029BAAE7002103910E4B1A6C42F0200258
:104A48001A641B6C03F020030393039B0A46372068
:104A5800FEF7C0FB3720FEF7CDFB96E700040040C9
:104A680000080040000C0040001400402807002007
:104A7800706002400038024000B589B000230393FB
:104A880004930593069307930368274A934208D033
:104A9800264A93421BD0264A93422FD009B05DF88C
:104AA80004FB00230093234B1A6B42F002021A63A3
:104AB8001B6B03F002030093009B10230393022354
:104AC8000493079303A91C48FEF71CFEE6E700239E
:104AD8000193184B1A6B42F002021A631B6B03F026
:104AE80002030193019B4FF4407303930223049341
:104AF800079303A91048FEF705FECFE700230293AA
:104B08000C4B1A6B42F001021A631B6B03F0010392
:104B18000293029B0F23039302230493079303A991
:104B28000648FEF7EFFDB9E7000400400008004022
:104B3800000C00400038024000040240000002401F
:104B480030B589B000230393049305930693079324
:104B5800026803F1804303F588339A4201D009B013
:104B680030BD04460025019503F594335A6C42F094
:104B780010025A645A6C02F010020192019A0295CE
:104B88001A6B42F001021A631B6B03F001030293D4
:104B9800029B4FF4C06303930223049303230693F9
:104BA8000723079303A91348FEF7ACFD1248134BDC
:104BB80003604FF00063436040238360C5604FF497
:104BC8008063036145618561C56105624562FEF7E1
:104BD800B5FB58B9084BA3639C63002211462520F6
:104BE800FEF7F8FA2520FEF705FBB8E7FDF74EFCBF
:104BF800F0E700BF0000024080060020B8640240D1
:104C08002DE9F04383B0D0F8008001EBC10300EB3D
:104C180083039A6A5B6A9A4254D807460C469B1AE1
:104C280001EBC10200EB8202D2699A4200D31A4614
:104C380002F103094FEA990915E006F103094FEA61
:104C48009909BB7904EBC40507EB8505296A00932C
:104C5800B3B2E2B2404603F04CFD2B6A33442B62F8
:104C6800AB6A3344AB6208EB441303F510639B69EA
:104C78009BB24B4512D304EBC40307EB83039A6A38
:104C88005B6A9A420AD24BB19B1A04EBC40207EB47
:104C98008202D6699E42D0D31E46CEE704EBC403F7
:104CA80007EB83077A6ABB6A9A420FD804F00F04AD
:104CB8000122A240D8F8343823EA0203C8F834386D
:104CC800002000E0012003B0BDE8F0830020FAE7EF
:104CD80030B583B000287AD00446056890F895343A
:104CE800C3B1032384F89534B5F1A04F17D02068D9
:104CF80003F0B0FA237C8DF80030231D0ECB20681A
:104D080003F0E6F970B1022384F8953401252846AA
:104D180003B030BD80F8943403F0A4FFE1E700232A
:104D2800A371E4E70021206803F0F9FE0246B8B950
:104D380003462079984218D903EBC30104EB81019B
:104D4800012048750B75CB8500200876C86108627C
:104D580003EBC30104EB810148620133DBB2E8E7EE
:104D6800022384F895340125D1E7904217D902EB44
:104D7800C20304EB8303002183F8551283F85422FD
:104D880083F85812C3F85C12C3F8601202EBC2032E
:104D980004EB8303C3F864120132D2B2E5E7237C43
:104DA8008DF80030231D0ECB206803F0A9FA0546C4
:104DB80020B1022384F895340125A8E70023637401
:104DC800012384F89534206803F068FE9FE70125E5
:104DD8009DE7036890F89424012A1AD010B5044678
:104DE800012280F89424DA6812F0400F02D0427B46
:104DF800012A09D0206803F027FA206803F040FE52
:104E0800002084F8940410BD9A6B42F480329A63AF
:104E1800F0E702207047000070B504460D460068B0
:104E2800066C00EB411303F530639A68A1790129F8
:104E380011D038498E4256D03DB905EBC50304EB75
:104E48008303D3F86432002B5ED0E9B2204603F026
:104E580055FF002070BD12F0080F09D02E498E4270
:104E6800F7D912F4004FF4D04FF400429A60F0E7FB
:104E780012F0200F02D020229A60EAE712F0280FE1
:104E8800E7D125498E4206D912F4004F03D04FF4DA
:104E980000429A60DDE705EBC50204EB8202D2F816
:104EA80074121B69C3F31203CB1AC2F868327DB9B6
:104EB80005EBC50204EB8202D2F864226AB105EB65
:104EC800C50204EB8202D2F860121944C2F86012DB
:104ED800E9B2204603F012FFBBE704F29C4201212D
:104EE80003F05CFEF4E712F4004F03D04FF40042E5
:104EF8009A60AEE712F0200F01D020229A60E9B242
:104F0800204603F0FBFEA4E704F29C42002103F0D4
:104F180045FE9AE70A31544F0A30544F38B50446D3
:104F280003681D6C03EB4113D3F8081B0E4A954226
:104F380007D903F5306311F4004F02D04FF4004253
:104F48009A60204603F0D2FE074B9D4202D9A3790E
:104F5800012B01D0002038BD04F29C4201212068B9
:104F680003F01CFEF6E700BF0A30544F90F8943463
:104F7800012B0CD010B50446012380F894344174F9
:104F8800006803F06DFD002084F8940410BD022031
:104F9800704738B505468C4611F0800F2BD101F0CB
:104FA8000F0E0EEBCE04A40004F514740444211D66
:104FB8000EEBCE0E00EB8E0E00208EF855020CF094
:104FC8000F0C81F800C0C2F30A028A600B714A789C
:104FD8000AB1A1F81AC0022B1CD095F89434012B01
:104FE8001BD0012385F89434286803F066FA002062
:104FF80085F8940438BD01F00F0000EBC00189006A
:1050080010312944043100EBC00005EB8000012475
:105018004475D4E700234B71DFE70220EAE710B5B7
:1050280004460A4611F0800F20D101F00F0000EB72
:10503800C0039B0003F514732344191D00EBC00043
:1050480004EB8000002380F8553202F00F020A704A
:1050580094F89434012B18D0012384F894342068F0
:1050680003F078FA002084F8940410BD01F00F00D2
:1050780000EBC0039B0010332344191D00EBC00054
:1050880004EB800001234375DFE70220EDE710B54C
:10509800144601F00F0C0CEBCC01890001F51471DA
:1050A800014404310CEBCC0E00EB8E0ECEF86022DE
:1050B800CEF864320023CEF868328EF855328EF876
:1050C80054C28279012A04D0006803F029FB002029
:1050D80010BDCEF87042F7E701F00F0101EBC101F6
:1050E80000EB8100D0F86802704710B5144601F053
:1050F8000F0C0CEBCC0189001031014404310CEB8E
:10510800CC0E00EB8E0ECEF82020CEF824300023F3
:10511800CEF8283001238EF815308EF814C0827925
:105128009A4204D0006803F0FBFA002010BDCEF8C4
:105138003040F7E738B501F00F050279AA4238D3B5
:1051480004460B4611F0800F1FD101EBC101890005
:1051580001F514710144043103EBC30300EB83032D
:10516800002283F8552201238B700D7094F8943433
:10517800012B20D0012384F89434206803F015FC17
:1051880085B1002084F8940438BD05EBC501890079
:1051980010310144043105EBC50300EB8303012200
:1051A8005A75E0E704F29C42A179206803F0F6FC06
:1051B800E7E70120E8E70220E6E701F00F030279BC
:1051C8009A4230D310B5044611F0800F1ED103EB7C
:1051D800C301890001F514710144043103EBC302D2
:1051E80000EB8202002082F8550200228A700B70C0
:1051F80094F89434012B18D0012384F8943420684F
:1052080003F000FC002084F8940410BD03EBC301F4
:10521800890010310144043103EBC30200EB820220
:1052280001205075E1E7012070470220EDE708B53D
:1052380011F0800F0CD101F00F0101EBC1018900C1
:1052480001F5147101440431006803F0F3F908BD55
:1052580001F00F0101EBC101890010310144043153
:10526800F2E72DE9F04F83B004460568284603F0BD
:1052780052FC10B103B0BDE8F08F0646206803F079
:105288001BFC0028F6D005F50067BB68C3F30D23A7
:10529800C4F8D434206803F00FFC10F0020F04D0D7
:1052A8002268536903F002035361206803F004FC89
:1052B80010F0100F15D02268936923F01003936142
:1052C800D5F8208008F00F0908F4F013B3F5802F03
:1052D8004CD0B3F5402F6FD02268936943F0100388
:1052E8009361206803F0E8FB10F4002F76D1206862
:1052F80003F0E2FB10F4802F40F0E080206803F018
:10530800DBFB0028C0F26181206803F0D5FB10F4B4
:10531800006F09D0BB6813F0010F40F06E8122685E
:10532800536903F400635361206803F0C5FB10F46C
:10533800805F40F06681206803F0BEFB10F4005FD8
:1053480040F0B381206803F0B7FB10F0080F40F07D
:10535800C481206803F0B0FB10F0800F00F0D78103
:10536800AB6923F08003AB610126C0E147F6F07317
:1053780018EA030FB0D04FEA181A4FEAC90301938D
:1053880009EBC90B04EB8B0BC8F30A12DBF86012AC
:10539800284603F0E7FADBF86032CAF30A0A5344F6
:1053A800CBF86032DBF86832019A4A4404EB820297
:1053B8005344C2F868328FE7082204F29C41284619
:1053C80003F0D0FA09EBC90304EB8303D3F868228E
:1053D800C8F30A184244C3F868227DE7206803F03E
:1053E8006FFB8046B14635E005EB49130122C3F84F
:1053F800082B49462046FFF70FFD3CE005EB491313
:105408000822C3F8082B49462046FFF787FD35E0F8
:1054180009EBC90304EB830393F85732012B41D0FE
:1054280005EB49130222C3F8082B1AF0200F04D009
:1054380005EB49132022C3F8082B1AF4005F05D0A6
:1054480005EB49134FF40052C3F8082B09F1010981
:105458004FEA5808B8F1000F3FF449AF18F0010FB0
:10546800F4D05FFA89FB5946206803F039FB82467D
:1054780010F0010FB8D11AF0080FBFD11AF0100FB1
:1054880004D005EB49131022C3F8082B1AF0020FB9
:10549800CBD06B6913F0800FBAD07B6843F480637C
:1054A8007B60B5E709EBC90304EB8303002283F8AB
:1054B80057225946204603F071FCB1E7206803F0F3
:1054C80007FB8046B14625E05946204603F022FCFA
:1054D8001AF0080F04D005EB49130822C3F808296D
:1054E8001AF0100F04D005EB49131022C3F808294D
:1054F8001AF0400F04D005EB49134022C3F80829DD
:105508001AF0020F40D11AF0800F59D109F10109A0
:105518004FEA5808B8F1000F3FF4F0AE18F0010F49
:10552800F4D05FFA89FB5946206803F0E2FA824614
:1055380010F0010FCCD009F00F02012101FA02F29C
:105548007B6B23EA02037B6305EB4913C3F8081955
:10555800A3798B42B8D109EBC90304EB83031A6A18
:10556800D9690A441A62B9F1000FADD109EBC90330
:1055780004EB83035B6A002BA6D104F29C42012151
:10558800206803F00BFB9FE74946284602F068FEB7
:1055980009EBC90304EB8303DB7D012B05D005EB85
:1055A80049130222C3F80829ADE709EBC90304EB44
:1055B80083030022DA755946204603F0F5FBEEE72F
:1055C80049462046FFF71CFBA0E77B6823F0010350
:1055D8007B6094F8CC34012B08D0204603F0D8FB2C
:1055E8002268536903F0004353618DE6002184F873
:1055F800CC14204600F059F9F2E7204603F0B0FB3E
:105608008DE67B6823F001037B601021206802F09F
:1056180027FE1AE005EB46134FF67F31C3F8081949
:10562800D3F8002922F40012C3F80029C3F8081B94
:10563800D3F8002B22F40012C3F8002BD3F8002B68
:1056480042F00062C3F8002B01362379B342E1D857
:10565800FB6943F00113FB61E37BDBB1D7F88430CE
:1056680043F00B03C7F884307B6C43F00B037B6477
:10567800D5F8003823F4FE63C5F8003804F29C42DC
:10568800A179206803F08AFA2268536903F48053E9
:10569800536150E67B6943F4005343F02B037B616D
:1056A8003B6943F00B033B61E2E7206803F068FACB
:1056B800206802F0F1FEE071266800F011FC014656
:1056C800E279304602F04EFD204603F034FB2268B2
:1056D800536903F40053536134E6204603F025FB75
:1056E8002268536903F00803536132E601362379CF
:1056F800B3420CD906EBC60304EB830393F8573285
:10570800012BF3D1F1B22046FFF791FDEEE72068B7
:1057180003F0D2F910F4801F25D1206803F0CCF9EA
:1057280010F4001F58D0012326E001362379B34234
:105738001BD905EB4613D3F8002906EBC60304EB87
:1057480083031B7E012BF0D1002AEEDA06EBC60399
:1057580004EB83030122DA7566F07F01C9B22046A3
:10576800FFF765FDE1E70126E0E72268536903F4E6
:1057780080135361D1E7013322799A4227D905EB87
:105788004312D2F8001B03EBC30204EB820292F827
:105798005822012AEFD10029EDDAD4F8D42482EA7C
:1057A800114212F0010FE6D103EBC30204EB8202AF
:1057B800012182F85712AA6942F08002AA616A6937
:1057C80012F0800FD7D17B6843F400737B602268A6
:1057D800536903F400135361206803F06DF910F066
:1057E800804F10D1206803F067F910F0040F3FF4E0
:1057F80041AD23685D6815F0040F0DD12268536828
:105808002B43536036E5204603F0D4FA22685369E7
:1058180003F080435361E5E7204603F0D1FAEDE752
:1058280090F89434012B14D010B50446012380F865
:10583800943411F0800F06D1006802F036FD002084
:1058480084F8940410BD01F00F01006802F008FD0F
:10585800F5E70220704710B40468606A31B940EA7D
:105868000240A06200205DF8044B70478C46A36A92
:1058780000EB1340002308E003F1400104EB810131
:10588800496800EB11400133DBB20CF1FF318B4268
:10589800F2D340EA02400CF13F0104EB810460605E
:1058A800E0E703685962002070477047002800F05D
:1058B800E08170B582B00446036813F0010F3BD055
:1058C8009F4B9B6803F00C03042B2CD09C4B9B68CC
:1058D80003F00C03082B21D06368B3F5803F4FD049
:1058E800B3F5A02F52D0964B1A6822F480321A6072
:1058F8001A6822F480221A606368002B50D0FDF7E2
:105908006BFA05468E4B1B6813F4003F14D1FDF764
:1059180063FA401B6428F5D90320B1E1884B5B6822
:1059280013F4800FD8D0864B1B6813F4003F03D0C4
:105938006368002B00F09F81236813F0020F54D096
:105948007F4B9B6813F00C0F3ED07D4B9B6803F098
:105958000C03082B33D0E368002B68D0794B012265
:105968001A60FDF739FA0546754B1B6813F0020FEC
:1059780054D1FDF731FA401B0228F5D903207FE105
:105988006F4A136843F480331360B5E76C4B1A68A9
:1059980042F480221A601A6842F480321A60ABE737
:1059A800FDF71AFA0546664B1B6813F4003FC3D08F
:1059B800FDF712FA401B6428F5D9032060E1604B1B
:1059C8005B6813F4800FC6D15D4B1B6813F0020FA0
:1059D80003D0E368012B40F05081594A136823F043
:1059E800F803216943EAC1031360236813F0080F21
:1059F80042D063696BB3534B0122C3F8802EFDF785
:105A0800EBF905464E4B5B6F13F0020F34D1FDF7EF
:105A1800E3F9401B0228F5D9032031E1484A13680D
:105A280023F0F803216943EAC1031360DDE7454B1E
:105A380000221A60FDF7D0F90546414B1B6813F0A8
:105A4800020FD2D0FDF7C8F9401B0228F5D9032070
:105A580016E13C4B0022C3F8802EFDF7BDF9054640
:105A6800374B5B6F13F0020F06D0FDF7B5F9401BFB
:105A78000228F5D9032003E1236813F0040F77D037
:105A88002F4B1B6C13F0805F33D1002301932C4BF9
:105A98001A6C42F080521A641B6C03F08053019315
:105AA800019B0125284B1B6813F4807F23D0A36832
:105AB800012B34D0052B38D0214B1A6F22F001026C
:105AC8001A671A6F22F004021A67A368002B3DD0E8
:105AD800FDF782F906461A4B1B6F13F0020F46D1E9
:105AE800FDF77AF9801B41F288339842F3D90320F5
:105AF800C6E00025D6E7144A136843F480731360A0
:105B0800FDF76AF90646104B1B6813F4807FCED167
:105B1800FDF762F9801B0228F5D90320B0E0084A96
:105B2800136F43F001031367CFE7054B1A6F42F079
:105B380004021A671A6F42F001021A67C5E700BF2C
:105B4800003802400000474200700040FDF744F969
:105B58000646524B1B6F13F0020F08D0FDF73CF9B5
:105B6800801B41F288339842F3D9032088E0EDB9CD
:105B7800A369002B00F08380484A926802F00C0267
:105B8800082A51D0022B17D0454B00221A66FDF780
:105B980023F90446414B1B6813F0007F42D0FDF700
:105BA8001BF9001B0228F5D9032069E03B4A136C56
:105BB80023F080531364DBE7394B00221A66FDF7A4
:105BC8000BF90546354B1B6813F0007F06D0FDF72F
:105BD80003F9401B0228F5D9032051E0E369226A42
:105BE8001343626A43EA8213A26A5208013A43EAFB
:105BF8000243E26A43EA0263284A5360284B0122BF
:105C08001A66FDF7E9F80446244B1B6813F0007F79
:105C180006D1FDF7E1F8001B0228F5D903202FE093
:105C280000202DE000202BE0012B2BD01B4B5B68C4
:105C380003F48001E269914226D103F03F02216A10
:105C48008A4223D1616A47F6C0721A40B2EB811FBB
:105C58001ED103F44031A26A5208013AB1EB024F57
:105C680018D103F07063E26AB3EB026F14D100201D
:105C780006E001207047012002E0012000E000203A
:105C880002B070BD0120FBE70120F9E70120F7E72A
:105C98000120F5E70120F3E70120F1E70038024091
:105CA8000000474208B5334B9B6803F00C03042BF4
:105CB8005BD0082B5BD12F4B5A6802F03F025B6820
:105CC80013F4800F2CD02B4B5868C0F388104FEA80
:105CD800401CBCEB000C6EEB0E0E4FEA8E1343EA31
:105CE8009C634FEA8C11B1EB0C0163EB0E03DB00F4
:105CF80043EA5173C90011EB000C43F10003590248
:105D080000234FEA4C2041EADC51FAF74FFE194BC9
:105D18005B68C3F3014301335B00B0FBF3F008BDDC
:105D2800144B5868C0F388104FEA401CBCEB000CB9
:105D38006EEB0E0E4FEA8E1343EA9C634FEA8C110A
:105D4800B1EB0C0163EB0E03DB0043EA5173C900AE
:105D580011EB000C43F10003990200234FEA8C2059
:105D680041EA9C51FAF722FED1E70348D7E70348F6
:105D7800D5E700BF0038024000127A000024F40082
:105D8800002800F09B8070B50D4604464F4B1B68F9
:105D980003F007038B4208D2CBB24C4A1370136846
:105DA80003F007038B4240F08B80236813F0020F47
:105DB80017D013F0040F04D0454A936843F4E05316
:105DC8009360236813F0080F04D0414A936843F4A2
:105DD800604393603E4A936823F0F003A1680B4345
:105DE8009360236813F0010F32D06368012B21D030
:105DF8009A1E012A25D9364A126812F0020F61D07C
:105E080033498A6822F0030213438B60FCF7E4FFEE
:105E180006462F4B9B6803F00C036268B3EB820FB6
:105E280016D0FCF7D9FF801B41F288339842F0D98D
:105E3800032042E0264A126812F4003FE0D1012014
:105E48003BE0234A126812F0007FD9D1012034E0E8
:105E58001E4B1B6803F00703AB4207D9EAB21B4B82
:105E68001A701B6803F00703AB422DD1236813F0A7
:105E7800040F06D0164A936823F4E053E1680B43F5
:105E88009360236813F0080F07D0114A936823F42E
:105E98006043216943EAC1039360FFF703FF0C4B9A
:105EA8009B68C3F303130B4AD35CD8400A4B1860B2
:105EB8000A4B1868FCF744FF002070BD01207047AA
:105EC8000120FAE70120F8E70120F6E7003C02404C
:105ED8000038024004B60008080000200400002032
:105EE800014B1868704700BF0800002008B5FFF78D
:105EF800F7FF044B9B68C3F38223034AD35CD84063
:105F080008BD00BF00380240FCB5000808B5FFF71F
:105F1800E7FF044B9B68C3F34233034AD35CD84082
:105F280008BD00BF00380240FCB5000830B583B09A
:105F38000446036813F0050F06D1236813F0020F17
:105F48002ED1002003B030BD4A4B00229A66FCF7E0
:105F580043FF0546484B1B6813F0006F06D0FCF75B
:105F68003BFF431B022BF5D90320EBE76268A368CC
:105F78001B0743EA8213404AC2F884303D4B012292
:105F88009A66FCF729FF05463B4B1B6813F0006F28
:105F9800D3D1FCF721FF431B022BF5D90320D1E70E
:105FA80000230193344B1A6C42F080521A641B6C24
:105FB80003F080530193019B304A136843F48073C4
:105FC8001360FCF709FF05462C4B1B6813F4807F10
:105FD80006D1FCF701FF431B022BF5D90320B1E7DB
:105FE800254B1B6F13F4407314D0E26802F440721F
:105FF8009A420FD0204B1A6F22F440721D4901209B
:10600800C1F8400E0020C1F8400E1A671B6F13F04C
:10601800010F13D1E36803F44072B2F5407F1ED03C
:10602800154A936823F4F813936013490B6FE268D9
:10603800C2F30B0213430B67002083E7FCF7CCFE87
:1060480005460D4B1B6F13F0020FE3D1FCF7C4FE9E
:10605800401B41F288339842F3D9032072E706497E
:106068008A6822F4F81223F0704323F44073134330
:106078008B60DAE7000047420038024000700040B9
:1060880038B5044603680A4ADA60FCF7A5FE0546F7
:106098002368DB6813F0200F07D1FCF79DFE401B37
:1060A800B0F57A7FF4D9032000E0002038BD00BFA6
:1060B8005F7F010070B50368DA6812F0400F02D004
:1060C8000025284670BD0446DA6842F08002DA608E
:1060D800FCF782FE064600252368DB6813F0400FB4
:1060E800EFD1002DEDD1FCF777FE831BB3F57A7F56
:1060F800F2D9042363770125EEE70268D36823F019
:106108008003D36003689B6813F0200F01D0002040
:10611800704710B50446FFF7B3FF10B10423637747
:10612800012010BD00284AD010B50446437F53B162
:10613800022363772368DA6812F0100F07D0002073
:106148000123637710BD0377FEF75EFBF0E7CA22F1
:106158005A62236853225A622046FFF7ABFF28B1E0
:106168002368FF225A620028ECD1E9E72268936885
:1061780023F4E00323F04003936021688A6863688E
:10618800206903436069034313438B602368E26813
:106198001A6122681369A16843EA01431361204622
:1061A800FFF7ABFF0028DBD12268136C23F48023B0
:1061B80013642268136CA1690B431364D0E70120B0
:1061C800704700002DE9F04782B00546884617461B
:1061D8001E46FCF701FE0A9B1B1A03EB0609FCF797
:1061E800FBFD8246284B1B68C3F3CB3309FB03F343
:1061F80001932B689C6838EA04040CBF0123002330
:10620800BB423DD0B6F1FF3FF3D0FCF7E5FDA0EB74
:106218000A00484503D2019B73BB9946E9E72A68FF
:10622800536823F0E00353606B68B3F5827F0BD0AB
:10623800AB6AB3F5005F14D0012385F85130002311
:1062480085F8503003201CE0AB68B3F5004F02D04E
:10625800B3F5806FECD12A68136823F0400313600C
:10626800E6E72A68136823F4005313602A68136862
:1062780043F400531360DFE7019B013B0193B8E748
:10628800002002B0BDE8F0870800002070B584B097
:1062980004460D46164600920B4601220221FFF7DE
:1062A80091FFD0B9174B1B68174AA2FB03235B0D5C
:1062B8004FF47A7202FB03F303936368B3F5827FAA
:1062C80011D0039B3BB1039B013B039323689B685D
:1062D80013F0800FF5D104B070BD636D43F0200357
:1062E80063650320F7E700962B46002280212046AD
:1062F800FFF768FF0028EED0636D43F02003636565
:106308000320E8E708000020819F5E1610B582B0E0
:1063180004460B464168B1F5827F14D06168B1F537
:10632800827F2AD1A168B1F5806F19D0009200222E
:1063380080212046FFF746FF30B3636D43F020030A
:106348006365032020E08168B1F5004F02D0B1F504
:10635800806FE3D12068016821F040010160DDE72A
:106368000092002201212046FFF72CFF60B1636DE7
:1063780043F020036365032006E000920022012118
:106388002046FFF71FFF08B902B010BD636D43F048
:10639800200363650320F7E700285AD010B50446A8
:1063A800436A33B94368B3F5827F05D00023C361DC
:1063B80002E00023036143610023A36294F8513093
:1063C800002B40D0022384F851302268136823F050
:1063D80040031360636803F48273A26802F4044202
:1063E8001343E26802F400621343226902F00202D6
:1063F8001343626902F001021343A26902F40072B6
:106408001343E26902F038021343226A02F0800261
:106418001343A26A02F40052216813430B60638B92
:1064280003F00403626A02F01002216813434B6010
:106438002268D36923F40063D361002060650123D7
:1064480084F8513010BD84F850302046FEF700FA29
:10645800B8E7012070472DE9F04383B00446894628
:1064680090461D46FCF7B8FC94F85130012B40F0DB
:10647800CD800646DFB2B9F1000F00F0C880B8F150
:10648800000F00F0C48094F85030012B00F0C38056
:10649800012384F85030032384F8513000236365C6
:1064A800C4F83090A4F83480A4F83680A363A38796
:1064B800E38763642364A368B3F5004F1ED02368A1
:1064C8001A6812F0400F03D11A6842F040021A60AD
:1064D800E368B3F5006F1CD0636813B1B8F1010F1E
:1064E8005FD1226B236812781A73236B01332363FD
:1064F800E38E9BB2013B9BB2E38652E022681368AD
:1065080023F0400313602268136843F48043136048
:10651800D5E7636813B1B8F1010F15D1226B236871
:106528001288DA60236B02332363E38E9BB2013B4C
:106538009BB2E38608E0FCF74FFC801BA84202D31D
:10654800B5F1FF3F15D1A5B1E38E9BB2002B42D028
:1065580023689A6812F0020FEDD0226B1288DA6075
:10656800236B02332363E38E9BB2013B9BB2E3862A
:10657800EAE7012384F85130002384F850300327D8
:1065880045E0226B12781A73236B01332363B4F846
:1065980036C01FFA8CFC0CF1FF3C1FFA8CFCA4F8E7
:1065A80036C0E38E9BB2B3B123689A6812F0020F2B
:1065B800E7D1FCF711FC801BA84202D3B5F1FF3FDD
:1065C80001D1002DEDD1012384F85130002384F846
:1065D800503003271BE0324629462046FFF756FE77
:1065E80008B120236365A36833B901932368DA6887
:1065F80001929B680193019B012384F85130002389
:1066080084F85030636D13B9002700E0022738463C
:1066180003B0BDE8F0830227F9E72DE9F04383B022
:106628000446884691461F460A9DFCF7D5FB064658
:1066380094F851306268012B0BD0D9B2B2F5827F41
:1066480040F00481A368002B40F00481042940F045
:106658000381B8F1000F00F00181B9F1000F00F0DB
:10666800FF80002F00F0FE8094F85030012B00F0DE
:10667800FB80012384F8503094F85130042B02D069
:10668800052384F8513000236365C4F83890E78700
:10669800A787C4F83080E786A786236463642368E5
:1066A8001A6812F0400F03D11A6842F040021A60CB
:1066B800E368B3F5006F11D063680BB1012F0BD1FC
:1066C800226B236812781A73236B01332363E38EDA
:1066D8009BB2013B9BB2E386012771E063680BB173
:1066E800012F0BD1226B23681288DA60236B0233E7
:1066F8002363E38E9BB2013B9BB2E38601271BE039
:1067080023689A6812F0010F0ED0E28F92B25AB144
:10671800DA68A36B1A80A36B0233A363E38F9BB27F
:10672800013B9BB2E3870127FCF756FB801BA8427D
:1067380002D3B5F1FF3F1ED1E38E9BB21BB9E38FA5
:106748009BB2002B62D023689A6812F0020FD7D050
:10675800E28E92B2002AD3D0002FD1D0226B1288B9
:10676800DA60236B02332363E38E9BB2013B9BB257
:10677800E3860027C4E7012384F85130002384F816
:106788005030032063E023689A6812F0010F0ED09E
:10679800E28F92B25AB1DA68A36B1A70A36B013315
:1067A800A363E38F9BB2013B9BB2E3870127FCF70E
:1067B80013FB831BAB4202D3B5F1FF3F1ED1EDB1F2
:1067C800E38E9BB213B9E38F9BB2FBB123689A683F
:1067D80012F0020FD7D0E28E92B2002AD3D0002F47
:1067E800D1D0226B12781A73236B01332363E38EA3
:1067F8009BB2013B9BB2E3860027C4E7012384F8E0
:106808005130002384F85030032020E032462946D6
:106818002046FFF73BFD90B9A36833B9019323687D
:10682800DA6801929B680193019B012384F8513037
:10683800002384F85030636D4BB1012007E020231A
:106848006365002384F85030012000E0022003B083
:10685800BDE8F0830220FAE70220F8E70120F6E716
:106868000120F4E70120F2E70220F0E72DE9F043E8
:1068780083B01D4690F85130012B40F0B280044699
:1068880089469046DFB2002900F0AC80002A00F06B
:10689800A9804368B3F5827F01D1836853B3FCF7BD
:1068A8009BFA064694F85030012B00F09F80012394
:1068B80084F85030042384F8513000236365C4F809
:1068C8003890A4F83C80A4F83E802363A386E3862E
:1068D80023646364A368B3F5004F15D023681A686E
:1068E80012F0400F03D11A6842F040021A60E368C0
:1068F800F3B143E0042380F85130009513460A466B
:10690800FFF78BFE07466DE02268136823F040030B
:1069180013602268136823F480431360DEE7FCF7F2
:106928005BFA801BA84202D3B5F1FF3F15D1A5B190
:10693800E38F9BB2002B42D023689A6812F0010FB4
:10694800EDD0A26B1B7B1370A36B0133A363E38FA2
:106958009BB2013B9BB2E387EAE7012384F85130FD
:10696800002384F8503003273CE0FCF735FA801BFD
:10697800A84202D3B5F1FF3F19D1C5B1E38F9BB24D
:10698800EBB123689A6812F0010FEED0DA68A36BB6
:106998001A80A36B0233A363B4F83EC01FFA8CFCC1
:1069A8000CF1FF3C1FFA8CFCA4F83EC0E6E701237B
:1069B80084F85130002384F85030032712E032461F
:1069C80029462046FFF7A2FC08B12023636501236E
:1069D80084F85130002384F85030636D13B90027D0
:1069E80000E00227384603B0BDE8F0830227F9E744
:1069F80030B4036A026A22F00102026242688469C2
:106A080024F0730C0C6844EA0C0423F0020C8B6825
:106A180043EA0C03114DA84203D005F58065A8424E
:106A280005D123F00803CD682B4323F004030B4D55
:106A3800A84203D005F58065A84207D122F4407228
:106A48004D6945EA020C8A6942EA0C024260846197
:106A58004A684263036230BC704700BF00000140CF
:106A680030B4036A026A22F4807202624268C4691E
:106A780024F0730C0C6844EA0C0523F400738C684A
:106A880043EA0423114CA04203D004F58064A042D9
:106A980006D123F40063CC6843EA042323F480631B
:106AA8000A4CA04203D004F58064A04207D122F426
:106AB80040524C6942EA04128C6942EA041242606C
:106AC800C5614A68C263036230BC70470000014078
:106AD80030B4036A026A22F4805202624468C269CE
:106AE80022F4E6420D6842EA052223F400538D6839
:106AF80043EA0533094DA84203D005F58065A8424D
:106B080004D124F480444D6944EA85144460C26188
:106B18004A680264036230BC704700BF000001404D
:106B280010B4036A046A24F001040462846924F03E
:106B3800F00C4CEA021223F00A030B438261036251
:106B48005DF8044B704710B4036A046A24F010041B
:106B58000462846924F4704C4CEA023223F0A003E6
:106B680043EA0113826103625DF8044B704783684E
:106B780023F070030B4343F00703836070470368F7
:106B8800196A41F21112114208D1196A40F24442BD
:106B9800114203D11A6822F001021A60012380F819
:106BA8003D3000207047000090F83D30012B37D170
:106BB800022380F83D300268D36843F00103D360B4
:106BC8000368194A934220D0B3F1804F1DD0A2F533
:106BD8007C42934219D002F58062934215D002F5A7
:106BE8008062934211D002F5784293420DD002F5AB
:106BF8007052934209D0A2F59432934205D01A6894
:106C080042F001021A60002070479A6802F00702F9
:106C1800062A07D01A6842F001021A60002070475D
:106C280001207047002070470000014070477047FE
:106C38007047704710B5846B636A83420ED0A36AAD
:106C4800834214D0E36A83421AD0236B834220D054
:106C58002046FCF731F80023237710BD0123237762
:106C6800C369002BF4D1012384F83E30F0E70223F6
:106C78002377C369002BEBD1012384F83F30E7E782
:106C880004232377C369002BE2D1012384F8403021
:106C9800DEE708232377C369002BD9D1012384F8C1
:106CA8004130D5E7704710B5846B636A83420BD0D7
:106CB800A36A834210D0E36A834210D0236B8342D5
:106CC80004D10823237701E0012323772046FFF727
:106CD800E9FF0023237710BD02232377F6E7042377
:106CE8002377F3E7704770B504460368DE681D69CB
:106CF80015F0020F10D016F0020F0DD06FF002023F
:106D08001A610123037703689B6913F0030F5ED0B0
:106D1800FFF78FFF0023237715F0040F12D016F02A
:106D2800040F0FD023686FF004021A61022323773F
:106D380023689B6913F4407F4FD02046FFF779FF03
:106D48000023237715F0080F12D016F0080F0FD084
:106D580023686FF008021A61042323772368DB692C
:106D680013F0030F40D02046FFF763FF002323777B
:106D780015F0100F12D016F0100F0FD023686FF017
:106D880010021A61082323772368DB6913F4407F14
:106D980031D02046FFF74DFF0023237715F0010F70
:106DA80002D016F0010F2DD115F0800F02D016F089
:106DB800800F2FD115F0400F02D016F0400F31D1BF
:106DC80015F0200F02D016F0200F33D170BDFFF759
:106DD8002FFF2046FBF770FF9CE72046FFF728FFB0
:106DE8002046FBF769FFABE72046FFF721FF204667
:106DF800FBF762FFBAE72046FFF71AFF2046FBF7CA
:106E08005BFFC9E723686FF001021A612046FBF7B0
:106E18001FFBC9E723686FF080021A61204600F063
:106E280022FDC7E723686FF040021A612046FFF78A
:106E380059FFC5E723686FF020021A61204600F069
:106E480011FDC3E7704710B5846B636A83420CD0A9
:106E5800A36A834213D0E36A834216D0236B83422A
:106E680019D0012384F83D3003E00123237784F807
:106E78003E302046FFF7E6FF0023237710BD0223AC
:106E88002377012384F83F30F3E704232377012392
:106E980084F84030EDE708232377012384F8413054
:106EA800E7E700000368324A904212D0B0F1804F01
:106EB8000FD0A2F57C4290420BD002F5806290423E
:106EC80007D002F58062904203D002F578429042E2
:106ED80003D123F070034A681343254A90422AD00D
:106EE800B0F1804F27D0A2F57C42904223D002F522
:106EF800806290421FD002F5806290421BD002F55A
:106F08007842904217D002F57052904213D002F5A1
:106F1800806290420FD002F5806290420BD0A2F5B9
:106F28009832904207D002F58062904203D002F571
:106F38008062904203D123F44073CA68134323F05C
:106F480080034A6913438A68C2620A688262084AEF
:106F5800904203D002F58062904201D10A6902632F
:106F6800026842F004020260012242610360704735
:106F78000000014040B310B5044690F83D30F3B12D
:106F8800022384F83D30214651F8040BFFF78AFFAD
:106F9800012384F8463084F83E3084F83F3084F882
:106FA800403084F8413084F8423084F8433084F823
:106FB800443084F8453084F83D30002010BD80F816
:106FC8003C30FDF7D3FCDBE70120704740B310B538
:106FD800044690F83D30F3B1022384F83D30214651
:106FE80051F8040BFFF75EFF012384F8463084F85C
:106FF8003E3084F83F3084F8403084F8413084F8DB
:10700800423084F8433084F8443084F8453084F8BA
:107018003D30002010BD80F83C30FFF707FEDBE76D
:107028000120704740B310B5044690F83D30F3B1E5
:10703800022384F83D30214651F8040BFFF732FF54
:10704800012384F8463084F83E3084F83F3084F8D1
:10705800403084F8413084F8423084F8433084F872
:10706800443084F8453084F83D30002010BD80F865
:107078003C30FFF7DCFDDBE70120704730B4036AE2
:10708800026A22F0100202624468826922F4E6422F
:107098000D6842EA052223F020038D6843EA0513B0
:1070A800114DA84203D005F58065A84206D123F00A
:1070B8008003CD6843EA051323F040030A4DA84234
:1070C80003D005F58065A84207D124F440644D69D2
:1070D80044EA85048D6944EA8504446082614A680B
:1070E8008263036230BC70470000014090F83C3076
:1070F800012B28D010B50446012380F83C300C2A17
:107108001CD8DFE802F0071B1B1B0C1B1B1B111BE9
:107118001B1B16000068FFF76BFC00200FE00068DF
:10712800FFF7ACFF00200AE00068FFF799FC002099
:1071380005E00068FFF7CCFC002000E001200023F8
:1071480084F83C3010BD0220704738B590F83C30C8
:10715800012B66D004460D46012380F83C300C2AEA
:107168005AD8DFE802F0075959591B59595930596B
:10717800595944000068FFF73BFC2268936943F0C3
:10718800080393612268936923F0040393612268DA
:10719800936929690B43936100203EE00068FFF77B
:1071A8006DFF2268936943F40063936122689369D1
:1071B80023F48063936122689369296943EA012370
:1071C8009361002029E00068FFF74AFC2268D36930
:1071D80043F00803D3612268D36923F00403D36121
:1071E8002268D36929690B43D361002015E0006840
:1071F800FFF76EFC2268D36943F40063D361226809
:10720800D36923F48063D3612268D369296943EA87
:107218000123D361002000E00120002384F83C30E2
:1072280038BD0220FCE710B4846824F47F4C42EA9D
:1072380003220A4342EA0C0282605DF8044B70475D
:1072480090F83C30012B78D010B50446012380F823
:107258003C30022380F83D300268936823F47F4372
:1072680023F0770393600B68602B4CD023D8402B16
:1072780054D011D8202B03D00AD80BB1102B05D12C
:1072880019462068FFF773FC002028E0012026E05B
:10729800302BF5D0012022E0502B0AD1CA6849686A
:1072A8000068FFF73DFC50212068FFF760FC0020D4
:1072B80015E0012013E0B3F5805F3AD0B3F5005F25
:1072C80014D0702B37D1CB684A6889680068FFF7FB
:1072D800AAFF2268936843F0770393600020012394
:1072E80084F83D30002384F83C3010BDCB684A68F0
:1072F80089680068FFF797FF2268936843F4804322
:1073080093600020EBE7CA6849680068FFF71BFC38
:1073180060212068FFF72BFC0020E0E7CA68496875
:107328000068FFF7FDFB40212068FFF720FC0020E4
:10733800D5E70020D3E70120D1E70220704701F00C
:107348001F014FF0010C0CFA01FC036A23EA0C033D
:107358000362036A8A4013430362704710B5044608
:107368000846002941D194F83E30013B18BF01235B
:10737800002B6BD100284ED1022384F83E30012225
:1073880001462068FFF7DBFF2368324A934203D0A7
:1073980002F58062934203D15A6C42F400425A6467
:1073A80023682C4A934246D0B3F1804F43D0A2F5CC
:1073B8007C4293423FD002F5806293423BD002F573
:1073C8008062934237D002F57842934233D002F577
:1073D800705293422FD0A2F5943293422BD01A6860
:1073E80042F001021A6000202FE0042907D0082982
:1073F8000BD094F84130013B18BF0123B8E794F84B
:107408003F30013B18BF0123B2E794F84030013BFD
:1074180018BF0123ACE7042805D0082807D00223A9
:1074280084F84130ABE7022384F83F30A7E7022312
:1074380084F84030A3E79A6802F00702062A07D0CA
:107448001A6842F001021A60002010BD0120FCE712
:107458000020FAE70000014070B5044616460D46C4
:10746800002975D190F83E00022814BF00200120A1
:10747800002840F01A81002D40F0838094F83E20C7
:10748800012A14BF00220122002A00F01081002ED8
:1074980000F00F81002B00F00E81002D40F08A8053
:1074A800022284F83E20626A8A49D163626A8A4964
:1074B8001164626A8949D164226834323146606A4B
:1074C800FBF7A2FF002840F0FA802268D36843F453
:1074D8000073D360012229462068FFF730FF236834
:1074E8007F4A934203D002F58062934203D15A6CDB
:1074F80042F400425A642368794A934200F0CA80F1
:10750800B3F1804F00F0C680A2F57C42934200F0B0
:10751800C18002F58062934200F0BC8002F580626F
:10752800934200F0B78002F57842934200F0B280AF
:1075380002F57052934200F0AD80A2F59432934266
:1075480000F0A8801A6842F001021A600020AFE03B
:10755800042908D008290DD090F84100022814BF4A
:107568000020012084E790F83F00022814BF002083
:1075780001207DE790F84000022814BF0020012078
:1075880076E7042D08D0082D0DD094F84120012A63
:1075980014BF0022012277E794F83F20012A14BF84
:1075A8000022012270E794F84020012A14BF00222B
:1075B800012269E7042D23D0082D3BD0022284F84C
:1075C80041200C2D79D801A252F825F0AF7400089B
:1075D800C3760008C3760008C37600080F76000853
:1075E800C3760008C3760008C3760008437600080F
:1075F800C3760008C3760008C376000871760008D1
:10760800022284F83F20A26A3249D163A26A324931
:107618001164A26A3149D164226838323146A06ABD
:10762800FBF7F2FE00284CD12268D36843F480634C
:10763800D3604FE7022284F84020E26A2549D163EB
:10764800E26A25491164E26A2449D16422683C321D
:107658003146E06AFBF7D8FE002834D12268D368A7
:1076680043F40063D36035E7226B1A49D163226B78
:1076780019491164226B1949D16422684032314694
:10768800206BFBF7C1FE00BB2268D36843F480532C
:10769800D3601FE79A6802F00702062A17D01A6813
:1076A80042F001021A60002002E0022000E00120FE
:1076B80070BD0120FCE70120FAE70120F8E701206E
:1076C800F6E70120F4E70120F2E70120F0E70020C7
:1076D800EEE700BF3D6C0008AF6C00084F6E000875
:1076E8000000014038B505460C460C2970D8DFE883
:1076F80001F0076F6F6F326F6F6F3B6F6F6F4400F2
:107708000268D36823F40073D360406AFBF7F9FE7C
:10771800002221462868FFF712FE2B682D4A934263
:1077280034D002F58062934230D02B68196A41F256
:107738001112114208D1196A40F24442114203D190
:107748001A6822F001021A60002C2ED1012385F854
:107758003E3000203DE00268D36823F48063D360A4
:10776800806AFBF7CEFED3E70268D36823F4006390
:10777800D360C06AFBF7C5FECAE70268D36823F482
:107788008053D360006BFBF7BCFEC1E7196A41F276
:1077980011121142C9D1196A40F244421142C4D1AE
:1077A8005A6C22F400425A64BFE7042C06D0082C15
:1077B80009D0012385F8413000200AE0012385F82B
:1077C8003F30002005E0012385F84030002000E02C
:1077D800012038BD0000014090F83C20012A3DD02E
:1077E80010B40346012280F83C20022280F83D2094
:1077F80002685068946820F0700C086840EA0C0031
:1078080050601A68164882421AD0B2F1804F17D0D9
:10781800A0F57C40824213D000F5806082420FD0F0
:1078280000F5806082420BD000F57840824207D094
:1078380000F57050824203D0A0F59430824204D102
:1078480024F08004496821439160012283F83D2097
:10785800002083F83C005DF8044B70470220704715
:107868000000014070477047026802F10C0353E8BA
:10787800003F23F0C0030C3242E800310029F3D165
:10788800202380F841307047026802F10C0353E866
:10789800003F23F490730C3242E800310029F3D101
:1078A800026802F1140353E8003F23F00103143285
:1078B80042E800310029F3D1036B012B05D02023C6
:1078C80080F84230002303637047026802F10C031A
:1078D80053E8003F23F010030C3242E8003100293E
:1078E800F3D1ECE790F84130212B01D0022070470A
:1078F8008368B3F5805F17D0036A5A1C02621A784E
:1079080003685A60C38C9BB2013B9BB2C3844BB9DA
:107918000268D36823F08003D3600268D36843F019
:107928004003D360002070470369002BE4D1036A49
:107938001B880268C3F308035360036A02330362B7
:10794800E0E7000010B504460268136923F44053C9
:10795800C1680B431361836802691A4343691A4378
:10796800C3691A430168CB6823F4164323F00C0358
:107978001343CB600268536923F4407381690B4356
:1079880053610368314A934206D002F580629342FC
:1079980002D0FEF7ABFA01E0FEF7B8FAE369B3F5F7
:1079A800004F29D00021031849411B1841F100015B
:1079B800C90041EA5371DB00181863684FEA830273
:1079C8004FEA937341F10001F8F7F0FF204AA2FB58
:1079D80000314909642303FB11031B013233A2FB65
:1079E80003235B0903F0F00202EB011203F00F031B
:1079F800216813448B6010BD0023021843EB030178
:107A0800121841F10001C90041EA5271D200101860
:107A180041F10001626892185B41F8F7C7FF0C4A10
:107A2800A2FB00314909642303FB1103DB00323355
:107A3800A2FB03235B095A0002F4F87202EB01125D
:107A480003F00703216813448B60D4E7001001405A
:107A58001F85EB5160B310B5044690F8413013B35D
:107A6800242384F841302268D36823F40053D36078
:107A78002046FFF767FF2268136923F490431361D8
:107A88002268536923F02A0353612268D36843F4B8
:107A98000053D36000206064202384F8413084F8C8
:107AA8004230606310BD80F84030FDF749F8D7E7F1
:107AB8000120704738B5134690F84120202A36D166
:107AC8000446002935D00BB9012031E001628384D6
:107AD800C38400224264212084F84100A06B164D23
:107AE800C563A06B154D0564A06B154DC564A06BEF
:107AF800026522680432A06BFBF786FC30B11023C4
:107B08006364202384F84130012011E023686FF07A
:107B180040021A60226802F1140353E8003F43F060
:107B28008003143242E800310029F3D100E002203A
:107B380038BD0120FCE700BF4F7B0008B77B000879
:107B4800C57B0008704708B50346806B1B681B6837
:107B580013F4807F1AD10023C384026802F114034E
:107B680053E8003F23F08003143242E80031002933
:107B7800F3D1026802F10C0353E8003F43F04003DD
:107B88000C3242E800310029F3D108BDFFF7DAFFD3
:107B9800FBE708B50168CA6822F04002CA602022E3
:107BA80080F84120FFF7CEFF002008BD704708B5D8
:107BB800806BFFF7FBFF08BD7047704710B5846BFB
:107BC80023685B6994F84120212A0FD023685B69F8
:107BD80003F0400394F84220222A11D0636C43F04A
:107BE800100363642046FFF7E8FF10BD03F080032D
:107BF800002BEBD00023E3842046FFF735FEE5E7B2
:107C0800002BEBD00023E3852046FFF73DFEE5E798
:107C180008B5806B0023C385FFF7CFFF08BD704709
:107C280090F84230222B69D18368B3F5805F4FD03A
:107C3800826AB3F5805F04D0002B56D10369002B0C
:107C480053D103685B681370836A01338362C38D01
:107C58009BB2013B9BB2C385002B51D100B583B0C9
:107C68000268D36823F02003D3600268D36823F442
:107C78008073D3600268536923F0010353612023A2
:107C880080F8423000234363036B012B33D1002378
:107C98000363026802F10C0353E8003F23F010036A
:107CA8000C3242E800310029F3D103681A6812F057
:107CB800100F06D0002201921A6801925B680193A6
:107CC800019B818DFFF7ABFF002003B05DF804FB3B
:107CD8000269002AACD1826A03685B68C3F30803AF
:107CE8001380836A02338362B1E703685B6803F039
:107CF8007F031370A8E7FFF75FFFE5E702207047EF
:107D08000020704710B582B0044602681368D06836
:107D1800516913F00F0F09D113F0200F0CD010F098
:107D2800200F09D02046FFF77BFF16E011F0010174
:107D380015D110F4907F12D1216B012979D013F05D
:107D4800800F03D010F0800F40F0218113F0400F16
:107D580003D010F0400F40F01E8102B010BD13F0A8
:107D6800010F06D010F4807F03D0626C42F001024C
:107D7800626413F0040F04D019B1626C42F002027D
:107D8800626413F0020F04D019B1626C42F004026D
:107D9800626413F0080F07D010F0200F00D119B15A
:107DA800626C42F008026264626C002AD5D013F05B
:107DB800200F02D010F0200F29D123685B6903F04F
:107DC8004003626C12F0080F00D163B32046FFF73E
:107DD8005BFD23685B6913F0400F20D0226802F135
:107DE800140353E8003F23F04003143242E8003103
:107DF8000029F3D1E36B73B1694A1A65E06BFBF7AD
:107E080080FB0028A9D0E06B036D9847A5E72046C2
:107E1800FFF706FFD1E72046FFF7CFFE9DE7204694
:107E2800FFF7CBFE99E72046FFF7C7FE0023636400
:107E380093E713F0100F82D010F0100F3FF47FAFCC
:107E4800002301931368019353680193019B5369BD
:107E580013F0400F5FD0E26B13685B689BB2002B96
:107E68004AD0A18D994247D9E385D369B3F5807F7C
:107E780037D0226802F10C0353E8003F23F48073E3
:107E88000C3242E800310029F3D1226802F11403D0
:107E980053E8003F23F00103143242E8003100297F
:107EA800F3D1226802F1140353E8003F23F04003A2
:107EB800143242E800310029F3D1202384F84230FB
:107EC80000232363226802F10C0353E8003F23F0E8
:107ED80010030C3242E800310029F3D1E06BFBF7C4
:107EE800C7FA02236363A18DE38D9BB2C91A89B2D5
:107EF8002046FFF794FE30E7A18D99427FF42DAF1D
:107F0800D369B3F5807F7FF428AF022363632046EB
:107F1800FFF785FE21E7A18DE38D9BB2C91A89B2CF
:107F2800E38D9BB2002B3FF418AF00293FF415AF47
:107F3800226802F10C0353E8003F23F490730C32DB
:107F480042E800300028F3D1226802F1140353E814
:107F5800003F23F00103143242E800300028F3D137
:107F6800202384F8423000232363226802F10C03A3
:107F780053E8003F23F010030C3242E80030002899
:107F8800F3D1022363632046FFF749FEE5E6204666
:107F9800FFF7A8FCE1E62046FFF7FBFDDDE600BFA2
:107FA800197C000881628285C285002343642223EC
:107FB80080F84230036923B10268D36843F48073C0
:107FC800D3600268536943F0010353610268D368C0
:107FD80043F02003D3600020704708B590F8423082
:107FE800202B08D149B10AB9012008BD0023036339
:107FF800FFF7D8FFF9E70220F7E70120F5E7FEE7EA
:10800800FEE7FEE7FEE7FEE770477047704708B5F2
:10801800FAF7D6FE08BD000008B50248FBF784FA57
:1080280008BD00BF2807002008B50248FEF75BFE20
:1080380008BD00BF6008002008B50248FFF762FECF
:1080480008BD00BFE006002008B50248FEF74BFE59
:1080580008BD00BF8807002008B50248FDF701F9F0
:1080680008BD00BFB011002008B50248FBF75CFA54
:1080780008BD00BF8006002082B000230193019B49
:1080880001330193019BB3F1706F1CD80369002B76
:10809800F5DA0A23019302E0019B013B0193019B5E
:1080A800002BF9D1036943F001030361019B0133FC
:1080B8000193019BB3F1706F08D8036913F0010FA6
:1080C800F4D1002000E0032002B070470320FBE752
:1080D80084B010B5044603A880E80E009DF811305E
:1080E800012B21D1A36B23F48033A363E36823F42A
:1080F800840323F04003E360E36823F44013E36060
:108108009DF81830012B0AD02046FFF7B5FF9DF8DF
:108118000E30012B1CD0BDE8104004B07047E36856
:1081280043F48013E360EFE7E36843F04003E36060
:108138002046FFF7A1FF9DF8153023B9A36B43F440
:108148008033A363E3E7A36B23F48033A363DEE701
:10815800A36843F00603A360A36843F02003A36069
:10816800D9E70000022A0AD00922C36823F4705311
:10817800C360C36843EA8223C36000207047234B6F
:108188000B44234A93422FD9224B0B44224A934251
:108198002CD9A1F57403A3F51053204A934227D98B
:1081A800A1F18373A3F5E7431D4A934222D31D4BE4
:1081B8000B441D4A93421FD91C4B0B441C4A934243
:1081C8001CD31C4B0B441C4A934219D3A1F1B7731F
:1081D800A3F55853194A934214D3194B0B44194A1F
:1081E800934211D20722C0E70F22BEE70E22BCE756
:1081F8000D22BAE70C22B8E70B22B6E70A22B4E749
:108208000922B2E70822B0E70622AEE7405327FF6B
:10821800FF340C00401E1BFF3F420F007F4F12002F
:1082280020D6130060B6E5FE5FE3160000D3CEFE4D
:1082380040771B00C05BB3FEC09121002075380059
:10824800E05459FEE09C4100836843F001038360D9
:1082580000207047836823F0010383600020704783
:1082680082B000230193019B01330193019BB3F179
:10827800706F15D80369002BF5DA00230193890183
:1082880041F020010161019B01330193019BB3F18E
:10829800706F08D8036913F0200FF4D1002000E0B4
:1082A800032002B070470320FBE782B0002301934C
:1082B800019B01330193019BB3F1706F13D80369DC
:1082C800002BF5DA0023019310230361019B01338E
:1082D8000193019BB3F1706F08D8036913F0100F75
:1082E800F4D1002000E0032002B070470320FBE730
:1082F800D0F800381943C0F8001800207047000073
:1083080084B0F8B5044607A880E80E00002306E00C
:1083180003F1400204EB82020021516001330E2B6D
:10832800F6D99DF8266006BBD4F8043843F002035A
:10833800C4F80438A36B43F40013A363A36B23F4BA
:108348000023A363A36B23F48023A3630023C4F84F
:10835800003E9DF82130012B15D19DF81F306BB9D7
:1083680000212046FFF7C4FF11E0A36B23F400139C
:10837800A363A36B43F40023A363E7E7012120462B
:10838800FFF7B6FF03E003212046FFF7B1FF1021F6
:108398002046FFF765FF054600B101252046FFF797
:1083A80084FF00B1012504F5006C0023CCF81030DF
:1083B800CCF81430CCF81C300DE04FF09040C2F8E7
:1083C800000902E00020C2F8000900220A614FF605
:1083D8007F328A6001339DF81C1099420ED904EB54
:1083E800431202F51061D2F800090028EADA002BDE
:1083F800E3D14FF00060C2F80009E6E700230AE085
:10840800BBB14FF09047C2F8007B002202614FF6E3
:108418007F3282600133994210D904EB431202F58E
:108428003060D2F8007B002FEADB0027C2F8007B1F
:10843800EBE74FF00067C2F8007BE6E7DCF81030A6
:1084480023F48073CCF810300023A3616FF08043CD
:1084580063619DF81E301BB9A36943F01003A36143
:10846800A2690C4B1343A3619DF822301BB1A36989
:1084780043F00803A361012E04D02846BDE8F84064
:1084880004B07047A36943F0804343F00403A36139
:10849800F3E700BF00383C80D0F8083803F0060343
:1084A800022B04D0062B04D02BB9002070470220E1
:1084B8007047022070470F20704710B591F800C030
:1084C8004B78012B23D000F5006ED0F81C380CF047
:1084D8000F040122A24043EA0243C0F81C3800EB13
:1084E8004C10D0F8003B13F4004F0ED1D0F8003BED
:1084F8008A68C2F30A02097942EA8142134343F0C7
:10850800805343F40043C0F8003B002010BDD0F86E
:108518001C280CF00F0E03FA0EF39BB21343C0F89D
:108528001C3800EB4C10D0F8003913F4004FECD194
:10853800D0F800398A68C2F30A02097942EA81420E
:1085480042EA8C52134343F0805343F40043C0F88B
:108558000039DAE730B40B784A78012A26D000EBE4
:108568004313D3F8002B002A52DBD0F83C480A7892
:1085780002F00F024FF0010C0CFA02F224EA024258
:10858800C0F83C28D0F81C28097801F00F010CFA33
:1085980001FC22EA0C42C0F81C28D3F8001B234A2D
:1085A8000A40C3F8002B002030BC704700EB43138F
:1085B800D3F80029002A1EDBD0F83C580A7802F0CC
:1085C8000F02012404FA02F292B225EA0202C0F86C
:1085D8003C28D0F81C28097801F00F018C40A4B27F
:1085E80022EA0402C0F81C28D3F80019104A0A40ED
:1085F800C3F80029D7E7D3F8002942F00062C3F88E
:108608000029D3F8002942F08042C3F80029D3E7B3
:10861800D3F8002B42F00062C3F8002BD3F8002BEC
:1086280042F08042C3F8002B9FE700BF0078F3EFC9
:10863800007833EC10B483B00246002301934878E5
:1086480001280BD00B7802EB4313D3F8000B00285A
:108658002DDB002003B05DF8044B70470B7802EB6C
:108668004313D3F80049002C01DB0020F2E7D3F8CC
:10867800004944F00064C3F800490B7802EB431347
:10868800D3F8004944F08044C3F80049019B013302
:108698000193019C42F210739C42DBD80B7802EBE9
:1086A8004313D3F80039002BF0DB0020D2E7D3F8CE
:1086B800000B40F00060C3F8000B0B7802EB43138B
:1086C800D3F8000B40F08040C3F8000B019B013346
:1086D8000193019842F21073984208D80B7802EB84
:1086E8004313D3F8003B002BF0DB0020B2E7012056
:1086F800B0E710B59DF8084084B903334FEA930EEC
:108708004FF0000C08E000EB023303F5805351F8FA
:10871800044B1C600CF1010CF445F4D3002010BD8F
:10872800F0B583B00C784B78012B2DD000EB441CAE
:108738000CF530631D696FF312051D611D696FF338
:10874800DC451D61002C40F0CE800C690CB18C68B2
:108758000C618C680C621D69C4F312042C431C6103
:108768001C6944F400241C61012A00F0DF800B79A5
:10877800012B00F0E180DCF8003B43F00443CCF827
:10878800003B002003B0F0BD0B6973BB00EB441342
:10879800D3F810596FF3DC45C3F81059D3F81059C2
:1087A80045F40025C3F81059D3F810596FF3120592
:1087B800C3F81059012A54D000EB4414D4F80039F6
:1087C80043F00443C4F800390B79012B72D00B69CC
:1087D800002BD6D0D0F83438097801F00F010122E7
:1087E8008A401343C0F83438CBE700EB441303F551
:1087F80010631D696FF312051D611D696FF3DC4578
:108808001D6184B90E698D68AE4200D90D611D697C
:1088180045F400251D611D690E69C6F3120C45EA71
:108828000C051D61C6E70D698E683544013DB5FB31
:10883800F6F51E691FFA85FC494F07EAC545354319
:108848001D610D79012DE6D11D6925F0C0451D6119
:108858001D694FEA4C7C0CF0C04C45EA0C051D61C3
:10886800D9E7CB691BB100EB4412C2F814390B7974
:10887800012B08D000EB4414D4F8003943F004432A
:10888800C4F800397DE7D0F8083813F4807F08D1A0
:1088980000EB4412D2F8003943F00053C2F8003913
:1088A800E8E700EB4412D2F8003943F08053C2F8ED
:1088B8000039DFE7D0F8083813F4807F0CD1D4F8FA
:1088C800003943F00053C4F8003900920B8A0A7843
:1088D800C968FFF70EFF54E7D4F8003943F0805316
:1088E800C4F80039F1E70C6954B91C698D68C5F3FF
:1088F80012052C431C611C6944F400241C6133E7F5
:108908008D682C44013CB4FBF5F4A4B204FB05F5D6
:108918000D621D69124E06EAC4442C431C611C6991
:108928000D6AC5F312052C431C611DE7CA68002AAD
:108938003FF41DAF5A611AE7D0F8083813F4807F66
:1089480006D1DCF8003B43F00053CCF8003B12E7BB
:10895800DCF8003B43F08053CCF8003B0BE700BF4A
:108968000000F81F10B5844608464FEA920E02F040
:108978000302002305E00CF58051096840F8041B48
:1089880001337345F7D37AB10CF5805CDCF800400D
:108998000021CBB2DB0024FA03F300F8013B0131DC
:1089A800013A92B2002AF4D110BD0B784A78012A14
:1089B80014D000EB4310D0F8002B002A06DB2BB1B3
:1089C800D0F8003B23F08043C0F8003BD0F8003BD0
:1089D80043F40013C0F8003B0020704700EB43103D
:1089E800D0F80029002A06DB2BB1D0F8003923F093
:1089F8008043C0F80039D0F8003943F40013C0F8B8
:108A08000039E9E70B784A78012A0ED000EB4310C9
:108A1800D0F8003B23F40013C0F8003B0B79023B6D
:108A2800DBB2012B15D90020704700EB4310D0F8BA
:108A3800003923F40013C0F800390B79023BDBB28C
:108A4800012BF0D8D0F8003943F08053C0F8003932
:108A5800E9E7D0F8003B43F08053C0F8003BE2E779
:108A6800D0F8003823F4FE63C0F80038D0F8003896
:108A7800090101F4FE610B43C0F80038002070477B
:108A8800D0F8003E23F00303C0F8003ED0F80438C5
:108A980023F00203C0F8043800207047D0F8003EE5
:108AA80023F00303C0F8003ED0F8043843F0020373
:108AB800C0F8043800207047426980691040704748
:108AC800D0F8183800F50060C0691840000C7047ED
:108AD800D0F8183800F50060C069184080B27047B7
:108AE80000EB4111D1F8082B00F5006040691040F7
:108AF8007047D0F81028D0F8343801F00F0C23FA5A
:108B08000CF3DB01DBB2134300EB411000F51060FE
:108B1800806818407047406900F00100704738B518
:108B28000546C36823F0C043C360012913D019BBAD
:108B3800C36843F08043C36000240A20FAF752F95F
:108B48000A342846FFF7E7FF08B1C72CF5D9C82C27
:108B580014D0002038BDC36843F00053C36000241C
:108B68000A20FAF73FF90A342846FFF7D4FF01280C
:108B7800EDD0C72CF4D9EAE70120EBE70120E9E7BB
:108B8800D0F800396FF30A03C0F80039D0F8043878
:108B980043F48073C0F804380020704710B4046CA4
:108BA800154B9C4203D9D0F8003B002B16DB002460
:108BB800C0F8104BD0F8104B44F40024C0F8104B08
:108BC800D0F8104B44F01804C0F8104BD0F8104BF4
:108BD80044F0C044C0F8104B012903D000205DF8D0
:108BE800044B7047C0F8142BD0F8003B43F08023A7
:108BF800C0F8003BF2E700BF0A30544F034AD2F8EE
:108C0800883043F47003C2F88830704700ED00E004
:108C180008B500220F49104800F082F970B90F49D1
:108C28000D4800F094F960B90D490B4801F096F928
:108C380050B9094800F0ABF948B908BDF9F726FC66
:108C4800EDE7F9F723FCEFE7F9F720FCF1E7F9F78F
:108C58001DFCF2E7400000204C0C00208C00002096
:108C6800E000002030B589B00023039304930593F6
:108C7800069307930368B3F1A04F01D009B030BD44
:108C880003AA00250195174C236B43F001032363C6
:108C9800236B03F001030193019B4FF4C05303932B
:108CA80002230493032306930A23079311460E48CD
:108CB800FAF728FD636B43F0800363630295636CE6
:108CC80043F480436364636C03F480430293029B20
:108CD8002A4629464320FAF77DFA4320FAF78AFA0A
:108CE800CCE700BF003802400000024008B500F29F
:108CF8009C41D0F8E00400F060F908BD08B501EB2C
:108D0800C10300EB8303D3F86022D0F8E00400F03D
:108D180022FA08BD08B501EBC10300EB83031A6A08
:108D2800D0F8E00400F07AFA08BD08B5D0F8E004FD
:108D380000F0BFF908BD10B50446C17911B1022988
:108D480009D10121D4F8E00400F096F9D4F8E00440
:108D580000F05FF910BDF9F799FB0121F2E7000077
:108D680010B50446D0F8E00400F089F92268D2F87A
:108D7800003E43F00103C2F8003EE37A23B1034A00
:108D8800136943F00603136110BD00BF00ED00E056
:108D980008B5D0F8E00400F080F908BD08B5D0F8AF
:108DA800E00400F0ACF908BD08B5D0F8E00400F024
:108DB80090F908BD08B5D0F8E00400F0B6F908BD90
:108DC80008B5D0F8E00400F0B2F908BD02780AB19D
:108DD8000020704710B503461548C0F8E034C3F8C2
:108DE800C8024FF0A0430360042303710222C2713A
:108DF8000023837142728372C37203738373C373D4
:108E0800FBF766FF80B90A4C80212046FCF749FD34
:108E1800402200212046FCF71EFD80220121204629
:108E2800FCF719FD002010BDF9F730FBEBE700BF98
:108E3800B0110020D0F8C83211F0800F08D101F02D
:108E48007F0101EBC10103EB810393F856027047E0
:108E580001F07F0101EBC10103EB8103987D7047AD
:108E680008B5D0F8C802FCF737F908BD00487047C4
:108E7800280F00207047032805D8DFE800F0050414
:108E88000205012070470320704708B5D0F8C802D2
:108E9800FBF79FFFFFF7EFFF08BD08B594461A469A
:108EA8006346D0F8C802FCF774F8FFF7E4FF08BD82
:108EB80008B5D0F8C802FCF7B2F8FFF7DCFF08BD28
:108EC80008B5D0F8C802FCF7ABFCFFF7D4FF08BD23
:108ED80008B5D0F8C802FCF72DF9FFF7CCFF08BD9C
:108EE80008B5D0F8C802FCF768F9FFF7C4FF08BD59
:108EF80008B5D0F8C802FCF739F8FFF7BCFF08BD81
:108F080008B5D0F8C802FCF7F0F8FFF7B4FF08BDC1
:108F180008B5D0F8C802FCF7BAF8FFF7ACFF08BDEF
:108F280098B108B503460020C3F8B802C3F8C402D4
:108F3800C3F8D00209B1C3F8B412012183F89C1216
:108F48001A701846FFF742FF08BD0320704710B596
:108F580082B00023ADF80630B9B10446C0F8B812A3
:108F6800D0F8D422CB6A43B1AE3250F82230DB6A53
:108F78000DF106009847C4F8D002D4F8D83201336E
:108F8800C4F8D832002002B010BD0320FBE708B5B2
:108F9800FFF77BFF08BD08B5D0F8B83213B11B68DE
:108FA800984708BD0020FCE708B5D0F8B8325B68E0
:108FB800984700B908BD0320FCE738B5044600F21D
:108FC800AA25284600F0C4F90123C4F89432B4F85D
:108FD800B032C4F8983294F8AA1201F01F03012B9A
:108FE80007D0022B0AD073B92946204600F084FB2B
:108FF80038BD2946204600F0BAFBF9E72946204645
:1090080000F0F7FBF4E701F080012046FFF760FF6E
:10901800EEE7F8B50446012380F89C320023C0F837
:1090280094324360C0F8A43280F8A032D0F8B83245
:10903800E3B15B68E3B1002198470746D0B9402304
:10904800002211462046FFF728FF012684F86361B5
:109058004025A4F860512B46002280212046FFF7C6
:109068001CFF84F8236025843846F8BD0027E6E70E
:109078000027E4E70327E2E701740020704790F82F
:109088009C32042B04D090F89C32DBB280F89D32DD
:10909800042380F89C320020704790F89C32042BFF
:1090A80001D00020704790F89D32DBB280F89C32E6
:1090B800F7E708B590F89C32032B01D0002008BDD3
:1090C800D0F8B832002BF9D0DB69002BF6D09847DE
:1090D800F4E708B5D0F8D432AE3350F8233053B1A2
:1090E80090F89C22032A01D0002008BD1B6A23B1F6
:1090F80098470020F9E70320F7E70020F5E708B5CF
:10910800D0F8D432AE3350F8233053B190F89C22C3
:10911800032A01D0002008BD5B6A23B198470020CC
:10912800F9E70320F7E70020F5E70020704708B5C6
:10913800012380F89C32D0F8B83223B15B680179FA
:10914800984710B908BD0020FCE70320FAE7002083
:1091580070470020704738B504460D46002944D1B1
:10916800D0F89432032B01D0084638BDD0F85831D6
:10917800B0F86021934209D890F8AA3203F01F038F
:10918800012B12D0022B1ED0084613E09B1AC0F800
:109198005831D0F864111144C0F864119A4238BFAC
:1091A8001A4600F017FD2846DFE790F8AE12FFF7E1
:1091B800CEFF18B994F89C32032B09D0204600F052
:1091C80011FD2846D1E790F8AE12FFF7C2FFF0E78D
:1091D80000F1AE0354F823301A69002AEED0C4F81F
:1091E800D4021B6920469847E8E701F07F01FFF7A2
:1091F800B0FF88B994F89C32032BB6D100F1AE03C6
:1092080054F823309A69002AAFD0C4F8D4029B6975
:10921800294620469847A8E70020A6E738B504461F
:109228000D4600294BD1D0F89432022B07D094F880
:10923800A00218B1002384F8A032284638BD8269FC
:10924800038C9A420DD89A4219D094F89C32032B79
:1092580029D080212046FFF73BFE204600F0CDFCB8
:10926800E5E7D21A8261416A1944416200F0AAFC1A
:1092780000231A4619462046FFF74AFED7E74269F7
:109288009342E2D8D0F898329A42DED200221146B0
:1092980000F098FC0021C4F898120B460A462046B4
:1092A800FFF736FEC3E7D4F8B832DA68002AD0D020
:1092B8000022C4F8D422DB6820469847C9E741F069
:1092C8008001FFF746FF88B994F89C32032BB5D18B
:1092D80000F1AE0354F823305A69002AAED0C4F81E
:1092E800D4025B69294620469847A7E70020A5E7EE
:1092F8000B88027813440B8003781844704742881F
:1093080003789A4218D930B583B004460D46ADF8B3
:1093180006306388BDF806209A420AD20DF106018C
:10932800FFF7E6FF4378052BF3D18378AB42F0D102
:1093380000E0002003B030BD002070470346002045
:1093480002E00130C0B201331A78002AF9D170471F
:109358000B7803704B7843708B78CA7843EA022302
:1093680043800B794A7943EA022383808B79CA794F
:1093780043EA0223C380704710B504468021FFF7F3
:10938800A7FD00212046FFF7A3FD10BD30B583B02F
:1093980004460D460023ADF806304A88130A013BFF
:1093A800062B00F2AA80DFE803F0041E32A8A88C7E
:1093B8009900D0F8B4321B680DF10601007C98477B
:1093C800EA88002A00F0A380BDF80630002B00F0E0
:1093D80099809A4228BF1A46ADF8062001462046D1
:1093E80000F0E2FB8CE0037C43B9D0F8B8329B6A0A
:1093F8000DF10600984702234370E1E7D0F8B83230
:10940800DB6A0DF10600984702234370D8E7D2B211
:10941800052A52D8DFE802F003101D2A3744D0F895
:10942800B4325B6823B10DF10601007C9847C7E7A9
:109438002946FFF7A1FF63E0D0F8B4329B6823B157
:109448000DF10601007C9847BAE72946FFF794FF1B
:1094580056E0D0F8B432DB6823B10DF10601007C88
:109468009847ADE72946FFF787FF49E0D0F8B432BF
:109478001B6923B10DF10601007C9847A0E7294636
:10948800FFF77AFF3CE0D0F8B4325B6923B10DF105
:109498000601007C984793E72946FFF76DFF2FE008
:1094A800D0F8B4329B6923B10DF10601007C9847CE
:1094B80086E72946FFF760FF22E02946FFF75CFFB1
:1094C8001EE0037C33B9D0F8B8325B6B0DF10600AF
:1094D800984775E72946FFF74FFF11E0037C43B92A
:1094E800D0F8B8321B6B0DF106009847072343707C
:1094F80066E72946FFF740FF02E02946FFF73CFFF1
:1095080003B030BD29462046FFF736FFF8E720466E
:1095180000F068FBF4E738B504468B88F3B9CB88CC
:10952800E3B94B887F2B19D803F07F0590F89C325C
:10953800032B0CD080F89E522946FFF7D9FC204611
:1095480000F050FB35B1022384F89C3209E0FFF7A4
:1095580013FF06E0012384F89C3202E02046FFF75F
:109568000BFF38BD70B504460E468D782F4B1D7025
:10957800012D10D890F89C32DAB2022B0FD0032AB2
:1095880026D0FFF7F9FE294B19782046FFF70CFD86
:109598000325284670BDFFF7EFFE0325F9E7A5B1BF
:1095A80045602946FFF7F7FC054638B131462046A5
:1095B800FFF7E2FE022384F89C32EAE7204600F037
:1095C80011FB032384F89C32E3E700F00BFBE0E790
:1095D800CDB141688D4225D0C9B2FFF7E5FC134BE8
:1095E800197861602046FFF7D6FC0546B0B13146D0
:1095F8002046FFF7C1FE21792046FFF7D5FC02235C
:1096080084F89C32C5E7022380F89C3245602946DD
:10961800FFF7CAFC204600F0E5FABAE7204600F05A
:10962800E1FAB6E700F0DEFA0025B2E7941600206A
:1096380008B5CB88012B0BD190F89C32DAB2022BFB
:1096480009D9032A11D10122011D00F0ADFA01E068
:10965800FFF792FE08BD52B23AB10146002341F825
:10966800083F012200F0A0FAF4E7FFF785FEF1E7D2
:1096780008B590F89C32013B022B12D8CB88022BFC
:109688000CD10123C360D0F8A4320BB10323C3600B
:10969800022200F10C0100F087FA08BDFFF76CFE0A
:1096A800FBE7FFF769FEF8E708B54B88012B04D004
:1096B800022B07D0FFF760FE08BDC0F8A43200F007
:1096C80091FAF9E78B881B0A80F8A03200F08AFA31
:1096D800F2E708B590F89C32013B022B09D84B8879
:1096E800012B00D008BD0023C0F8A43200F07AFA9C
:1096F800F8E7FFF741FEF5E738B50C7804F06004A9
:10970800202C06D0402C04D06CB1FFF735FE002485
:1097180007E0D0F8D432AE3350F823309B6898472E
:109728000446204638BD4D78092D1DD8DFE805F0E0
:1097380012191C161C08051C0F0BFFF727FEF0E773
:10974800FFF7E9FEEDE7FFF70DFF0446E9E7FFF74E
:109758006FFFE6E7FFF78CFF2C46E2E7FFF7A4FF71
:10976800DFE7FFF7B6FFDCE7FFF706FED9E770B5DE
:1097780005460C460B7803F06003202B07D0402BDE
:1097880005D023B1FFF7F8FD0026304670BD95F8E7
:109798009C32013B022B26D82179012905D9214683
:1097A8002846FFF7E9FD0026EFE72846FFF7CFFC3C
:1097B80068B900F1AE0255F82220916889B1C5F860
:1097C800D4029368214628469847064600E00326B7
:1097D800E388002BD9D1002ED7D1284600F002FA11
:1097E800D3E70326F4E721462846FFF7C5FD002600
:1097F800CBE72DE9F04106460D468B88DFB20C78A1
:1098080004F06004202C08D0402C06D0DCB1FFF70F
:10981800B3FD00242046BDE8F08139463046FFF705
:1098280098FC0446002840F0FD80C6F8D40200F1F8
:10983800AE0356F823309B68002BEBD02946304600
:1098480098470446E6E791F80180B8F1010F31D056
:10985800B8F1030F05D0B8F1000F67D0FFF78CFD02
:10986800D8E790F89C32DAB2022B04D0032A12D03F
:10987800FFF782FDCEE70FB1802F04D1294630468D
:10988800FFF77AFDC6E73946FFF722FB802130460D
:10989800FFF71EFBBEE74B8823B91FB1802F01D00D
:1098A800CB881BB1304600F09DF9B3E73946FFF786
:1098B8000FFBF7E790F89C32DAB2022B04D0032AA8
:1098C80012D0FFF759FDA5E70FB1802F04D1294623
:1098D8003046FFF751FD9DE73946FFF7F9FA802139
:1098E8003046FFF7F5FA95E74B88002B92D117F031
:1098F8007F0F17D1304600F075F939463046FFF72B
:1099080028FC002886D1C6F8D40200F1AE0256F829
:1099180022209268002A00F0878029463046904726
:10992800044677E73946FFF7DBFAE3E790F89C222D
:10993800D1B2022A06D003292AD02946FFF71CFDF6
:10994800444667E70FB1802F14D113F0800F16D16A
:1099580007F07F0707EB8707B90001F5A8713144C5
:109968000431002301F80E3F0222304600F01CF9B2
:1099780044464FE72946FFF7FFFC44464AE707F00D
:109988007F0707EB8707B900103131440431E8E756
:109998005BB2002B20DB07F00F0202EB820200EB28
:1099A800820292F863412CB3002B27DB07F07F0378
:1099B80003EB83039C0004F5A874344404340FB10A
:1099C800802F24D10023A373022204F10E01304614
:1099D80000F0EAF844461DE707F00F0202EB8202A6
:1099E80000EB820292F82340002CDDD12946FFF7D4
:1099F800C3FC0FE72946FFF7BFFC0BE707F07F031F
:109A080003EB83039C00103434440434D7E739460D
:109A18003046FFF70FFA10B10123A373D4E70023F0
:109A2800A373D1E70024F5E60446F3E600B370B566
:109A38000D4616460446FFF781FC01304300B3F596
:109A4800007F06D89BB233802B7003236B700223F0
:109A58000AE04FF40073F6E7EA5401345A1CD2B214
:109A68000021A9540233DBB22278002AF4D170BD58
:109A78007047000012230B80004870472C0000201C
:109A880004230B80004870472800002000239342DD
:109A98001ED200B510E00CF1370C01F813C000011C
:109AA8004FEA430C0CF1010C4FF0000E01F80CE0EA
:109AB8000133DBB2934209D24FEA107CB0F1204F58
:109AC800E9D20CF1300C01F813C0E8E75DF804FBAB
:109AD8007047000038B50B4BD3F8100AD3F8144A76
:109AE800D3F8183AC01800D138BD074D08222946C6
:109AF800FFF7CCFF042205F110012046FFF7C6FF4F
:109B0800F2E700BF0070FF1F0E00002008B51A23FF
:109B18000B80FFF7DFFF014808BD00BF0C000020E5
:109B280008B50A4628B905490548FFF77FFF0348E5
:109B380008BD02490248FFF779FFF8E798160020A8
:109B480014B6000810B50A46034C21460348FFF72F
:109B58006DFF204610BD00BF9816002028B60008EB
:109B680008B50A4628B905490548FFF75FFF0348C5
:109B780008BD02490248FFF759FFF8E79816002088
:109B88003CB6000808B50A4628B905490548FFF754
:109B98004DFF034808BD02490248FFF747FFF8E7B1
:109BA8009816002048B6000808B513460222C0F8E7
:109BB80094224361416283610A460021FFF7A0F9BC
:109BC800002008BD08B513460A460021FFF798F99A
:109BD800002008BD08B513460A460021FFF798F98A
:109BE800002008BD08B50422C0F8942200231A46B4
:109BF8001946FFF785F9002008BD08B50522C0F809
:109C0800942200231A461946FFF782F9002008BD5E
:109C18000A230380004870476000002070B504469E
:109C28004FF42170FFF722F980B3D4F8D432B0335F
:109C380044F82300C4F8BC02237C7BBB284D4FF4B6
:109C48000073022229782046FFF727F92B7803F0C2
:109C58000F0303EB830304EB8303012583F86351AC
:109C6800204E4FF40073022231782046FFF715F991
:109C7800337803F00F0303EB830304EB830383F8C8
:109C88002350204600F0C4F9002070BDD4F8D43227
:109C9800B033002244F823200220F6E7104D402379
:109CA800022229782046FFF7F8F82B7803F00F03F3
:109CB80003EB830304EB8303012583F86351094E07
:109CC8004023022231782046FFF7E7F8337803F083
:109CD8000F0303EB830304EB830383F82350D0E7DC
:109CE8005C0000205D00002070B504461A4D2978FC
:109CF800FFF7DEF82B7803F00F0303EB830304EB85
:109D08008303002583F86351144E31782046FFF70A
:109D1800CFF8337803F00F0303EB830304EB8303DB
:109D280083F82350D4F8D432B03354F8233083B1B5
:109D3800204600F0BFF9D4F8D432B03354F82300E9
:109D4800FFF798F8D4F8D432B03344F82350C4F865
:109D5800BC52002070BD00BF5C0000205D000020E8
:109D68002DE9F04182B0D0F8D42202F1B00350F8C6
:109D780023700023ADF80630002F00F08F800446D2
:109D88000D460B7813F060063BD0202E7FD1497822
:109D9800FE2906D0FF2923D02946FFF7EDFA03262E
:109DA80078E0698811B9E988012905D02946204653
:109DB800FFF7E2FA03266DE013F0800FF6D0B03219
:109DC80000EB820253689B699847022828BF02204B
:109DD8003860012239462046FFF7E6FE002659E0A2
:109DE8006A8842B9EA8832B913F0800F03D100F0CB
:109DF8003FF900264EE029462046FFF7BDFA032624
:109E080048E091F80180B8F10B0F3CD8DFE808F082
:109E1800062D3B3B3B3B3B3B3B3B152290F89C32A2
:109E2800032B03D0FFF7A8FA032633E002220DF133
:109E38000601FFF7B9FE46462CE090F89C32032B4A
:109E480003D0FFF799FA032624E00122391DFFF712
:109E5800ABFE1FE090F89C32032B02D18B787B601D
:109E680018E0FFF789FA032614E090F89C32032BD8
:109E780010D14B8873B90979FFF722F82979204660
:109E880000F0E4F906E0FFF777FA032602E0FFF7AF
:109E980073FA0326304602B0BDE8F0810326F9E7DD
:109EA80008B500F037F9002008BD08B500F0B0F992
:109EB800002008BD70B505460B4E81213046FFF7DE
:109EC8001EFA044601213046FFF719FA1CB1002298
:109ED80022710222627118B10022027102224271BB
:109EE80020232B80004870BD6C00002070B505460B
:109EF8000B4E81213046FFF702FA04460121304615
:109F0800FFF7FDF91CB1402222710022627118B1DD
:109F1800402202710022427120232B80004870BD2C
:109F28006C00002070B505460B4E81213046FFF7C6
:109F3800E6F9044601213046FFF7E1F91CB1402259
:109F480022710022627118B140220271002242710E
:109F580020232B80004870BD6C00002039B1D0F858
:109F6800D432B03300EB83004160002070470320F7
:109F78007047000038B5D0F8D442B03450F82440C7
:109F8800A4B11346D4F81852D4F83822D21AC4F817
:109F98003822002284F83C2204222272AB4228BFD5
:109FA8002B460A4602490978FEF7AAFF38BD00BFCA
:109FB8005D00002038B5D0F8D432B03350F82350C3
:109FC80085B1044695F81C3223B9D5F818320BB17F
:109FD8006B7A43B10C4B19782046FEF779FF6B7A00
:109FE800022B05D038BD094B1978FEF771FFF1E750
:109FF800054B19782046FEF76BFF044B197820466D
:10A00800FEF766FFEEE700BF5D0000205C00002061
:10A0180070B5D0F8D432B03350F8235015B3044695
:10A0280000202872687285F8610285F8600285F858
:10A038006202D4F8D432B03304EB83035B681B6844
:10A048009847094E31782046FEF73AFF074B1978B2
:10A058002046FEF735FF1F2305F5047231782046A8
:10A06800FEF756FF70BD00BF5C0000205D000020B9
:10A0780070B5D0F8D432B03350F82350A5B10446A7
:10A0880000232B7201236B72084B1978FEF728FF07
:10A09800074E31782046FEF723FF1F2305F504728B
:10A0A80031782046FEF734FF70BD00BF5D00002008
:10A0B8005C000020D0F8D432B03350F823300BB114
:10A0C80000221A727047000038B5D0F8D432B03385
:10A0D80050F82350B5B104460B4BC5F8303285F81B
:10A0E8003C1200232B720D2305F50C7207490978E1
:10A0F800FEF706FF1F2305F5047205490978204677
:10A10800FEF706FF38BD00BF555342535D000020DF
:10A118005C000020D0F8D432B03350F82310D1B10D
:10A1280010B504460B7A022B08D006D3033BDBB2EA
:10A13800012B02D80021FFF7C7FF10BD01F21F2233
:10A1480091F81D1200F0D5FE0028F6DA012120460C
:10A15800FFF7BAFFF1E7704738B5D0F8D432B0331B
:10A1680050F82350FDB10446D5F81432C5F83432FE
:10A17800D5F81832C5F83832234B1978FEF770FE37
:10A188001F2804D1D5F81022204B9A420CD0202346
:10A19800052295F81D12204600F04AF902236B7239
:10A1A8002046FFF707FF38BD95F81D122B68994226
:10A1B800EDD895F81E32002BE9D0102BE7D805F220
:10A1C8001F22204600F095FE00280CDB2B7A013B6D
:10A1D800DBB2022BE7D9EA688AB105F11001204603
:10A1E800FFF7C8FEDFE72B7A052B03D02046FFF7E1
:10A1F800E1FED8E701212046FFF766FFD3E70021FB
:10A208002046FFF761FFCEE75C000020555342432C
:10A21800D0F8D432B03350F82330ABB110B504467F
:10A228001A7A72B1012A0ED103F21F2293F81D1275
:10A2380000F05FFE002806DA01212046FFF744FF00
:10A2480001E0FFF789FF10BD70470000D0F8D43255
:10A25800B03350F82330BBB110B504465B7A022BFB
:10A2680008D011F0800F04D0012B02D00121FFF794
:10A278002BFF10BD054B1978FEF72AFE044B197801
:10A288002046FEF725FEF4E7704700BF5D0000207A
:10A298005C000020D0F8D432B03350F8233053B1EA
:10A2A800127922B983F862220020D860704701220F
:10A2B80083F86222F8E74FF0FF307047844658B1C0
:10A2C800C26005E0013A92B2885C0CEB0203187494
:10A2D800002AF7D1002070474FF0FF307047000088
:10A2E80070B503460846D3F8D44204F1B00153F8D8
:10A2F8002150DDB1164603EB81035B68DB689847A4
:10A3080070B10C4A937863F07F0393703279042A12
:10A3180000D9042207492846FFF7D0FF002070BD66
:10A32800054A937803F07F039370EFE74FF0FF300F
:10A33800F5E700BFCC000020C400002070B503463C
:10A348000846D3F8D44204F1B00153F82150DDB1E6
:10A35800164603EB81035B68DB68984770B10C4ACB
:10A36800D37863F07F03D370327A082A00D90822A1
:10A3780007492846FFF7A2FF002070BD044AD3789A
:10A3880003F07F03D370EFE74FF0FF30F5E700BF2E
:10A39800C400002008B5D0F8D432B03350F82300F8
:10A3A800D378127952EA032205D0082A00D9082264
:10A3B8000249FFF783FF002008BD00BF981800205E
:10A3C80008B5D0F8D432B03350F8230050B3174949
:10A3D80000230B604B608B60CB600B614B610268A4
:10A3E80002F1010C4FEACC0ECCF347520A70CCF3C1
:10A3F80047324A70CCF3471C81F802C081F803E069
:10A4080005E0D9000931094A53540133DBB2016828
:10A418008B42F6D90EF1080292B20449FFF74EFFBB
:10A42800002008BD4FF0FF30FBE700BFA018002058
:10A43800D0F8D412B03150F8210080B190F86112F0
:10A4480001F1480C00F83C2000EBCC02137100230A
:10A4580053714B1CDBB280F86132042B00D070477B
:10A46800002380F86132FAE770B5D0F8D43203F1EE
:10A47800B00250F822507DB304460E46D5F8182293
:10A4880072B995F86222022A13D0B03300EB830325
:10A498005B689B680846984798B90023EB6070BDD5
:10A4A8002023052295F81D12FFF7C2FF4FF0FF3059
:10A4B800F5E73A23FFF7BCFF05232B724FF0FF3077
:10A4C800EDE73A23022231462046FFF7B1FF052384
:10A4D8002B724FF0FF30E2E74FF0FF30DFE710B5A7
:10A4E800D0F8D432B03350F82340002C3BD0D4F805
:10A4F80018320BB100230DE02023052294F81D1219
:10A50800FFF796FF4FF0FF3028E0E11800200874AD
:10A518000133DBB2112BF8D9702323740C23E375B4
:10A5280094F8603294F861128B4210D003F148011C
:10A5380014F83100A07404EBC10108792077497937
:10A5480061770133DBB284F86032042B07D0122321
:10A55800E3601379122B09D8E360002010BD0023B3
:10A5680084F86032F3E74FF0FF30F7E70020F5E7B3
:10A578008446D0F8D43203F1B0005CF820000028FB
:10A5880040D010B5D0F8184274B192F801E01EF02E
:10A59800010F23D093788BB1802B15D108221B494A
:10A5A800FFF78CFE00202CE02023052290F81D12D6
:10A5B8006046FFF73DFF4FF0FF3022E006221449C6
:10A5C800FFF77CFE00201CE02423052290F81D12D2
:10A5D8006046FFF72DFF4FF0FF3012E0B0330CEB71
:10A5E800830CDCF80430DB6901EBC10103EB81016A
:10A5F8000B79053312799A4200D91A46FFF75EFEA5
:10A60800002010BD4FF0FF30704700BFD000002081
:10A61800D800002010B5D0F8D432B03350F8234019
:10A628002CB394F86232012B0CD0137903F0030396
:10A63800012B13D0022B17D0032B12D1002384F83F
:10A6480062320EE0137903F00303022BEDD12423C9
:10A658000522FFF7EDFE4FF0FF3004E0002384F8F9
:10A6680062320020E06010BD84F86232F9E74FF0F2
:10A67800FF30F8E770B582B0D0F8D43203F1B002F9
:10A6880050F82240002C3CD005460E4600EB8203D1
:10A698005B685B680DF1060269463046984728B941
:10A6A80094F86232022B01D000230DE03A230222F3
:10A6B80031462846FFF7BCFE4FF0FF301FE0E21896
:10A6C8000021117401339BB20B2BF8D90823E374D2
:10A6D800009A531E190E2175C3F307416175C3F320
:10A6E8000723A375013AE27502232376BDF80630E5
:10A6F800002262761A0AA276E3760C23E36002B09F
:10A7080070BD4FF0FF30FAE770B5D0F8D43203F1DE
:10A71800B00250F822409CB306460D4600EB820377
:10A728005B685B68263104EB01110A1D0831284675
:10A738009847E0B994F86232022B18D0263504EB1A
:10A748000515AA68531E190E2174C3F307416174D5
:10A75800C3F30723A374013AE274AB88002222757D
:10A7680062751A0AA275E3750823E36070BD3A237F
:10A77800022229463046FFF75BFE4FF0FF30F5E72F
:10A788004FF0FF30F2E7F8B51746D0F8D43203F1AE
:10A79800B00250F82240002C51D005460E4600EB7E
:10A7A80082035B685B68263104EB01110A1D0831DE
:10A7B80030469847844680B994F86232022B0CD010
:10A7C800BB7AFD7A2D0445EA03653B7B45EA032500
:10A7D8007B7B1D43E56000230CE03A2302223146CF
:10A7E8002846FFF725FE4FF0FF3C26E0E21800213F
:10A7F800117401339D42F9D8263604EB0616B26867
:10A80800531E190E2175C3F307416175C3F307235E
:10A81800A375013AE275B3880022227662761A0A95
:10A82800A276E376BA7AFB7A1B0443EA02633A7BA0
:10A8380043EA02237A7B1343E3606046F8BD4FF096
:10A84800FF3CFAE710B5D0F8D442B03450F82440B1
:10A8580084B11A4401F1260304EB0314A3689A4255
:10A8680001D8002010BD21230522FFF7E1FD4FF09C
:10A87800FF30F7E74FF0FF30F4E700002DE9F84329
:10A88800D0F8D42202F1B00350F82350002D50D054
:10A8980007460C4605EB0111D1F8706204F1260356
:10A8A80005EB03139B8803FB06F6B6F5007F28BF6C
:10A8B8004FF40076B03200EB82025268D2F8109062
:10A8C80005F11008B6FBF3F39BB2D1F86C224146B0
:10A8D8002046C847002823DB3346424617490978F3
:10A8E8003846FEF70DFB05EB0412D2F86C3226341D
:10A8F80005EB0414A188B6FBF1F10B44C2F86C32E5
:10A90800D2F870325B1AC2F87032D5F83822921B2E
:10A91800C5F8382283B903232B720020BDE8F883D9
:10A928001123042221463846FFF782FD4FF0FF30FD
:10A93800F4E74FF0FF30F1E70020EFE75D0000207B
:10A94800F8B51746D0F8D43203F1B00250F82240D7
:10A95800002C6AD005460E46227A002A3BD194F98B
:10A968001C22002A3FDA94F86222022A44D0B0332B
:10A9780000EB83035B689B6808469847002841D131
:10A98800BA78FB781B0443EA02633A7943EA022364
:10A998007A791A4304EB0611C1F86C22F8793B7AEC
:10A9A80043EA0023C1F8703231462846FFF74AFFD0
:10A9B80000283DDBD4F8181204EB0613D3F87032E4
:10A9C80006F1260204EB0212928802FB03F3994275
:10A9D80021D1022323724FF40073E36031462846E5
:10A9E800FFF74CFFF8BD2023052294F81D12FFF74E
:10A9F8001FFD4FF0FF30F5E73A23FFF719FD4FF041
:10AA0800FF30EFE73A23022231462846FFF710FDD0
:10AA18004FF0FF30E6E72023052294F81D12284660
:10AA2800FFF706FD4FF0FF30DCE74FF0FF30D9E7C6
:10AA38004FF0FF30D6E7F8B51546D0F8D43203F119
:10AA4800B00250F82240002C70D006460F46227AF9
:10AA5800002A41D194F91C22002A45DA94F862228E
:10AA6800022A4AD0B03300EB83035B689B68084630
:10AA78009847002847D1AB78EA78120442EA036283
:10AA88002B7942EA03226B791A4304EB0711C1F8C8
:10AA98006C22A879EB791B0443EA0063287A43EA1D
:10AAA8000023687A0343C1F8703239463046FFF70D
:10AAB800C9FE00283DDBD4F8181204EB0713D3F8BD
:10AAC800703207F1260204EB0212928802FB03F3AC
:10AAD800994221D1022323724FF40073E36039466F
:10AAE8003046FFF7CBFEF8BD2023052294F81D124F
:10AAF800FFF79EFC4FF0FF30F5E73A23FFF798FC8D
:10AB08004FF0FF30EFE73A23022239463046FFF78D
:10AB18008FFC4FF0FF30E6E72023052294F81D1242
:10AB28003046FFF785FC4FF0FF30DCE74FF0FF3091
:10AB3800D9E74FF0FF30D6E72DE9F843D0F8D42213
:10AB480002F1B00350F82350002D5AD007460C46A6
:10AB580005EB0111D1F8706204F1260305EB03132C
:10AB68009B8803FB06F6B6F5007F28BF4FF40076F6
:10AB7800B03200EB82025268D2F8149005F1100846
:10AB8800B6FBF3F39BB2D1F86C2241462046C84786
:10AB980000281EDB05EB0411D1F86C22263405EBE6
:10ABA8000414A388B6FBF3F00244C1F86C22D1F870
:10ABB8007022121AC1F87022D5F83812891BC5F80C
:10ABC80038127AB900213846FFF77EFA0020BDE82E
:10ABD800F8830323042221463846FFF729FC4FF067
:10ABE800FF30F4E702FB03F3B3F5007F28BF4FF40F
:10ABF80000734246044909783846FEF789F900206F
:10AC0800E5E74FF0FF30E2E75C0000202DE9F04176
:10AC18001746D0F8D43203F1B00250F82250002D74
:10AC280000F08E8006460C462A7A002A40F084807E
:10AC3800D5F81822002A51D095F91C22002A56DB93
:10AC4800B03300EB83035B689B680846984700288D
:10AC580056D1D6F8D432B03306EB83035B68DB6891
:10AC6800204698478046002853D1BA78FB781B04C1
:10AC780043EA02633A7943EA02237A791A4305EBF5
:10AC88000411C1F86C22F8793B7A43EA0023C1F831
:10AC9800703221463046FFF7D5FD002853DB05EB1F
:10ACA8000413D3F87032263405EB0414A28802FB8F
:10ACB80003F3D5F818229A4234D101222A72B3F547
:10ACC800007F28BF4FF4007305F110021F4909786F
:10ACD8003046FEF71DF94046BDE8F08120230522E5
:10ACE80095F81D12FFF7A4FB4FF0FF38F3E7202378
:10ACF800052295F81D12FFF79BFB4FF0FF38EAE796
:10AD08003A23022221463046FFF792FB4FF0FF38E4
:10AD1800E1E72723022221463046FFF789FB4FF05F
:10AD2800FF38D8E72023052295F81D123046FFF793
:10AD38007FFB4FF0FF38CEE7FFF7FEFE8046CAE7FD
:10AD48004FF0FF38C7E74FF0FF38C4E75C0000203A
:10AD58002DE9F0411646D0F8D43203F1B00250F88C
:10AD68002250002D00F0988007460C462A7A002AC7
:10AD780040F08E80D5F81822002A57D095F91C2269
:10AD8800002A5CDBB03300EB83035B689B680846F2
:10AD9800984700285CD1D7F8D432B03307EB830347
:10ADA8005B68DB6820469847804600285BD1B3780B
:10ADB800F278120442EA0362337942EA0322737991
:10ADC8001A4305EB0411C1F86C22B079F3791B041E
:10ADD80043EA0063307A43EA0023707A0343C1F8F8
:10ADE800703221463846FFF72DFD002857DB05EB6A
:10ADF8000413D3F87032263405EB0414A28802FB3E
:10AE080003F3D5F818229A4238D101222A72B3F5F1
:10AE1800007F28BF4FF4007305F11002214909781B
:10AE28003846FEF775F84046BDE8F0812023052234
:10AE380095F81D12FFF7FCFA4FF0FF38F3E72023CF
:10AE4800052295F81D12FFF7F3FA4FF0FF38EAE7ED
:10AE58003A23022221463846FFF7EAFA05232B72E5
:10AE68004FF0FF38DFE72723022221463846FFF755
:10AE7800DFFA05232B724FF0FF38D4E72023052291
:10AE880095F81D123846FFF7D3FA4FF0FF38CAE796
:10AE9800FFF752FE8046C6E74FF0FF38C3E74FF092
:10AEA800FF38C0E75C00002010B5D0F8D432B033CA
:10AEB80050F82340BCB1537813F0020F0CD104EBC7
:10AEC8000112D2F87032D2F86C22FFF7BBFC0028CE
:10AED8000CDB0020E06010BD24230522FFF7A8FA50
:10AEE8004FF0FF30F7E74FF0FF30F4E74FF0FF3057
:10AEF800F1E708B5D0F8D432B03350F82330002B3E
:10AF08007ED013785A2B31D85A2B72D8DFE803F049
:10AF18003E7171417171717171717171717171717C
:10AF2800717144717171717171714D476E714A71AE
:10AF380071717153715671715C716271717171685F
:10AF480071717171717171717171717171717171E9
:10AF580071717171717171717171717171717171D9
:10AF6800717171717171717171715000AA2B40D832
:10AF78009E2B3ED39E3B0C2B3BD8DFE803F0223AB6
:10AF8800343A3A3A3A3A3A3A283A2E00FFF76CFA03
:10AF980035E0FFF7A4FA32E0FFF7EAFA2FE0FFF70F
:10AFA80039FB2CE0FFF776F929E0FFF799F926E05D
:10AFB800FFF7C4F923E0FFF75DFB20E0FFF7A4FBF0
:10AFC8001DE0FFF7E0FB1AE0FFF7BAFC17E0FFF718
:10AFD80032FD14E0FFF71AFE11E0FFF7B9FE0EE0AC
:10AFE800FFF762FF0BE0FFF7EBF908E0FFF7D2F994
:10AFF80005E020230522FFF71BFA4FF0FF3008BDBC
:10B008004FF0FF30FBE7002070474FF480330B60B0
:10B018004FF4007313800020704700207047002011
:10B0280070470020704708B510465A024002F5F7ED
:10B038006DFD002008BD00002DE9F84F8A469146B5
:10B048009846002600E03E44B0452DD906EB09029B
:10B05800D50822F0070302F0070464029B1A08339C
:10B06800A8EB06079F4200D31F46DFF844B04FF411
:10B07800805259462803F5F749FD7A020AEB462122
:10B088000BEB040000F0E6F82846F5F7EDFD002488
:10B098000F2CD8D804EB0510054901EB042180B228
:10B0A800F5F78EFD0134F3E70020BDE8F88F00BF07
:10B0B800B8180020024B00221A701878704700BF99
:10B0C8001401002038B5064C01252570F5F7E6FC7B
:10B0D8002846F7F787FE00232370207838BD00BF85
:10B0E8001401002008B510465A024002F5F70EFD7B
:10B0F800002008BD2DE9F84F8A469146984600265B
:10B1080000E03E4446452DD206EB090B4FEADB052D
:10B118002BF007070BF0070464024FF48052134921
:10B128002803F5F7F3FCA7EB0B030833A8EB060796
:10B138009F4200D31F467A020AEB46210B4820445F
:10B1480000F088F82846F5F769FD00240F2CD8D8B8
:10B1580004EB0510054901EB042180B2F5F730FD39
:10B168000134F3E70020BDE8F88F00BFB8280020BD
:10B17800032917D8DFE801F002080D1210B50C46B4
:10B18800F5F7F0FC204610BD4FF480531360002003
:10B1980070474FF400731380002070470823136032
:10B1A8000020704704207047DFF834D0FDF726FDF3
:10B1B8000C480D490D4A002302E0D458C45004330A
:10B1C800C4188C42F9D30A4A0A4C002301E01360E0
:10B1D8000432A242FBD300F019F8F7F721FC7047BC
:10B1E8000000022000000020180100208CB6000892
:10B1F80018010020B8380020FEE7024403469342B5
:10B2080000D1704703F8011BF9E7000070B50D4B3A
:10B218000D4D5B1B9C100026A64209D100F0A4F935
:10B228000A4D0B4B5B1B9C100026A64205D170BD36
:10B2380055F8043B98470136EEE755F8043B984724
:10B248000136F2E784B6000884B6000884B6000820
:10B2580088B600080A44914200F1FF3300D17047D4
:10B2680010B511F8014B03F8014F9142F9D110BD07
:10B278002DE9F047089D0F4604468C46002B48D11F
:10B288008A42164661D9B2FA82F34BB1C3F1200261
:10B2980001FA03FC20FA02F29E4042EA0C0C9C40A0
:10B2A8004FEA164EB7B2BCFBFEF1220C0EFB11CCD6
:10B2B80042EA0C4201FB07F0904209D9B21801F1A9
:10B2C800FF3C80F0EE80904240F2EB80023932443D
:10B2D800121AA4B2B2FBFEF00EFB102244EA02449A
:10B2E80000FB07F7A74209D9341900F1FF3280F0B3
:10B2F800DA80A74240F2D7803444023840EA01405D
:10B30800E41B00211DB1DC400023C5E90043BDE872
:10B31800F0878B4206D90DB1C5E900010021084626
:10B32800BDE8F087B3FA83F1002948D1BB4202D3C4
:10B33800824200F20781841A67EB030201209446D7
:10B34800002DE4D0C5E9004CE1E7002A00F0928026
:10B35800B2FA82F3002B40F0A8808A1A4FEA164E00
:10B368001FFA86FC0121200CB2FBFEF70EFB172208
:10B3780040EA02420CFB07F0904207D9B21807F1E5
:10B38800FF3802D2904200F2E2804746121AA4B275
:10B39800B2FBFEF00EFB102244EA02440CFB00FC58
:10B3A800A44507D9341900F1FF3202D2A44500F2AE
:10B3B800CB801046A4EB0C0440EA0740A2E7C1F199
:10B3C80020068B4022FA06FC4CEA030C07FA01F42B
:10B3D80020FA06F3F7404FEA1C49234300FA01F824
:10B3E8001FFA8CFEB7FBF9F01C0C09FB107744EA36
:10B3F800074400FB0EF7A74202FA01F20AD91CEB38
:10B40800040400F1FF3A80F09B80A74240F2988044
:10B4180002386444E41B9FB2B4FBF9F309FB1344FC
:10B4280047EA044403FB0EFEA64509D91CEB0404B5
:10B4380003F1FF3780F08280A6457FD9023B644440
:10B4480043EA0040A4EB0E04A0FB02E7BC427346AB
:10B45800B94663D360D05DB1B8EB030264EB09046D
:10B4680004FA06F622FA01F31E43CC40C5E900644B
:10B4780000214CE76208480842EAC1710B0C43EA14
:10B4880000438AB242EA0342B3FBF6F1E407B4464A
:10B498003746B6461F23B0FBF6F0D21B41EA0041FF
:10B4A80061E7614614E7104628E7C3F1200120FA56
:10B4B80001F29E4027FA01F19F403A434FEA164EA7
:10B4C8001FFA86FCB1FBFEF70EFB1710110C41EAC0
:10B4D800004107FB0CF8884504FA03F43AD97118BF
:10B4E80007F1FF3001D288451FD8A1EB0801B1FB55
:10B4F800FEF808FB0CF70EFB181192B242EA014263
:10B50800BA422FD2B21808F1FF31C6D2BA42C4D219
:10B51800A8F102013244C0E7F0459CD2BEEB020319
:10B5280067EB0C070138B94695E7A6EB08084144D4
:10B53800B81EB1FBFEF808FB0CF7DCE73B467FE7DB
:10B54800504667E70846FBE63444023832E7023FD4
:10B5580032441BE7A1EB08013846B1FBFEF808FBB3
:10B568000CF7C8E7414698E7F8B500BFF8BC08BC37
:10B578009E467047F8B500BFF8BC08BC9E467047A9
:10B58800B562270300002AA5B562063E2400000024
:10B59800200400081000010001010101030001005E
:10B5A8000101020408000100010106080E00010063
:10B5B8000101DFFBB562061714000041000200001C
:10B5C80000000000000100000000000000007557A6
:10B5D800B5620600140001000000D00800008025B4
:10B5E800000001000100000000009A790006101612
:10B5F800000610160000000001020304000000000D
:10B6080000000000010203040607080953544D33E3
:10B6180032204D6173732053746F72616765000047
:10B6280053544D6963726F656C656374726F6E69AC
:10B63800637300004D534320436F6E6669670000D3
:10B648004D534320496E746572666163650000005E
:10B65800008002021F00000053544D2020202020AB
:10B6680050726F64756374202020202020202020D1
:04B67800302E30310F
:08B67C00FCFBFF7F0100000050
:04B68400510A00085F
:04B68800290A000883
:10B68C0001000000100000000024F4001A03000068
:10B69C00000000000000000000000000000000009E
:10B6AC000000000000000000040309041201000265
:10B6BC000000004083042A5700020102030100002D
:10B6CC007D9A0008899A00084D9B0008299B000868
:10B6DC00159B0008699B00088D9B000801810000E8
:10B6EC000A060002000000400100000009022000D0
:10B6FC00010104C0320904000002080650050705C8
:10B70C00810240000007050102400000259C000852
:10B71C00F19C0008699D000800000000000000007A
:10B72C00A99E0008B39E0008000000000000000065
:10B73C0000000000BD9E0008F59E00082D9F00082B
:10B74C00199C000800060000000000000300000027
:10B75C000080000820202020000000020080000053
:10B76C000FB0000813B0000823B0000827B0000881
:10B77C002FB0000841B000082BB0000858B60008E4
:10B78C00CDB00008BDB00008EDB00008FDB0000859
:08B79C0079B100080100000072
:040000050800B1B18D
:00000001FF
