
build/debug/Flight_comp.elf:     file format elf32-littlearm

Sections:
Idx Name          Size      VMA       LMA       File off  Algn
  0 .isr_vector   00000188  08000000  08000000  00001000  2**0
                  CONTENTS, ALLOC, LOAD, READONLY, DATA
  1 .text         0000990c  08000188  08000188  00001188  2**2
                  CONTENTS, ALLOC, LOAD, READONLY, CODE
  2 .rodata       00000088  08009a94  08009a94  0000aa94  2**2
                  CONTENTS, ALLOC, LOAD, READONLY, DATA
  3 .ARM.extab    00000000  08009b1c  08009b1c  0000b118  2**0
                  CONTENTS, READONLY
  4 .ARM          00000008  08009b1c  08009b1c  0000ab1c  2**2
                  CONTENTS, ALLOC, LOAD, READONLY, DATA
  5 .preinit_array 00000000  08009b24  08009b24  0000b118  2**0
                  CONTENTS, ALLOC, LOAD, DATA
  6 .init_array   00000004  08009b24  08009b24  0000ab24  2**2
                  CONTENTS, ALLOC, LOAD, READONLY, DATA
  7 .fini_array   00000004  08009b28  08009b28  0000ab28  2**2
                  CONTENTS, ALLOC, LOAD, READONLY, DATA
  8 .data         00000118  20000000  08009b2c  0000b000  2**2
                  CONTENTS, ALLOC, LOAD, DATA
  9 .ccmram       00000000  10000000  10000000  0000b118  2**0
                  CONTENTS
 10 .bss          00003250  20000118  20000118  0000b118  2**2
                  ALLOC
 11 ._user_heap_stack 00000600  20003368  20003368  0000b118  2**0
                  ALLOC
 12 .ARM.attributes 00000030  00000000  00000000  0000b118  2**0
                  CONTENTS, READONLY
 13 .comment      00000045  00000000  00000000  0000b148  2**0
                  CONTENTS, READONLY
 14 .debug_info   0004b825  00000000  00000000  0000b18d  2**0
                  CONTENTS, READONLY, DEBUGGING, OCTETS
 15 .debug_abbrev 000067da  00000000  00000000  000569b2  2**0
                  CONTENTS, READONLY, DEBUGGING, OCTETS
 16 .debug_loclists 00021849  00000000  00000000  0005d18c  2**0
                  CONTENTS, READONLY, DEBUGGING, OCTETS
 17 .debug_aranges 00002c08  00000000  00000000  0007e9d8  2**3
                  CONTENTS, READONLY, DEBUGGING, OCTETS
 18 .debug_rnglists 000021ec  00000000  00000000  000815e0  2**0
                  CONTENTS, READONLY, DEBUGGING, OCTETS
 19 .debug_line   0002ede1  00000000  00000000  000837cc  2**0
                  CONTENTS, READONLY, DEBUGGING, OCTETS
 20 .debug_str    000106cf  00000000  00000000  000b25ad  2**0
                  CONTENTS, READONLY, DEBUGGING, OCTETS
 21 .debug_frame  00008b4c  00000000  00000000  000c2c7c  2**2
                  CONTENTS, READONLY, DEBUGGING, OCTETS
 22 .debug_line_str 0000012b  00000000  00000000  000cb7c8  2**0
                  CONTENTS, READONLY, DEBUGGING, OCTETS

Disassembly of section .text:

08000188 <__aeabi_uldivmod>:
 8000188:	b953      	cbnz	r3, 80001a0 <__aeabi_uldivmod+0x18>
 800018a:	b94a      	cbnz	r2, 80001a0 <__aeabi_uldivmod+0x18>
 800018c:	2900      	cmp	r1, #0
 800018e:	bf08      	it	eq
 8000190:	2800      	cmpeq	r0, #0
 8000192:	bf1c      	itt	ne
 8000194:	f04f 31ff 	movne.w	r1, #4294967295
 8000198:	f04f 30ff 	movne.w	r0, #4294967295
 800019c:	f000 b80c 	b.w	80001b8 <__aeabi_idiv0>
 80001a0:	f1ad 0c08 	sub.w	ip, sp, #8
 80001a4:	e96d ce04 	strd	ip, lr, [sp, #-16]!
 80001a8:	f009 faec 	bl	8009784 <__udivmoddi4>
 80001ac:	f8dd e004 	ldr.w	lr, [sp, #4]
 80001b0:	e9dd 2302 	ldrd	r2, r3, [sp, #8]
 80001b4:	b004      	add	sp, #16
 80001b6:	4770      	bx	lr

080001b8 <__aeabi_idiv0>:
 80001b8:	4770      	bx	lr
 80001ba:	bf00      	nop

080001bc <deregister_tm_clones>:
 80001bc:	4803      	ldr	r0, [pc, #12]	@ (80001cc <deregister_tm_clones+0x10>)
 80001be:	4b04      	ldr	r3, [pc, #16]	@ (80001d0 <deregister_tm_clones+0x14>)
 80001c0:	4283      	cmp	r3, r0
 80001c2:	d002      	beq.n	80001ca <deregister_tm_clones+0xe>
 80001c4:	4b03      	ldr	r3, [pc, #12]	@ (80001d4 <deregister_tm_clones+0x18>)
 80001c6:	b103      	cbz	r3, 80001ca <deregister_tm_clones+0xe>
 80001c8:	4718      	bx	r3
 80001ca:	4770      	bx	lr
 80001cc:	20000118 	.word	0x20000118
 80001d0:	20000118 	.word	0x20000118
 80001d4:	00000000 	.word	0x00000000

080001d8 <register_tm_clones>:
 80001d8:	4805      	ldr	r0, [pc, #20]	@ (80001f0 <register_tm_clones+0x18>)
 80001da:	4b06      	ldr	r3, [pc, #24]	@ (80001f4 <register_tm_clones+0x1c>)
 80001dc:	1a1b      	subs	r3, r3, r0
 80001de:	0fd9      	lsrs	r1, r3, #31
 80001e0:	eb01 01a3 	add.w	r1, r1, r3, asr #2
 80001e4:	1049      	asrs	r1, r1, #1
 80001e6:	d002      	beq.n	80001ee <register_tm_clones+0x16>
 80001e8:	4b03      	ldr	r3, [pc, #12]	@ (80001f8 <register_tm_clones+0x20>)
 80001ea:	b103      	cbz	r3, 80001ee <register_tm_clones+0x16>
 80001ec:	4718      	bx	r3
 80001ee:	4770      	bx	lr
 80001f0:	20000118 	.word	0x20000118
 80001f4:	20000118 	.word	0x20000118
 80001f8:	00000000 	.word	0x00000000

080001fc <__do_global_dtors_aux>:
 80001fc:	b510      	push	{r4, lr}
 80001fe:	4c06      	ldr	r4, [pc, #24]	@ (8000218 <__do_global_dtors_aux+0x1c>)
 8000200:	7823      	ldrb	r3, [r4, #0]
 8000202:	b943      	cbnz	r3, 8000216 <__do_global_dtors_aux+0x1a>
 8000204:	f7ff ffda 	bl	80001bc <deregister_tm_clones>
 8000208:	4b04      	ldr	r3, [pc, #16]	@ (800021c <__do_global_dtors_aux+0x20>)
 800020a:	b113      	cbz	r3, 8000212 <__do_global_dtors_aux+0x16>
 800020c:	4804      	ldr	r0, [pc, #16]	@ (8000220 <__do_global_dtors_aux+0x24>)
 800020e:	f3af 8000 	nop.w
 8000212:	2301      	movs	r3, #1
 8000214:	7023      	strb	r3, [r4, #0]
 8000216:	bd10      	pop	{r4, pc}
 8000218:	20000118 	.word	0x20000118
 800021c:	00000000 	.word	0x00000000
 8000220:	08009a7c 	.word	0x08009a7c

08000224 <frame_dummy>:
 8000224:	b508      	push	{r3, lr}
 8000226:	4b05      	ldr	r3, [pc, #20]	@ (800023c <frame_dummy+0x18>)
 8000228:	b11b      	cbz	r3, 8000232 <frame_dummy+0xe>
 800022a:	4905      	ldr	r1, [pc, #20]	@ (8000240 <frame_dummy+0x1c>)
 800022c:	4805      	ldr	r0, [pc, #20]	@ (8000244 <frame_dummy+0x20>)
 800022e:	f3af 8000 	nop.w
 8000232:	e8bd 4008 	ldmia.w	sp!, {r3, lr}
 8000236:	f7ff bfcf 	b.w	80001d8 <register_tm_clones>
 800023a:	bf00      	nop
 800023c:	00000000 	.word	0x00000000
 8000240:	2000011c 	.word	0x2000011c
 8000244:	08009a7c 	.word	0x08009a7c

08000248 <MX25FLASH_SPI_Write>:
#include "25flash.h"

void MX25FLASH_SPI_Write (uint8_t *data, uint16_t len){
 8000248:	b508      	push	{r3, lr}
 800024a:	460a      	mov	r2, r1
	HAL_SPI_Transmit(&FLASH_SPI, data, len, 2000);
 800024c:	f44f 63fa 	mov.w	r3, #2000	@ 0x7d0
 8000250:	4601      	mov	r1, r0
 8000252:	4802      	ldr	r0, [pc, #8]	@ (800025c <MX25FLASH_SPI_Write+0x14>)
 8000254:	f004 ff0b 	bl	800506e <HAL_SPI_Transmit>
}
 8000258:	bd08      	pop	{r3, pc}
 800025a:	bf00      	nop
 800025c:	20000408 	.word	0x20000408

08000260 <MX25FLASH_SPI_Read>:

HAL_StatusTypeDef MX25FLASH_SPI_Read (uint8_t *data, uint16_t len){
 8000260:	b508      	push	{r3, lr}
 8000262:	460a      	mov	r2, r1
	return HAL_SPI_Receive(&FLASH_SPI, data, len, 5000);
 8000264:	f241 3388 	movw	r3, #5000	@ 0x1388
 8000268:	4601      	mov	r1, r0
 800026a:	4802      	ldr	r0, [pc, #8]	@ (8000274 <MX25FLASH_SPI_Read+0x14>)
 800026c:	f005 f90a 	bl	8005484 <HAL_SPI_Receive>
}
 8000270:	bd08      	pop	{r3, pc}
 8000272:	bf00      	nop
 8000274:	20000408 	.word	0x20000408

08000278 <MX25FLASH_Reset>:

void MX25FLASH_Reset(void){
 8000278:	b510      	push	{r4, lr}
 800027a:	b082      	sub	sp, #8
	uint8_t tData[2];

	tData[0] = 0x66;  // enable Reset
 800027c:	2366      	movs	r3, #102	@ 0x66
 800027e:	f88d 3004 	strb.w	r3, [sp, #4]
	tData[1] = 0x99;  // Reset
 8000282:	2399      	movs	r3, #153	@ 0x99
 8000284:	f88d 3005 	strb.w	r3, [sp, #5]
    FLASH_CS_LOW();
 8000288:	4c09      	ldr	r4, [pc, #36]	@ (80002b0 <MX25FLASH_Reset+0x38>)
 800028a:	2200      	movs	r2, #0
 800028c:	2110      	movs	r1, #16
 800028e:	4620      	mov	r0, r4
 8000290:	f002 f96e 	bl	8002570 <HAL_GPIO_WritePin>
	MX25FLASH_SPI_Write(tData, 2);
 8000294:	2102      	movs	r1, #2
 8000296:	a801      	add	r0, sp, #4
 8000298:	f7ff ffd6 	bl	8000248 <MX25FLASH_SPI_Write>
	FLASH_CS_HIGH(); // pull the HIGH
 800029c:	2201      	movs	r2, #1
 800029e:	2110      	movs	r1, #16
 80002a0:	4620      	mov	r0, r4
 80002a2:	f002 f965 	bl	8002570 <HAL_GPIO_WritePin>
    HAL_Delay(100);
 80002a6:	2064      	movs	r0, #100	@ 0x64
 80002a8:	f001 fc26 	bl	8001af8 <HAL_Delay>
}
 80002ac:	b002      	add	sp, #8
 80002ae:	bd10      	pop	{r4, pc}
 80002b0:	40020800 	.word	0x40020800

080002b4 <MX25FLASH_WE>:
    MX25FLASH_SPI_Write(tData, 260);
	FLASH_CS_HIGH();  // pull the HIGH
	MX25FLASH_WFE();
}

void MX25FLASH_WE(void){
 80002b4:	b510      	push	{r4, lr}
 80002b6:	b082      	sub	sp, #8
    uint8_t cmd = 0x06;
 80002b8:	2306      	movs	r3, #6
 80002ba:	f88d 3007 	strb.w	r3, [sp, #7]
    FLASH_CS_LOW();
 80002be:	4c09      	ldr	r4, [pc, #36]	@ (80002e4 <MX25FLASH_WE+0x30>)
 80002c0:	2200      	movs	r2, #0
 80002c2:	2110      	movs	r1, #16
 80002c4:	4620      	mov	r0, r4
 80002c6:	f002 f953 	bl	8002570 <HAL_GPIO_WritePin>
    MX25FLASH_SPI_Write(&cmd, 1);
 80002ca:	2101      	movs	r1, #1
 80002cc:	f10d 0007 	add.w	r0, sp, #7
 80002d0:	f7ff ffba 	bl	8000248 <MX25FLASH_SPI_Write>
    FLASH_CS_HIGH();
 80002d4:	2201      	movs	r2, #1
 80002d6:	2110      	movs	r1, #16
 80002d8:	4620      	mov	r0, r4
 80002da:	f002 f949 	bl	8002570 <HAL_GPIO_WritePin>
}
 80002de:	b002      	add	sp, #8
 80002e0:	bd10      	pop	{r4, pc}
 80002e2:	bf00      	nop
 80002e4:	40020800 	.word	0x40020800

080002e8 <MX25FLASH_Continious_Read>:
    for (uint32_t addr = 0; addr < 4096; addr++){
        data[addr] = MX25FLASH_Read(sector*0x1000+addr);
    }
}

void MX25FLASH_Continious_Read(uint32_t address, uint8_t *data, uint32_t len){
 80002e8:	b570      	push	{r4, r5, r6, lr}
 80002ea:	b082      	sub	sp, #8
 80002ec:	460c      	mov	r4, r1
 80002ee:	4615      	mov	r5, r2
    uint8_t tData[4];
    tData[0] = 0x03;
 80002f0:	2303      	movs	r3, #3
 80002f2:	f88d 3004 	strb.w	r3, [sp, #4]
    tData[1] = (address >> 16) & 0xFF;  // Most significant byte
 80002f6:	0c03      	lsrs	r3, r0, #16
 80002f8:	f88d 3005 	strb.w	r3, [sp, #5]
    tData[2] = (address >> 8) & 0xFF;
 80002fc:	0a03      	lsrs	r3, r0, #8
 80002fe:	f88d 3006 	strb.w	r3, [sp, #6]
    tData[3] = address & 0xFF;          // Least significant byte
 8000302:	f88d 0007 	strb.w	r0, [sp, #7]
	FLASH_CS_LOW();  // pull the CS LOW
 8000306:	4e0c      	ldr	r6, [pc, #48]	@ (8000338 <MX25FLASH_Continious_Read+0x50>)
 8000308:	2200      	movs	r2, #0
 800030a:	2110      	movs	r1, #16
 800030c:	4630      	mov	r0, r6
 800030e:	f002 f92f 	bl	8002570 <HAL_GPIO_WritePin>
    MX25FLASH_SPI_Write(tData, 4);
 8000312:	2104      	movs	r1, #4
 8000314:	eb0d 0001 	add.w	r0, sp, r1
 8000318:	f7ff ff96 	bl	8000248 <MX25FLASH_SPI_Write>
	HAL_SPI_Receive(&FLASH_SPI, data, len, 5000);
 800031c:	f241 3388 	movw	r3, #5000	@ 0x1388
 8000320:	b2aa      	uxth	r2, r5
 8000322:	4621      	mov	r1, r4
 8000324:	4805      	ldr	r0, [pc, #20]	@ (800033c <MX25FLASH_Continious_Read+0x54>)
 8000326:	f005 f8ad 	bl	8005484 <HAL_SPI_Receive>
	FLASH_CS_HIGH();  // pull the HIGH
 800032a:	2201      	movs	r2, #1
 800032c:	2110      	movs	r1, #16
 800032e:	4630      	mov	r0, r6
 8000330:	f002 f91e 	bl	8002570 <HAL_GPIO_WritePin>
}
 8000334:	b002      	add	sp, #8
 8000336:	bd70      	pop	{r4, r5, r6, pc}
 8000338:	40020800 	.word	0x40020800
 800033c:	20000408 	.word	0x20000408

08000340 <MX25FLASH_WFE>:


uint8_t MX25FLASH_WFE(void){
 8000340:	b530      	push	{r4, r5, lr}
 8000342:	b083      	sub	sp, #12
    uint8_t cmd = 0x05;
 8000344:	2305      	movs	r3, #5
 8000346:	f88d 3007 	strb.w	r3, [sp, #7]
	uint32_t tmr = HAL_GetTick();
 800034a:	f001 fbcf 	bl	8001aec <HAL_GetTick>
 800034e:	4605      	mov	r5, r0
    uint8_t status;
    do {
        FLASH_CS_LOW();
 8000350:	4c11      	ldr	r4, [pc, #68]	@ (8000398 <MX25FLASH_WFE+0x58>)
 8000352:	2200      	movs	r2, #0
 8000354:	2110      	movs	r1, #16
 8000356:	4620      	mov	r0, r4
 8000358:	f002 f90a 	bl	8002570 <HAL_GPIO_WritePin>
        MX25FLASH_SPI_Write(&cmd, 1);
 800035c:	2101      	movs	r1, #1
 800035e:	f10d 0007 	add.w	r0, sp, #7
 8000362:	f7ff ff71 	bl	8000248 <MX25FLASH_SPI_Write>
        MX25FLASH_SPI_Read(&status, 1);
 8000366:	2101      	movs	r1, #1
 8000368:	f10d 0006 	add.w	r0, sp, #6
 800036c:	f7ff ff78 	bl	8000260 <MX25FLASH_SPI_Read>
        FLASH_CS_HIGH();
 8000370:	2201      	movs	r2, #1
 8000372:	2110      	movs	r1, #16
 8000374:	4620      	mov	r0, r4
 8000376:	f002 f8fb 	bl	8002570 <HAL_GPIO_WritePin>
		if(HAL_GetTick() - tmr > FLASH_TIMEOUT){
 800037a:	f001 fbb7 	bl	8001aec <HAL_GetTick>
 800037e:	1b40      	subs	r0, r0, r5
 8000380:	f5b0 7ffa 	cmp.w	r0, #500	@ 0x1f4
 8000384:	d805      	bhi.n	8000392 <MX25FLASH_WFE+0x52>
			return FL_FAIL;
		}
    } while (status & 0x01);  // Wait while WIP bit is set
 8000386:	f89d 0006 	ldrb.w	r0, [sp, #6]
 800038a:	f010 0001 	ands.w	r0, r0, #1
 800038e:	d1df      	bne.n	8000350 <MX25FLASH_WFE+0x10>
 8000390:	e000      	b.n	8000394 <MX25FLASH_WFE+0x54>
			return FL_FAIL;
 8000392:	2001      	movs	r0, #1
    return FL_OK;
}
 8000394:	b003      	add	sp, #12
 8000396:	bd30      	pop	{r4, r5, pc}
 8000398:	40020800 	.word	0x40020800

0800039c <MX25FLASH_Program_Page>:
void MX25FLASH_Program_Page(uint16_t page, uint8_t data[256]){
 800039c:	b570      	push	{r4, r5, r6, lr}
 800039e:	b0c2      	sub	sp, #264	@ 0x108
 80003a0:	4605      	mov	r5, r0
 80003a2:	460e      	mov	r6, r1
	MX25FLASH_WE();
 80003a4:	f7ff ff86 	bl	80002b4 <MX25FLASH_WE>
	uint32_t address = page * 0x100;
 80003a8:	022b      	lsls	r3, r5, #8
	tData[0] = 0x02;
 80003aa:	ac01      	add	r4, sp, #4
 80003ac:	2202      	movs	r2, #2
 80003ae:	f88d 2004 	strb.w	r2, [sp, #4]
    tData[1] = (address >> 16) & 0xFF;  // Most significant byte
 80003b2:	0a2a      	lsrs	r2, r5, #8
 80003b4:	f88d 2005 	strb.w	r2, [sp, #5]
    tData[2] = (address >> 8) & 0xFF;
 80003b8:	f88d 5006 	strb.w	r5, [sp, #6]
    tData[3] = address & 0xFF;          // Least significant byte
 80003bc:	f88d 3007 	strb.w	r3, [sp, #7]
	memcpy(&tData[4], data, 256); 
 80003c0:	f44f 7280 	mov.w	r2, #256	@ 0x100
 80003c4:	4631      	mov	r1, r6
 80003c6:	a802      	add	r0, sp, #8
 80003c8:	f009 f9ce 	bl	8009768 <memcpy>
	FLASH_CS_LOW();  // pull the CS LOW
 80003cc:	4d09      	ldr	r5, [pc, #36]	@ (80003f4 <MX25FLASH_Program_Page+0x58>)
 80003ce:	2200      	movs	r2, #0
 80003d0:	2110      	movs	r1, #16
 80003d2:	4628      	mov	r0, r5
 80003d4:	f002 f8cc 	bl	8002570 <HAL_GPIO_WritePin>
    MX25FLASH_SPI_Write(tData, 260);
 80003d8:	f44f 7182 	mov.w	r1, #260	@ 0x104
 80003dc:	4620      	mov	r0, r4
 80003de:	f7ff ff33 	bl	8000248 <MX25FLASH_SPI_Write>
	FLASH_CS_HIGH();  // pull the HIGH
 80003e2:	2201      	movs	r2, #1
 80003e4:	2110      	movs	r1, #16
 80003e6:	4628      	mov	r0, r5
 80003e8:	f002 f8c2 	bl	8002570 <HAL_GPIO_WritePin>
	MX25FLASH_WFE();
 80003ec:	f7ff ffa8 	bl	8000340 <MX25FLASH_WFE>
}
 80003f0:	b042      	add	sp, #264	@ 0x108
 80003f2:	bd70      	pop	{r4, r5, r6, pc}
 80003f4:	40020800 	.word	0x40020800

080003f8 <MX25FLASH_Sector_Erase>:
uint8_t MX25FLASH_Sector_Erase(uint32_t sector){
 80003f8:	b510      	push	{r4, lr}
 80003fa:	b082      	sub	sp, #8
 80003fc:	4604      	mov	r4, r0
	MX25FLASH_WE();
 80003fe:	f7ff ff59 	bl	80002b4 <MX25FLASH_WE>
    cmd[0] = 0x20;  // 4KB Sector Erase
 8000402:	2320      	movs	r3, #32
 8000404:	f88d 3004 	strb.w	r3, [sp, #4]
    cmd[1] = (sector >> 16) & 0xFF;
 8000408:	0c23      	lsrs	r3, r4, #16
 800040a:	f88d 3005 	strb.w	r3, [sp, #5]
    cmd[2] = (sector >> 8) & 0xFF;
 800040e:	0a23      	lsrs	r3, r4, #8
 8000410:	f88d 3006 	strb.w	r3, [sp, #6]
    cmd[3] = sector & 0xFF;
 8000414:	f88d 4007 	strb.w	r4, [sp, #7]
    FLASH_CS_LOW();
 8000418:	4c09      	ldr	r4, [pc, #36]	@ (8000440 <MX25FLASH_Sector_Erase+0x48>)
 800041a:	2200      	movs	r2, #0
 800041c:	2110      	movs	r1, #16
 800041e:	4620      	mov	r0, r4
 8000420:	f002 f8a6 	bl	8002570 <HAL_GPIO_WritePin>
    MX25FLASH_SPI_Write(cmd, 4);
 8000424:	2104      	movs	r1, #4
 8000426:	eb0d 0001 	add.w	r0, sp, r1
 800042a:	f7ff ff0d 	bl	8000248 <MX25FLASH_SPI_Write>
    FLASH_CS_HIGH();
 800042e:	2201      	movs	r2, #1
 8000430:	2110      	movs	r1, #16
 8000432:	4620      	mov	r0, r4
 8000434:	f002 f89c 	bl	8002570 <HAL_GPIO_WritePin>
	return MX25FLASH_WFE();
 8000438:	f7ff ff82 	bl	8000340 <MX25FLASH_WFE>
}
 800043c:	b002      	add	sp, #8
 800043e:	bd10      	pop	{r4, pc}
 8000440:	40020800 	.word	0x40020800

08000444 <_MX25FLASH_Sector_Erase>:
uint8_t _MX25FLASH_Sector_Erase(uint32_t sector){
 8000444:	b510      	push	{r4, lr}
 8000446:	b082      	sub	sp, #8
 8000448:	4604      	mov	r4, r0
	MX25FLASH_WE();
 800044a:	f7ff ff33 	bl	80002b4 <MX25FLASH_WE>
    sector = (sector << 4);
 800044e:	0123      	lsls	r3, r4, #4
    cmd[0] = 0x20;  // 4KB Sector Erase
 8000450:	2220      	movs	r2, #32
 8000452:	f88d 2004 	strb.w	r2, [sp, #4]
    cmd[1] = (sector >> 16) & 0xFF;
 8000456:	f3c4 320f 	ubfx	r2, r4, #12, #16
 800045a:	f88d 2005 	strb.w	r2, [sp, #5]
    cmd[2] = (sector >> 8) & 0xFF;
 800045e:	f3c4 1417 	ubfx	r4, r4, #4, #24
 8000462:	f88d 4006 	strb.w	r4, [sp, #6]
    cmd[3] = sector & 0xFF;
 8000466:	f88d 3007 	strb.w	r3, [sp, #7]
    FLASH_CS_LOW();
 800046a:	4c0a      	ldr	r4, [pc, #40]	@ (8000494 <_MX25FLASH_Sector_Erase+0x50>)
 800046c:	2200      	movs	r2, #0
 800046e:	2110      	movs	r1, #16
 8000470:	4620      	mov	r0, r4
 8000472:	f002 f87d 	bl	8002570 <HAL_GPIO_WritePin>
    MX25FLASH_SPI_Write(cmd, 4);
 8000476:	2104      	movs	r1, #4
 8000478:	eb0d 0001 	add.w	r0, sp, r1
 800047c:	f7ff fee4 	bl	8000248 <MX25FLASH_SPI_Write>
    FLASH_CS_HIGH();
 8000480:	2201      	movs	r2, #1
 8000482:	2110      	movs	r1, #16
 8000484:	4620      	mov	r0, r4
 8000486:	f002 f873 	bl	8002570 <HAL_GPIO_WritePin>
	return MX25FLASH_WFE();
 800048a:	f7ff ff59 	bl	8000340 <MX25FLASH_WFE>
}
 800048e:	b002      	add	sp, #8
 8000490:	bd10      	pop	{r4, pc}
 8000492:	bf00      	nop
 8000494:	40020800 	.word	0x40020800

08000498 <BMP388_SetTempOS>:
 *  @return Status of execution
 *  @retval = HAL_OK  		-> Success
 *  @retval != HAL_OK	  	-> Wrong oversampling mode
 */
HAL_StatusTypeDef BMP388_SetTempOS(BMP388_HandleTypeDef *bmp, uint8_t oversample){
	if(oversample > BMP388_OVERSAMPLING_32X){
 8000498:	2905      	cmp	r1, #5
 800049a:	d807      	bhi.n	80004ac <BMP388_SetTempOS+0x14>
		return HAL_ERROR;
	}
	bmp->osr = (bmp->osr & 0xC7) | (oversample << 3); // == 0b11000111
 800049c:	7903      	ldrb	r3, [r0, #4]
 800049e:	f023 0338 	bic.w	r3, r3, #56	@ 0x38
 80004a2:	ea43 03c1 	orr.w	r3, r3, r1, lsl #3
 80004a6:	7103      	strb	r3, [r0, #4]
	return HAL_OK;
 80004a8:	2000      	movs	r0, #0
 80004aa:	4770      	bx	lr
		return HAL_ERROR;
 80004ac:	2001      	movs	r0, #1
}
 80004ae:	4770      	bx	lr

080004b0 <BMP388_SetPressOS>:
 *  @return Status of execution
 *  @retval = HAL_OK  		-> Success
 *  @retval != HAL_OK	  	-> Wrong oversampling mode
 */
HAL_StatusTypeDef BMP388_SetPressOS(BMP388_HandleTypeDef *bmp, uint8_t oversample){
	if(oversample > BMP388_OVERSAMPLING_32X){
 80004b0:	2905      	cmp	r1, #5
 80004b2:	d806      	bhi.n	80004c2 <BMP388_SetPressOS+0x12>
		return HAL_ERROR;
	}
	bmp->osr = (bmp->osr & 0xF8) | oversample; // 0xF8 == 0b11111000
 80004b4:	7903      	ldrb	r3, [r0, #4]
 80004b6:	f023 0307 	bic.w	r3, r3, #7
 80004ba:	4319      	orrs	r1, r3
 80004bc:	7101      	strb	r1, [r0, #4]
	return HAL_OK;
 80004be:	2000      	movs	r0, #0
 80004c0:	4770      	bx	lr
		return HAL_ERROR;
 80004c2:	2001      	movs	r0, #1
}
 80004c4:	4770      	bx	lr

080004c6 <BMP388_SetIIRFilterCoeff>:
 *  @return Status of execution
 *  @retval = HAL_OK  		-> Success
 *  @retval != HAL_OK	  	-> Wrong filter coefficient
 */
HAL_StatusTypeDef BMP388_SetIIRFilterCoeff(BMP388_HandleTypeDef *bmp, uint8_t filtercoeff){
	if(filtercoeff > BMP3_IIR_FILTER_COEFF_127){
 80004c6:	2907      	cmp	r1, #7
 80004c8:	d803      	bhi.n	80004d2 <BMP388_SetIIRFilterCoeff+0xc>
		return HAL_ERROR;
	}
	bmp->iir = filtercoeff << 1;
 80004ca:	0049      	lsls	r1, r1, #1
 80004cc:	7141      	strb	r1, [r0, #5]
	return HAL_OK;
 80004ce:	2000      	movs	r0, #0
 80004d0:	4770      	bx	lr
		return HAL_ERROR;
 80004d2:	2001      	movs	r0, #1
}
 80004d4:	4770      	bx	lr

080004d6 <BMP388_SetOutputDataRate>:
 *  @return Status of execution
 *  @retval = HAL_OK  		-> Success
 *  @retval != HAL_OK	  	-> Wrong oversampling mode
 */
HAL_StatusTypeDef BMP388_SetOutputDataRate(BMP388_HandleTypeDef *bmp, uint8_t odr){
	if(odr > BMP3_ODR_0_001_HZ){
 80004d6:	2911      	cmp	r1, #17
 80004d8:	d802      	bhi.n	80004e0 <BMP388_SetOutputDataRate+0xa>
		return HAL_ERROR;
	}
	bmp->odr = odr;
 80004da:	7181      	strb	r1, [r0, #6]
	return HAL_OK;
 80004dc:	2000      	movs	r0, #0
 80004de:	4770      	bx	lr
		return HAL_ERROR;
 80004e0:	2001      	movs	r0, #1
}
 80004e2:	4770      	bx	lr

080004e4 <BMP388_CompensateTemp>:
 *
 *  @return Status of execution
 *  @retval = HAL_OK  		-> Success
 *  @retval != HAL_OK	  	-> Failure Info
 */
float BMP388_CompensateTemp(BMP388_HandleTypeDef *bmp, uint32_t raw_temp, float *temp){
 80004e4:	ee07 1a90 	vmov	s15, r1
    float partial_data1 = (float)(raw_temp - bmp->calib_data.par_t1);;
 80004e8:	eef8 7a67 	vcvt.f32.u32	s15, s15
 80004ec:	ed90 7a02 	vldr	s14, [r0, #8]
 80004f0:	ee77 7ac7 	vsub.f32	s15, s15, s14
    float partial_data2 = (float)(partial_data1 * bmp->calib_data.par_t2);
 80004f4:	ed90 7a03 	vldr	s14, [r0, #12]
 80004f8:	ee27 7a27 	vmul.f32	s14, s14, s15

    *temp = partial_data2 + (partial_data1 * partial_data1) * bmp->calib_data.par_t3;
 80004fc:	ee27 0aa7 	vmul.f32	s0, s15, s15
 8000500:	edd0 7a04 	vldr	s15, [r0, #16]
 8000504:	ee20 0a27 	vmul.f32	s0, s0, s15
 8000508:	ee30 0a07 	vadd.f32	s0, s0, s14
 800050c:	ed82 0a00 	vstr	s0, [r2]

    return *temp;
}
 8000510:	4770      	bx	lr

08000512 <BMP388_CompensatePress>:
 *	@param[out] press		: Measured pressure in Pa
 *
 *  @return Status of execution
 *  @retval = press			: Compensated pressure value
 */
float BMP388_CompensatePress(BMP388_HandleTypeDef *bmp, float temp, uint32_t raw_press, float *press){
 8000512:	ee07 1a10 	vmov	s14, r1
    float partial_out1;
    float partial_out2;



    partial_data1 = bmp->calib_data.par_p6 * temp;
 8000516:	edd0 4a0a 	vldr	s9, [r0, #40]	@ 0x28
 800051a:	ee64 4a80 	vmul.f32	s9, s9, s0
    partial_data2 = bmp->calib_data.par_p7 * (temp * temp);
 800051e:	ed90 5a0b 	vldr	s10, [r0, #44]	@ 0x2c
 8000522:	ee60 6a00 	vmul.f32	s13, s0, s0
 8000526:	ee25 5a26 	vmul.f32	s10, s10, s13
    partial_data3 = bmp->calib_data.par_p8 * (temp * temp * temp);
 800052a:	ed90 6a0c 	vldr	s12, [r0, #48]	@ 0x30
 800052e:	ee66 5a80 	vmul.f32	s11, s13, s0
 8000532:	ee26 6a25 	vmul.f32	s12, s12, s11
    partial_out1 = bmp->calib_data.par_p5 + partial_data1 + partial_data2 + partial_data3;
 8000536:	edd0 7a09 	vldr	s15, [r0, #36]	@ 0x24
 800053a:	ee77 7aa4 	vadd.f32	s15, s15, s9
 800053e:	ee77 7a85 	vadd.f32	s15, s15, s10
 8000542:	ee77 7a86 	vadd.f32	s15, s15, s12

    partial_data1 = bmp->calib_data.par_p2 * temp;
 8000546:	ed90 5a06 	vldr	s10, [r0, #24]
 800054a:	ee25 5a00 	vmul.f32	s10, s10, s0
    partial_data2 = bmp->calib_data.par_p3 * (temp * temp);
 800054e:	ed90 6a07 	vldr	s12, [r0, #28]
 8000552:	ee26 6a86 	vmul.f32	s12, s13, s12
    partial_data3 = bmp->calib_data.par_p4 * (temp * temp * temp);
 8000556:	edd0 6a08 	vldr	s13, [r0, #32]
 800055a:	ee65 5aa6 	vmul.f32	s11, s11, s13
    partial_out2 = (float)raw_press * (bmp->calib_data.par_p1 + partial_data1 + partial_data2 + partial_data3);
 800055e:	eeb8 7a47 	vcvt.f32.u32	s14, s14
 8000562:	edd0 6a05 	vldr	s13, [r0, #20]
 8000566:	ee76 6a85 	vadd.f32	s13, s13, s10
 800056a:	ee76 6a86 	vadd.f32	s13, s13, s12
 800056e:	ee76 6aa5 	vadd.f32	s13, s13, s11
 8000572:	ee67 6a26 	vmul.f32	s13, s14, s13

    partial_data1 = (float)raw_press * (float)raw_press;
 8000576:	ee27 5a07 	vmul.f32	s10, s14, s14
    partial_data2 = bmp->calib_data.par_p9 + bmp->calib_data.par_p10 * temp;
 800057a:	ed90 6a0d 	vldr	s12, [r0, #52]	@ 0x34
 800057e:	edd0 5a0e 	vldr	s11, [r0, #56]	@ 0x38
 8000582:	ee65 5a80 	vmul.f32	s11, s11, s0
 8000586:	ee36 6a25 	vadd.f32	s12, s12, s11
    partial_data3 = partial_data1 * partial_data2;
 800058a:	ee25 6a06 	vmul.f32	s12, s10, s12
    partial_data4 = partial_data3 + ((float)raw_press * (float)raw_press * (float)raw_press) * bmp->calib_data.par_p11;
 800058e:	ee27 7a05 	vmul.f32	s14, s14, s10
 8000592:	edd0 5a0f 	vldr	s11, [r0, #60]	@ 0x3c
 8000596:	ee27 7a25 	vmul.f32	s14, s14, s11
 800059a:	ee37 7a06 	vadd.f32	s14, s14, s12

    *press = partial_out1 + partial_out2 + partial_data4;
 800059e:	ee37 0aa6 	vadd.f32	s0, s15, s13
 80005a2:	ee30 0a07 	vadd.f32	s0, s0, s14
 80005a6:	ed82 0a00 	vstr	s0, [r2]

    return *press;
}
 80005aa:	4770      	bx	lr

080005ac <BMP388_CompensateRawPressTemp>:
									  	  	  	  	  	  	  float *pressure, float *temperature){
 80005ac:	b570      	push	{r4, r5, r6, lr}
 80005ae:	b082      	sub	sp, #8
 80005b0:	4605      	mov	r5, r0
 80005b2:	460e      	mov	r6, r1
 80005b4:	4611      	mov	r1, r2
 80005b6:	461c      	mov	r4, r3
	BMP388_CompensateTemp(bmp, raw_temperature, &temp);
 80005b8:	aa01      	add	r2, sp, #4
 80005ba:	f7ff ff93 	bl	80004e4 <BMP388_CompensateTemp>
	BMP388_CompensatePress(bmp, temp, raw_pressure, &press);
 80005be:	466a      	mov	r2, sp
 80005c0:	4631      	mov	r1, r6
 80005c2:	ed9d 0a01 	vldr	s0, [sp, #4]
 80005c6:	4628      	mov	r0, r5
 80005c8:	f7ff ffa3 	bl	8000512 <BMP388_CompensatePress>
	*pressure = press;
 80005cc:	9b00      	ldr	r3, [sp, #0]
 80005ce:	6023      	str	r3, [r4, #0]
	*temperature = temp;
 80005d0:	9a01      	ldr	r2, [sp, #4]
 80005d2:	9b06      	ldr	r3, [sp, #24]
 80005d4:	601a      	str	r2, [r3, #0]
}
 80005d6:	b002      	add	sp, #8
 80005d8:	bd70      	pop	{r4, r5, r6, pc}

080005da <BMP388_ReadBytes>:
 *
 *  @return Status of execution
 *  @retval = HAL_OK 		-> Success
 *  @retval != HAL_ERROR 	-> Failure Info
 */
HAL_StatusTypeDef BMP388_ReadBytes(BMP388_HandleTypeDef *bmp, BMP388_regs reg_addr, uint8_t *buff, uint8_t len){
 80005da:	b510      	push	{r4, lr}
 80005dc:	b084      	sub	sp, #16
	return HAL_I2C_Mem_Read(bmp->hi2c, BMP3_ADDR << 1, reg_addr, I2C_MEMADD_SIZE_8BIT, buff, len, 100);
 80005de:	6800      	ldr	r0, [r0, #0]
 80005e0:	2464      	movs	r4, #100	@ 0x64
 80005e2:	9402      	str	r4, [sp, #8]
 80005e4:	9301      	str	r3, [sp, #4]
 80005e6:	9200      	str	r2, [sp, #0]
 80005e8:	2301      	movs	r3, #1
 80005ea:	460a      	mov	r2, r1
 80005ec:	21ee      	movs	r1, #238	@ 0xee
 80005ee:	f002 fbdd 	bl	8002dac <HAL_I2C_Mem_Read>
}
 80005f2:	b004      	add	sp, #16
 80005f4:	bd10      	pop	{r4, pc}
	...

080005f8 <BMP388_GetCalibData>:
HAL_StatusTypeDef BMP388_GetCalibData(BMP388_HandleTypeDef *bmp){
 80005f8:	b510      	push	{r4, lr}
 80005fa:	b086      	sub	sp, #24
 80005fc:	4604      	mov	r4, r0
	uint8_t calib_buff[BMP3_CALIBDATA_LEN] = {0};
 80005fe:	466a      	mov	r2, sp
 8000600:	2300      	movs	r3, #0
 8000602:	9300      	str	r3, [sp, #0]
 8000604:	9301      	str	r3, [sp, #4]
 8000606:	9302      	str	r3, [sp, #8]
 8000608:	9303      	str	r3, [sp, #12]
 800060a:	9304      	str	r3, [sp, #16]
 800060c:	f88d 3014 	strb.w	r3, [sp, #20]
	rslt = BMP388_ReadBytes(bmp, CALIB_DATA, calib_buff, BMP3_CALIBDATA_LEN);
 8000610:	2315      	movs	r3, #21
 8000612:	2131      	movs	r1, #49	@ 0x31
 8000614:	f7ff ffe1 	bl	80005da <BMP388_ReadBytes>
	if(rslt == HAL_OK){
 8000618:	4602      	mov	r2, r0
 800061a:	2800      	cmp	r0, #0
 800061c:	f040 80c9 	bne.w	80007b2 <BMP388_GetCalibData+0x1ba>
		raw_par_t1 = ((uint16_t)calib_buff[1] << 8) | (uint16_t)calib_buff[0];
 8000620:	f89d 1001 	ldrb.w	r1, [sp, #1]
 8000624:	f89d 3000 	ldrb.w	r3, [sp]
 8000628:	ea43 2301 	orr.w	r3, r3, r1, lsl #8
 800062c:	ee07 3a90 	vmov	s15, r3
		bmp->calib_data.par_t1 = (float)raw_par_t1 / temp_var;
 8000630:	eef8 7a67 	vcvt.f32.u32	s15, s15
 8000634:	ed9f 7a60 	vldr	s14, [pc, #384]	@ 80007b8 <BMP388_GetCalibData+0x1c0>
 8000638:	ee67 7a87 	vmul.f32	s15, s15, s14
 800063c:	edc4 7a02 	vstr	s15, [r4, #8]
		raw_par_t2 = ((uint16_t)calib_buff[3] << 8) | (uint16_t)calib_buff[2];
 8000640:	f89d 1003 	ldrb.w	r1, [sp, #3]
 8000644:	f89d 3002 	ldrb.w	r3, [sp, #2]
 8000648:	ea43 2301 	orr.w	r3, r3, r1, lsl #8
 800064c:	ee07 3a90 	vmov	s15, r3
		bmp->calib_data.par_t2 = (float)raw_par_t2 / temp_var;
 8000650:	eef8 7a67 	vcvt.f32.u32	s15, s15
 8000654:	ed9f 7a59 	vldr	s14, [pc, #356]	@ 80007bc <BMP388_GetCalibData+0x1c4>
 8000658:	ee67 7a87 	vmul.f32	s15, s15, s14
 800065c:	edc4 7a03 	vstr	s15, [r4, #12]
		raw_par_t3 = calib_buff[4];
 8000660:	f99d 3004 	ldrsb.w	r3, [sp, #4]
 8000664:	ee07 3a90 	vmov	s15, r3
		bmp->calib_data.par_t3 = (float)raw_par_t3 / temp_var;
 8000668:	eef8 7ae7 	vcvt.f32.s32	s15, s15
 800066c:	ed9f 7a54 	vldr	s14, [pc, #336]	@ 80007c0 <BMP388_GetCalibData+0x1c8>
 8000670:	ee67 7a87 	vmul.f32	s15, s15, s14
 8000674:	edc4 7a04 	vstr	s15, [r4, #16]
		raw_par_p1 = ((int16_t)calib_buff[6] << 8) | (int16_t)calib_buff[5];
 8000678:	f89d 3006 	ldrb.w	r3, [sp, #6]
 800067c:	021b      	lsls	r3, r3, #8
 800067e:	b21b      	sxth	r3, r3
 8000680:	f89d 1005 	ldrb.w	r1, [sp, #5]
 8000684:	430b      	orrs	r3, r1
 8000686:	ee07 3a90 	vmov	s15, r3
		bmp->calib_data.par_p1 = ((float)raw_par_p1 - 16384) / temp_var;
 800068a:	eef8 7ae7 	vcvt.f32.s32	s15, s15
 800068e:	eddf 6a4d 	vldr	s13, [pc, #308]	@ 80007c4 <BMP388_GetCalibData+0x1cc>
 8000692:	ee77 7ae6 	vsub.f32	s15, s15, s13
 8000696:	ed9f 6a4c 	vldr	s12, [pc, #304]	@ 80007c8 <BMP388_GetCalibData+0x1d0>
 800069a:	ee67 7a86 	vmul.f32	s15, s15, s12
 800069e:	edc4 7a05 	vstr	s15, [r4, #20]
		raw_par_p2 = ((int16_t)calib_buff[8] << 8) | (int16_t)calib_buff[7];
 80006a2:	f89d 3008 	ldrb.w	r3, [sp, #8]
 80006a6:	021b      	lsls	r3, r3, #8
 80006a8:	b21b      	sxth	r3, r3
 80006aa:	f89d 1007 	ldrb.w	r1, [sp, #7]
 80006ae:	430b      	orrs	r3, r1
 80006b0:	ee07 3a90 	vmov	s15, r3
		bmp->calib_data.par_p2 = ((float)raw_par_p2 - 16384) / temp_var;
 80006b4:	eef8 7ae7 	vcvt.f32.s32	s15, s15
 80006b8:	ee77 7ae6 	vsub.f32	s15, s15, s13
 80006bc:	eddf 6a43 	vldr	s13, [pc, #268]	@ 80007cc <BMP388_GetCalibData+0x1d4>
 80006c0:	ee67 7aa6 	vmul.f32	s15, s15, s13
 80006c4:	edc4 7a06 	vstr	s15, [r4, #24]
		raw_par_p3 = (int8_t)calib_buff[9];
 80006c8:	f99d 3009 	ldrsb.w	r3, [sp, #9]
 80006cc:	ee07 3a90 	vmov	s15, r3
		bmp->calib_data.par_p3 = (float)raw_par_p3 / temp_var;
 80006d0:	eef8 7ae7 	vcvt.f32.s32	s15, s15
 80006d4:	eddf 6a3e 	vldr	s13, [pc, #248]	@ 80007d0 <BMP388_GetCalibData+0x1d8>
 80006d8:	ee67 7aa6 	vmul.f32	s15, s15, s13
 80006dc:	edc4 7a07 	vstr	s15, [r4, #28]
		raw_par_p4 = (int8_t)calib_buff[10];
 80006e0:	f99d 300a 	ldrsb.w	r3, [sp, #10]
 80006e4:	ee07 3a90 	vmov	s15, r3
		bmp->calib_data.par_p4 = (float)raw_par_p4 / temp_var;
 80006e8:	eef8 7ae7 	vcvt.f32.s32	s15, s15
 80006ec:	eddf 6a39 	vldr	s13, [pc, #228]	@ 80007d4 <BMP388_GetCalibData+0x1dc>
 80006f0:	ee67 7aa6 	vmul.f32	s15, s15, s13
 80006f4:	edc4 7a08 	vstr	s15, [r4, #32]
		raw_par_p5 = ((uint16_t)calib_buff[12] << 8) | (uint16_t)calib_buff[11];
 80006f8:	f89d 100c 	ldrb.w	r1, [sp, #12]
 80006fc:	f89d 300b 	ldrb.w	r3, [sp, #11]
 8000700:	ea43 2301 	orr.w	r3, r3, r1, lsl #8
 8000704:	ee07 3a90 	vmov	s15, r3
		bmp->calib_data.par_p5 = (float)raw_par_p5 / temp_var;
 8000708:	eef8 7a67 	vcvt.f32.u32	s15, s15
 800070c:	eef2 6a00 	vmov.f32	s13, #32	@ 0x41000000  8.0
 8000710:	ee67 7aa6 	vmul.f32	s15, s15, s13
 8000714:	edc4 7a09 	vstr	s15, [r4, #36]	@ 0x24
		raw_par_p6 = ((uint16_t)calib_buff[14] << 8) | (uint16_t)calib_buff[13];
 8000718:	f89d 100e 	ldrb.w	r1, [sp, #14]
 800071c:	f89d 300d 	ldrb.w	r3, [sp, #13]
 8000720:	ea43 2301 	orr.w	r3, r3, r1, lsl #8
 8000724:	ee07 3a90 	vmov	s15, r3
		bmp->calib_data.par_p6 = (float)raw_par_p6 / temp_var;
 8000728:	eef8 7a67 	vcvt.f32.u32	s15, s15
 800072c:	eddf 6a2a 	vldr	s13, [pc, #168]	@ 80007d8 <BMP388_GetCalibData+0x1e0>
 8000730:	ee67 7aa6 	vmul.f32	s15, s15, s13
 8000734:	edc4 7a0a 	vstr	s15, [r4, #40]	@ 0x28
		raw_par_p7 = (int8_t)calib_buff[15];
 8000738:	f99d 300f 	ldrsb.w	r3, [sp, #15]
 800073c:	ee07 3a90 	vmov	s15, r3
		bmp->calib_data.par_p7 = (float)raw_par_p7 / temp_var;
 8000740:	eef8 7ae7 	vcvt.f32.s32	s15, s15
 8000744:	eddf 6a25 	vldr	s13, [pc, #148]	@ 80007dc <BMP388_GetCalibData+0x1e4>
 8000748:	ee67 7aa6 	vmul.f32	s15, s15, s13
 800074c:	edc4 7a0b 	vstr	s15, [r4, #44]	@ 0x2c
		raw_par_p8 = (int8_t)calib_buff[16];
 8000750:	f99d 3010 	ldrsb.w	r3, [sp, #16]
 8000754:	ee07 3a90 	vmov	s15, r3
		bmp->calib_data.par_p8 = (float)raw_par_p8 / temp_var;
 8000758:	eef8 7ae7 	vcvt.f32.s32	s15, s15
 800075c:	eddf 6a20 	vldr	s13, [pc, #128]	@ 80007e0 <BMP388_GetCalibData+0x1e8>
 8000760:	ee67 7aa6 	vmul.f32	s15, s15, s13
 8000764:	edc4 7a0c 	vstr	s15, [r4, #48]	@ 0x30
		raw_par_p9 = ((int16_t)calib_buff[18] << 8) | (int16_t)calib_buff[17];
 8000768:	f89d 3012 	ldrb.w	r3, [sp, #18]
 800076c:	021b      	lsls	r3, r3, #8
 800076e:	b21b      	sxth	r3, r3
 8000770:	f89d 1011 	ldrb.w	r1, [sp, #17]
 8000774:	430b      	orrs	r3, r1
 8000776:	ee07 3a90 	vmov	s15, r3
		bmp->calib_data.par_p9 = (float)raw_par_p9 / temp_var;
 800077a:	eef8 7ae7 	vcvt.f32.s32	s15, s15
 800077e:	ee67 7a87 	vmul.f32	s15, s15, s14
 8000782:	edc4 7a0d 	vstr	s15, [r4, #52]	@ 0x34
		raw_par_p10 = (int8_t)calib_buff[19];
 8000786:	f99d 3013 	ldrsb.w	r3, [sp, #19]
 800078a:	ee07 3a90 	vmov	s15, r3
		bmp->calib_data.par_p10 = (float)raw_par_p10 / temp_var;
 800078e:	eef8 7ae7 	vcvt.f32.s32	s15, s15
 8000792:	ee67 7a87 	vmul.f32	s15, s15, s14
 8000796:	edc4 7a0e 	vstr	s15, [r4, #56]	@ 0x38
		raw_par_p11 = (int8_t)calib_buff[20];
 800079a:	f99d 3014 	ldrsb.w	r3, [sp, #20]
 800079e:	ee07 3a90 	vmov	s15, r3
		bmp->calib_data.par_p11 = (float)raw_par_p11 / temp_var;
 80007a2:	eef8 7ae7 	vcvt.f32.s32	s15, s15
 80007a6:	ed9f 7a0f 	vldr	s14, [pc, #60]	@ 80007e4 <BMP388_GetCalibData+0x1ec>
 80007aa:	ee67 7a87 	vmul.f32	s15, s15, s14
 80007ae:	edc4 7a0f 	vstr	s15, [r4, #60]	@ 0x3c
}
 80007b2:	4610      	mov	r0, r2
 80007b4:	b006      	add	sp, #24
 80007b6:	bd10      	pop	{r4, pc}
 80007b8:	43800000 	.word	0x43800000
 80007bc:	30800000 	.word	0x30800000
 80007c0:	27800000 	.word	0x27800000
 80007c4:	46800000 	.word	0x46800000
 80007c8:	35800000 	.word	0x35800000
 80007cc:	31000000 	.word	0x31000000
 80007d0:	2f800000 	.word	0x2f800000
 80007d4:	2d000000 	.word	0x2d000000
 80007d8:	3c800000 	.word	0x3c800000
 80007dc:	3b800000 	.word	0x3b800000
 80007e0:	38000000 	.word	0x38000000
 80007e4:	1f000000 	.word	0x1f000000

080007e8 <BMP388_WriteBytes>:
 *
 *  @return Status of execution
 *  @retval = HAL_OK 		-> Success
 *  @retval != HAL_ERROR 	-> Failure Info
 */
HAL_StatusTypeDef BMP388_WriteBytes(BMP388_HandleTypeDef *bmp, BMP388_regs reg_addr, uint8_t *buff, uint8_t len){
 80007e8:	b510      	push	{r4, lr}
 80007ea:	b084      	sub	sp, #16
	return HAL_I2C_Mem_Write(bmp->hi2c, BMP3_ADDR << 1, reg_addr, I2C_MEMADD_SIZE_8BIT, buff, len, 100);
 80007ec:	6800      	ldr	r0, [r0, #0]
 80007ee:	2464      	movs	r4, #100	@ 0x64
 80007f0:	9402      	str	r4, [sp, #8]
 80007f2:	9301      	str	r3, [sp, #4]
 80007f4:	9200      	str	r2, [sp, #0]
 80007f6:	2301      	movs	r3, #1
 80007f8:	460a      	mov	r2, r1
 80007fa:	21ee      	movs	r1, #238	@ 0xee
 80007fc:	f002 fa26 	bl	8002c4c <HAL_I2C_Mem_Write>
}
 8000800:	b004      	add	sp, #16
 8000802:	bd10      	pop	{r4, pc}

08000804 <BMP388_ReadRawPressTempTime>:
HAL_StatusTypeDef BMP388_ReadRawPressTempTime(BMP388_HandleTypeDef *bmp, uint32_t *raw_pressure, uint32_t *raw_temperature, uint32_t *time){
 8000804:	b5f0      	push	{r4, r5, r6, r7, lr}
 8000806:	b085      	sub	sp, #20
 8000808:	4604      	mov	r4, r0
 800080a:	460f      	mov	r7, r1
 800080c:	4616      	mov	r6, r2
 800080e:	461d      	mov	r5, r3
	uint8_t pwr_ctrl = BMP3_PWR_CTRL_PRESS_ON | BMP3_PWR_CTRL_TEMP_ON | BMP3_PWR_CTRL_MODE_FORCED;
 8000810:	2313      	movs	r3, #19
 8000812:	f88d 300f 	strb.w	r3, [sp, #15]
	uint8_t oversampling = bmp->osr;
 8000816:	7903      	ldrb	r3, [r0, #4]
 8000818:	f88d 300e 	strb.w	r3, [sp, #14]
	uint8_t odr = bmp->odr;
 800081c:	7983      	ldrb	r3, [r0, #6]
 800081e:	f88d 300d 	strb.w	r3, [sp, #13]
	uint8_t filtercoeff = bmp->iir;
 8000822:	7943      	ldrb	r3, [r0, #5]
 8000824:	f88d 300c 	strb.w	r3, [sp, #12]
	rslt = BMP388_WriteBytes(bmp, OSR, &oversampling, 1);
 8000828:	2301      	movs	r3, #1
 800082a:	f10d 020e 	add.w	r2, sp, #14
 800082e:	211c      	movs	r1, #28
 8000830:	f7ff ffda 	bl	80007e8 <BMP388_WriteBytes>
	if(rslt != HAL_OK){
 8000834:	b108      	cbz	r0, 800083a <BMP388_ReadRawPressTempTime+0x36>
}
 8000836:	b005      	add	sp, #20
 8000838:	bdf0      	pop	{r4, r5, r6, r7, pc}
	rslt = BMP388_WriteBytes(bmp, ODR, &odr, 1);
 800083a:	2301      	movs	r3, #1
 800083c:	f10d 020d 	add.w	r2, sp, #13
 8000840:	211d      	movs	r1, #29
 8000842:	4620      	mov	r0, r4
 8000844:	f7ff ffd0 	bl	80007e8 <BMP388_WriteBytes>
	if(rslt != HAL_OK){
 8000848:	2800      	cmp	r0, #0
 800084a:	d1f4      	bne.n	8000836 <BMP388_ReadRawPressTempTime+0x32>
	rslt = BMP388_WriteBytes(bmp, CONFIG, &filtercoeff, 1);
 800084c:	2301      	movs	r3, #1
 800084e:	aa03      	add	r2, sp, #12
 8000850:	211f      	movs	r1, #31
 8000852:	4620      	mov	r0, r4
 8000854:	f7ff ffc8 	bl	80007e8 <BMP388_WriteBytes>
	if(rslt != HAL_OK){
 8000858:	2800      	cmp	r0, #0
 800085a:	d1ec      	bne.n	8000836 <BMP388_ReadRawPressTempTime+0x32>
	rslt = BMP388_WriteBytes(bmp, PWR_CTRL, &pwr_ctrl, 1);
 800085c:	2301      	movs	r3, #1
 800085e:	f10d 020f 	add.w	r2, sp, #15
 8000862:	211b      	movs	r1, #27
 8000864:	4620      	mov	r0, r4
 8000866:	f7ff ffbf 	bl	80007e8 <BMP388_WriteBytes>
	if(rslt != HAL_OK){
 800086a:	2800      	cmp	r0, #0
 800086c:	d1e3      	bne.n	8000836 <BMP388_ReadRawPressTempTime+0x32>
	rslt = BMP388_ReadBytes(bmp, DATA_0, raw_data, 11);
 800086e:	230b      	movs	r3, #11
 8000870:	466a      	mov	r2, sp
 8000872:	2104      	movs	r1, #4
 8000874:	4620      	mov	r0, r4
 8000876:	f7ff feb0 	bl	80005da <BMP388_ReadBytes>
	if(rslt != HAL_OK){
 800087a:	2800      	cmp	r0, #0
 800087c:	d1db      	bne.n	8000836 <BMP388_ReadRawPressTempTime+0x32>
	*raw_pressure = (uint32_t)raw_data[2] << 16 | (uint32_t)raw_data[1] << 8 | (uint32_t)raw_data[0];
 800087e:	f89d 2002 	ldrb.w	r2, [sp, #2]
 8000882:	f89d 3001 	ldrb.w	r3, [sp, #1]
 8000886:	021b      	lsls	r3, r3, #8
 8000888:	ea43 4302 	orr.w	r3, r3, r2, lsl #16
 800088c:	f89d 2000 	ldrb.w	r2, [sp]
 8000890:	4313      	orrs	r3, r2
 8000892:	603b      	str	r3, [r7, #0]
	*raw_temperature = (uint32_t)raw_data[5] << 16 | (uint32_t)raw_data[4] << 8 | (uint32_t)raw_data[3];
 8000894:	f89d 2005 	ldrb.w	r2, [sp, #5]
 8000898:	f89d 3004 	ldrb.w	r3, [sp, #4]
 800089c:	021b      	lsls	r3, r3, #8
 800089e:	ea43 4302 	orr.w	r3, r3, r2, lsl #16
 80008a2:	f89d 2003 	ldrb.w	r2, [sp, #3]
 80008a6:	4313      	orrs	r3, r2
 80008a8:	6033      	str	r3, [r6, #0]
	*time = (uint32_t)raw_data[10] << 16 | (uint32_t)raw_data[9] << 8 | (uint32_t)raw_data[8];
 80008aa:	f89d 200a 	ldrb.w	r2, [sp, #10]
 80008ae:	f89d 3009 	ldrb.w	r3, [sp, #9]
 80008b2:	021b      	lsls	r3, r3, #8
 80008b4:	ea43 4302 	orr.w	r3, r3, r2, lsl #16
 80008b8:	f89d 2008 	ldrb.w	r2, [sp, #8]
 80008bc:	4313      	orrs	r3, r2
 80008be:	602b      	str	r3, [r5, #0]
	return rslt;
 80008c0:	e7b9      	b.n	8000836 <BMP388_ReadRawPressTempTime+0x32>

080008c2 <BMP388_SoftReset>:
HAL_StatusTypeDef BMP388_SoftReset(BMP388_HandleTypeDef *bmp){
 80008c2:	b510      	push	{r4, lr}
 80008c4:	b082      	sub	sp, #8
 80008c6:	4604      	mov	r4, r0
	uint8_t rst_cmnd = BMP388_SOFTRESET;
 80008c8:	23b6      	movs	r3, #182	@ 0xb6
 80008ca:	f88d 3007 	strb.w	r3, [sp, #7]
	rslt = BMP388_ReadBytes(bmp, STATUS, &cmd_rdy_status, 1);
 80008ce:	2301      	movs	r3, #1
 80008d0:	f10d 0206 	add.w	r2, sp, #6
 80008d4:	2103      	movs	r1, #3
 80008d6:	f7ff fe80 	bl	80005da <BMP388_ReadBytes>
	if((rslt == HAL_OK) && (cmd_rdy_status & BMP3_CMD_RDY)){
 80008da:	b920      	cbnz	r0, 80008e6 <BMP388_SoftReset+0x24>
 80008dc:	f89d 3006 	ldrb.w	r3, [sp, #6]
 80008e0:	f013 0f10 	tst.w	r3, #16
 80008e4:	d101      	bne.n	80008ea <BMP388_SoftReset+0x28>
}
 80008e6:	b002      	add	sp, #8
 80008e8:	bd10      	pop	{r4, pc}
		rslt = BMP388_WriteBytes(bmp, CMD, &rst_cmnd, 1);
 80008ea:	2301      	movs	r3, #1
 80008ec:	f10d 0207 	add.w	r2, sp, #7
 80008f0:	217e      	movs	r1, #126	@ 0x7e
 80008f2:	4620      	mov	r0, r4
 80008f4:	f7ff ff78 	bl	80007e8 <BMP388_WriteBytes>
		if(rslt == HAL_OK){
 80008f8:	2800      	cmp	r0, #0
 80008fa:	d1f4      	bne.n	80008e6 <BMP388_SoftReset+0x24>
			HAL_Delay(2);
 80008fc:	2002      	movs	r0, #2
 80008fe:	f001 f8fb 	bl	8001af8 <HAL_Delay>
			rslt = BMP388_ReadBytes(bmp, ERR_REG, &cmd_err_status, 1);
 8000902:	2301      	movs	r3, #1
 8000904:	f10d 0205 	add.w	r2, sp, #5
 8000908:	2102      	movs	r1, #2
 800090a:	4620      	mov	r0, r4
 800090c:	f7ff fe65 	bl	80005da <BMP388_ReadBytes>
			if((cmd_err_status & CMD) || (rslt != HAL_OK)){
 8000910:	e7e9      	b.n	80008e6 <BMP388_SoftReset+0x24>

08000912 <BMP388_Init>:
HAL_StatusTypeDef BMP388_Init(BMP388_HandleTypeDef *bmp){
 8000912:	b510      	push	{r4, lr}
 8000914:	b082      	sub	sp, #8
 8000916:	4604      	mov	r4, r0
	rslt = BMP388_ReadBytes(bmp, CHIP_ID, &chip_id, 1);
 8000918:	2301      	movs	r3, #1
 800091a:	f10d 0207 	add.w	r2, sp, #7
 800091e:	2100      	movs	r1, #0
 8000920:	f7ff fe5b 	bl	80005da <BMP388_ReadBytes>
	if(rslt == HAL_OK && chip_id == BMP3_CHIP_ID){
 8000924:	b918      	cbnz	r0, 800092e <BMP388_Init+0x1c>
 8000926:	f89d 3007 	ldrb.w	r3, [sp, #7]
 800092a:	2b50      	cmp	r3, #80	@ 0x50
 800092c:	d001      	beq.n	8000932 <BMP388_Init+0x20>
}
 800092e:	b002      	add	sp, #8
 8000930:	bd10      	pop	{r4, pc}
		rslt = BMP388_SoftReset(bmp);
 8000932:	4620      	mov	r0, r4
 8000934:	f7ff ffc5 	bl	80008c2 <BMP388_SoftReset>
		if(rslt == HAL_OK){
 8000938:	2800      	cmp	r0, #0
 800093a:	d1f8      	bne.n	800092e <BMP388_Init+0x1c>
			rslt = BMP388_GetCalibData(bmp);
 800093c:	4620      	mov	r0, r4
 800093e:	f7ff fe5b 	bl	80005f8 <BMP388_GetCalibData>
	return rslt;
 8000942:	e7f4      	b.n	800092e <BMP388_Init+0x1c>

08000944 <EE24_Delay>:
void EE24_UnLock(EE24_HandleTypeDef *Handle);

/***********************************************************************************************************/

void EE24_Delay(uint32_t Delay)
{
 8000944:	b508      	push	{r3, lr}
#if EE24_RTOS == EE24_RTOS_DISABLE
  HAL_Delay(Delay);
 8000946:	f001 f8d7 	bl	8001af8 <HAL_Delay>
  uint32_t d = (TX_TIMER_TICKS_PER_SECOND * Delay) / 1000;
  if (d == 0)
    d = 1;
  tx_thread_sleep(d);
#endif
}
 800094a:	bd08      	pop	{r3, pc}

0800094c <EE24_Lock>:

/***********************************************************************************************************/

void EE24_Lock(EE24_HandleTypeDef *Handle)
{
 800094c:	b510      	push	{r4, lr}
 800094e:	4604      	mov	r4, r0
  while (Handle->Lock)
 8000950:	e002      	b.n	8000958 <EE24_Lock+0xc>
  {
    EE24_Delay(1);
 8000952:	2001      	movs	r0, #1
 8000954:	f7ff fff6 	bl	8000944 <EE24_Delay>
  while (Handle->Lock)
 8000958:	7963      	ldrb	r3, [r4, #5]
 800095a:	2b00      	cmp	r3, #0
 800095c:	d1f9      	bne.n	8000952 <EE24_Lock+0x6>
  }
  Handle->Lock = 1;
 800095e:	2301      	movs	r3, #1
 8000960:	7163      	strb	r3, [r4, #5]
}
 8000962:	bd10      	pop	{r4, pc}

08000964 <EE24_UnLock>:

/***********************************************************************************************************/

void EE24_UnLock(EE24_HandleTypeDef *Handle)
{
  Handle->Lock = 0;
 8000964:	2300      	movs	r3, #0
 8000966:	7143      	strb	r3, [r0, #5]
}
 8000968:	4770      	bx	lr

0800096a <EE24_Init>:
  * @param  WpPin: PinNumber of write protected pin
  *
  * @retval bool: true or false
  */
bool EE24_Init(EE24_HandleTypeDef *Handle, I2C_HandleTypeDef *HI2c, uint8_t I2CAddress, GPIO_TypeDef *WpGpio, uint16_t WpPin)
{
 800096a:	b510      	push	{r4, lr}
 800096c:	f8bd c008 	ldrh.w	ip, [sp, #8]
  bool answer = false;
  do
  {
    if ((Handle == NULL) || (HI2c == NULL) || (WpGpio == NULL))
 8000970:	b1a8      	cbz	r0, 800099e <EE24_Init+0x34>
 8000972:	4604      	mov	r4, r0
 8000974:	b1a9      	cbz	r1, 80009a2 <EE24_Init+0x38>
 8000976:	b1b3      	cbz	r3, 80009a6 <EE24_Init+0x3c>
    {
      break;
    }
    Handle->HI2c = HI2c;
 8000978:	6001      	str	r1, [r0, #0]
    Handle->Address = I2CAddress;
 800097a:	7102      	strb	r2, [r0, #4]
    Handle->WpGpio = WpGpio;
 800097c:	6083      	str	r3, [r0, #8]
    Handle->WpPin = WpPin;
 800097e:	f8a0 c00c 	strh.w	ip, [r0, #12]
    HAL_GPIO_WritePin(Handle->WpGpio, Handle->WpPin, GPIO_PIN_SET);
 8000982:	2201      	movs	r2, #1
 8000984:	4661      	mov	r1, ip
 8000986:	4618      	mov	r0, r3
 8000988:	f001 fdf2 	bl	8002570 <HAL_GPIO_WritePin>
    if (HAL_I2C_IsDeviceReady(Handle->HI2c, Handle->Address, 2, 100) == HAL_OK)
 800098c:	2364      	movs	r3, #100	@ 0x64
 800098e:	2202      	movs	r2, #2
 8000990:	7921      	ldrb	r1, [r4, #4]
 8000992:	6820      	ldr	r0, [r4, #0]
 8000994:	f002 fb86 	bl	80030a4 <HAL_I2C_IsDeviceReady>
 8000998:	b138      	cbz	r0, 80009aa <EE24_Init+0x40>
  bool answer = false;
 800099a:	2000      	movs	r0, #0
 800099c:	e000      	b.n	80009a0 <EE24_Init+0x36>
 800099e:	2000      	movs	r0, #0
    }
  }
  while (0);

  return answer;
}
 80009a0:	bd10      	pop	{r4, pc}
  bool answer = false;
 80009a2:	2000      	movs	r0, #0
 80009a4:	e7fc      	b.n	80009a0 <EE24_Init+0x36>
 80009a6:	2000      	movs	r0, #0
 80009a8:	e7fa      	b.n	80009a0 <EE24_Init+0x36>
      answer = true;
 80009aa:	2001      	movs	r0, #1
 80009ac:	e7f8      	b.n	80009a0 <EE24_Init+0x36>

080009ae <EE24_Read>:
  * @param  Timeout: Timeout of this operation in ms
  *
  * @retval bool: true or false
  */
bool EE24_Read(EE24_HandleTypeDef *Handle, uint32_t Address, uint8_t *Data, size_t Len, uint32_t Timeout)
{
 80009ae:	b5f0      	push	{r4, r5, r6, r7, lr}
 80009b0:	b085      	sub	sp, #20
 80009b2:	4604      	mov	r4, r0
 80009b4:	460e      	mov	r6, r1
 80009b6:	4617      	mov	r7, r2
 80009b8:	461d      	mov	r5, r3
  EE24_Lock(Handle);
 80009ba:	f7ff ffc7 	bl	800094c <EE24_Lock>
#elif (EE24_SIZE == EE24_8KBIT)
    if (HAL_I2C_Mem_Read(Handle->HI2c, Handle->Address | ((Address & 0x0300) >> 7), (Address & 0xff), I2C_MEMADD_SIZE_8BIT, Data, Len, Timeout) == HAL_OK)
#elif (EE24_SIZE == EE24_16KBIT)
    if (HAL_I2C_Mem_Read(Handle->HI2c, Handle->Address | ((Address & 0x0700) >> 7), (Address & 0xff), I2C_MEMADD_SIZE_8BIT, Data, Len, Timeout) == HAL_OK)
#else
    if (HAL_I2C_Mem_Read(Handle->HI2c, Handle->Address, Address, I2C_MEMADD_SIZE_16BIT, Data, Len, Timeout) == HAL_OK)
 80009be:	9b0a      	ldr	r3, [sp, #40]	@ 0x28
 80009c0:	9302      	str	r3, [sp, #8]
 80009c2:	b2ad      	uxth	r5, r5
 80009c4:	9501      	str	r5, [sp, #4]
 80009c6:	9700      	str	r7, [sp, #0]
 80009c8:	2310      	movs	r3, #16
 80009ca:	b2b2      	uxth	r2, r6
 80009cc:	7921      	ldrb	r1, [r4, #4]
 80009ce:	6820      	ldr	r0, [r4, #0]
 80009d0:	f002 f9ec 	bl	8002dac <HAL_I2C_Mem_Read>
 80009d4:	b130      	cbz	r0, 80009e4 <EE24_Read+0x36>
  bool answer = false;
 80009d6:	2500      	movs	r5, #0
      answer = true;
    }
  }
  while (0);

  EE24_UnLock(Handle);
 80009d8:	4620      	mov	r0, r4
 80009da:	f7ff ffc3 	bl	8000964 <EE24_UnLock>
  return answer;
}
 80009de:	4628      	mov	r0, r5
 80009e0:	b005      	add	sp, #20
 80009e2:	bdf0      	pop	{r4, r5, r6, r7, pc}
      answer = true;
 80009e4:	2501      	movs	r5, #1
 80009e6:	e7f7      	b.n	80009d8 <EE24_Read+0x2a>

080009e8 <MX_FATFS_Init>:
/* USER CODE BEGIN Variables */

/* USER CODE END Variables */

void MX_FATFS_Init(void)
{
 80009e8:	b508      	push	{r3, lr}
  /*## FatFS: Link the USER driver ###########################*/
  retUSER = FATFS_LinkDriver(&USER_Driver, USERPath);
 80009ea:	4903      	ldr	r1, [pc, #12]	@ (80009f8 <MX_FATFS_Init+0x10>)
 80009ec:	4803      	ldr	r0, [pc, #12]	@ (80009fc <MX_FATFS_Init+0x14>)
 80009ee:	f000 f833 	bl	8000a58 <FATFS_LinkDriver>
 80009f2:	4b03      	ldr	r3, [pc, #12]	@ (8000a00 <MX_FATFS_Init+0x18>)
 80009f4:	7018      	strb	r0, [r3, #0]

  /* USER CODE BEGIN Init */
  /* additional user code for init */
  /* USER CODE END Init */
}
 80009f6:	bd08      	pop	{r3, pc}
 80009f8:	20000134 	.word	0x20000134
 80009fc:	20000100 	.word	0x20000100
 8000a00:	20000138 	.word	0x20000138

08000a04 <FATFS_LinkDriverEx>:
uint8_t FATFS_LinkDriverEx(const Diskio_drvTypeDef *drv, char *path, uint8_t lun)
{
  uint8_t ret = 1;
  uint8_t DiskNum = 0;

  if(disk.nbr < _VOLUMES)
 8000a04:	4b13      	ldr	r3, [pc, #76]	@ (8000a54 <FATFS_LinkDriverEx+0x50>)
 8000a06:	7a5b      	ldrb	r3, [r3, #9]
 8000a08:	bb13      	cbnz	r3, 8000a50 <FATFS_LinkDriverEx+0x4c>
{
 8000a0a:	b510      	push	{r4, lr}
 8000a0c:	4604      	mov	r4, r0
 8000a0e:	f003 00ff 	and.w	r0, r3, #255	@ 0xff
  {
    disk.is_initialized[disk.nbr] = 0;
 8000a12:	4b10      	ldr	r3, [pc, #64]	@ (8000a54 <FATFS_LinkDriverEx+0x50>)
 8000a14:	f893 c009 	ldrb.w	ip, [r3, #9]
 8000a18:	fa5f fc8c 	uxtb.w	ip, ip
 8000a1c:	f04f 0e00 	mov.w	lr, #0
 8000a20:	f803 e00c 	strb.w	lr, [r3, ip]
    disk.drv[disk.nbr] = drv;
 8000a24:	f893 c009 	ldrb.w	ip, [r3, #9]
 8000a28:	eb03 0c8c 	add.w	ip, r3, ip, lsl #2
 8000a2c:	f8cc 4004 	str.w	r4, [ip, #4]
    disk.lun[disk.nbr] = lun;
 8000a30:	7a5c      	ldrb	r4, [r3, #9]
 8000a32:	441c      	add	r4, r3
 8000a34:	7222      	strb	r2, [r4, #8]
    DiskNum = disk.nbr++;
 8000a36:	7a5a      	ldrb	r2, [r3, #9]
 8000a38:	1c54      	adds	r4, r2, #1
 8000a3a:	b2e4      	uxtb	r4, r4
 8000a3c:	725c      	strb	r4, [r3, #9]
    path[0] = DiskNum + '0';
 8000a3e:	3230      	adds	r2, #48	@ 0x30
 8000a40:	700a      	strb	r2, [r1, #0]
    path[1] = ':';
 8000a42:	233a      	movs	r3, #58	@ 0x3a
 8000a44:	704b      	strb	r3, [r1, #1]
    path[2] = '/';
 8000a46:	232f      	movs	r3, #47	@ 0x2f
 8000a48:	708b      	strb	r3, [r1, #2]
    path[3] = 0;
 8000a4a:	f881 e003 	strb.w	lr, [r1, #3]
    ret = 0;
  }

  return ret;
}
 8000a4e:	bd10      	pop	{r4, pc}
  uint8_t ret = 1;
 8000a50:	2001      	movs	r0, #1
}
 8000a52:	4770      	bx	lr
 8000a54:	2000013c 	.word	0x2000013c

08000a58 <FATFS_LinkDriver>:
  * @param  drv: pointer to the disk IO Driver structure
  * @param  path: pointer to the logical drive path
  * @retval Returns 0 in case of success, otherwise 1.
  */
uint8_t FATFS_LinkDriver(const Diskio_drvTypeDef *drv, char *path)
{
 8000a58:	b508      	push	{r3, lr}
  return FATFS_LinkDriverEx(drv, path, 0);
 8000a5a:	2200      	movs	r2, #0
 8000a5c:	f7ff ffd2 	bl	8000a04 <FATFS_LinkDriverEx>
}
 8000a60:	bd08      	pop	{r3, pc}

08000a62 <LSM6DSO_Init>:
  * @brief  Initialize the LSM6DSO sensor
  * @param  pObj the device pObj
  * @retval 0 in case of success, an error code otherwise
  */
int32_t LSM6DSO_Init(LSM6DSO_Object_t *pObj)
{
 8000a62:	b538      	push	{r3, r4, r5, lr}
 8000a64:	4605      	mov	r5, r0
  /* Disable I3C */
  if (lsm6dso_i3c_disable_set(&(pObj->Ctx), LSM6DSO_I3C_DISABLE) != LSM6DSO_OK)
 8000a66:	f100 0420 	add.w	r4, r0, #32
 8000a6a:	2180      	movs	r1, #128	@ 0x80
 8000a6c:	4620      	mov	r0, r4
 8000a6e:	f000 f981 	bl	8000d74 <lsm6dso_i3c_disable_set>
 8000a72:	bb60      	cbnz	r0, 8000ace <LSM6DSO_Init+0x6c>
    return LSM6DSO_ERROR;
  }

  /* Enable register address automatically incremented during a multiple byte
  access with a serial interface. */
  if (lsm6dso_auto_increment_set(&(pObj->Ctx), PROPERTY_ENABLE) != LSM6DSO_OK)
 8000a74:	2101      	movs	r1, #1
 8000a76:	4620      	mov	r0, r4
 8000a78:	f000 f963 	bl	8000d42 <lsm6dso_auto_increment_set>
 8000a7c:	bb50      	cbnz	r0, 8000ad4 <LSM6DSO_Init+0x72>
  {
    return LSM6DSO_ERROR;
  }

  /* Enable BDU */
  if (lsm6dso_block_data_update_set(&(pObj->Ctx), PROPERTY_ENABLE) != LSM6DSO_OK)
 8000a7e:	2101      	movs	r1, #1
 8000a80:	4620      	mov	r0, r4
 8000a82:	f000 f903 	bl	8000c8c <lsm6dso_block_data_update_set>
 8000a86:	bb40      	cbnz	r0, 8000ada <LSM6DSO_Init+0x78>
  {
    return LSM6DSO_ERROR;
  }

  /* FIFO mode selection */
  if (lsm6dso_fifo_mode_set(&(pObj->Ctx), LSM6DSO_BYPASS_MODE) != LSM6DSO_OK)
 8000a88:	2100      	movs	r1, #0
 8000a8a:	4620      	mov	r0, r4
 8000a8c:	f000 f9a7 	bl	8000dde <lsm6dso_fifo_mode_set>
 8000a90:	bb30      	cbnz	r0, 8000ae0 <LSM6DSO_Init+0x7e>
  {
    return LSM6DSO_ERROR;
  }

  /* Select default output data rate. */
  pObj->acc_odr = LSM6DSO_XL_ODR_104Hz;
 8000a92:	2304      	movs	r3, #4
 8000a94:	f885 3033 	strb.w	r3, [r5, #51]	@ 0x33

  /* Output data rate selection - power down. */
  if (lsm6dso_xl_data_rate_set(&(pObj->Ctx), LSM6DSO_XL_ODR_OFF) != LSM6DSO_OK)
 8000a98:	2100      	movs	r1, #0
 8000a9a:	4620      	mov	r0, r4
 8000a9c:	f000 f9fc 	bl	8000e98 <lsm6dso_xl_data_rate_set>
 8000aa0:	bb08      	cbnz	r0, 8000ae6 <LSM6DSO_Init+0x84>
  {
    return LSM6DSO_ERROR;
  }

  /* Full scale selection. */
  if (lsm6dso_xl_full_scale_set(&(pObj->Ctx), LSM6DSO_2g) != LSM6DSO_OK)
 8000aa2:	2100      	movs	r1, #0
 8000aa4:	4620      	mov	r0, r4
 8000aa6:	f000 f89d 	bl	8000be4 <lsm6dso_xl_full_scale_set>
 8000aaa:	b9f8      	cbnz	r0, 8000aec <LSM6DSO_Init+0x8a>
  {
    return LSM6DSO_ERROR;
  }

  /* Select default output data rate. */
  pObj->gyro_odr = LSM6DSO_GY_ODR_104Hz;
 8000aac:	2304      	movs	r3, #4
 8000aae:	f885 3034 	strb.w	r3, [r5, #52]	@ 0x34

  /* Output data rate selection - power down. */
  if (lsm6dso_gy_data_rate_set(&(pObj->Ctx), LSM6DSO_GY_ODR_OFF) != LSM6DSO_OK)
 8000ab2:	2100      	movs	r1, #0
 8000ab4:	4620      	mov	r0, r4
 8000ab6:	f000 fa74 	bl	8000fa2 <lsm6dso_gy_data_rate_set>
 8000aba:	b9d0      	cbnz	r0, 8000af2 <LSM6DSO_Init+0x90>
  {
    return LSM6DSO_ERROR;
  }

  /* Full scale selection. */
  if (lsm6dso_gy_full_scale_set(&(pObj->Ctx), LSM6DSO_2000dps) != LSM6DSO_OK)
 8000abc:	2106      	movs	r1, #6
 8000abe:	4620      	mov	r0, r4
 8000ac0:	f000 f8cb 	bl	8000c5a <lsm6dso_gy_full_scale_set>
 8000ac4:	b9c0      	cbnz	r0, 8000af8 <LSM6DSO_Init+0x96>
  {
    return LSM6DSO_ERROR;
  }

  pObj->is_initialized = 1;
 8000ac6:	2301      	movs	r3, #1
 8000ac8:	f885 3030 	strb.w	r3, [r5, #48]	@ 0x30

  return LSM6DSO_OK;
}
 8000acc:	bd38      	pop	{r3, r4, r5, pc}
    return LSM6DSO_ERROR;
 8000ace:	f04f 30ff 	mov.w	r0, #4294967295
 8000ad2:	e7fb      	b.n	8000acc <LSM6DSO_Init+0x6a>
    return LSM6DSO_ERROR;
 8000ad4:	f04f 30ff 	mov.w	r0, #4294967295
 8000ad8:	e7f8      	b.n	8000acc <LSM6DSO_Init+0x6a>
    return LSM6DSO_ERROR;
 8000ada:	f04f 30ff 	mov.w	r0, #4294967295
 8000ade:	e7f5      	b.n	8000acc <LSM6DSO_Init+0x6a>
    return LSM6DSO_ERROR;
 8000ae0:	f04f 30ff 	mov.w	r0, #4294967295
 8000ae4:	e7f2      	b.n	8000acc <LSM6DSO_Init+0x6a>
    return LSM6DSO_ERROR;
 8000ae6:	f04f 30ff 	mov.w	r0, #4294967295
 8000aea:	e7ef      	b.n	8000acc <LSM6DSO_Init+0x6a>
    return LSM6DSO_ERROR;
 8000aec:	f04f 30ff 	mov.w	r0, #4294967295
 8000af0:	e7ec      	b.n	8000acc <LSM6DSO_Init+0x6a>
    return LSM6DSO_ERROR;
 8000af2:	f04f 30ff 	mov.w	r0, #4294967295
 8000af6:	e7e9      	b.n	8000acc <LSM6DSO_Init+0x6a>
    return LSM6DSO_ERROR;
 8000af8:	f04f 30ff 	mov.w	r0, #4294967295
 8000afc:	e7e6      	b.n	8000acc <LSM6DSO_Init+0x6a>

08000afe <LSM6DSO_ReadID>:
  * @param  pObj the device pObj
  * @param  Id the WHO_AM_I value
  * @retval 0 in case of success, an error code otherwise
  */
int32_t LSM6DSO_ReadID(LSM6DSO_Object_t *pObj, uint8_t *Id)
{
 8000afe:	b508      	push	{r3, lr}
  if (lsm6dso_device_id_get(&(pObj->Ctx), Id) != LSM6DSO_OK)
 8000b00:	3020      	adds	r0, #32
 8000b02:	f000 f917 	bl	8000d34 <lsm6dso_device_id_get>
 8000b06:	b900      	cbnz	r0, 8000b0a <LSM6DSO_ReadID+0xc>
  {
    return LSM6DSO_ERROR;
  }

  return LSM6DSO_OK;
}
 8000b08:	bd08      	pop	{r3, pc}
    return LSM6DSO_ERROR;
 8000b0a:	f04f 30ff 	mov.w	r0, #4294967295
 8000b0e:	e7fb      	b.n	8000b08 <LSM6DSO_ReadID+0xa>

08000b10 <LSM6DSO_ACC_GetSensitivity>:
  * @param  pObj the device pObj
  * @param  Sensitivity pointer
  * @retval 0 in case of success, an error code otherwise
  */
int32_t LSM6DSO_ACC_GetSensitivity(LSM6DSO_Object_t *pObj, float_t *Sensitivity)
{
 8000b10:	b510      	push	{r4, lr}
 8000b12:	b082      	sub	sp, #8
 8000b14:	460c      	mov	r4, r1
  int32_t ret = LSM6DSO_OK;
  lsm6dso_fs_xl_t full_scale;

  /* Read actual full scale selection from sensor. */
  if (lsm6dso_xl_full_scale_get(&(pObj->Ctx), &full_scale) != LSM6DSO_OK)
 8000b16:	f10d 0107 	add.w	r1, sp, #7
 8000b1a:	3020      	adds	r0, #32
 8000b1c:	f000 f87b 	bl	8000c16 <lsm6dso_xl_full_scale_get>
 8000b20:	b9a0      	cbnz	r0, 8000b4c <LSM6DSO_ACC_GetSensitivity+0x3c>
  {
    return LSM6DSO_ERROR;
  }

  /* Store the Sensitivity based on actual full scale. */
  switch (full_scale)
 8000b22:	f89d 3007 	ldrb.w	r3, [sp, #7]
 8000b26:	2b03      	cmp	r3, #3
 8000b28:	d813      	bhi.n	8000b52 <LSM6DSO_ACC_GetSensitivity+0x42>
 8000b2a:	e8df f003 	tbb	[pc, r3]
 8000b2e:	0c02      	.short	0x0c02
 8000b30:	0906      	.short	0x0906
  {
    case LSM6DSO_2g:
      *Sensitivity = LSM6DSO_ACC_SENSITIVITY_FS_2G;
 8000b32:	4b09      	ldr	r3, [pc, #36]	@ (8000b58 <LSM6DSO_ACC_GetSensitivity+0x48>)
 8000b34:	6023      	str	r3, [r4, #0]
      ret = LSM6DSO_ERROR;
      break;
  }

  return ret;
}
 8000b36:	b002      	add	sp, #8
 8000b38:	bd10      	pop	{r4, pc}
      *Sensitivity = LSM6DSO_ACC_SENSITIVITY_FS_4G;
 8000b3a:	4b08      	ldr	r3, [pc, #32]	@ (8000b5c <LSM6DSO_ACC_GetSensitivity+0x4c>)
 8000b3c:	6023      	str	r3, [r4, #0]
      break;
 8000b3e:	e7fa      	b.n	8000b36 <LSM6DSO_ACC_GetSensitivity+0x26>
      *Sensitivity = LSM6DSO_ACC_SENSITIVITY_FS_8G;
 8000b40:	4b07      	ldr	r3, [pc, #28]	@ (8000b60 <LSM6DSO_ACC_GetSensitivity+0x50>)
 8000b42:	6023      	str	r3, [r4, #0]
      break;
 8000b44:	e7f7      	b.n	8000b36 <LSM6DSO_ACC_GetSensitivity+0x26>
      *Sensitivity = LSM6DSO_ACC_SENSITIVITY_FS_16G;
 8000b46:	4b07      	ldr	r3, [pc, #28]	@ (8000b64 <LSM6DSO_ACC_GetSensitivity+0x54>)
 8000b48:	6023      	str	r3, [r4, #0]
      break;
 8000b4a:	e7f4      	b.n	8000b36 <LSM6DSO_ACC_GetSensitivity+0x26>
    return LSM6DSO_ERROR;
 8000b4c:	f04f 30ff 	mov.w	r0, #4294967295
 8000b50:	e7f1      	b.n	8000b36 <LSM6DSO_ACC_GetSensitivity+0x26>
  switch (full_scale)
 8000b52:	f04f 30ff 	mov.w	r0, #4294967295
 8000b56:	e7ee      	b.n	8000b36 <LSM6DSO_ACC_GetSensitivity+0x26>
 8000b58:	3d79db23 	.word	0x3d79db23
 8000b5c:	3df9db23 	.word	0x3df9db23
 8000b60:	3e79db23 	.word	0x3e79db23
 8000b64:	3ef9db23 	.word	0x3ef9db23

08000b68 <LSM6DSO_ACC_GetAxes>:
  * @param  pObj the device pObj
  * @param  Acceleration pointer where the values of the axes are written
  * @retval 0 in case of success, an error code otherwise
  */
int32_t LSM6DSO_ACC_GetAxes(LSM6DSO_Object_t *pObj, LSM6DSO_Axes_t *Acceleration)
{
 8000b68:	b530      	push	{r4, r5, lr}
 8000b6a:	b085      	sub	sp, #20
 8000b6c:	4605      	mov	r5, r0
 8000b6e:	460c      	mov	r4, r1
  lsm6dso_axis3bit16_t data_raw;
  float_t sensitivity = 0.0f;
 8000b70:	2300      	movs	r3, #0
 8000b72:	9301      	str	r3, [sp, #4]

  /* Read raw data values. */
  if (lsm6dso_acceleration_raw_get(&(pObj->Ctx), data_raw.i16bit) != LSM6DSO_OK)
 8000b74:	a902      	add	r1, sp, #8
 8000b76:	3020      	adds	r0, #32
 8000b78:	f000 f8a1 	bl	8000cbe <lsm6dso_acceleration_raw_get>
 8000b7c:	bb60      	cbnz	r0, 8000bd8 <LSM6DSO_ACC_GetAxes+0x70>
  {
    return LSM6DSO_ERROR;
  }

  /* Get LSM6DSO actual sensitivity. */
  if (LSM6DSO_ACC_GetSensitivity(pObj, &sensitivity) != LSM6DSO_OK)
 8000b7e:	a901      	add	r1, sp, #4
 8000b80:	4628      	mov	r0, r5
 8000b82:	f7ff ffc5 	bl	8000b10 <LSM6DSO_ACC_GetSensitivity>
 8000b86:	bb50      	cbnz	r0, 8000bde <LSM6DSO_ACC_GetAxes+0x76>
  {
    return LSM6DSO_ERROR;
  }

  /* Calculate the data. */
  Acceleration->x = (int32_t)((float_t)((float_t)data_raw.i16bit[0] * sensitivity));
 8000b88:	f9bd 3008 	ldrsh.w	r3, [sp, #8]
 8000b8c:	ee07 3a10 	vmov	s14, r3
 8000b90:	eeb8 7ac7 	vcvt.f32.s32	s14, s14
 8000b94:	eddd 7a01 	vldr	s15, [sp, #4]
 8000b98:	ee27 7a27 	vmul.f32	s14, s14, s15
 8000b9c:	eebd 7ac7 	vcvt.s32.f32	s14, s14
 8000ba0:	ed84 7a00 	vstr	s14, [r4]
  Acceleration->y = (int32_t)((float_t)((float_t)data_raw.i16bit[1] * sensitivity));
 8000ba4:	f9bd 300a 	ldrsh.w	r3, [sp, #10]
 8000ba8:	ee07 3a10 	vmov	s14, r3
 8000bac:	eeb8 7ac7 	vcvt.f32.s32	s14, s14
 8000bb0:	ee27 7a27 	vmul.f32	s14, s14, s15
 8000bb4:	eebd 7ac7 	vcvt.s32.f32	s14, s14
 8000bb8:	ed84 7a01 	vstr	s14, [r4, #4]
  Acceleration->z = (int32_t)((float_t)((float_t)data_raw.i16bit[2] * sensitivity));
 8000bbc:	f9bd 300c 	ldrsh.w	r3, [sp, #12]
 8000bc0:	ee07 3a10 	vmov	s14, r3
 8000bc4:	eeb8 7ac7 	vcvt.f32.s32	s14, s14
 8000bc8:	ee67 7a87 	vmul.f32	s15, s15, s14
 8000bcc:	eefd 7ae7 	vcvt.s32.f32	s15, s15
 8000bd0:	edc4 7a02 	vstr	s15, [r4, #8]

  return LSM6DSO_OK;
}
 8000bd4:	b005      	add	sp, #20
 8000bd6:	bd30      	pop	{r4, r5, pc}
    return LSM6DSO_ERROR;
 8000bd8:	f04f 30ff 	mov.w	r0, #4294967295
 8000bdc:	e7fa      	b.n	8000bd4 <LSM6DSO_ACC_GetAxes+0x6c>
    return LSM6DSO_ERROR;
 8000bde:	f04f 30ff 	mov.w	r0, #4294967295
 8000be2:	e7f7      	b.n	8000bd4 <LSM6DSO_ACC_GetAxes+0x6c>

08000be4 <lsm6dso_xl_full_scale_set>:
  * @retval             interface status (MANDATORY: return 0 -> no Error)
  *
  */
int32_t lsm6dso_xl_full_scale_set(stmdev_ctx_t *ctx,
                                  lsm6dso_fs_xl_t val)
{
 8000be4:	b530      	push	{r4, r5, lr}
 8000be6:	b083      	sub	sp, #12
 8000be8:	4604      	mov	r4, r0
 8000bea:	460d      	mov	r5, r1
  lsm6dso_ctrl1_xl_t reg;
  int32_t ret;

  ret = lsm6dso_read_reg(ctx, LSM6DSO_CTRL1_XL, (uint8_t *)&reg, 1);
 8000bec:	2301      	movs	r3, #1
 8000bee:	aa01      	add	r2, sp, #4
 8000bf0:	2110      	movs	r1, #16
 8000bf2:	f000 fb45 	bl	8001280 <lsm6dso_read_reg>

  if (ret == 0)
 8000bf6:	b108      	cbz	r0, 8000bfc <lsm6dso_xl_full_scale_set+0x18>
    reg.fs_xl = (uint8_t) val;
    ret = lsm6dso_write_reg(ctx, LSM6DSO_CTRL1_XL, (uint8_t *)&reg, 1);
  }

  return ret;
}
 8000bf8:	b003      	add	sp, #12
 8000bfa:	bd30      	pop	{r4, r5, pc}
    reg.fs_xl = (uint8_t) val;
 8000bfc:	f89d 3004 	ldrb.w	r3, [sp, #4]
 8000c00:	f365 0383 	bfi	r3, r5, #2, #2
 8000c04:	f88d 3004 	strb.w	r3, [sp, #4]
    ret = lsm6dso_write_reg(ctx, LSM6DSO_CTRL1_XL, (uint8_t *)&reg, 1);
 8000c08:	2301      	movs	r3, #1
 8000c0a:	aa01      	add	r2, sp, #4
 8000c0c:	2110      	movs	r1, #16
 8000c0e:	4620      	mov	r0, r4
 8000c10:	f000 fb16 	bl	8001240 <lsm6dso_write_reg>
  return ret;
 8000c14:	e7f0      	b.n	8000bf8 <lsm6dso_xl_full_scale_set+0x14>

08000c16 <lsm6dso_xl_full_scale_get>:
  * @retval             interface status (MANDATORY: return 0 -> no Error)
  *
  */
int32_t lsm6dso_xl_full_scale_get(stmdev_ctx_t *ctx,
                                  lsm6dso_fs_xl_t *val)
{
 8000c16:	b510      	push	{r4, lr}
 8000c18:	b082      	sub	sp, #8
 8000c1a:	460c      	mov	r4, r1
  lsm6dso_ctrl1_xl_t reg;
  int32_t ret;

  ret = lsm6dso_read_reg(ctx, LSM6DSO_CTRL1_XL, (uint8_t *)&reg, 1);
 8000c1c:	2301      	movs	r3, #1
 8000c1e:	aa01      	add	r2, sp, #4
 8000c20:	2110      	movs	r1, #16
 8000c22:	f000 fb2d 	bl	8001280 <lsm6dso_read_reg>

  switch (reg.fs_xl)
 8000c26:	f89d 3004 	ldrb.w	r3, [sp, #4]
 8000c2a:	f3c3 0381 	ubfx	r3, r3, #2, #2
 8000c2e:	2b03      	cmp	r3, #3
 8000c30:	d810      	bhi.n	8000c54 <lsm6dso_xl_full_scale_get+0x3e>
 8000c32:	e8df f003 	tbb	[pc, r3]
 8000c36:	0602      	.short	0x0602
 8000c38:	0c09      	.short	0x0c09
  {
    case LSM6DSO_2g:
      *val = LSM6DSO_2g;
 8000c3a:	2300      	movs	r3, #0
 8000c3c:	7023      	strb	r3, [r4, #0]
      *val = LSM6DSO_2g;
      break;
  }

  return ret;
}
 8000c3e:	b002      	add	sp, #8
 8000c40:	bd10      	pop	{r4, pc}
      *val = LSM6DSO_16g;
 8000c42:	2301      	movs	r3, #1
 8000c44:	7023      	strb	r3, [r4, #0]
      break;
 8000c46:	e7fa      	b.n	8000c3e <lsm6dso_xl_full_scale_get+0x28>
      *val = LSM6DSO_4g;
 8000c48:	2302      	movs	r3, #2
 8000c4a:	7023      	strb	r3, [r4, #0]
      break;
 8000c4c:	e7f7      	b.n	8000c3e <lsm6dso_xl_full_scale_get+0x28>
      *val = LSM6DSO_8g;
 8000c4e:	2303      	movs	r3, #3
 8000c50:	7023      	strb	r3, [r4, #0]
      break;
 8000c52:	e7f4      	b.n	8000c3e <lsm6dso_xl_full_scale_get+0x28>
      *val = LSM6DSO_2g;
 8000c54:	2300      	movs	r3, #0
 8000c56:	7023      	strb	r3, [r4, #0]
  return ret;
 8000c58:	e7f1      	b.n	8000c3e <lsm6dso_xl_full_scale_get+0x28>

08000c5a <lsm6dso_gy_full_scale_set>:
  * @retval             interface status (MANDATORY: return 0 -> no Error)
  *
  */
int32_t lsm6dso_gy_full_scale_set(stmdev_ctx_t *ctx,
                                  lsm6dso_fs_g_t val)
{
 8000c5a:	b530      	push	{r4, r5, lr}
 8000c5c:	b083      	sub	sp, #12
 8000c5e:	4604      	mov	r4, r0
 8000c60:	460d      	mov	r5, r1
  lsm6dso_ctrl2_g_t reg;
  int32_t ret;

  ret = lsm6dso_read_reg(ctx, LSM6DSO_CTRL2_G, (uint8_t *)&reg, 1);
 8000c62:	2301      	movs	r3, #1
 8000c64:	aa01      	add	r2, sp, #4
 8000c66:	2111      	movs	r1, #17
 8000c68:	f000 fb0a 	bl	8001280 <lsm6dso_read_reg>

  if (ret == 0)
 8000c6c:	b108      	cbz	r0, 8000c72 <lsm6dso_gy_full_scale_set+0x18>
    reg.fs_g = (uint8_t) val;
    ret = lsm6dso_write_reg(ctx, LSM6DSO_CTRL2_G, (uint8_t *)&reg, 1);
  }

  return ret;
}
 8000c6e:	b003      	add	sp, #12
 8000c70:	bd30      	pop	{r4, r5, pc}
    reg.fs_g = (uint8_t) val;
 8000c72:	f89d 3004 	ldrb.w	r3, [sp, #4]
 8000c76:	f365 0343 	bfi	r3, r5, #1, #3
 8000c7a:	f88d 3004 	strb.w	r3, [sp, #4]
    ret = lsm6dso_write_reg(ctx, LSM6DSO_CTRL2_G, (uint8_t *)&reg, 1);
 8000c7e:	2301      	movs	r3, #1
 8000c80:	aa01      	add	r2, sp, #4
 8000c82:	2111      	movs	r1, #17
 8000c84:	4620      	mov	r0, r4
 8000c86:	f000 fadb 	bl	8001240 <lsm6dso_write_reg>
  return ret;
 8000c8a:	e7f0      	b.n	8000c6e <lsm6dso_gy_full_scale_set+0x14>

08000c8c <lsm6dso_block_data_update_set>:
  * @param  val      change the values of bdu in reg CTRL3_C
  * @retval             interface status (MANDATORY: return 0 -> no Error)
  *
  */
int32_t lsm6dso_block_data_update_set(stmdev_ctx_t *ctx, uint8_t val)
{
 8000c8c:	b530      	push	{r4, r5, lr}
 8000c8e:	b083      	sub	sp, #12
 8000c90:	4604      	mov	r4, r0
 8000c92:	460d      	mov	r5, r1
  lsm6dso_ctrl3_c_t reg;
  int32_t ret;

  ret = lsm6dso_read_reg(ctx, LSM6DSO_CTRL3_C, (uint8_t *)&reg, 1);
 8000c94:	2301      	movs	r3, #1
 8000c96:	aa01      	add	r2, sp, #4
 8000c98:	2112      	movs	r1, #18
 8000c9a:	f000 faf1 	bl	8001280 <lsm6dso_read_reg>

  if (ret == 0)
 8000c9e:	b108      	cbz	r0, 8000ca4 <lsm6dso_block_data_update_set+0x18>
    reg.bdu = val;
    ret = lsm6dso_write_reg(ctx, LSM6DSO_CTRL3_C, (uint8_t *)&reg, 1);
  }

  return ret;
}
 8000ca0:	b003      	add	sp, #12
 8000ca2:	bd30      	pop	{r4, r5, pc}
    reg.bdu = val;
 8000ca4:	f89d 3004 	ldrb.w	r3, [sp, #4]
 8000ca8:	f365 1386 	bfi	r3, r5, #6, #1
 8000cac:	f88d 3004 	strb.w	r3, [sp, #4]
    ret = lsm6dso_write_reg(ctx, LSM6DSO_CTRL3_C, (uint8_t *)&reg, 1);
 8000cb0:	2301      	movs	r3, #1
 8000cb2:	aa01      	add	r2, sp, #4
 8000cb4:	2112      	movs	r1, #18
 8000cb6:	4620      	mov	r0, r4
 8000cb8:	f000 fac2 	bl	8001240 <lsm6dso_write_reg>
  return ret;
 8000cbc:	e7f0      	b.n	8000ca0 <lsm6dso_block_data_update_set+0x14>

08000cbe <lsm6dso_acceleration_raw_get>:
  * @param  buff     buffer that stores data read
  * @retval             interface status (MANDATORY: return 0 -> no Error)
  *
  */
int32_t lsm6dso_acceleration_raw_get(stmdev_ctx_t *ctx, int16_t *val)
{
 8000cbe:	b510      	push	{r4, lr}
 8000cc0:	b082      	sub	sp, #8
 8000cc2:	460c      	mov	r4, r1
  uint8_t buff[6];
  int32_t ret;

  ret = lsm6dso_read_reg(ctx, LSM6DSO_OUTX_L_A, buff, 6);
 8000cc4:	2306      	movs	r3, #6
 8000cc6:	466a      	mov	r2, sp
 8000cc8:	2128      	movs	r1, #40	@ 0x28
 8000cca:	f000 fad9 	bl	8001280 <lsm6dso_read_reg>
  val[0] = (int16_t)buff[1];
 8000cce:	f89d 2001 	ldrb.w	r2, [sp, #1]
 8000cd2:	8022      	strh	r2, [r4, #0]
  val[0] = (val[0] * 256) + (int16_t)buff[0];
 8000cd4:	f89d 3000 	ldrb.w	r3, [sp]
 8000cd8:	eb03 2302 	add.w	r3, r3, r2, lsl #8
 8000cdc:	8023      	strh	r3, [r4, #0]
  val[1] = (int16_t)buff[3];
 8000cde:	f89d 2003 	ldrb.w	r2, [sp, #3]
 8000ce2:	8062      	strh	r2, [r4, #2]
  val[1] = (val[1] * 256) + (int16_t)buff[2];
 8000ce4:	f89d 3002 	ldrb.w	r3, [sp, #2]
 8000ce8:	eb03 2302 	add.w	r3, r3, r2, lsl #8
 8000cec:	8063      	strh	r3, [r4, #2]
  val[2] = (int16_t)buff[5];
 8000cee:	f89d 2005 	ldrb.w	r2, [sp, #5]
 8000cf2:	80a2      	strh	r2, [r4, #4]
  val[2] = (val[2] * 256) + (int16_t)buff[4];
 8000cf4:	f89d 3004 	ldrb.w	r3, [sp, #4]
 8000cf8:	eb03 2302 	add.w	r3, r3, r2, lsl #8
 8000cfc:	80a3      	strh	r3, [r4, #4]

  return ret;
}
 8000cfe:	b002      	add	sp, #8
 8000d00:	bd10      	pop	{r4, pc}

08000d02 <lsm6dso_mem_bank_set>:
  * @retval             interface status (MANDATORY: return 0 -> no Error)
  *
  */
int32_t lsm6dso_mem_bank_set(stmdev_ctx_t *ctx,
                             lsm6dso_reg_access_t val)
{
 8000d02:	b530      	push	{r4, r5, lr}
 8000d04:	b083      	sub	sp, #12
 8000d06:	4604      	mov	r4, r0
 8000d08:	460d      	mov	r5, r1
  lsm6dso_func_cfg_access_t reg;
  int32_t ret;

  ret = lsm6dso_read_reg(ctx, LSM6DSO_FUNC_CFG_ACCESS, (uint8_t *)&reg, 1);
 8000d0a:	2301      	movs	r3, #1
 8000d0c:	aa01      	add	r2, sp, #4
 8000d0e:	4619      	mov	r1, r3
 8000d10:	f000 fab6 	bl	8001280 <lsm6dso_read_reg>

  if (ret == 0)
 8000d14:	b108      	cbz	r0, 8000d1a <lsm6dso_mem_bank_set+0x18>
    reg.reg_access = (uint8_t)val;
    ret = lsm6dso_write_reg(ctx, LSM6DSO_FUNC_CFG_ACCESS, (uint8_t *)&reg, 1);
  }

  return ret;
}
 8000d16:	b003      	add	sp, #12
 8000d18:	bd30      	pop	{r4, r5, pc}
    reg.reg_access = (uint8_t)val;
 8000d1a:	f89d 3004 	ldrb.w	r3, [sp, #4]
 8000d1e:	f365 1387 	bfi	r3, r5, #6, #2
 8000d22:	f88d 3004 	strb.w	r3, [sp, #4]
    ret = lsm6dso_write_reg(ctx, LSM6DSO_FUNC_CFG_ACCESS, (uint8_t *)&reg, 1);
 8000d26:	2301      	movs	r3, #1
 8000d28:	aa01      	add	r2, sp, #4
 8000d2a:	4619      	mov	r1, r3
 8000d2c:	4620      	mov	r0, r4
 8000d2e:	f000 fa87 	bl	8001240 <lsm6dso_write_reg>
  return ret;
 8000d32:	e7f0      	b.n	8000d16 <lsm6dso_mem_bank_set+0x14>

08000d34 <lsm6dso_device_id_get>:
  * @param  buff     buffer that stores data read
  * @retval             interface status (MANDATORY: return 0 -> no Error)
  *
  */
int32_t lsm6dso_device_id_get(stmdev_ctx_t *ctx, uint8_t *buff)
{
 8000d34:	b508      	push	{r3, lr}
 8000d36:	460a      	mov	r2, r1
  int32_t ret;

  ret = lsm6dso_read_reg(ctx, LSM6DSO_WHO_AM_I, buff, 1);
 8000d38:	2301      	movs	r3, #1
 8000d3a:	210f      	movs	r1, #15
 8000d3c:	f000 faa0 	bl	8001280 <lsm6dso_read_reg>

  return ret;
}
 8000d40:	bd08      	pop	{r3, pc}

08000d42 <lsm6dso_auto_increment_set>:
  * @param  val      change the values of if_inc in reg CTRL3_C
  * @retval             interface status (MANDATORY: return 0 -> no Error)
  *
  */
int32_t lsm6dso_auto_increment_set(stmdev_ctx_t *ctx, uint8_t val)
{
 8000d42:	b530      	push	{r4, r5, lr}
 8000d44:	b083      	sub	sp, #12
 8000d46:	4604      	mov	r4, r0
 8000d48:	460d      	mov	r5, r1
  lsm6dso_ctrl3_c_t reg;
  int32_t ret;

  ret = lsm6dso_read_reg(ctx, LSM6DSO_CTRL3_C, (uint8_t *)&reg, 1);
 8000d4a:	2301      	movs	r3, #1
 8000d4c:	aa01      	add	r2, sp, #4
 8000d4e:	2112      	movs	r1, #18
 8000d50:	f000 fa96 	bl	8001280 <lsm6dso_read_reg>

  if (ret == 0)
 8000d54:	b108      	cbz	r0, 8000d5a <lsm6dso_auto_increment_set+0x18>
    reg.if_inc = val;
    ret = lsm6dso_write_reg(ctx, LSM6DSO_CTRL3_C, (uint8_t *)&reg, 1);
  }

  return ret;
}
 8000d56:	b003      	add	sp, #12
 8000d58:	bd30      	pop	{r4, r5, pc}
    reg.if_inc = val;
 8000d5a:	f89d 3004 	ldrb.w	r3, [sp, #4]
 8000d5e:	f365 0382 	bfi	r3, r5, #2, #1
 8000d62:	f88d 3004 	strb.w	r3, [sp, #4]
    ret = lsm6dso_write_reg(ctx, LSM6DSO_CTRL3_C, (uint8_t *)&reg, 1);
 8000d66:	2301      	movs	r3, #1
 8000d68:	aa01      	add	r2, sp, #4
 8000d6a:	2112      	movs	r1, #18
 8000d6c:	4620      	mov	r0, r4
 8000d6e:	f000 fa67 	bl	8001240 <lsm6dso_write_reg>
  return ret;
 8000d72:	e7f0      	b.n	8000d56 <lsm6dso_auto_increment_set+0x14>

08000d74 <lsm6dso_i3c_disable_set>:
  * @retval             interface status (MANDATORY: return 0 -> no Error)
  *
  */
int32_t lsm6dso_i3c_disable_set(stmdev_ctx_t *ctx,
                                lsm6dso_i3c_disable_t val)
{
 8000d74:	b530      	push	{r4, r5, lr}
 8000d76:	b083      	sub	sp, #12
 8000d78:	4605      	mov	r5, r0
 8000d7a:	460c      	mov	r4, r1
  lsm6dso_i3c_bus_avb_t i3c_bus_avb;
  lsm6dso_ctrl9_xl_t ctrl9_xl;
  int32_t ret;

  ret = lsm6dso_read_reg(ctx, LSM6DSO_CTRL9_XL, (uint8_t *)&ctrl9_xl, 1);
 8000d7c:	2301      	movs	r3, #1
 8000d7e:	466a      	mov	r2, sp
 8000d80:	2118      	movs	r1, #24
 8000d82:	f000 fa7d 	bl	8001280 <lsm6dso_read_reg>

  if (ret == 0)
 8000d86:	4603      	mov	r3, r0
 8000d88:	b118      	cbz	r0, 8000d92 <lsm6dso_i3c_disable_set+0x1e>
  {
    ret = lsm6dso_read_reg(ctx, LSM6DSO_I3C_BUS_AVB,
                           (uint8_t *)&i3c_bus_avb, 1);
  }

  if (ret == 0)
 8000d8a:	b1d3      	cbz	r3, 8000dc2 <lsm6dso_i3c_disable_set+0x4e>
    ret = lsm6dso_write_reg(ctx, LSM6DSO_I3C_BUS_AVB,
                            (uint8_t *)&i3c_bus_avb, 1);
  }

  return ret;
}
 8000d8c:	4618      	mov	r0, r3
 8000d8e:	b003      	add	sp, #12
 8000d90:	bd30      	pop	{r4, r5, pc}
    ctrl9_xl.i3c_disable = ((uint8_t)val & 0x80U) >> 7;
 8000d92:	09e3      	lsrs	r3, r4, #7
 8000d94:	f89d 2000 	ldrb.w	r2, [sp]
 8000d98:	f363 0241 	bfi	r2, r3, #1, #1
 8000d9c:	f88d 2000 	strb.w	r2, [sp]
    ret = lsm6dso_write_reg(ctx, LSM6DSO_CTRL9_XL, (uint8_t *)&ctrl9_xl, 1);
 8000da0:	2301      	movs	r3, #1
 8000da2:	466a      	mov	r2, sp
 8000da4:	2118      	movs	r1, #24
 8000da6:	4628      	mov	r0, r5
 8000da8:	f000 fa4a 	bl	8001240 <lsm6dso_write_reg>
  if (ret == 0)
 8000dac:	4603      	mov	r3, r0
 8000dae:	2800      	cmp	r0, #0
 8000db0:	d1ec      	bne.n	8000d8c <lsm6dso_i3c_disable_set+0x18>
    ret = lsm6dso_read_reg(ctx, LSM6DSO_I3C_BUS_AVB,
 8000db2:	2301      	movs	r3, #1
 8000db4:	aa01      	add	r2, sp, #4
 8000db6:	2162      	movs	r1, #98	@ 0x62
 8000db8:	4628      	mov	r0, r5
 8000dba:	f000 fa61 	bl	8001280 <lsm6dso_read_reg>
 8000dbe:	4603      	mov	r3, r0
 8000dc0:	e7e3      	b.n	8000d8a <lsm6dso_i3c_disable_set+0x16>
    i3c_bus_avb.i3c_bus_avb_sel = (uint8_t)val & 0x03U;
 8000dc2:	f89d 3004 	ldrb.w	r3, [sp, #4]
 8000dc6:	f364 03c4 	bfi	r3, r4, #3, #2
 8000dca:	f88d 3004 	strb.w	r3, [sp, #4]
    ret = lsm6dso_write_reg(ctx, LSM6DSO_I3C_BUS_AVB,
 8000dce:	2301      	movs	r3, #1
 8000dd0:	aa01      	add	r2, sp, #4
 8000dd2:	2162      	movs	r1, #98	@ 0x62
 8000dd4:	4628      	mov	r0, r5
 8000dd6:	f000 fa33 	bl	8001240 <lsm6dso_write_reg>
 8000dda:	4603      	mov	r3, r0
  return ret;
 8000ddc:	e7d6      	b.n	8000d8c <lsm6dso_i3c_disable_set+0x18>

08000dde <lsm6dso_fifo_mode_set>:
  * @retval             interface status (MANDATORY: return 0 -> no Error)
  *
  */
int32_t lsm6dso_fifo_mode_set(stmdev_ctx_t *ctx,
                              lsm6dso_fifo_mode_t val)
{
 8000dde:	b530      	push	{r4, r5, lr}
 8000de0:	b083      	sub	sp, #12
 8000de2:	4604      	mov	r4, r0
 8000de4:	460d      	mov	r5, r1
  lsm6dso_fifo_ctrl4_t reg;
  int32_t ret;

  ret = lsm6dso_read_reg(ctx, LSM6DSO_FIFO_CTRL4, (uint8_t *)&reg, 1);
 8000de6:	2301      	movs	r3, #1
 8000de8:	aa01      	add	r2, sp, #4
 8000dea:	210a      	movs	r1, #10
 8000dec:	f000 fa48 	bl	8001280 <lsm6dso_read_reg>

  if (ret == 0)
 8000df0:	b108      	cbz	r0, 8000df6 <lsm6dso_fifo_mode_set+0x18>
    reg.fifo_mode = (uint8_t)val;
    ret = lsm6dso_write_reg(ctx, LSM6DSO_FIFO_CTRL4, (uint8_t *)&reg, 1);
  }

  return ret;
}
 8000df2:	b003      	add	sp, #12
 8000df4:	bd30      	pop	{r4, r5, pc}
    reg.fifo_mode = (uint8_t)val;
 8000df6:	f89d 3004 	ldrb.w	r3, [sp, #4]
 8000dfa:	f365 0302 	bfi	r3, r5, #0, #3
 8000dfe:	f88d 3004 	strb.w	r3, [sp, #4]
    ret = lsm6dso_write_reg(ctx, LSM6DSO_FIFO_CTRL4, (uint8_t *)&reg, 1);
 8000e02:	2301      	movs	r3, #1
 8000e04:	aa01      	add	r2, sp, #4
 8000e06:	210a      	movs	r1, #10
 8000e08:	4620      	mov	r0, r4
 8000e0a:	f000 fa19 	bl	8001240 <lsm6dso_write_reg>
  return ret;
 8000e0e:	e7f0      	b.n	8000df2 <lsm6dso_fifo_mode_set+0x14>

08000e10 <lsm6dso_fsm_enable_get>:
  * @retval             interface status (MANDATORY: return 0 -> no Error)
  *
  */
int32_t lsm6dso_fsm_enable_get(stmdev_ctx_t *ctx,
                               lsm6dso_emb_fsm_enable_t *val)
{
 8000e10:	b538      	push	{r3, r4, r5, lr}
 8000e12:	4604      	mov	r4, r0
 8000e14:	460d      	mov	r5, r1
  int32_t ret;

  ret = lsm6dso_mem_bank_set(ctx, LSM6DSO_EMBEDDED_FUNC_BANK);
 8000e16:	2102      	movs	r1, #2
 8000e18:	f7ff ff73 	bl	8000d02 <lsm6dso_mem_bank_set>

  if (ret == 0)
 8000e1c:	b100      	cbz	r0, 8000e20 <lsm6dso_fsm_enable_get+0x10>
  {
    ret = lsm6dso_mem_bank_set(ctx, LSM6DSO_USER_BANK);
  }

  return ret;
}
 8000e1e:	bd38      	pop	{r3, r4, r5, pc}
    ret = lsm6dso_read_reg(ctx, LSM6DSO_FSM_ENABLE_A, (uint8_t *) val, 2);
 8000e20:	2302      	movs	r3, #2
 8000e22:	462a      	mov	r2, r5
 8000e24:	2146      	movs	r1, #70	@ 0x46
 8000e26:	4620      	mov	r0, r4
 8000e28:	f000 fa2a 	bl	8001280 <lsm6dso_read_reg>
  if (ret == 0)
 8000e2c:	2800      	cmp	r0, #0
 8000e2e:	d1f6      	bne.n	8000e1e <lsm6dso_fsm_enable_get+0xe>
    ret = lsm6dso_mem_bank_set(ctx, LSM6DSO_USER_BANK);
 8000e30:	2100      	movs	r1, #0
 8000e32:	4620      	mov	r0, r4
 8000e34:	f7ff ff65 	bl	8000d02 <lsm6dso_mem_bank_set>
  return ret;
 8000e38:	e7f1      	b.n	8000e1e <lsm6dso_fsm_enable_get+0xe>

08000e3a <lsm6dso_fsm_data_rate_get>:
  * @retval             interface status (MANDATORY: return 0 -> no Error)
  *
  */
int32_t lsm6dso_fsm_data_rate_get(stmdev_ctx_t *ctx,
                                  lsm6dso_fsm_odr_t *val)
{
 8000e3a:	b530      	push	{r4, r5, lr}
 8000e3c:	b083      	sub	sp, #12
 8000e3e:	4605      	mov	r5, r0
 8000e40:	460c      	mov	r4, r1
  lsm6dso_emb_func_odr_cfg_b_t reg;
  int32_t ret;

  ret = lsm6dso_mem_bank_set(ctx, LSM6DSO_EMBEDDED_FUNC_BANK);
 8000e42:	2102      	movs	r1, #2
 8000e44:	f7ff ff5d 	bl	8000d02 <lsm6dso_mem_bank_set>

  if (ret == 0)
 8000e48:	b108      	cbz	r0, 8000e4e <lsm6dso_fsm_data_rate_get+0x14>

    ret = lsm6dso_mem_bank_set(ctx, LSM6DSO_USER_BANK);
  }

  return ret;
}
 8000e4a:	b003      	add	sp, #12
 8000e4c:	bd30      	pop	{r4, r5, pc}
    ret = lsm6dso_read_reg(ctx, LSM6DSO_EMB_FUNC_ODR_CFG_B,
 8000e4e:	2301      	movs	r3, #1
 8000e50:	aa01      	add	r2, sp, #4
 8000e52:	215f      	movs	r1, #95	@ 0x5f
 8000e54:	4628      	mov	r0, r5
 8000e56:	f000 fa13 	bl	8001280 <lsm6dso_read_reg>
  if (ret == 0)
 8000e5a:	2800      	cmp	r0, #0
 8000e5c:	d1f5      	bne.n	8000e4a <lsm6dso_fsm_data_rate_get+0x10>
    switch (reg.fsm_odr)
 8000e5e:	f89d 3004 	ldrb.w	r3, [sp, #4]
 8000e62:	f3c3 03c1 	ubfx	r3, r3, #3, #2
 8000e66:	2b03      	cmp	r3, #3
 8000e68:	d813      	bhi.n	8000e92 <lsm6dso_fsm_data_rate_get+0x58>
 8000e6a:	e8df f003 	tbb	[pc, r3]
 8000e6e:	0902      	.short	0x0902
 8000e70:	0f0c      	.short	0x0f0c
        *val = LSM6DSO_ODR_FSM_12Hz5;
 8000e72:	2300      	movs	r3, #0
 8000e74:	7023      	strb	r3, [r4, #0]
    ret = lsm6dso_mem_bank_set(ctx, LSM6DSO_USER_BANK);
 8000e76:	2100      	movs	r1, #0
 8000e78:	4628      	mov	r0, r5
 8000e7a:	f7ff ff42 	bl	8000d02 <lsm6dso_mem_bank_set>
  return ret;
 8000e7e:	e7e4      	b.n	8000e4a <lsm6dso_fsm_data_rate_get+0x10>
        *val = LSM6DSO_ODR_FSM_26Hz;
 8000e80:	2301      	movs	r3, #1
 8000e82:	7023      	strb	r3, [r4, #0]
        break;
 8000e84:	e7f7      	b.n	8000e76 <lsm6dso_fsm_data_rate_get+0x3c>
        *val = LSM6DSO_ODR_FSM_52Hz;
 8000e86:	2302      	movs	r3, #2
 8000e88:	7023      	strb	r3, [r4, #0]
        break;
 8000e8a:	e7f4      	b.n	8000e76 <lsm6dso_fsm_data_rate_get+0x3c>
        *val = LSM6DSO_ODR_FSM_104Hz;
 8000e8c:	2303      	movs	r3, #3
 8000e8e:	7023      	strb	r3, [r4, #0]
        break;
 8000e90:	e7f1      	b.n	8000e76 <lsm6dso_fsm_data_rate_get+0x3c>
        *val = LSM6DSO_ODR_FSM_12Hz5;
 8000e92:	2300      	movs	r3, #0
 8000e94:	7023      	strb	r3, [r4, #0]
        break;
 8000e96:	e7ee      	b.n	8000e76 <lsm6dso_fsm_data_rate_get+0x3c>

08000e98 <lsm6dso_xl_data_rate_set>:
{
 8000e98:	b530      	push	{r4, r5, lr}
 8000e9a:	b083      	sub	sp, #12
 8000e9c:	4604      	mov	r4, r0
 8000e9e:	460d      	mov	r5, r1
  ret =  lsm6dso_fsm_enable_get(ctx, &fsm_enable);
 8000ea0:	a901      	add	r1, sp, #4
 8000ea2:	f7ff ffb5 	bl	8000e10 <lsm6dso_fsm_enable_get>
  if (ret == 0)
 8000ea6:	4602      	mov	r2, r0
 8000ea8:	bbc8      	cbnz	r0, 8000f1e <lsm6dso_xl_data_rate_set+0x86>
    if ((fsm_enable.fsm_enable_a.fsm1_en  |
 8000eaa:	f89d 1004 	ldrb.w	r1, [sp, #4]
 8000eae:	f001 0301 	and.w	r3, r1, #1
         fsm_enable.fsm_enable_a.fsm2_en  |
 8000eb2:	f3c1 0040 	ubfx	r0, r1, #1, #1
    if ((fsm_enable.fsm_enable_a.fsm1_en  |
 8000eb6:	4303      	orrs	r3, r0
         fsm_enable.fsm_enable_a.fsm3_en  |
 8000eb8:	f3c1 0080 	ubfx	r0, r1, #2, #1
         fsm_enable.fsm_enable_a.fsm2_en  |
 8000ebc:	4303      	orrs	r3, r0
         fsm_enable.fsm_enable_a.fsm4_en  |
 8000ebe:	f3c1 00c0 	ubfx	r0, r1, #3, #1
         fsm_enable.fsm_enable_a.fsm3_en  |
 8000ec2:	4303      	orrs	r3, r0
         fsm_enable.fsm_enable_a.fsm5_en  |
 8000ec4:	f3c1 1000 	ubfx	r0, r1, #4, #1
         fsm_enable.fsm_enable_a.fsm4_en  |
 8000ec8:	4303      	orrs	r3, r0
         fsm_enable.fsm_enable_a.fsm6_en  |
 8000eca:	f3c1 1040 	ubfx	r0, r1, #5, #1
         fsm_enable.fsm_enable_a.fsm5_en  |
 8000ece:	4303      	orrs	r3, r0
         fsm_enable.fsm_enable_a.fsm7_en  |
 8000ed0:	f3c1 1080 	ubfx	r0, r1, #6, #1
         fsm_enable.fsm_enable_a.fsm6_en  |
 8000ed4:	4303      	orrs	r3, r0
         fsm_enable.fsm_enable_a.fsm7_en  |
 8000ed6:	ea43 13d1 	orr.w	r3, r3, r1, lsr #7
         fsm_enable.fsm_enable_b.fsm9_en  |
 8000eda:	f89d 1005 	ldrb.w	r1, [sp, #5]
 8000ede:	f001 0001 	and.w	r0, r1, #1
         fsm_enable.fsm_enable_a.fsm8_en  |
 8000ee2:	4303      	orrs	r3, r0
         fsm_enable.fsm_enable_b.fsm10_en |
 8000ee4:	f3c1 0040 	ubfx	r0, r1, #1, #1
         fsm_enable.fsm_enable_b.fsm9_en  |
 8000ee8:	4303      	orrs	r3, r0
         fsm_enable.fsm_enable_b.fsm11_en |
 8000eea:	f3c1 0080 	ubfx	r0, r1, #2, #1
         fsm_enable.fsm_enable_b.fsm10_en |
 8000eee:	4303      	orrs	r3, r0
         fsm_enable.fsm_enable_b.fsm12_en |
 8000ef0:	f3c1 00c0 	ubfx	r0, r1, #3, #1
         fsm_enable.fsm_enable_b.fsm11_en |
 8000ef4:	4303      	orrs	r3, r0
         fsm_enable.fsm_enable_b.fsm13_en |
 8000ef6:	f3c1 1000 	ubfx	r0, r1, #4, #1
         fsm_enable.fsm_enable_b.fsm12_en |
 8000efa:	4303      	orrs	r3, r0
         fsm_enable.fsm_enable_b.fsm14_en |
 8000efc:	f3c1 1040 	ubfx	r0, r1, #5, #1
         fsm_enable.fsm_enable_b.fsm13_en |
 8000f00:	4303      	orrs	r3, r0
         fsm_enable.fsm_enable_b.fsm15_en |
 8000f02:	f3c1 1080 	ubfx	r0, r1, #6, #1
         fsm_enable.fsm_enable_b.fsm14_en |
 8000f06:	4303      	orrs	r3, r0
    if ((fsm_enable.fsm_enable_a.fsm1_en  |
 8000f08:	ea53 13d1 	orrs.w	r3, r3, r1, lsr #7
 8000f0c:	d10c      	bne.n	8000f28 <lsm6dso_xl_data_rate_set+0x90>
  if (ret == 0)
 8000f0e:	b942      	cbnz	r2, 8000f22 <lsm6dso_xl_data_rate_set+0x8a>
    ret = lsm6dso_read_reg(ctx, LSM6DSO_CTRL1_XL, (uint8_t *)&reg, 1);
 8000f10:	2301      	movs	r3, #1
 8000f12:	466a      	mov	r2, sp
 8000f14:	2110      	movs	r1, #16
 8000f16:	4620      	mov	r0, r4
 8000f18:	f000 f9b2 	bl	8001280 <lsm6dso_read_reg>
 8000f1c:	4602      	mov	r2, r0
  if (ret == 0)
 8000f1e:	2a00      	cmp	r2, #0
 8000f20:	d031      	beq.n	8000f86 <lsm6dso_xl_data_rate_set+0xee>
}
 8000f22:	4610      	mov	r0, r2
 8000f24:	b003      	add	sp, #12
 8000f26:	bd30      	pop	{r4, r5, pc}
      ret =  lsm6dso_fsm_data_rate_get(ctx, &fsm_odr);
 8000f28:	f10d 0103 	add.w	r1, sp, #3
 8000f2c:	4620      	mov	r0, r4
 8000f2e:	f7ff ff84 	bl	8000e3a <lsm6dso_fsm_data_rate_get>
      if (ret == 0)
 8000f32:	4602      	mov	r2, r0
 8000f34:	2800      	cmp	r0, #0
 8000f36:	d1f4      	bne.n	8000f22 <lsm6dso_xl_data_rate_set+0x8a>
        switch (fsm_odr)
 8000f38:	f89d 3003 	ldrb.w	r3, [sp, #3]
 8000f3c:	2b03      	cmp	r3, #3
 8000f3e:	d8e6      	bhi.n	8000f0e <lsm6dso_xl_data_rate_set+0x76>
 8000f40:	e8df f003 	tbb	[pc, r3]
 8000f44:	130b0602 	.word	0x130b0602
            if (val == LSM6DSO_XL_ODR_OFF)
 8000f48:	2d00      	cmp	r5, #0
 8000f4a:	d1e0      	bne.n	8000f0e <lsm6dso_xl_data_rate_set+0x76>
              odr_xl = LSM6DSO_XL_ODR_12Hz5;
 8000f4c:	2501      	movs	r5, #1
 8000f4e:	e7de      	b.n	8000f0e <lsm6dso_xl_data_rate_set+0x76>
            if (val == LSM6DSO_XL_ODR_OFF)
 8000f50:	b18d      	cbz	r5, 8000f76 <lsm6dso_xl_data_rate_set+0xde>
            else if (val == LSM6DSO_XL_ODR_12Hz5)
 8000f52:	2d01      	cmp	r5, #1
 8000f54:	d1db      	bne.n	8000f0e <lsm6dso_xl_data_rate_set+0x76>
              odr_xl = LSM6DSO_XL_ODR_26Hz;
 8000f56:	2502      	movs	r5, #2
 8000f58:	e7d9      	b.n	8000f0e <lsm6dso_xl_data_rate_set+0x76>
            if (val == LSM6DSO_XL_ODR_OFF)
 8000f5a:	2d01      	cmp	r5, #1
 8000f5c:	d00d      	beq.n	8000f7a <lsm6dso_xl_data_rate_set+0xe2>
 8000f5e:	2d02      	cmp	r5, #2
 8000f60:	d00d      	beq.n	8000f7e <lsm6dso_xl_data_rate_set+0xe6>
 8000f62:	2d00      	cmp	r5, #0
 8000f64:	d1d3      	bne.n	8000f0e <lsm6dso_xl_data_rate_set+0x76>
        switch (fsm_odr)
 8000f66:	2503      	movs	r5, #3
 8000f68:	e7d1      	b.n	8000f0e <lsm6dso_xl_data_rate_set+0x76>
            if (val == LSM6DSO_XL_ODR_OFF)
 8000f6a:	2d03      	cmp	r5, #3
 8000f6c:	d8cf      	bhi.n	8000f0e <lsm6dso_xl_data_rate_set+0x76>
 8000f6e:	e8df f005 	tbb	[pc, r5]
 8000f72:	0808      	.short	0x0808
 8000f74:	0808      	.short	0x0808
              odr_xl = LSM6DSO_XL_ODR_26Hz;
 8000f76:	2502      	movs	r5, #2
 8000f78:	e7c9      	b.n	8000f0e <lsm6dso_xl_data_rate_set+0x76>
        switch (fsm_odr)
 8000f7a:	2503      	movs	r5, #3
 8000f7c:	e7c7      	b.n	8000f0e <lsm6dso_xl_data_rate_set+0x76>
 8000f7e:	2503      	movs	r5, #3
 8000f80:	e7c5      	b.n	8000f0e <lsm6dso_xl_data_rate_set+0x76>
 8000f82:	2504      	movs	r5, #4
 8000f84:	e7c3      	b.n	8000f0e <lsm6dso_xl_data_rate_set+0x76>
    reg.odr_xl = (uint8_t) odr_xl;
 8000f86:	f89d 3000 	ldrb.w	r3, [sp]
 8000f8a:	f365 1307 	bfi	r3, r5, #4, #4
 8000f8e:	f88d 3000 	strb.w	r3, [sp]
    ret = lsm6dso_write_reg(ctx, LSM6DSO_CTRL1_XL, (uint8_t *)&reg, 1);
 8000f92:	2301      	movs	r3, #1
 8000f94:	466a      	mov	r2, sp
 8000f96:	2110      	movs	r1, #16
 8000f98:	4620      	mov	r0, r4
 8000f9a:	f000 f951 	bl	8001240 <lsm6dso_write_reg>
 8000f9e:	4602      	mov	r2, r0
  return ret;
 8000fa0:	e7bf      	b.n	8000f22 <lsm6dso_xl_data_rate_set+0x8a>

08000fa2 <lsm6dso_gy_data_rate_set>:
{
 8000fa2:	b530      	push	{r4, r5, lr}
 8000fa4:	b083      	sub	sp, #12
 8000fa6:	4604      	mov	r4, r0
 8000fa8:	460d      	mov	r5, r1
  ret =  lsm6dso_fsm_enable_get(ctx, &fsm_enable);
 8000faa:	a901      	add	r1, sp, #4
 8000fac:	f7ff ff30 	bl	8000e10 <lsm6dso_fsm_enable_get>
  if (ret == 0)
 8000fb0:	4602      	mov	r2, r0
 8000fb2:	bbc8      	cbnz	r0, 8001028 <lsm6dso_gy_data_rate_set+0x86>
    if ((fsm_enable.fsm_enable_a.fsm1_en  |
 8000fb4:	f89d 1004 	ldrb.w	r1, [sp, #4]
 8000fb8:	f001 0301 	and.w	r3, r1, #1
         fsm_enable.fsm_enable_a.fsm2_en  |
 8000fbc:	f3c1 0040 	ubfx	r0, r1, #1, #1
    if ((fsm_enable.fsm_enable_a.fsm1_en  |
 8000fc0:	4303      	orrs	r3, r0
         fsm_enable.fsm_enable_a.fsm3_en  |
 8000fc2:	f3c1 0080 	ubfx	r0, r1, #2, #1
         fsm_enable.fsm_enable_a.fsm2_en  |
 8000fc6:	4303      	orrs	r3, r0
         fsm_enable.fsm_enable_a.fsm4_en  |
 8000fc8:	f3c1 00c0 	ubfx	r0, r1, #3, #1
         fsm_enable.fsm_enable_a.fsm3_en  |
 8000fcc:	4303      	orrs	r3, r0
         fsm_enable.fsm_enable_a.fsm5_en  |
 8000fce:	f3c1 1000 	ubfx	r0, r1, #4, #1
         fsm_enable.fsm_enable_a.fsm4_en  |
 8000fd2:	4303      	orrs	r3, r0
         fsm_enable.fsm_enable_a.fsm6_en  |
 8000fd4:	f3c1 1040 	ubfx	r0, r1, #5, #1
         fsm_enable.fsm_enable_a.fsm5_en  |
 8000fd8:	4303      	orrs	r3, r0
         fsm_enable.fsm_enable_a.fsm7_en  |
 8000fda:	f3c1 1080 	ubfx	r0, r1, #6, #1
         fsm_enable.fsm_enable_a.fsm6_en  |
 8000fde:	4303      	orrs	r3, r0
         fsm_enable.fsm_enable_a.fsm7_en  |
 8000fe0:	ea43 13d1 	orr.w	r3, r3, r1, lsr #7
         fsm_enable.fsm_enable_b.fsm9_en  |
 8000fe4:	f89d 1005 	ldrb.w	r1, [sp, #5]
 8000fe8:	f001 0001 	and.w	r0, r1, #1
         fsm_enable.fsm_enable_a.fsm8_en  |
 8000fec:	4303      	orrs	r3, r0
         fsm_enable.fsm_enable_b.fsm10_en |
 8000fee:	f3c1 0040 	ubfx	r0, r1, #1, #1
         fsm_enable.fsm_enable_b.fsm9_en  |
 8000ff2:	4303      	orrs	r3, r0
         fsm_enable.fsm_enable_b.fsm11_en |
 8000ff4:	f3c1 0080 	ubfx	r0, r1, #2, #1
         fsm_enable.fsm_enable_b.fsm10_en |
 8000ff8:	4303      	orrs	r3, r0
         fsm_enable.fsm_enable_b.fsm12_en |
 8000ffa:	f3c1 00c0 	ubfx	r0, r1, #3, #1
         fsm_enable.fsm_enable_b.fsm11_en |
 8000ffe:	4303      	orrs	r3, r0
         fsm_enable.fsm_enable_b.fsm13_en |
 8001000:	f3c1 1000 	ubfx	r0, r1, #4, #1
         fsm_enable.fsm_enable_b.fsm12_en |
 8001004:	4303      	orrs	r3, r0
         fsm_enable.fsm_enable_b.fsm14_en |
 8001006:	f3c1 1040 	ubfx	r0, r1, #5, #1
         fsm_enable.fsm_enable_b.fsm13_en |
 800100a:	4303      	orrs	r3, r0
         fsm_enable.fsm_enable_b.fsm15_en |
 800100c:	f3c1 1080 	ubfx	r0, r1, #6, #1
         fsm_enable.fsm_enable_b.fsm14_en |
 8001010:	4303      	orrs	r3, r0
    if ((fsm_enable.fsm_enable_a.fsm1_en  |
 8001012:	ea53 13d1 	orrs.w	r3, r3, r1, lsr #7
 8001016:	d10c      	bne.n	8001032 <lsm6dso_gy_data_rate_set+0x90>
  if (ret == 0)
 8001018:	b942      	cbnz	r2, 800102c <lsm6dso_gy_data_rate_set+0x8a>
    ret = lsm6dso_read_reg(ctx, LSM6DSO_CTRL2_G, (uint8_t *)&reg, 1);
 800101a:	2301      	movs	r3, #1
 800101c:	466a      	mov	r2, sp
 800101e:	2111      	movs	r1, #17
 8001020:	4620      	mov	r0, r4
 8001022:	f000 f92d 	bl	8001280 <lsm6dso_read_reg>
 8001026:	4602      	mov	r2, r0
  if (ret == 0)
 8001028:	2a00      	cmp	r2, #0
 800102a:	d031      	beq.n	8001090 <lsm6dso_gy_data_rate_set+0xee>
}
 800102c:	4610      	mov	r0, r2
 800102e:	b003      	add	sp, #12
 8001030:	bd30      	pop	{r4, r5, pc}
      ret =  lsm6dso_fsm_data_rate_get(ctx, &fsm_odr);
 8001032:	f10d 0103 	add.w	r1, sp, #3
 8001036:	4620      	mov	r0, r4
 8001038:	f7ff feff 	bl	8000e3a <lsm6dso_fsm_data_rate_get>
      if (ret == 0)
 800103c:	4602      	mov	r2, r0
 800103e:	2800      	cmp	r0, #0
 8001040:	d1f4      	bne.n	800102c <lsm6dso_gy_data_rate_set+0x8a>
        switch (fsm_odr)
 8001042:	f89d 3003 	ldrb.w	r3, [sp, #3]
 8001046:	2b03      	cmp	r3, #3
 8001048:	d8e6      	bhi.n	8001018 <lsm6dso_gy_data_rate_set+0x76>
 800104a:	e8df f003 	tbb	[pc, r3]
 800104e:	0602      	.short	0x0602
 8001050:	130b      	.short	0x130b
            if (val == LSM6DSO_GY_ODR_OFF)
 8001052:	2d00      	cmp	r5, #0
 8001054:	d1e0      	bne.n	8001018 <lsm6dso_gy_data_rate_set+0x76>
              odr_gy = LSM6DSO_GY_ODR_12Hz5;
 8001056:	2501      	movs	r5, #1
 8001058:	e7de      	b.n	8001018 <lsm6dso_gy_data_rate_set+0x76>
            if (val == LSM6DSO_GY_ODR_OFF)
 800105a:	b18d      	cbz	r5, 8001080 <lsm6dso_gy_data_rate_set+0xde>
            else if (val == LSM6DSO_GY_ODR_12Hz5)
 800105c:	2d01      	cmp	r5, #1
 800105e:	d1db      	bne.n	8001018 <lsm6dso_gy_data_rate_set+0x76>
              odr_gy = LSM6DSO_GY_ODR_26Hz;
 8001060:	2502      	movs	r5, #2
 8001062:	e7d9      	b.n	8001018 <lsm6dso_gy_data_rate_set+0x76>
            if (val == LSM6DSO_GY_ODR_OFF)
 8001064:	2d01      	cmp	r5, #1
 8001066:	d00d      	beq.n	8001084 <lsm6dso_gy_data_rate_set+0xe2>
 8001068:	2d02      	cmp	r5, #2
 800106a:	d00d      	beq.n	8001088 <lsm6dso_gy_data_rate_set+0xe6>
 800106c:	2d00      	cmp	r5, #0
 800106e:	d1d3      	bne.n	8001018 <lsm6dso_gy_data_rate_set+0x76>
        switch (fsm_odr)
 8001070:	2503      	movs	r5, #3
 8001072:	e7d1      	b.n	8001018 <lsm6dso_gy_data_rate_set+0x76>
            if (val == LSM6DSO_GY_ODR_OFF)
 8001074:	2d03      	cmp	r5, #3
 8001076:	d8cf      	bhi.n	8001018 <lsm6dso_gy_data_rate_set+0x76>
 8001078:	e8df f005 	tbb	[pc, r5]
 800107c:	08080808 	.word	0x08080808
              odr_gy = LSM6DSO_GY_ODR_26Hz;
 8001080:	2502      	movs	r5, #2
 8001082:	e7c9      	b.n	8001018 <lsm6dso_gy_data_rate_set+0x76>
        switch (fsm_odr)
 8001084:	2503      	movs	r5, #3
 8001086:	e7c7      	b.n	8001018 <lsm6dso_gy_data_rate_set+0x76>
 8001088:	2503      	movs	r5, #3
 800108a:	e7c5      	b.n	8001018 <lsm6dso_gy_data_rate_set+0x76>
 800108c:	2504      	movs	r5, #4
 800108e:	e7c3      	b.n	8001018 <lsm6dso_gy_data_rate_set+0x76>
    reg.odr_g = (uint8_t) odr_gy;
 8001090:	f89d 3000 	ldrb.w	r3, [sp]
 8001094:	f365 1307 	bfi	r3, r5, #4, #4
 8001098:	f88d 3000 	strb.w	r3, [sp]
    ret = lsm6dso_write_reg(ctx, LSM6DSO_CTRL2_G, (uint8_t *)&reg, 1);
 800109c:	2301      	movs	r3, #1
 800109e:	466a      	mov	r2, sp
 80010a0:	2111      	movs	r1, #17
 80010a2:	4620      	mov	r0, r4
 80010a4:	f000 f8cc 	bl	8001240 <lsm6dso_write_reg>
 80010a8:	4602      	mov	r2, r0
  return ret;
 80010aa:	e7bf      	b.n	800102c <lsm6dso_gy_data_rate_set+0x8a>

080010ac <MX_GPIO_Init>:
  * @brief GPIO Initialization Function
  * @param None
  * @retval None
  */
static void MX_GPIO_Init(void)
{
 80010ac:	e92d 4ff0 	stmdb	sp!, {r4, r5, r6, r7, r8, r9, sl, fp, lr}
 80010b0:	b08b      	sub	sp, #44	@ 0x2c
  GPIO_InitTypeDef GPIO_InitStruct = {0};
 80010b2:	ad05      	add	r5, sp, #20
 80010b4:	2400      	movs	r4, #0
 80010b6:	9405      	str	r4, [sp, #20]
 80010b8:	9406      	str	r4, [sp, #24]
 80010ba:	9407      	str	r4, [sp, #28]
 80010bc:	9408      	str	r4, [sp, #32]
 80010be:	9409      	str	r4, [sp, #36]	@ 0x24
  /* USER CODE BEGIN MX_GPIO_Init_1 */

  /* USER CODE END MX_GPIO_Init_1 */

  /* GPIO Ports Clock Enable */
  __HAL_RCC_GPIOC_CLK_ENABLE();
 80010c0:	9400      	str	r4, [sp, #0]
 80010c2:	4b4e      	ldr	r3, [pc, #312]	@ (80011fc <MX_GPIO_Init+0x150>)
 80010c4:	6b1a      	ldr	r2, [r3, #48]	@ 0x30
 80010c6:	f042 0204 	orr.w	r2, r2, #4
 80010ca:	631a      	str	r2, [r3, #48]	@ 0x30
 80010cc:	6b1a      	ldr	r2, [r3, #48]	@ 0x30
 80010ce:	f002 0204 	and.w	r2, r2, #4
 80010d2:	9200      	str	r2, [sp, #0]
 80010d4:	9a00      	ldr	r2, [sp, #0]
  __HAL_RCC_GPIOH_CLK_ENABLE();
 80010d6:	9401      	str	r4, [sp, #4]
 80010d8:	6b1a      	ldr	r2, [r3, #48]	@ 0x30
 80010da:	f042 0280 	orr.w	r2, r2, #128	@ 0x80
 80010de:	631a      	str	r2, [r3, #48]	@ 0x30
 80010e0:	6b1a      	ldr	r2, [r3, #48]	@ 0x30
 80010e2:	f002 0280 	and.w	r2, r2, #128	@ 0x80
 80010e6:	9201      	str	r2, [sp, #4]
 80010e8:	9a01      	ldr	r2, [sp, #4]
  __HAL_RCC_GPIOA_CLK_ENABLE();
 80010ea:	9402      	str	r4, [sp, #8]
 80010ec:	6b1a      	ldr	r2, [r3, #48]	@ 0x30
 80010ee:	f042 0201 	orr.w	r2, r2, #1
 80010f2:	631a      	str	r2, [r3, #48]	@ 0x30
 80010f4:	6b1a      	ldr	r2, [r3, #48]	@ 0x30
 80010f6:	f002 0201 	and.w	r2, r2, #1
 80010fa:	9202      	str	r2, [sp, #8]
 80010fc:	9a02      	ldr	r2, [sp, #8]
  __HAL_RCC_GPIOB_CLK_ENABLE();
 80010fe:	9403      	str	r4, [sp, #12]
 8001100:	6b1a      	ldr	r2, [r3, #48]	@ 0x30
 8001102:	f042 0202 	orr.w	r2, r2, #2
 8001106:	631a      	str	r2, [r3, #48]	@ 0x30
 8001108:	6b1a      	ldr	r2, [r3, #48]	@ 0x30
 800110a:	f002 0202 	and.w	r2, r2, #2
 800110e:	9203      	str	r2, [sp, #12]
 8001110:	9a03      	ldr	r2, [sp, #12]
  __HAL_RCC_GPIOD_CLK_ENABLE();
 8001112:	9404      	str	r4, [sp, #16]
 8001114:	6b1a      	ldr	r2, [r3, #48]	@ 0x30
 8001116:	f042 0208 	orr.w	r2, r2, #8
 800111a:	631a      	str	r2, [r3, #48]	@ 0x30
 800111c:	6b1b      	ldr	r3, [r3, #48]	@ 0x30
 800111e:	f003 0308 	and.w	r3, r3, #8
 8001122:	9304      	str	r3, [sp, #16]
 8001124:	9b04      	ldr	r3, [sp, #16]

  /*Configure GPIO pin Output Level */
  HAL_GPIO_WritePin(GPIOC, CAM_CTRL_Pin|BUZZER_Pin|PYRO1_Pin|PYRO2_Pin, GPIO_PIN_RESET);
 8001126:	f8df 80e0 	ldr.w	r8, [pc, #224]	@ 8001208 <MX_GPIO_Init+0x15c>
 800112a:	4622      	mov	r2, r4
 800112c:	f240 1189 	movw	r1, #393	@ 0x189
 8001130:	4640      	mov	r0, r8
 8001132:	f001 fa1d 	bl	8002570 <HAL_GPIO_WritePin>

  /*Configure GPIO pin Output Level */
  HAL_GPIO_WritePin(GPIOC, FLASH_NSS_Pin|FLASH_WP_Pin, GPIO_PIN_SET);
 8001136:	2201      	movs	r2, #1
 8001138:	2130      	movs	r1, #48	@ 0x30
 800113a:	4640      	mov	r0, r8
 800113c:	f001 fa18 	bl	8002570 <HAL_GPIO_WritePin>

  /*Configure GPIO pin Output Level */
  HAL_GPIO_WritePin(GPIOB, LORA_DIO1_Pin|EEP_WP_Pin, GPIO_PIN_RESET);
 8001140:	4f2f      	ldr	r7, [pc, #188]	@ (8001200 <MX_GPIO_Init+0x154>)
 8001142:	4622      	mov	r2, r4
 8001144:	2121      	movs	r1, #33	@ 0x21
 8001146:	4638      	mov	r0, r7
 8001148:	f001 fa12 	bl	8002570 <HAL_GPIO_WritePin>

  /*Configure GPIO pin Output Level */
  HAL_GPIO_WritePin(LORA_NRST_GPIO_Port, LORA_NRST_Pin, GPIO_PIN_RESET);
 800114c:	4622      	mov	r2, r4
 800114e:	2104      	movs	r1, #4
 8001150:	482c      	ldr	r0, [pc, #176]	@ (8001204 <MX_GPIO_Init+0x158>)
 8001152:	f001 fa0d 	bl	8002570 <HAL_GPIO_WritePin>

  /*Configure GPIO pins : CAM_CTRL_Pin BUZZER_Pin PYRO1_Pin PYRO2_Pin */
  GPIO_InitStruct.Pin = CAM_CTRL_Pin|BUZZER_Pin|PYRO1_Pin|PYRO2_Pin;
 8001156:	f240 1389 	movw	r3, #393	@ 0x189
 800115a:	9305      	str	r3, [sp, #20]
  GPIO_InitStruct.Mode = GPIO_MODE_OUTPUT_PP;
 800115c:	2601      	movs	r6, #1
 800115e:	9606      	str	r6, [sp, #24]
  GPIO_InitStruct.Pull = GPIO_NOPULL;
 8001160:	9407      	str	r4, [sp, #28]
  GPIO_InitStruct.Speed = GPIO_SPEED_FREQ_LOW;
 8001162:	9408      	str	r4, [sp, #32]
  HAL_GPIO_Init(GPIOC, &GPIO_InitStruct);
 8001164:	4629      	mov	r1, r5
 8001166:	4640      	mov	r0, r8
 8001168:	f001 f90c 	bl	8002384 <HAL_GPIO_Init>

  /*Configure GPIO pins : FLASH_NSS_Pin FLASH_WP_Pin */
  GPIO_InitStruct.Pin = FLASH_NSS_Pin|FLASH_WP_Pin;
 800116c:	2330      	movs	r3, #48	@ 0x30
 800116e:	9305      	str	r3, [sp, #20]
  GPIO_InitStruct.Mode = GPIO_MODE_OUTPUT_PP;
 8001170:	9606      	str	r6, [sp, #24]
  GPIO_InitStruct.Pull = GPIO_NOPULL;
 8001172:	9407      	str	r4, [sp, #28]
  GPIO_InitStruct.Speed = GPIO_SPEED_FREQ_VERY_HIGH;
 8001174:	f04f 0903 	mov.w	r9, #3
 8001178:	f8cd 9020 	str.w	r9, [sp, #32]
  HAL_GPIO_Init(GPIOC, &GPIO_InitStruct);
 800117c:	4629      	mov	r1, r5
 800117e:	4640      	mov	r0, r8
 8001180:	f001 f900 	bl	8002384 <HAL_GPIO_Init>

  /*Configure GPIO pin : LORA_DIO1_Pin */
  GPIO_InitStruct.Pin = LORA_DIO1_Pin;
 8001184:	9605      	str	r6, [sp, #20]
  GPIO_InitStruct.Mode = GPIO_MODE_OUTPUT_PP;
 8001186:	9606      	str	r6, [sp, #24]
  GPIO_InitStruct.Pull = GPIO_NOPULL;
 8001188:	9407      	str	r4, [sp, #28]
  GPIO_InitStruct.Speed = GPIO_SPEED_FREQ_LOW;
 800118a:	9408      	str	r4, [sp, #32]
  HAL_GPIO_Init(LORA_DIO1_GPIO_Port, &GPIO_InitStruct);
 800118c:	4629      	mov	r1, r5
 800118e:	4638      	mov	r0, r7
 8001190:	f001 f8f8 	bl	8002384 <HAL_GPIO_Init>

  /*Configure GPIO pin : LORA_IO0_Pin */
  GPIO_InitStruct.Pin = LORA_IO0_Pin;
 8001194:	2302      	movs	r3, #2
 8001196:	9305      	str	r3, [sp, #20]
  GPIO_InitStruct.Mode = GPIO_MODE_INPUT;
 8001198:	9406      	str	r4, [sp, #24]
  GPIO_InitStruct.Pull = GPIO_NOPULL;
 800119a:	9407      	str	r4, [sp, #28]
  HAL_GPIO_Init(LORA_IO0_GPIO_Port, &GPIO_InitStruct);
 800119c:	4629      	mov	r1, r5
 800119e:	4638      	mov	r0, r7
 80011a0:	f001 f8f0 	bl	8002384 <HAL_GPIO_Init>

  /*Configure GPIO pin : BMP_INT_Pin */
  GPIO_InitStruct.Pin = BMP_INT_Pin;
 80011a4:	f04f 0a04 	mov.w	sl, #4
 80011a8:	f8cd a014 	str.w	sl, [sp, #20]
  GPIO_InitStruct.Mode = GPIO_MODE_IT_RISING;
 80011ac:	f44f 1b88 	mov.w	fp, #1114112	@ 0x110000
 80011b0:	f8cd b018 	str.w	fp, [sp, #24]
  GPIO_InitStruct.Pull = GPIO_NOPULL;
 80011b4:	9407      	str	r4, [sp, #28]
  HAL_GPIO_Init(BMP_INT_GPIO_Port, &GPIO_InitStruct);
 80011b6:	4629      	mov	r1, r5
 80011b8:	4638      	mov	r0, r7
 80011ba:	f001 f8e3 	bl	8002384 <HAL_GPIO_Init>

  /*Configure GPIO pin : IMU_INT1_Pin */
  GPIO_InitStruct.Pin = IMU_INT1_Pin;
 80011be:	2340      	movs	r3, #64	@ 0x40
 80011c0:	9305      	str	r3, [sp, #20]
  GPIO_InitStruct.Mode = GPIO_MODE_IT_RISING;
 80011c2:	f8cd b018 	str.w	fp, [sp, #24]
  GPIO_InitStruct.Pull = GPIO_NOPULL;
 80011c6:	9407      	str	r4, [sp, #28]
  HAL_GPIO_Init(IMU_INT1_GPIO_Port, &GPIO_InitStruct);
 80011c8:	4629      	mov	r1, r5
 80011ca:	4640      	mov	r0, r8
 80011cc:	f001 f8da 	bl	8002384 <HAL_GPIO_Init>

  /*Configure GPIO pin : LORA_NRST_Pin */
  GPIO_InitStruct.Pin = LORA_NRST_Pin;
 80011d0:	f8cd a014 	str.w	sl, [sp, #20]
  GPIO_InitStruct.Mode = GPIO_MODE_OUTPUT_PP;
 80011d4:	9606      	str	r6, [sp, #24]
  GPIO_InitStruct.Pull = GPIO_NOPULL;
 80011d6:	9407      	str	r4, [sp, #28]
  GPIO_InitStruct.Speed = GPIO_SPEED_FREQ_LOW;
 80011d8:	9408      	str	r4, [sp, #32]
  HAL_GPIO_Init(LORA_NRST_GPIO_Port, &GPIO_InitStruct);
 80011da:	4629      	mov	r1, r5
 80011dc:	4809      	ldr	r0, [pc, #36]	@ (8001204 <MX_GPIO_Init+0x158>)
 80011de:	f001 f8d1 	bl	8002384 <HAL_GPIO_Init>

  /*Configure GPIO pin : EEP_WP_Pin */
  GPIO_InitStruct.Pin = EEP_WP_Pin;
 80011e2:	2320      	movs	r3, #32
 80011e4:	9305      	str	r3, [sp, #20]
  GPIO_InitStruct.Mode = GPIO_MODE_OUTPUT_PP;
 80011e6:	9606      	str	r6, [sp, #24]
  GPIO_InitStruct.Pull = GPIO_NOPULL;
 80011e8:	9407      	str	r4, [sp, #28]
  GPIO_InitStruct.Speed = GPIO_SPEED_FREQ_VERY_HIGH;
 80011ea:	f8cd 9020 	str.w	r9, [sp, #32]
  HAL_GPIO_Init(EEP_WP_GPIO_Port, &GPIO_InitStruct);
 80011ee:	4629      	mov	r1, r5
 80011f0:	4638      	mov	r0, r7
 80011f2:	f001 f8c7 	bl	8002384 <HAL_GPIO_Init>

  /* USER CODE BEGIN MX_GPIO_Init_2 */

  /* USER CODE END MX_GPIO_Init_2 */
}
 80011f6:	b00b      	add	sp, #44	@ 0x2c
 80011f8:	e8bd 8ff0 	ldmia.w	sp!, {r4, r5, r6, r7, r8, r9, sl, fp, pc}
 80011fc:	40023800 	.word	0x40023800
 8001200:	40020400 	.word	0x40020400
 8001204:	40020c00 	.word	0x40020c00
 8001208:	40020800 	.word	0x40020800

0800120c <MX_DMA_Init>:
{
 800120c:	b500      	push	{lr}
 800120e:	b083      	sub	sp, #12
  __HAL_RCC_DMA1_CLK_ENABLE();
 8001210:	2100      	movs	r1, #0
 8001212:	9101      	str	r1, [sp, #4]
 8001214:	4b09      	ldr	r3, [pc, #36]	@ (800123c <MX_DMA_Init+0x30>)
 8001216:	6b1a      	ldr	r2, [r3, #48]	@ 0x30
 8001218:	f442 1200 	orr.w	r2, r2, #2097152	@ 0x200000
 800121c:	631a      	str	r2, [r3, #48]	@ 0x30
 800121e:	6b1b      	ldr	r3, [r3, #48]	@ 0x30
 8001220:	f403 1300 	and.w	r3, r3, #2097152	@ 0x200000
 8001224:	9301      	str	r3, [sp, #4]
 8001226:	9b01      	ldr	r3, [sp, #4]
  HAL_NVIC_SetPriority(DMA1_Stream4_IRQn, 0, 0);
 8001228:	460a      	mov	r2, r1
 800122a:	200f      	movs	r0, #15
 800122c:	f000 fe5c 	bl	8001ee8 <HAL_NVIC_SetPriority>
  HAL_NVIC_EnableIRQ(DMA1_Stream4_IRQn);
 8001230:	200f      	movs	r0, #15
 8001232:	f000 fe69 	bl	8001f08 <HAL_NVIC_EnableIRQ>
}
 8001236:	b003      	add	sp, #12
 8001238:	f85d fb04 	ldr.w	pc, [sp], #4
 800123c:	40023800 	.word	0x40023800

08001240 <lsm6dso_write_reg>:
}


int32_t lsm6dso_write_reg(stmdev_ctx_t *ctx, uint8_t reg,
                                 uint8_t *data,
                                 uint16_t len){
 8001240:	b598      	push	{r3, r4, r7, lr}
 8001242:	af00      	add	r7, sp, #0
 8001244:	4694      	mov	ip, r2
 8001246:	461a      	mov	r2, r3
  // reg &= 0x7F; // MSB=0 for write
  // HAL_SPI_Transmit(&hspi2, &reg, 1, HAL_MAX_DELAY);
  // HAL_SPI_Transmit(&hspi2, (uint8_t *)data, len, HAL_MAX_DELAY);
  // // HAL_GPIO_WritePin(IMU_NSS_GPIO_Port, IMU_NSS_Pin, GPIO_PIN_SET);

      uint8_t buf[len + 1];
 8001248:	1c5c      	adds	r4, r3, #1
 800124a:	3308      	adds	r3, #8
 800124c:	08db      	lsrs	r3, r3, #3
 800124e:	4668      	mov	r0, sp
 8001250:	eba0 03c3 	sub.w	r3, r0, r3, lsl #3
 8001254:	469d      	mov	sp, r3
    buf[0] = reg & 0x7F;  // write
 8001256:	f001 037f 	and.w	r3, r1, #127	@ 0x7f
 800125a:	4668      	mov	r0, sp
 800125c:	f800 3b01 	strb.w	r3, [r0], #1
    memcpy(&buf[1], data, len);
 8001260:	4661      	mov	r1, ip
 8001262:	f008 fa81 	bl	8009768 <memcpy>

    HAL_SPI_Transmit(&hspi2, buf, len + 1, HAL_MAX_DELAY);
 8001266:	f04f 33ff 	mov.w	r3, #4294967295
 800126a:	b2a2      	uxth	r2, r4
 800126c:	4669      	mov	r1, sp
 800126e:	4803      	ldr	r0, [pc, #12]	@ (800127c <lsm6dso_write_reg+0x3c>)
 8001270:	f003 fefd 	bl	800506e <HAL_SPI_Transmit>
  return 0;
}
 8001274:	2000      	movs	r0, #0
 8001276:	46bd      	mov	sp, r7
 8001278:	bd98      	pop	{r3, r4, r7, pc}
 800127a:	bf00      	nop
 800127c:	200003b0 	.word	0x200003b0

08001280 <lsm6dso_read_reg>:

int32_t lsm6dso_read_reg(stmdev_ctx_t *ctx, uint8_t reg,
                                uint8_t *data,
                                uint16_t len){
 8001280:	b570      	push	{r4, r5, r6, lr}
 8001282:	b082      	sub	sp, #8
 8001284:	4614      	mov	r4, r2
 8001286:	461d      	mov	r5, r3
 8001288:	f88d 1007 	strb.w	r1, [sp, #7]
  // HAL_GPIO_WritePin(IMU_NSS_GPIO_Port, IMU_NSS_Pin, GPIO_PIN_RESET);
  reg |= 0x80; // MSB=1 for read
 800128c:	b2cb      	uxtb	r3, r1
 800128e:	f063 037f 	orn	r3, r3, #127	@ 0x7f
 8001292:	f88d 3007 	strb.w	r3, [sp, #7]
  HAL_SPI_Transmit(&hspi2, &reg, 1, HAL_MAX_DELAY);
 8001296:	4e09      	ldr	r6, [pc, #36]	@ (80012bc <lsm6dso_read_reg+0x3c>)
 8001298:	f04f 33ff 	mov.w	r3, #4294967295
 800129c:	2201      	movs	r2, #1
 800129e:	f10d 0107 	add.w	r1, sp, #7
 80012a2:	4630      	mov	r0, r6
 80012a4:	f003 fee3 	bl	800506e <HAL_SPI_Transmit>
  HAL_SPI_Receive(&hspi2, data, len, HAL_MAX_DELAY);
 80012a8:	f04f 33ff 	mov.w	r3, #4294967295
 80012ac:	462a      	mov	r2, r5
 80012ae:	4621      	mov	r1, r4
 80012b0:	4630      	mov	r0, r6
 80012b2:	f004 f8e7 	bl	8005484 <HAL_SPI_Receive>
  // HAL_GPIO_WritePin(IMU_NSS_GPIO_Port, IMU_NSS_Pin, GPIO_PIN_SET);
  return 0;
}
 80012b6:	2000      	movs	r0, #0
 80012b8:	b002      	add	sp, #8
 80012ba:	bd70      	pop	{r4, r5, r6, pc}
 80012bc:	200003b0 	.word	0x200003b0

080012c0 <Error_Handler>:
  \details Disables IRQ interrupts by setting special-purpose register PRIMASK.
           Can only be executed in Privileged modes.
 */
__STATIC_FORCEINLINE void __disable_irq(void)
{
  __ASM volatile ("cpsid i" : : : "memory");
 80012c0:	b672      	cpsid	i
void Error_Handler(void)
{
  /* USER CODE BEGIN Error_Handler_Debug */
  /* User can add his own implementation to report the HAL error return state */
  __disable_irq();
  while (1)
 80012c2:	e7fe      	b.n	80012c2 <Error_Handler+0x2>

080012c4 <MX_ADC1_Init>:
{
 80012c4:	b500      	push	{lr}
 80012c6:	b085      	sub	sp, #20
  ADC_ChannelConfTypeDef sConfig = {0};
 80012c8:	2300      	movs	r3, #0
 80012ca:	9300      	str	r3, [sp, #0]
 80012cc:	9301      	str	r3, [sp, #4]
 80012ce:	9302      	str	r3, [sp, #8]
 80012d0:	9303      	str	r3, [sp, #12]
  hadc1.Instance = ADC1;
 80012d2:	4813      	ldr	r0, [pc, #76]	@ (8001320 <MX_ADC1_Init+0x5c>)
 80012d4:	4a13      	ldr	r2, [pc, #76]	@ (8001324 <MX_ADC1_Init+0x60>)
 80012d6:	6002      	str	r2, [r0, #0]
  hadc1.Init.ClockPrescaler = ADC_CLOCK_SYNC_PCLK_DIV2;
 80012d8:	6043      	str	r3, [r0, #4]
  hadc1.Init.Resolution = ADC_RESOLUTION_12B;
 80012da:	6083      	str	r3, [r0, #8]
  hadc1.Init.ScanConvMode = DISABLE;
 80012dc:	6103      	str	r3, [r0, #16]
  hadc1.Init.ContinuousConvMode = DISABLE;
 80012de:	7603      	strb	r3, [r0, #24]
  hadc1.Init.DiscontinuousConvMode = DISABLE;
 80012e0:	f880 3020 	strb.w	r3, [r0, #32]
  hadc1.Init.ExternalTrigConvEdge = ADC_EXTERNALTRIGCONVEDGE_NONE;
 80012e4:	62c3      	str	r3, [r0, #44]	@ 0x2c
  hadc1.Init.ExternalTrigConv = ADC_SOFTWARE_START;
 80012e6:	4a10      	ldr	r2, [pc, #64]	@ (8001328 <MX_ADC1_Init+0x64>)
 80012e8:	6282      	str	r2, [r0, #40]	@ 0x28
  hadc1.Init.DataAlign = ADC_DATAALIGN_RIGHT;
 80012ea:	60c3      	str	r3, [r0, #12]
  hadc1.Init.NbrOfConversion = 1;
 80012ec:	2201      	movs	r2, #1
 80012ee:	61c2      	str	r2, [r0, #28]
  hadc1.Init.DMAContinuousRequests = DISABLE;
 80012f0:	f880 3030 	strb.w	r3, [r0, #48]	@ 0x30
  hadc1.Init.EOCSelection = ADC_EOC_SINGLE_CONV;
 80012f4:	6142      	str	r2, [r0, #20]
  if (HAL_ADC_Init(&hadc1) != HAL_OK)
 80012f6:	f000 fcad 	bl	8001c54 <HAL_ADC_Init>
 80012fa:	b968      	cbnz	r0, 8001318 <MX_ADC1_Init+0x54>
  sConfig.Channel = ADC_CHANNEL_4;
 80012fc:	2304      	movs	r3, #4
 80012fe:	9300      	str	r3, [sp, #0]
  sConfig.Rank = 1;
 8001300:	2301      	movs	r3, #1
 8001302:	9301      	str	r3, [sp, #4]
  sConfig.SamplingTime = ADC_SAMPLETIME_3CYCLES;
 8001304:	2300      	movs	r3, #0
 8001306:	9302      	str	r3, [sp, #8]
  if (HAL_ADC_ConfigChannel(&hadc1, &sConfig) != HAL_OK)
 8001308:	4669      	mov	r1, sp
 800130a:	4805      	ldr	r0, [pc, #20]	@ (8001320 <MX_ADC1_Init+0x5c>)
 800130c:	f000 fcce 	bl	8001cac <HAL_ADC_ConfigChannel>
 8001310:	b920      	cbnz	r0, 800131c <MX_ADC1_Init+0x58>
}
 8001312:	b005      	add	sp, #20
 8001314:	f85d fb04 	ldr.w	pc, [sp], #4
    Error_Handler();
 8001318:	f7ff ffd2 	bl	80012c0 <Error_Handler>
    Error_Handler();
 800131c:	f7ff ffd0 	bl	80012c0 <Error_Handler>
 8001320:	20000584 	.word	0x20000584
 8001324:	40012000 	.word	0x40012000
 8001328:	0f000001 	.word	0x0f000001

0800132c <MX_I2C1_Init>:
{
 800132c:	b508      	push	{r3, lr}
  hi2c1.Instance = I2C1;
 800132e:	480a      	ldr	r0, [pc, #40]	@ (8001358 <MX_I2C1_Init+0x2c>)
 8001330:	4b0a      	ldr	r3, [pc, #40]	@ (800135c <MX_I2C1_Init+0x30>)
 8001332:	6003      	str	r3, [r0, #0]
  hi2c1.Init.ClockSpeed = 400000;
 8001334:	4b0a      	ldr	r3, [pc, #40]	@ (8001360 <MX_I2C1_Init+0x34>)
 8001336:	6043      	str	r3, [r0, #4]
  hi2c1.Init.DutyCycle = I2C_DUTYCYCLE_2;
 8001338:	2300      	movs	r3, #0
 800133a:	6083      	str	r3, [r0, #8]
  hi2c1.Init.OwnAddress1 = 0;
 800133c:	60c3      	str	r3, [r0, #12]
  hi2c1.Init.AddressingMode = I2C_ADDRESSINGMODE_7BIT;
 800133e:	f44f 4280 	mov.w	r2, #16384	@ 0x4000
 8001342:	6102      	str	r2, [r0, #16]
  hi2c1.Init.DualAddressMode = I2C_DUALADDRESS_DISABLE;
 8001344:	6143      	str	r3, [r0, #20]
  hi2c1.Init.OwnAddress2 = 0;
 8001346:	6183      	str	r3, [r0, #24]
  hi2c1.Init.GeneralCallMode = I2C_GENERALCALL_DISABLE;
 8001348:	61c3      	str	r3, [r0, #28]
  hi2c1.Init.NoStretchMode = I2C_NOSTRETCH_DISABLE;
 800134a:	6203      	str	r3, [r0, #32]
  if (HAL_I2C_Init(&hi2c1) != HAL_OK)
 800134c:	f001 fba0 	bl	8002a90 <HAL_I2C_Init>
 8001350:	b900      	cbnz	r0, 8001354 <MX_I2C1_Init+0x28>
}
 8001352:	bd08      	pop	{r3, pc}
    Error_Handler();
 8001354:	f7ff ffb4 	bl	80012c0 <Error_Handler>
 8001358:	20000528 	.word	0x20000528
 800135c:	40005400 	.word	0x40005400
 8001360:	00061a80 	.word	0x00061a80

08001364 <MX_I2C2_Init>:
{
 8001364:	b508      	push	{r3, lr}
  hi2c2.Instance = I2C2;
 8001366:	480a      	ldr	r0, [pc, #40]	@ (8001390 <MX_I2C2_Init+0x2c>)
 8001368:	4b0a      	ldr	r3, [pc, #40]	@ (8001394 <MX_I2C2_Init+0x30>)
 800136a:	6003      	str	r3, [r0, #0]
  hi2c2.Init.ClockSpeed = 400000;
 800136c:	4b0a      	ldr	r3, [pc, #40]	@ (8001398 <MX_I2C2_Init+0x34>)
 800136e:	6043      	str	r3, [r0, #4]
  hi2c2.Init.DutyCycle = I2C_DUTYCYCLE_2;
 8001370:	2300      	movs	r3, #0
 8001372:	6083      	str	r3, [r0, #8]
  hi2c2.Init.OwnAddress1 = 0;
 8001374:	60c3      	str	r3, [r0, #12]
  hi2c2.Init.AddressingMode = I2C_ADDRESSINGMODE_7BIT;
 8001376:	f44f 4280 	mov.w	r2, #16384	@ 0x4000
 800137a:	6102      	str	r2, [r0, #16]
  hi2c2.Init.DualAddressMode = I2C_DUALADDRESS_DISABLE;
 800137c:	6143      	str	r3, [r0, #20]
  hi2c2.Init.OwnAddress2 = 0;
 800137e:	6183      	str	r3, [r0, #24]
  hi2c2.Init.GeneralCallMode = I2C_GENERALCALL_DISABLE;
 8001380:	61c3      	str	r3, [r0, #28]
  hi2c2.Init.NoStretchMode = I2C_NOSTRETCH_DISABLE;
 8001382:	6203      	str	r3, [r0, #32]
  if (HAL_I2C_Init(&hi2c2) != HAL_OK)
 8001384:	f001 fb84 	bl	8002a90 <HAL_I2C_Init>
 8001388:	b900      	cbnz	r0, 800138c <MX_I2C2_Init+0x28>
}
 800138a:	bd08      	pop	{r3, pc}
    Error_Handler();
 800138c:	f7ff ff98 	bl	80012c0 <Error_Handler>
 8001390:	200004d4 	.word	0x200004d4
 8001394:	40005800 	.word	0x40005800
 8001398:	00061a80 	.word	0x00061a80

0800139c <MX_I2C3_Init>:
{
 800139c:	b508      	push	{r3, lr}
  hi2c3.Instance = I2C3;
 800139e:	480a      	ldr	r0, [pc, #40]	@ (80013c8 <MX_I2C3_Init+0x2c>)
 80013a0:	4b0a      	ldr	r3, [pc, #40]	@ (80013cc <MX_I2C3_Init+0x30>)
 80013a2:	6003      	str	r3, [r0, #0]
  hi2c3.Init.ClockSpeed = 100000;
 80013a4:	4b0a      	ldr	r3, [pc, #40]	@ (80013d0 <MX_I2C3_Init+0x34>)
 80013a6:	6043      	str	r3, [r0, #4]
  hi2c3.Init.DutyCycle = I2C_DUTYCYCLE_2;
 80013a8:	2300      	movs	r3, #0
 80013aa:	6083      	str	r3, [r0, #8]
  hi2c3.Init.OwnAddress1 = 0;
 80013ac:	60c3      	str	r3, [r0, #12]
  hi2c3.Init.AddressingMode = I2C_ADDRESSINGMODE_7BIT;
 80013ae:	f44f 4280 	mov.w	r2, #16384	@ 0x4000
 80013b2:	6102      	str	r2, [r0, #16]
  hi2c3.Init.DualAddressMode = I2C_DUALADDRESS_DISABLE;
 80013b4:	6143      	str	r3, [r0, #20]
  hi2c3.Init.OwnAddress2 = 0;
 80013b6:	6183      	str	r3, [r0, #24]
  hi2c3.Init.GeneralCallMode = I2C_GENERALCALL_DISABLE;
 80013b8:	61c3      	str	r3, [r0, #28]
  hi2c3.Init.NoStretchMode = I2C_NOSTRETCH_DISABLE;
 80013ba:	6203      	str	r3, [r0, #32]
  if (HAL_I2C_Init(&hi2c3) != HAL_OK)
 80013bc:	f001 fb68 	bl	8002a90 <HAL_I2C_Init>
 80013c0:	b900      	cbnz	r0, 80013c4 <MX_I2C3_Init+0x28>
}
 80013c2:	bd08      	pop	{r3, pc}
    Error_Handler();
 80013c4:	f7ff ff7c 	bl	80012c0 <Error_Handler>
 80013c8:	20000480 	.word	0x20000480
 80013cc:	40005c00 	.word	0x40005c00
 80013d0:	000186a0 	.word	0x000186a0

080013d4 <MX_RTC_Init>:
{
 80013d4:	b508      	push	{r3, lr}
  hrtc.Instance = RTC;
 80013d6:	4809      	ldr	r0, [pc, #36]	@ (80013fc <MX_RTC_Init+0x28>)
 80013d8:	4b09      	ldr	r3, [pc, #36]	@ (8001400 <MX_RTC_Init+0x2c>)
 80013da:	6003      	str	r3, [r0, #0]
  hrtc.Init.HourFormat = RTC_HOURFORMAT_24;
 80013dc:	2300      	movs	r3, #0
 80013de:	6043      	str	r3, [r0, #4]
  hrtc.Init.AsynchPrediv = 127;
 80013e0:	227f      	movs	r2, #127	@ 0x7f
 80013e2:	6082      	str	r2, [r0, #8]
  hrtc.Init.SynchPrediv = 255;
 80013e4:	22ff      	movs	r2, #255	@ 0xff
 80013e6:	60c2      	str	r2, [r0, #12]
  hrtc.Init.OutPut = RTC_OUTPUT_DISABLE;
 80013e8:	6103      	str	r3, [r0, #16]
  hrtc.Init.OutPutPolarity = RTC_OUTPUT_POLARITY_HIGH;
 80013ea:	6143      	str	r3, [r0, #20]
  hrtc.Init.OutPutType = RTC_OUTPUT_TYPE_OPENDRAIN;
 80013ec:	6183      	str	r3, [r0, #24]
  if (HAL_RTC_Init(&hrtc) != HAL_OK)
 80013ee:	f003 fca5 	bl	8004d3c <HAL_RTC_Init>
 80013f2:	b900      	cbnz	r0, 80013f6 <MX_RTC_Init+0x22>
}
 80013f4:	bd08      	pop	{r3, pc}
    Error_Handler();
 80013f6:	f7ff ff63 	bl	80012c0 <Error_Handler>
 80013fa:	bf00      	nop
 80013fc:	20000460 	.word	0x20000460
 8001400:	40002800 	.word	0x40002800

08001404 <MX_SPI1_Init>:
{
 8001404:	b508      	push	{r3, lr}
  hspi1.Instance = SPI1;
 8001406:	480d      	ldr	r0, [pc, #52]	@ (800143c <MX_SPI1_Init+0x38>)
 8001408:	4b0d      	ldr	r3, [pc, #52]	@ (8001440 <MX_SPI1_Init+0x3c>)
 800140a:	6003      	str	r3, [r0, #0]
  hspi1.Init.Mode = SPI_MODE_MASTER;
 800140c:	f44f 7382 	mov.w	r3, #260	@ 0x104
 8001410:	6043      	str	r3, [r0, #4]
  hspi1.Init.Direction = SPI_DIRECTION_2LINES;
 8001412:	2300      	movs	r3, #0
 8001414:	6083      	str	r3, [r0, #8]
  hspi1.Init.DataSize = SPI_DATASIZE_8BIT;
 8001416:	60c3      	str	r3, [r0, #12]
  hspi1.Init.CLKPolarity = SPI_POLARITY_LOW;
 8001418:	6103      	str	r3, [r0, #16]
  hspi1.Init.CLKPhase = SPI_PHASE_1EDGE;
 800141a:	6143      	str	r3, [r0, #20]
  hspi1.Init.NSS = SPI_NSS_SOFT;
 800141c:	f44f 7200 	mov.w	r2, #512	@ 0x200
 8001420:	6182      	str	r2, [r0, #24]
  hspi1.Init.BaudRatePrescaler = SPI_BAUDRATEPRESCALER_2;
 8001422:	61c3      	str	r3, [r0, #28]
  hspi1.Init.FirstBit = SPI_FIRSTBIT_MSB;
 8001424:	6203      	str	r3, [r0, #32]
  hspi1.Init.TIMode = SPI_TIMODE_DISABLE;
 8001426:	6243      	str	r3, [r0, #36]	@ 0x24
  hspi1.Init.CRCCalculation = SPI_CRCCALCULATION_DISABLE;
 8001428:	6283      	str	r3, [r0, #40]	@ 0x28
  hspi1.Init.CRCPolynomial = 10;
 800142a:	230a      	movs	r3, #10
 800142c:	62c3      	str	r3, [r0, #44]	@ 0x2c
  if (HAL_SPI_Init(&hspi1) != HAL_OK)
 800142e:	f003 fdbf 	bl	8004fb0 <HAL_SPI_Init>
 8001432:	b900      	cbnz	r0, 8001436 <MX_SPI1_Init+0x32>
}
 8001434:	bd08      	pop	{r3, pc}
    Error_Handler();
 8001436:	f7ff ff43 	bl	80012c0 <Error_Handler>
 800143a:	bf00      	nop
 800143c:	20000408 	.word	0x20000408
 8001440:	40013000 	.word	0x40013000

08001444 <MX_SPI2_Init>:
{
 8001444:	b508      	push	{r3, lr}
  hspi2.Instance = SPI2;
 8001446:	480d      	ldr	r0, [pc, #52]	@ (800147c <MX_SPI2_Init+0x38>)
 8001448:	4b0d      	ldr	r3, [pc, #52]	@ (8001480 <MX_SPI2_Init+0x3c>)
 800144a:	6003      	str	r3, [r0, #0]
  hspi2.Init.Mode = SPI_MODE_MASTER;
 800144c:	f44f 7382 	mov.w	r3, #260	@ 0x104
 8001450:	6043      	str	r3, [r0, #4]
  hspi2.Init.Direction = SPI_DIRECTION_2LINES;
 8001452:	2300      	movs	r3, #0
 8001454:	6083      	str	r3, [r0, #8]
  hspi2.Init.DataSize = SPI_DATASIZE_8BIT;
 8001456:	60c3      	str	r3, [r0, #12]
  hspi2.Init.CLKPolarity = SPI_POLARITY_LOW;
 8001458:	6103      	str	r3, [r0, #16]
  hspi2.Init.CLKPhase = SPI_PHASE_1EDGE;
 800145a:	6143      	str	r3, [r0, #20]
  hspi2.Init.NSS = SPI_NSS_HARD_OUTPUT;
 800145c:	f44f 2280 	mov.w	r2, #262144	@ 0x40000
 8001460:	6182      	str	r2, [r0, #24]
  hspi2.Init.BaudRatePrescaler = SPI_BAUDRATEPRESCALER_4;
 8001462:	2208      	movs	r2, #8
 8001464:	61c2      	str	r2, [r0, #28]
  hspi2.Init.FirstBit = SPI_FIRSTBIT_MSB;
 8001466:	6203      	str	r3, [r0, #32]
  hspi2.Init.TIMode = SPI_TIMODE_DISABLE;
 8001468:	6243      	str	r3, [r0, #36]	@ 0x24
  hspi2.Init.CRCCalculation = SPI_CRCCALCULATION_DISABLE;
 800146a:	6283      	str	r3, [r0, #40]	@ 0x28
  hspi2.Init.CRCPolynomial = 10;
 800146c:	230a      	movs	r3, #10
 800146e:	62c3      	str	r3, [r0, #44]	@ 0x2c
  if (HAL_SPI_Init(&hspi2) != HAL_OK)
 8001470:	f003 fd9e 	bl	8004fb0 <HAL_SPI_Init>
 8001474:	b900      	cbnz	r0, 8001478 <MX_SPI2_Init+0x34>
}
 8001476:	bd08      	pop	{r3, pc}
    Error_Handler();
 8001478:	f7ff ff22 	bl	80012c0 <Error_Handler>
 800147c:	200003b0 	.word	0x200003b0
 8001480:	40003800 	.word	0x40003800

08001484 <MX_SPI3_Init>:
{
 8001484:	b508      	push	{r3, lr}
  hspi3.Instance = SPI3;
 8001486:	480d      	ldr	r0, [pc, #52]	@ (80014bc <MX_SPI3_Init+0x38>)
 8001488:	4b0d      	ldr	r3, [pc, #52]	@ (80014c0 <MX_SPI3_Init+0x3c>)
 800148a:	6003      	str	r3, [r0, #0]
  hspi3.Init.Mode = SPI_MODE_MASTER;
 800148c:	f44f 7382 	mov.w	r3, #260	@ 0x104
 8001490:	6043      	str	r3, [r0, #4]
  hspi3.Init.Direction = SPI_DIRECTION_2LINES;
 8001492:	2300      	movs	r3, #0
 8001494:	6083      	str	r3, [r0, #8]
  hspi3.Init.DataSize = SPI_DATASIZE_8BIT;
 8001496:	60c3      	str	r3, [r0, #12]
  hspi3.Init.CLKPolarity = SPI_POLARITY_LOW;
 8001498:	6103      	str	r3, [r0, #16]
  hspi3.Init.CLKPhase = SPI_PHASE_1EDGE;
 800149a:	6143      	str	r3, [r0, #20]
  hspi3.Init.NSS = SPI_NSS_HARD_OUTPUT;
 800149c:	f44f 2280 	mov.w	r2, #262144	@ 0x40000
 80014a0:	6182      	str	r2, [r0, #24]
  hspi3.Init.BaudRatePrescaler = SPI_BAUDRATEPRESCALER_2;
 80014a2:	61c3      	str	r3, [r0, #28]
  hspi3.Init.FirstBit = SPI_FIRSTBIT_MSB;
 80014a4:	6203      	str	r3, [r0, #32]
  hspi3.Init.TIMode = SPI_TIMODE_DISABLE;
 80014a6:	6243      	str	r3, [r0, #36]	@ 0x24
  hspi3.Init.CRCCalculation = SPI_CRCCALCULATION_DISABLE;
 80014a8:	6283      	str	r3, [r0, #40]	@ 0x28
  hspi3.Init.CRCPolynomial = 10;
 80014aa:	230a      	movs	r3, #10
 80014ac:	62c3      	str	r3, [r0, #44]	@ 0x2c
  if (HAL_SPI_Init(&hspi3) != HAL_OK)
 80014ae:	f003 fd7f 	bl	8004fb0 <HAL_SPI_Init>
 80014b2:	b900      	cbnz	r0, 80014b6 <MX_SPI3_Init+0x32>
}
 80014b4:	bd08      	pop	{r3, pc}
    Error_Handler();
 80014b6:	f7ff ff03 	bl	80012c0 <Error_Handler>
 80014ba:	bf00      	nop
 80014bc:	20000358 	.word	0x20000358
 80014c0:	40003c00 	.word	0x40003c00

080014c4 <MX_TIM3_Init>:
{
 80014c4:	b500      	push	{lr}
 80014c6:	b08f      	sub	sp, #60	@ 0x3c
  TIM_ClockConfigTypeDef sClockSourceConfig = {0};
 80014c8:	2300      	movs	r3, #0
 80014ca:	930a      	str	r3, [sp, #40]	@ 0x28
 80014cc:	930b      	str	r3, [sp, #44]	@ 0x2c
 80014ce:	930c      	str	r3, [sp, #48]	@ 0x30
 80014d0:	930d      	str	r3, [sp, #52]	@ 0x34
  TIM_MasterConfigTypeDef sMasterConfig = {0};
 80014d2:	9308      	str	r3, [sp, #32]
 80014d4:	9309      	str	r3, [sp, #36]	@ 0x24
  TIM_OC_InitTypeDef sConfigOC = {0};
 80014d6:	9301      	str	r3, [sp, #4]
 80014d8:	9302      	str	r3, [sp, #8]
 80014da:	9303      	str	r3, [sp, #12]
 80014dc:	9304      	str	r3, [sp, #16]
 80014de:	9305      	str	r3, [sp, #20]
 80014e0:	9306      	str	r3, [sp, #24]
 80014e2:	9307      	str	r3, [sp, #28]
  htim3.Instance = TIM3;
 80014e4:	481d      	ldr	r0, [pc, #116]	@ (800155c <MX_TIM3_Init+0x98>)
 80014e6:	4a1e      	ldr	r2, [pc, #120]	@ (8001560 <MX_TIM3_Init+0x9c>)
 80014e8:	6002      	str	r2, [r0, #0]
  htim3.Init.Prescaler = 0;
 80014ea:	6043      	str	r3, [r0, #4]
  htim3.Init.CounterMode = TIM_COUNTERMODE_UP;
 80014ec:	6083      	str	r3, [r0, #8]
  htim3.Init.Period = 90-1;
 80014ee:	2259      	movs	r2, #89	@ 0x59
 80014f0:	60c2      	str	r2, [r0, #12]
  htim3.Init.ClockDivision = TIM_CLOCKDIVISION_DIV1;
 80014f2:	6103      	str	r3, [r0, #16]
  htim3.Init.AutoReloadPreload = TIM_AUTORELOAD_PRELOAD_DISABLE;
 80014f4:	6183      	str	r3, [r0, #24]
  if (HAL_TIM_Base_Init(&htim3) != HAL_OK)
 80014f6:	f004 faf3 	bl	8005ae0 <HAL_TIM_Base_Init>
 80014fa:	bb20      	cbnz	r0, 8001546 <MX_TIM3_Init+0x82>
  sClockSourceConfig.ClockSource = TIM_CLOCKSOURCE_INTERNAL;
 80014fc:	f44f 5380 	mov.w	r3, #4096	@ 0x1000
 8001500:	930a      	str	r3, [sp, #40]	@ 0x28
  if (HAL_TIM_ConfigClockSource(&htim3, &sClockSourceConfig) != HAL_OK)
 8001502:	a90a      	add	r1, sp, #40	@ 0x28
 8001504:	4815      	ldr	r0, [pc, #84]	@ (800155c <MX_TIM3_Init+0x98>)
 8001506:	f004 fc51 	bl	8005dac <HAL_TIM_ConfigClockSource>
 800150a:	b9f0      	cbnz	r0, 800154a <MX_TIM3_Init+0x86>
  if (HAL_TIM_PWM_Init(&htim3) != HAL_OK)
 800150c:	4813      	ldr	r0, [pc, #76]	@ (800155c <MX_TIM3_Init+0x98>)
 800150e:	f004 fb3f 	bl	8005b90 <HAL_TIM_PWM_Init>
 8001512:	b9e0      	cbnz	r0, 800154e <MX_TIM3_Init+0x8a>
  sMasterConfig.MasterOutputTrigger = TIM_TRGO_RESET;
 8001514:	2300      	movs	r3, #0
 8001516:	9308      	str	r3, [sp, #32]
  sMasterConfig.MasterSlaveMode = TIM_MASTERSLAVEMODE_DISABLE;
 8001518:	9309      	str	r3, [sp, #36]	@ 0x24
  if (HAL_TIMEx_MasterConfigSynchronization(&htim3, &sMasterConfig) != HAL_OK)
 800151a:	a908      	add	r1, sp, #32
 800151c:	480f      	ldr	r0, [pc, #60]	@ (800155c <MX_TIM3_Init+0x98>)
 800151e:	f004 ff11 	bl	8006344 <HAL_TIMEx_MasterConfigSynchronization>
 8001522:	b9b0      	cbnz	r0, 8001552 <MX_TIM3_Init+0x8e>
  sConfigOC.OCMode = TIM_OCMODE_PWM1;
 8001524:	2360      	movs	r3, #96	@ 0x60
 8001526:	9301      	str	r3, [sp, #4]
  sConfigOC.Pulse = 0;
 8001528:	2200      	movs	r2, #0
 800152a:	9202      	str	r2, [sp, #8]
  sConfigOC.OCPolarity = TIM_OCPOLARITY_HIGH;
 800152c:	9203      	str	r2, [sp, #12]
  sConfigOC.OCFastMode = TIM_OCFAST_DISABLE;
 800152e:	9205      	str	r2, [sp, #20]
  if (HAL_TIM_PWM_ConfigChannel(&htim3, &sConfigOC, TIM_CHANNEL_1) != HAL_OK)
 8001530:	a901      	add	r1, sp, #4
 8001532:	480a      	ldr	r0, [pc, #40]	@ (800155c <MX_TIM3_Init+0x98>)
 8001534:	f004 fbbf 	bl	8005cb6 <HAL_TIM_PWM_ConfigChannel>
 8001538:	b968      	cbnz	r0, 8001556 <MX_TIM3_Init+0x92>
  HAL_TIM_MspPostInit(&htim3);
 800153a:	4808      	ldr	r0, [pc, #32]	@ (800155c <MX_TIM3_Init+0x98>)
 800153c:	f002 f8ce 	bl	80036dc <HAL_TIM_MspPostInit>
}
 8001540:	b00f      	add	sp, #60	@ 0x3c
 8001542:	f85d fb04 	ldr.w	pc, [sp], #4
    Error_Handler();
 8001546:	f7ff febb 	bl	80012c0 <Error_Handler>
    Error_Handler();
 800154a:	f7ff feb9 	bl	80012c0 <Error_Handler>
    Error_Handler();
 800154e:	f7ff feb7 	bl	80012c0 <Error_Handler>
    Error_Handler();
 8001552:	f7ff feb5 	bl	80012c0 <Error_Handler>
    Error_Handler();
 8001556:	f7ff feb3 	bl	80012c0 <Error_Handler>
 800155a:	bf00      	nop
 800155c:	20000310 	.word	0x20000310
 8001560:	40000400 	.word	0x40000400

08001564 <MX_TIM4_Init>:
{
 8001564:	b500      	push	{lr}
 8001566:	b08f      	sub	sp, #60	@ 0x3c
  TIM_ClockConfigTypeDef sClockSourceConfig = {0};
 8001568:	2300      	movs	r3, #0
 800156a:	930a      	str	r3, [sp, #40]	@ 0x28
 800156c:	930b      	str	r3, [sp, #44]	@ 0x2c
 800156e:	930c      	str	r3, [sp, #48]	@ 0x30
 8001570:	930d      	str	r3, [sp, #52]	@ 0x34
  TIM_MasterConfigTypeDef sMasterConfig = {0};
 8001572:	9308      	str	r3, [sp, #32]
 8001574:	9309      	str	r3, [sp, #36]	@ 0x24
  TIM_OC_InitTypeDef sConfigOC = {0};
 8001576:	9301      	str	r3, [sp, #4]
 8001578:	9302      	str	r3, [sp, #8]
 800157a:	9303      	str	r3, [sp, #12]
 800157c:	9304      	str	r3, [sp, #16]
 800157e:	9305      	str	r3, [sp, #20]
 8001580:	9306      	str	r3, [sp, #24]
 8001582:	9307      	str	r3, [sp, #28]
  htim4.Instance = TIM4;
 8001584:	4823      	ldr	r0, [pc, #140]	@ (8001614 <MX_TIM4_Init+0xb0>)
 8001586:	4a24      	ldr	r2, [pc, #144]	@ (8001618 <MX_TIM4_Init+0xb4>)
 8001588:	6002      	str	r2, [r0, #0]
  htim4.Init.Prescaler = 591;
 800158a:	f240 224f 	movw	r2, #591	@ 0x24f
 800158e:	6042      	str	r2, [r0, #4]
  htim4.Init.CounterMode = TIM_COUNTERMODE_UP;
 8001590:	6083      	str	r3, [r0, #8]
  htim4.Init.Period = 2430;
 8001592:	f640 127e 	movw	r2, #2430	@ 0x97e
 8001596:	60c2      	str	r2, [r0, #12]
  htim4.Init.ClockDivision = TIM_CLOCKDIVISION_DIV1;
 8001598:	6103      	str	r3, [r0, #16]
  htim4.Init.AutoReloadPreload = TIM_AUTORELOAD_PRELOAD_DISABLE;
 800159a:	6183      	str	r3, [r0, #24]
  if (HAL_TIM_Base_Init(&htim4) != HAL_OK)
 800159c:	f004 faa0 	bl	8005ae0 <HAL_TIM_Base_Init>
 80015a0:	bb58      	cbnz	r0, 80015fa <MX_TIM4_Init+0x96>
  sClockSourceConfig.ClockSource = TIM_CLOCKSOURCE_INTERNAL;
 80015a2:	f44f 5380 	mov.w	r3, #4096	@ 0x1000
 80015a6:	930a      	str	r3, [sp, #40]	@ 0x28
  if (HAL_TIM_ConfigClockSource(&htim4, &sClockSourceConfig) != HAL_OK)
 80015a8:	a90a      	add	r1, sp, #40	@ 0x28
 80015aa:	481a      	ldr	r0, [pc, #104]	@ (8001614 <MX_TIM4_Init+0xb0>)
 80015ac:	f004 fbfe 	bl	8005dac <HAL_TIM_ConfigClockSource>
 80015b0:	bb28      	cbnz	r0, 80015fe <MX_TIM4_Init+0x9a>
  if (HAL_TIM_PWM_Init(&htim4) != HAL_OK)
 80015b2:	4818      	ldr	r0, [pc, #96]	@ (8001614 <MX_TIM4_Init+0xb0>)
 80015b4:	f004 faec 	bl	8005b90 <HAL_TIM_PWM_Init>
 80015b8:	bb18      	cbnz	r0, 8001602 <MX_TIM4_Init+0x9e>
  sMasterConfig.MasterOutputTrigger = TIM_TRGO_RESET;
 80015ba:	2300      	movs	r3, #0
 80015bc:	9308      	str	r3, [sp, #32]
  sMasterConfig.MasterSlaveMode = TIM_MASTERSLAVEMODE_DISABLE;
 80015be:	9309      	str	r3, [sp, #36]	@ 0x24
  if (HAL_TIMEx_MasterConfigSynchronization(&htim4, &sMasterConfig) != HAL_OK)
 80015c0:	a908      	add	r1, sp, #32
 80015c2:	4814      	ldr	r0, [pc, #80]	@ (8001614 <MX_TIM4_Init+0xb0>)
 80015c4:	f004 febe 	bl	8006344 <HAL_TIMEx_MasterConfigSynchronization>
 80015c8:	b9e8      	cbnz	r0, 8001606 <MX_TIM4_Init+0xa2>
  sConfigOC.OCMode = TIM_OCMODE_PWM1;
 80015ca:	2360      	movs	r3, #96	@ 0x60
 80015cc:	9301      	str	r3, [sp, #4]
  sConfigOC.Pulse = 0;
 80015ce:	2300      	movs	r3, #0
 80015d0:	9302      	str	r3, [sp, #8]
  sConfigOC.OCPolarity = TIM_OCPOLARITY_HIGH;
 80015d2:	9303      	str	r3, [sp, #12]
  sConfigOC.OCFastMode = TIM_OCFAST_DISABLE;
 80015d4:	9305      	str	r3, [sp, #20]
  if (HAL_TIM_PWM_ConfigChannel(&htim4, &sConfigOC, TIM_CHANNEL_3) != HAL_OK)
 80015d6:	2208      	movs	r2, #8
 80015d8:	a901      	add	r1, sp, #4
 80015da:	480e      	ldr	r0, [pc, #56]	@ (8001614 <MX_TIM4_Init+0xb0>)
 80015dc:	f004 fb6b 	bl	8005cb6 <HAL_TIM_PWM_ConfigChannel>
 80015e0:	b998      	cbnz	r0, 800160a <MX_TIM4_Init+0xa6>
  if (HAL_TIM_PWM_ConfigChannel(&htim4, &sConfigOC, TIM_CHANNEL_4) != HAL_OK)
 80015e2:	220c      	movs	r2, #12
 80015e4:	a901      	add	r1, sp, #4
 80015e6:	480b      	ldr	r0, [pc, #44]	@ (8001614 <MX_TIM4_Init+0xb0>)
 80015e8:	f004 fb65 	bl	8005cb6 <HAL_TIM_PWM_ConfigChannel>
 80015ec:	b978      	cbnz	r0, 800160e <MX_TIM4_Init+0xaa>
  HAL_TIM_MspPostInit(&htim4);
 80015ee:	4809      	ldr	r0, [pc, #36]	@ (8001614 <MX_TIM4_Init+0xb0>)
 80015f0:	f002 f874 	bl	80036dc <HAL_TIM_MspPostInit>
}
 80015f4:	b00f      	add	sp, #60	@ 0x3c
 80015f6:	f85d fb04 	ldr.w	pc, [sp], #4
    Error_Handler();
 80015fa:	f7ff fe61 	bl	80012c0 <Error_Handler>
    Error_Handler();
 80015fe:	f7ff fe5f 	bl	80012c0 <Error_Handler>
    Error_Handler();
 8001602:	f7ff fe5d 	bl	80012c0 <Error_Handler>
    Error_Handler();
 8001606:	f7ff fe5b 	bl	80012c0 <Error_Handler>
    Error_Handler();
 800160a:	f7ff fe59 	bl	80012c0 <Error_Handler>
    Error_Handler();
 800160e:	f7ff fe57 	bl	80012c0 <Error_Handler>
 8001612:	bf00      	nop
 8001614:	200002c8 	.word	0x200002c8
 8001618:	40000800 	.word	0x40000800

0800161c <MX_TIM5_Init>:
{
 800161c:	b500      	push	{lr}
 800161e:	b08f      	sub	sp, #60	@ 0x3c
  TIM_ClockConfigTypeDef sClockSourceConfig = {0};
 8001620:	2300      	movs	r3, #0
 8001622:	930a      	str	r3, [sp, #40]	@ 0x28
 8001624:	930b      	str	r3, [sp, #44]	@ 0x2c
 8001626:	930c      	str	r3, [sp, #48]	@ 0x30
 8001628:	930d      	str	r3, [sp, #52]	@ 0x34
  TIM_MasterConfigTypeDef sMasterConfig = {0};
 800162a:	9308      	str	r3, [sp, #32]
 800162c:	9309      	str	r3, [sp, #36]	@ 0x24
  TIM_OC_InitTypeDef sConfigOC = {0};
 800162e:	9301      	str	r3, [sp, #4]
 8001630:	9302      	str	r3, [sp, #8]
 8001632:	9303      	str	r3, [sp, #12]
 8001634:	9304      	str	r3, [sp, #16]
 8001636:	9305      	str	r3, [sp, #20]
 8001638:	9306      	str	r3, [sp, #24]
 800163a:	9307      	str	r3, [sp, #28]
  htim5.Instance = TIM5;
 800163c:	4831      	ldr	r0, [pc, #196]	@ (8001704 <MX_TIM5_Init+0xe8>)
 800163e:	4a32      	ldr	r2, [pc, #200]	@ (8001708 <MX_TIM5_Init+0xec>)
 8001640:	6002      	str	r2, [r0, #0]
  htim5.Init.Prescaler = 591;
 8001642:	f240 224f 	movw	r2, #591	@ 0x24f
 8001646:	6042      	str	r2, [r0, #4]
  htim5.Init.CounterMode = TIM_COUNTERMODE_UP;
 8001648:	6083      	str	r3, [r0, #8]
  htim5.Init.Period = 2430;
 800164a:	f640 127e 	movw	r2, #2430	@ 0x97e
 800164e:	60c2      	str	r2, [r0, #12]
  htim5.Init.ClockDivision = TIM_CLOCKDIVISION_DIV1;
 8001650:	6103      	str	r3, [r0, #16]
  htim5.Init.AutoReloadPreload = TIM_AUTORELOAD_PRELOAD_DISABLE;
 8001652:	6183      	str	r3, [r0, #24]
  if (HAL_TIM_Base_Init(&htim5) != HAL_OK)
 8001654:	f004 fa44 	bl	8005ae0 <HAL_TIM_Base_Init>
 8001658:	2800      	cmp	r0, #0
 800165a:	d140      	bne.n	80016de <MX_TIM5_Init+0xc2>
  sClockSourceConfig.ClockSource = TIM_CLOCKSOURCE_INTERNAL;
 800165c:	f44f 5380 	mov.w	r3, #4096	@ 0x1000
 8001660:	930a      	str	r3, [sp, #40]	@ 0x28
  if (HAL_TIM_ConfigClockSource(&htim5, &sClockSourceConfig) != HAL_OK)
 8001662:	a90a      	add	r1, sp, #40	@ 0x28
 8001664:	4827      	ldr	r0, [pc, #156]	@ (8001704 <MX_TIM5_Init+0xe8>)
 8001666:	f004 fba1 	bl	8005dac <HAL_TIM_ConfigClockSource>
 800166a:	2800      	cmp	r0, #0
 800166c:	d139      	bne.n	80016e2 <MX_TIM5_Init+0xc6>
  if (HAL_TIM_PWM_Init(&htim5) != HAL_OK)
 800166e:	4825      	ldr	r0, [pc, #148]	@ (8001704 <MX_TIM5_Init+0xe8>)
 8001670:	f004 fa8e 	bl	8005b90 <HAL_TIM_PWM_Init>
 8001674:	2800      	cmp	r0, #0
 8001676:	d136      	bne.n	80016e6 <MX_TIM5_Init+0xca>
  if (HAL_TIM_OC_Init(&htim5) != HAL_OK)
 8001678:	4822      	ldr	r0, [pc, #136]	@ (8001704 <MX_TIM5_Init+0xe8>)
 800167a:	f004 fa5d 	bl	8005b38 <HAL_TIM_OC_Init>
 800167e:	2800      	cmp	r0, #0
 8001680:	d133      	bne.n	80016ea <MX_TIM5_Init+0xce>
  sMasterConfig.MasterOutputTrigger = TIM_TRGO_RESET;
 8001682:	2300      	movs	r3, #0
 8001684:	9308      	str	r3, [sp, #32]
  sMasterConfig.MasterSlaveMode = TIM_MASTERSLAVEMODE_DISABLE;
 8001686:	9309      	str	r3, [sp, #36]	@ 0x24
  if (HAL_TIMEx_MasterConfigSynchronization(&htim5, &sMasterConfig) != HAL_OK)
 8001688:	a908      	add	r1, sp, #32
 800168a:	481e      	ldr	r0, [pc, #120]	@ (8001704 <MX_TIM5_Init+0xe8>)
 800168c:	f004 fe5a 	bl	8006344 <HAL_TIMEx_MasterConfigSynchronization>
 8001690:	bb68      	cbnz	r0, 80016ee <MX_TIM5_Init+0xd2>
  sConfigOC.OCMode = TIM_OCMODE_PWM1;
 8001692:	2360      	movs	r3, #96	@ 0x60
 8001694:	9301      	str	r3, [sp, #4]
  sConfigOC.Pulse = 0;
 8001696:	2200      	movs	r2, #0
 8001698:	9202      	str	r2, [sp, #8]
  sConfigOC.OCPolarity = TIM_OCPOLARITY_HIGH;
 800169a:	9203      	str	r2, [sp, #12]
  sConfigOC.OCFastMode = TIM_OCFAST_DISABLE;
 800169c:	9205      	str	r2, [sp, #20]
  if (HAL_TIM_PWM_ConfigChannel(&htim5, &sConfigOC, TIM_CHANNEL_1) != HAL_OK)
 800169e:	a901      	add	r1, sp, #4
 80016a0:	4818      	ldr	r0, [pc, #96]	@ (8001704 <MX_TIM5_Init+0xe8>)
 80016a2:	f004 fb08 	bl	8005cb6 <HAL_TIM_PWM_ConfigChannel>
 80016a6:	bb20      	cbnz	r0, 80016f2 <MX_TIM5_Init+0xd6>
  if (HAL_TIM_PWM_ConfigChannel(&htim5, &sConfigOC, TIM_CHANNEL_2) != HAL_OK)
 80016a8:	2204      	movs	r2, #4
 80016aa:	eb0d 0102 	add.w	r1, sp, r2
 80016ae:	4815      	ldr	r0, [pc, #84]	@ (8001704 <MX_TIM5_Init+0xe8>)
 80016b0:	f004 fb01 	bl	8005cb6 <HAL_TIM_PWM_ConfigChannel>
 80016b4:	b9f8      	cbnz	r0, 80016f6 <MX_TIM5_Init+0xda>
  if (HAL_TIM_PWM_ConfigChannel(&htim5, &sConfigOC, TIM_CHANNEL_3) != HAL_OK)
 80016b6:	2208      	movs	r2, #8
 80016b8:	a901      	add	r1, sp, #4
 80016ba:	4812      	ldr	r0, [pc, #72]	@ (8001704 <MX_TIM5_Init+0xe8>)
 80016bc:	f004 fafb 	bl	8005cb6 <HAL_TIM_PWM_ConfigChannel>
 80016c0:	b9d8      	cbnz	r0, 80016fa <MX_TIM5_Init+0xde>
  sConfigOC.OCMode = TIM_OCMODE_TIMING;
 80016c2:	2300      	movs	r3, #0
 80016c4:	9301      	str	r3, [sp, #4]
  if (HAL_TIM_OC_ConfigChannel(&htim5, &sConfigOC, TIM_CHANNEL_4) != HAL_OK)
 80016c6:	220c      	movs	r2, #12
 80016c8:	a901      	add	r1, sp, #4
 80016ca:	480e      	ldr	r0, [pc, #56]	@ (8001704 <MX_TIM5_Init+0xe8>)
 80016cc:	f004 fac4 	bl	8005c58 <HAL_TIM_OC_ConfigChannel>
 80016d0:	b9a8      	cbnz	r0, 80016fe <MX_TIM5_Init+0xe2>
  HAL_TIM_MspPostInit(&htim5);
 80016d2:	480c      	ldr	r0, [pc, #48]	@ (8001704 <MX_TIM5_Init+0xe8>)
 80016d4:	f002 f802 	bl	80036dc <HAL_TIM_MspPostInit>
}
 80016d8:	b00f      	add	sp, #60	@ 0x3c
 80016da:	f85d fb04 	ldr.w	pc, [sp], #4
    Error_Handler();
 80016de:	f7ff fdef 	bl	80012c0 <Error_Handler>
    Error_Handler();
 80016e2:	f7ff fded 	bl	80012c0 <Error_Handler>
    Error_Handler();
 80016e6:	f7ff fdeb 	bl	80012c0 <Error_Handler>
    Error_Handler();
 80016ea:	f7ff fde9 	bl	80012c0 <Error_Handler>
    Error_Handler();
 80016ee:	f7ff fde7 	bl	80012c0 <Error_Handler>
    Error_Handler();
 80016f2:	f7ff fde5 	bl	80012c0 <Error_Handler>
    Error_Handler();
 80016f6:	f7ff fde3 	bl	80012c0 <Error_Handler>
    Error_Handler();
 80016fa:	f7ff fde1 	bl	80012c0 <Error_Handler>
    Error_Handler();
 80016fe:	f7ff fddf 	bl	80012c0 <Error_Handler>
 8001702:	bf00      	nop
 8001704:	20000280 	.word	0x20000280
 8001708:	40000c00 	.word	0x40000c00

0800170c <MX_USART1_UART_Init>:
{
 800170c:	b508      	push	{r3, lr}
  huart1.Instance = USART1;
 800170e:	480a      	ldr	r0, [pc, #40]	@ (8001738 <MX_USART1_UART_Init+0x2c>)
 8001710:	4b0a      	ldr	r3, [pc, #40]	@ (800173c <MX_USART1_UART_Init+0x30>)
 8001712:	6003      	str	r3, [r0, #0]
  huart1.Init.BaudRate = 115200;
 8001714:	f44f 33e1 	mov.w	r3, #115200	@ 0x1c200
 8001718:	6043      	str	r3, [r0, #4]
  huart1.Init.WordLength = UART_WORDLENGTH_8B;
 800171a:	2300      	movs	r3, #0
 800171c:	6083      	str	r3, [r0, #8]
  huart1.Init.StopBits = UART_STOPBITS_1;
 800171e:	60c3      	str	r3, [r0, #12]
  huart1.Init.Parity = UART_PARITY_NONE;
 8001720:	6103      	str	r3, [r0, #16]
  huart1.Init.Mode = UART_MODE_TX_RX;
 8001722:	220c      	movs	r2, #12
 8001724:	6142      	str	r2, [r0, #20]
  huart1.Init.HwFlowCtl = UART_HWCONTROL_NONE;
 8001726:	6183      	str	r3, [r0, #24]
  huart1.Init.OverSampling = UART_OVERSAMPLING_16;
 8001728:	61c3      	str	r3, [r0, #28]
  if (HAL_UART_Init(&huart1) != HAL_OK)
 800172a:	f004 fedb 	bl	80064e4 <HAL_UART_Init>
 800172e:	b900      	cbnz	r0, 8001732 <MX_USART1_UART_Init+0x26>
}
 8001730:	bd08      	pop	{r3, pc}
    Error_Handler();
 8001732:	f7ff fdc5 	bl	80012c0 <Error_Handler>
 8001736:	bf00      	nop
 8001738:	200001d8 	.word	0x200001d8
 800173c:	40011000 	.word	0x40011000

08001740 <MX_CRC_Init>:
{
 8001740:	b508      	push	{r3, lr}
  hcrc.Instance = CRC;
 8001742:	4804      	ldr	r0, [pc, #16]	@ (8001754 <MX_CRC_Init+0x14>)
 8001744:	4b04      	ldr	r3, [pc, #16]	@ (8001758 <MX_CRC_Init+0x18>)
 8001746:	6003      	str	r3, [r0, #0]
  if (HAL_CRC_Init(&hcrc) != HAL_OK)
 8001748:	f000 fbf6 	bl	8001f38 <HAL_CRC_Init>
 800174c:	b900      	cbnz	r0, 8001750 <MX_CRC_Init+0x10>
}
 800174e:	bd08      	pop	{r3, pc}
    Error_Handler();
 8001750:	f7ff fdb6 	bl	80012c0 <Error_Handler>
 8001754:	2000057c 	.word	0x2000057c
 8001758:	40023000 	.word	0x40023000

0800175c <SystemClock_Config>:
{
 800175c:	b510      	push	{r4, lr}
 800175e:	b094      	sub	sp, #80	@ 0x50
  RCC_OscInitTypeDef RCC_OscInitStruct = {0};
 8001760:	ac08      	add	r4, sp, #32
 8001762:	2230      	movs	r2, #48	@ 0x30
 8001764:	2100      	movs	r1, #0
 8001766:	4620      	mov	r0, r4
 8001768:	f007 ffd1 	bl	800970e <memset>
  RCC_ClkInitTypeDef RCC_ClkInitStruct = {0};
 800176c:	2300      	movs	r3, #0
 800176e:	9303      	str	r3, [sp, #12]
 8001770:	9304      	str	r3, [sp, #16]
 8001772:	9305      	str	r3, [sp, #20]
 8001774:	9306      	str	r3, [sp, #24]
 8001776:	9307      	str	r3, [sp, #28]
  __HAL_RCC_PWR_CLK_ENABLE();
 8001778:	9301      	str	r3, [sp, #4]
 800177a:	4a21      	ldr	r2, [pc, #132]	@ (8001800 <SystemClock_Config+0xa4>)
 800177c:	6c11      	ldr	r1, [r2, #64]	@ 0x40
 800177e:	f041 5180 	orr.w	r1, r1, #268435456	@ 0x10000000
 8001782:	6411      	str	r1, [r2, #64]	@ 0x40
 8001784:	6c12      	ldr	r2, [r2, #64]	@ 0x40
 8001786:	f002 5280 	and.w	r2, r2, #268435456	@ 0x10000000
 800178a:	9201      	str	r2, [sp, #4]
 800178c:	9a01      	ldr	r2, [sp, #4]
  __HAL_PWR_VOLTAGESCALING_CONFIG(PWR_REGULATOR_VOLTAGE_SCALE1);
 800178e:	9302      	str	r3, [sp, #8]
 8001790:	4b1c      	ldr	r3, [pc, #112]	@ (8001804 <SystemClock_Config+0xa8>)
 8001792:	681a      	ldr	r2, [r3, #0]
 8001794:	f442 4280 	orr.w	r2, r2, #16384	@ 0x4000
 8001798:	601a      	str	r2, [r3, #0]
 800179a:	681b      	ldr	r3, [r3, #0]
 800179c:	f403 4380 	and.w	r3, r3, #16384	@ 0x4000
 80017a0:	9302      	str	r3, [sp, #8]
 80017a2:	9b02      	ldr	r3, [sp, #8]
  RCC_OscInitStruct.OscillatorType = RCC_OSCILLATORTYPE_LSI|RCC_OSCILLATORTYPE_HSE;
 80017a4:	2309      	movs	r3, #9
 80017a6:	9308      	str	r3, [sp, #32]
  RCC_OscInitStruct.HSEState = RCC_HSE_ON;
 80017a8:	f44f 3380 	mov.w	r3, #65536	@ 0x10000
 80017ac:	9309      	str	r3, [sp, #36]	@ 0x24
  RCC_OscInitStruct.LSIState = RCC_LSI_ON;
 80017ae:	2301      	movs	r3, #1
 80017b0:	930d      	str	r3, [sp, #52]	@ 0x34
  RCC_OscInitStruct.PLL.PLLState = RCC_PLL_ON;
 80017b2:	2302      	movs	r3, #2
 80017b4:	930e      	str	r3, [sp, #56]	@ 0x38
  RCC_OscInitStruct.PLL.PLLSource = RCC_PLLSOURCE_HSE;
 80017b6:	f44f 0280 	mov.w	r2, #4194304	@ 0x400000
 80017ba:	920f      	str	r2, [sp, #60]	@ 0x3c
  RCC_OscInitStruct.PLL.PLLM = 4;
 80017bc:	2204      	movs	r2, #4
 80017be:	9210      	str	r2, [sp, #64]	@ 0x40
  RCC_OscInitStruct.PLL.PLLN = 144;
 80017c0:	2290      	movs	r2, #144	@ 0x90
 80017c2:	9211      	str	r2, [sp, #68]	@ 0x44
  RCC_OscInitStruct.PLL.PLLP = RCC_PLLP_DIV2;
 80017c4:	9312      	str	r3, [sp, #72]	@ 0x48
  RCC_OscInitStruct.PLL.PLLQ = 6;
 80017c6:	2306      	movs	r3, #6
 80017c8:	9313      	str	r3, [sp, #76]	@ 0x4c
  if (HAL_RCC_OscConfig(&RCC_OscInitStruct) != HAL_OK)
 80017ca:	4620      	mov	r0, r4
 80017cc:	f002 fe7a 	bl	80044c4 <HAL_RCC_OscConfig>
 80017d0:	b990      	cbnz	r0, 80017f8 <SystemClock_Config+0x9c>
  RCC_ClkInitStruct.ClockType = RCC_CLOCKTYPE_HCLK|RCC_CLOCKTYPE_SYSCLK
 80017d2:	230f      	movs	r3, #15
 80017d4:	9303      	str	r3, [sp, #12]
  RCC_ClkInitStruct.SYSCLKSource = RCC_SYSCLKSOURCE_PLLCLK;
 80017d6:	2302      	movs	r3, #2
 80017d8:	9304      	str	r3, [sp, #16]
  RCC_ClkInitStruct.AHBCLKDivider = RCC_SYSCLK_DIV1;
 80017da:	2300      	movs	r3, #0
 80017dc:	9305      	str	r3, [sp, #20]
  RCC_ClkInitStruct.APB1CLKDivider = RCC_HCLK_DIV4;
 80017de:	f44f 53a0 	mov.w	r3, #5120	@ 0x1400
 80017e2:	9306      	str	r3, [sp, #24]
  RCC_ClkInitStruct.APB2CLKDivider = RCC_HCLK_DIV2;
 80017e4:	f44f 5380 	mov.w	r3, #4096	@ 0x1000
 80017e8:	9307      	str	r3, [sp, #28]
  if (HAL_RCC_ClockConfig(&RCC_ClkInitStruct, FLASH_LATENCY_4) != HAL_OK)
 80017ea:	2104      	movs	r1, #4
 80017ec:	a803      	add	r0, sp, #12
 80017ee:	f003 f8d3 	bl	8004998 <HAL_RCC_ClockConfig>
 80017f2:	b918      	cbnz	r0, 80017fc <SystemClock_Config+0xa0>
}
 80017f4:	b014      	add	sp, #80	@ 0x50
 80017f6:	bd10      	pop	{r4, pc}
    Error_Handler();
 80017f8:	f7ff fd62 	bl	80012c0 <Error_Handler>
    Error_Handler();
 80017fc:	f7ff fd60 	bl	80012c0 <Error_Handler>
 8001800:	40023800 	.word	0x40023800
 8001804:	40007000 	.word	0x40007000

08001808 <main>:
{
 8001808:	b530      	push	{r4, r5, lr}
 800180a:	f5ad 7d0d 	sub.w	sp, sp, #564	@ 0x234
  HAL_Init();
 800180e:	f000 f947 	bl	8001aa0 <HAL_Init>
  SystemClock_Config();
 8001812:	f7ff ffa3 	bl	800175c <SystemClock_Config>
  MX_GPIO_Init();
 8001816:	f7ff fc49 	bl	80010ac <MX_GPIO_Init>
  MX_DMA_Init();
 800181a:	f7ff fcf7 	bl	800120c <MX_DMA_Init>
  MX_ADC1_Init();
 800181e:	f7ff fd51 	bl	80012c4 <MX_ADC1_Init>
  MX_I2C1_Init();
 8001822:	f7ff fd83 	bl	800132c <MX_I2C1_Init>
  MX_I2C2_Init();
 8001826:	f7ff fd9d 	bl	8001364 <MX_I2C2_Init>
  MX_I2C3_Init();
 800182a:	f7ff fdb7 	bl	800139c <MX_I2C3_Init>
  MX_RTC_Init();
 800182e:	f7ff fdd1 	bl	80013d4 <MX_RTC_Init>
  MX_SPI1_Init();
 8001832:	f7ff fde7 	bl	8001404 <MX_SPI1_Init>
  MX_SPI2_Init();
 8001836:	f7ff fe05 	bl	8001444 <MX_SPI2_Init>
  MX_SPI3_Init();
 800183a:	f7ff fe23 	bl	8001484 <MX_SPI3_Init>
  MX_TIM3_Init();
 800183e:	f7ff fe41 	bl	80014c4 <MX_TIM3_Init>
  MX_TIM4_Init();
 8001842:	f7ff fe8f 	bl	8001564 <MX_TIM4_Init>
  MX_TIM5_Init();
 8001846:	f7ff fee9 	bl	800161c <MX_TIM5_Init>
  MX_USART1_UART_Init();
 800184a:	f7ff ff5f 	bl	800170c <MX_USART1_UART_Init>
  MX_USB_DEVICE_Init();
 800184e:	f005 fc69 	bl	8007124 <MX_USB_DEVICE_Init>
  MX_CRC_Init();
 8001852:	f7ff ff75 	bl	8001740 <MX_CRC_Init>
  MX_FATFS_Init();
 8001856:	f7ff f8c7 	bl	80009e8 <MX_FATFS_Init>
  HAL_GPIO_WritePin(BUZZER_GPIO_Port, BUZZER_Pin, GPIO_PIN_SET);
 800185a:	2201      	movs	r2, #1
 800185c:	2108      	movs	r1, #8
 800185e:	483e      	ldr	r0, [pc, #248]	@ (8001958 <main+0x150>)
 8001860:	f000 fe86 	bl	8002570 <HAL_GPIO_WritePin>
  hbmp388.hi2c = &hi2c2;
 8001864:	483d      	ldr	r0, [pc, #244]	@ (800195c <main+0x154>)
 8001866:	4b3e      	ldr	r3, [pc, #248]	@ (8001960 <main+0x158>)
 8001868:	6003      	str	r3, [r0, #0]
  if(BMP388_Init(&hbmp388) == HAL_OK){
 800186a:	f7ff f852 	bl	8000912 <BMP388_Init>
 800186e:	b328      	cbz	r0, 80018bc <main+0xb4>
  if(LSM6DSO_Init(&hlsm6dso1) == HAL_OK){
 8001870:	483c      	ldr	r0, [pc, #240]	@ (8001964 <main+0x15c>)
 8001872:	f7ff f8f6 	bl	8000a62 <LSM6DSO_Init>
 8001876:	2800      	cmp	r0, #0
 8001878:	d03b      	beq.n	80018f2 <main+0xea>
  if(EE24_Init(&h24lc64, &hi2c1, EE24_ADDRESS_DEFAULT, EEP_WP_GPIO_Port, EEP_WP_Pin) == 1){
 800187a:	2320      	movs	r3, #32
 800187c:	9300      	str	r3, [sp, #0]
 800187e:	4b3a      	ldr	r3, [pc, #232]	@ (8001968 <main+0x160>)
 8001880:	22a0      	movs	r2, #160	@ 0xa0
 8001882:	493a      	ldr	r1, [pc, #232]	@ (800196c <main+0x164>)
 8001884:	483a      	ldr	r0, [pc, #232]	@ (8001970 <main+0x168>)
 8001886:	f7ff f870 	bl	800096a <EE24_Init>
 800188a:	b128      	cbz	r0, 8001898 <main+0x90>
    data[0] = 0xAA;
 800188c:	23aa      	movs	r3, #170	@ 0xaa
 800188e:	f88d 320c 	strb.w	r3, [sp, #524]	@ 0x20c
    data[1] = 0x55;
 8001892:	2355      	movs	r3, #85	@ 0x55
 8001894:	f88d 320d 	strb.w	r3, [sp, #525]	@ 0x20d
  Servo_Init(&hservo1, &htim5, TIM_CHANNEL_1);
 8001898:	2200      	movs	r2, #0
 800189a:	4936      	ldr	r1, [pc, #216]	@ (8001974 <main+0x16c>)
 800189c:	4836      	ldr	r0, [pc, #216]	@ (8001978 <main+0x170>)
 800189e:	f000 f89a 	bl	80019d6 <Servo_Init>
  memset(fl_data, 0, 512);
 80018a2:	f44f 7200 	mov.w	r2, #512	@ 0x200
 80018a6:	2100      	movs	r1, #0
 80018a8:	a803      	add	r0, sp, #12
 80018aa:	f007 ff30 	bl	800970e <memset>
  LED_Set_Color(0, 64, 0);
 80018ae:	2200      	movs	r2, #0
 80018b0:	2140      	movs	r1, #64	@ 0x40
 80018b2:	4610      	mov	r0, r2
 80018b4:	f000 f862 	bl	800197c <LED_Set_Color>
  uint8_t servo_angle = 0;
 80018b8:	2400      	movs	r4, #0
 80018ba:	e026      	b.n	800190a <main+0x102>
    HAL_Delay(5);
 80018bc:	2005      	movs	r0, #5
 80018be:	f000 f91b 	bl	8001af8 <HAL_Delay>
    BMP388_SetTempOS(&hbmp388, BMP388_OVERSAMPLING_8X);
 80018c2:	4c26      	ldr	r4, [pc, #152]	@ (800195c <main+0x154>)
 80018c4:	2103      	movs	r1, #3
 80018c6:	4620      	mov	r0, r4
 80018c8:	f7fe fde6 	bl	8000498 <BMP388_SetTempOS>
    BMP388_SetPressOS(&hbmp388, BMP388_OVERSAMPLING_8X);
 80018cc:	2103      	movs	r1, #3
 80018ce:	4620      	mov	r0, r4
 80018d0:	f7fe fdee 	bl	80004b0 <BMP388_SetPressOS>
    BMP388_SetIIRFilterCoeff(&hbmp388, BMP3_IIR_FILTER_COEFF_3);
 80018d4:	2102      	movs	r1, #2
 80018d6:	4620      	mov	r0, r4
 80018d8:	f7fe fdf5 	bl	80004c6 <BMP388_SetIIRFilterCoeff>
    BMP388_SetOutputDataRate(&hbmp388, BMP3_ODR_50_HZ);
 80018dc:	2102      	movs	r1, #2
 80018de:	4620      	mov	r0, r4
 80018e0:	f7fe fdf9 	bl	80004d6 <BMP388_SetOutputDataRate>
    BMP388_ReadRawPressTempTime(&hbmp388, &rprs, &rtemp, &time);  // DUMMY
 80018e4:	ab89      	add	r3, sp, #548	@ 0x224
 80018e6:	aa8a      	add	r2, sp, #552	@ 0x228
 80018e8:	a98b      	add	r1, sp, #556	@ 0x22c
 80018ea:	4620      	mov	r0, r4
 80018ec:	f7fe ff8a 	bl	8000804 <BMP388_ReadRawPressTempTime>
 80018f0:	e7be      	b.n	8001870 <main+0x68>
    LSM6DSO_ACC_GetAxes(&hlsm6dso1, &acc);
 80018f2:	4c1c      	ldr	r4, [pc, #112]	@ (8001964 <main+0x15c>)
 80018f4:	a984      	add	r1, sp, #528	@ 0x210
 80018f6:	4620      	mov	r0, r4
 80018f8:	f7ff f936 	bl	8000b68 <LSM6DSO_ACC_GetAxes>
    LSM6DSO_ReadID(&hlsm6dso1, &ID);
 80018fc:	f20d 210f 	addw	r1, sp, #527	@ 0x20f
 8001900:	4620      	mov	r0, r4
 8001902:	f7ff f8fc 	bl	8000afe <LSM6DSO_ReadID>
 8001906:	e7b8      	b.n	800187a <main+0x72>
    if(servo_angle > 180) servo_angle = 0;
 8001908:	2400      	movs	r4, #0
    HAL_Delay(100);  // wait for conversion
 800190a:	2064      	movs	r0, #100	@ 0x64
 800190c:	f000 f8f4 	bl	8001af8 <HAL_Delay>
    BMP388_ReadRawPressTempTime(&hbmp388, &rprs, &rtemp, &time);
 8001910:	4d12      	ldr	r5, [pc, #72]	@ (800195c <main+0x154>)
 8001912:	ab89      	add	r3, sp, #548	@ 0x224
 8001914:	aa8a      	add	r2, sp, #552	@ 0x228
 8001916:	a98b      	add	r1, sp, #556	@ 0x22c
 8001918:	4628      	mov	r0, r5
 800191a:	f7fe ff73 	bl	8000804 <BMP388_ReadRawPressTempTime>
    BMP388_CompensateRawPressTemp(&hbmp388, rprs, rtemp, &prs, &temp);
 800191e:	ab87      	add	r3, sp, #540	@ 0x21c
 8001920:	9300      	str	r3, [sp, #0]
 8001922:	ab88      	add	r3, sp, #544	@ 0x220
 8001924:	9a8a      	ldr	r2, [sp, #552]	@ 0x228
 8001926:	998b      	ldr	r1, [sp, #556]	@ 0x22c
 8001928:	4628      	mov	r0, r5
 800192a:	f7fe fe3f 	bl	80005ac <BMP388_CompensateRawPressTemp>
    LSM6DSO_ACC_GetAxes(&hlsm6dso1, &acc);
 800192e:	a984      	add	r1, sp, #528	@ 0x210
 8001930:	480c      	ldr	r0, [pc, #48]	@ (8001964 <main+0x15c>)
 8001932:	f7ff f919 	bl	8000b68 <LSM6DSO_ACC_GetAxes>
    EE24_Read(&h24lc64, 0, data, 2, 100);
 8001936:	2364      	movs	r3, #100	@ 0x64
 8001938:	9300      	str	r3, [sp, #0]
 800193a:	2302      	movs	r3, #2
 800193c:	aa83      	add	r2, sp, #524	@ 0x20c
 800193e:	2100      	movs	r1, #0
 8001940:	480b      	ldr	r0, [pc, #44]	@ (8001970 <main+0x168>)
 8001942:	f7ff f834 	bl	80009ae <EE24_Read>
    Servo_SetAngle(&hservo1, servo_angle);
 8001946:	4621      	mov	r1, r4
 8001948:	480b      	ldr	r0, [pc, #44]	@ (8001978 <main+0x170>)
 800194a:	f000 f859 	bl	8001a00 <Servo_SetAngle>
    servo_angle+=10;
 800194e:	340a      	adds	r4, #10
 8001950:	b2e4      	uxtb	r4, r4
    if(servo_angle > 180) servo_angle = 0;
 8001952:	2cb4      	cmp	r4, #180	@ 0xb4
 8001954:	d8d8      	bhi.n	8001908 <main+0x100>
 8001956:	e7d8      	b.n	800190a <main+0x102>
 8001958:	40020800 	.word	0x40020800
 800195c:	20000160 	.word	0x20000160
 8001960:	200004d4 	.word	0x200004d4
 8001964:	200001a0 	.word	0x200001a0
 8001968:	40020400 	.word	0x40020400
 800196c:	20000528 	.word	0x20000528
 8001970:	20000150 	.word	0x20000150
 8001974:	20000280 	.word	0x20000280
 8001978:	20000148 	.word	0x20000148

0800197c <LED_Set_Color>:

PixelRGB_t pixel[NUM_PX] = {0};
uint32_t dmaBuffer[DMA_BUFF] = {0};


void LED_Set_Color(uint8_t r, uint8_t g, uint8_t b){
 800197c:	b508      	push	{r3, lr}
    pixel[0].color.r = r;
 800197e:	4b10      	ldr	r3, [pc, #64]	@ (80019c0 <LED_Set_Color+0x44>)
 8001980:	7058      	strb	r0, [r3, #1]
    pixel[0].color.b = b;
 8001982:	701a      	strb	r2, [r3, #0]
    pixel[0].color.g = g;
 8001984:	7099      	strb	r1, [r3, #2]

    uint32_t *pBuff;
    pBuff = dmaBuffer;
    int8_t j;
       for (j = 23; j >= 0; j--)
 8001986:	2317      	movs	r3, #23
    pBuff = dmaBuffer;
 8001988:	490e      	ldr	r1, [pc, #56]	@ (80019c4 <LED_Set_Color+0x48>)
       for (j = 23; j >= 0; j--)
 800198a:	e004      	b.n	8001996 <LED_Set_Color+0x1a>
         {
           *pBuff = NEOPIXEL_1;
         }
         else
         {
           *pBuff = NEOPIXEL_0;
 800198c:	221e      	movs	r2, #30
 800198e:	600a      	str	r2, [r1, #0]
         }
         pBuff++;
 8001990:	3104      	adds	r1, #4
       for (j = 23; j >= 0; j--)
 8001992:	3b01      	subs	r3, #1
 8001994:	b25b      	sxtb	r3, r3
 8001996:	2b00      	cmp	r3, #0
 8001998:	db08      	blt.n	80019ac <LED_Set_Color+0x30>
         if ((pixel[0].data >> j) & 0x01)
 800199a:	4a09      	ldr	r2, [pc, #36]	@ (80019c0 <LED_Set_Color+0x44>)
 800199c:	6812      	ldr	r2, [r2, #0]
 800199e:	40da      	lsrs	r2, r3
 80019a0:	f012 0f01 	tst.w	r2, #1
 80019a4:	d0f2      	beq.n	800198c <LED_Set_Color+0x10>
           *pBuff = NEOPIXEL_1;
 80019a6:	223c      	movs	r2, #60	@ 0x3c
 80019a8:	600a      	str	r2, [r1, #0]
 80019aa:	e7f1      	b.n	8001990 <LED_Set_Color+0x14>
    }
    dmaBuffer[DMA_BUFF - 1] = 0;
 80019ac:	4a05      	ldr	r2, [pc, #20]	@ (80019c4 <LED_Set_Color+0x48>)
 80019ae:	2100      	movs	r1, #0
 80019b0:	f8c2 1124 	str.w	r1, [r2, #292]	@ 0x124

    HAL_TIM_PWM_Start_DMA(&NEOPIXEL_TIM, NEOPIXEL_CH, dmaBuffer, DMA_BUFF);
 80019b4:	234a      	movs	r3, #74	@ 0x4a
 80019b6:	4804      	ldr	r0, [pc, #16]	@ (80019c8 <LED_Set_Color+0x4c>)
 80019b8:	f004 fb04 	bl	8005fc4 <HAL_TIM_PWM_Start_DMA>
}
 80019bc:	bd08      	pop	{r3, pc}
 80019be:	bf00      	nop
 80019c0:	200006f4 	.word	0x200006f4
 80019c4:	200005cc 	.word	0x200005cc
 80019c8:	20000310 	.word	0x20000310

080019cc <HAL_TIM_PWM_PulseFinishedCallback>:

void HAL_TIM_PWM_PulseFinishedCallback(TIM_HandleTypeDef *htim)
{
 80019cc:	b508      	push	{r3, lr}
  HAL_TIM_PWM_Stop_DMA(htim, NEOPIXEL_CH);
 80019ce:	2100      	movs	r1, #0
 80019d0:	f004 fc3e 	bl	8006250 <HAL_TIM_PWM_Stop_DMA>
}
 80019d4:	bd08      	pop	{r3, pc}

080019d6 <Servo_Init>:

//
//	Servo innitialization
//
void Servo_Init(servo_t *servo, TIM_HandleTypeDef *_htim, uint32_t _channel)
{
 80019d6:	b508      	push	{r3, lr}
 80019d8:	4603      	mov	r3, r0
 80019da:	4608      	mov	r0, r1
 80019dc:	4611      	mov	r1, r2
	servo->htim = _htim;
 80019de:	6018      	str	r0, [r3, #0]
	servo->channel = _channel;
 80019e0:	605a      	str	r2, [r3, #4]

	HAL_TIM_PWM_Start(servo->htim, servo->channel);
 80019e2:	f004 fa71 	bl	8005ec8 <HAL_TIM_PWM_Start>
}
 80019e6:	bd08      	pop	{r3, pc}

080019e8 <map>:
//
//	map help function
//
long map(long x, long in_min, long in_max, long out_min, long out_max)
{
  return (x - in_min) * (out_max - out_min) / (in_max - in_min) + out_min;
 80019e8:	eba0 0c01 	sub.w	ip, r0, r1
 80019ec:	9800      	ldr	r0, [sp, #0]
 80019ee:	1ac0      	subs	r0, r0, r3
 80019f0:	fb00 fc0c 	mul.w	ip, r0, ip
 80019f4:	1a52      	subs	r2, r2, r1
 80019f6:	fb9c fcf2 	sdiv	ip, ip, r2
}
 80019fa:	eb0c 0003 	add.w	r0, ip, r3
 80019fe:	4770      	bx	lr

08001a00 <Servo_SetAngle>:

//
//	Servo set angle function
//
void Servo_SetAngle(servo_t *servo, uint16_t angle)
{
 8001a00:	b510      	push	{r4, lr}
 8001a02:	b082      	sub	sp, #8
 8001a04:	4604      	mov	r4, r0
 8001a06:	4608      	mov	r0, r1
	if(angle < 0) angle = 0;
	if(angle > 180) angle = 180;
 8001a08:	29b4      	cmp	r1, #180	@ 0xb4
 8001a0a:	d900      	bls.n	8001a0e <Servo_SetAngle+0xe>
 8001a0c:	20b4      	movs	r0, #180	@ 0xb4

	  uint16_t tmp = map(angle, ANGLE_MIN, ANGLE_MAX, SERVO_MIN, SERVO_MAX);
 8001a0e:	f44f 7398 	mov.w	r3, #304	@ 0x130
 8001a12:	9300      	str	r3, [sp, #0]
 8001a14:	233d      	movs	r3, #61	@ 0x3d
 8001a16:	22b4      	movs	r2, #180	@ 0xb4
 8001a18:	2100      	movs	r1, #0
 8001a1a:	f7ff ffe5 	bl	80019e8 <map>
	  __HAL_TIM_SET_COMPARE(servo->htim, servo->channel, tmp);
 8001a1e:	6863      	ldr	r3, [r4, #4]
 8001a20:	b92b      	cbnz	r3, 8001a2e <Servo_SetAngle+0x2e>
 8001a22:	6823      	ldr	r3, [r4, #0]
 8001a24:	681b      	ldr	r3, [r3, #0]
 8001a26:	b280      	uxth	r0, r0
 8001a28:	6358      	str	r0, [r3, #52]	@ 0x34
}
 8001a2a:	b002      	add	sp, #8
 8001a2c:	bd10      	pop	{r4, pc}
	  __HAL_TIM_SET_COMPARE(servo->htim, servo->channel, tmp);
 8001a2e:	2b04      	cmp	r3, #4
 8001a30:	d006      	beq.n	8001a40 <Servo_SetAngle+0x40>
 8001a32:	2b08      	cmp	r3, #8
 8001a34:	d009      	beq.n	8001a4a <Servo_SetAngle+0x4a>
 8001a36:	6823      	ldr	r3, [r4, #0]
 8001a38:	681b      	ldr	r3, [r3, #0]
 8001a3a:	b280      	uxth	r0, r0
 8001a3c:	6418      	str	r0, [r3, #64]	@ 0x40
}
 8001a3e:	e7f4      	b.n	8001a2a <Servo_SetAngle+0x2a>
	  __HAL_TIM_SET_COMPARE(servo->htim, servo->channel, tmp);
 8001a40:	6823      	ldr	r3, [r4, #0]
 8001a42:	681b      	ldr	r3, [r3, #0]
 8001a44:	b280      	uxth	r0, r0
 8001a46:	6398      	str	r0, [r3, #56]	@ 0x38
 8001a48:	e7ef      	b.n	8001a2a <Servo_SetAngle+0x2a>
 8001a4a:	6823      	ldr	r3, [r4, #0]
 8001a4c:	681b      	ldr	r3, [r3, #0]
 8001a4e:	b280      	uxth	r0, r0
 8001a50:	63d8      	str	r0, [r3, #60]	@ 0x3c
 8001a52:	e7ea      	b.n	8001a2a <Servo_SetAngle+0x2a>

08001a54 <HAL_InitTick>:
  *       implementation  in user file.
  * @param TickPriority Tick interrupt priority.
  * @retval HAL status
  */
__weak HAL_StatusTypeDef HAL_InitTick(uint32_t TickPriority)
{
 8001a54:	b510      	push	{r4, lr}
 8001a56:	4604      	mov	r4, r0
  /* Configure the SysTick to have interrupt in 1ms time basis*/
  if (HAL_SYSTICK_Config(SystemCoreClock / (1000U / uwTickFreq)) > 0U)
 8001a58:	4b0e      	ldr	r3, [pc, #56]	@ (8001a94 <HAL_InitTick+0x40>)
 8001a5a:	781a      	ldrb	r2, [r3, #0]
 8001a5c:	f44f 737a 	mov.w	r3, #1000	@ 0x3e8
 8001a60:	fbb3 f3f2 	udiv	r3, r3, r2
 8001a64:	4a0c      	ldr	r2, [pc, #48]	@ (8001a98 <HAL_InitTick+0x44>)
 8001a66:	6810      	ldr	r0, [r2, #0]
 8001a68:	fbb0 f0f3 	udiv	r0, r0, r3
 8001a6c:	f000 fa50 	bl	8001f10 <HAL_SYSTICK_Config>
 8001a70:	b968      	cbnz	r0, 8001a8e <HAL_InitTick+0x3a>
  {
    return HAL_ERROR;
  }

  /* Configure the SysTick IRQ priority */
  if (TickPriority < (1UL << __NVIC_PRIO_BITS))
 8001a72:	2c0f      	cmp	r4, #15
 8001a74:	d901      	bls.n	8001a7a <HAL_InitTick+0x26>
    HAL_NVIC_SetPriority(SysTick_IRQn, TickPriority, 0U);
    uwTickPrio = TickPriority;
  }
  else
  {
    return HAL_ERROR;
 8001a76:	2001      	movs	r0, #1
 8001a78:	e00a      	b.n	8001a90 <HAL_InitTick+0x3c>
    HAL_NVIC_SetPriority(SysTick_IRQn, TickPriority, 0U);
 8001a7a:	2200      	movs	r2, #0
 8001a7c:	4621      	mov	r1, r4
 8001a7e:	f04f 30ff 	mov.w	r0, #4294967295
 8001a82:	f000 fa31 	bl	8001ee8 <HAL_NVIC_SetPriority>
    uwTickPrio = TickPriority;
 8001a86:	4b05      	ldr	r3, [pc, #20]	@ (8001a9c <HAL_InitTick+0x48>)
 8001a88:	601c      	str	r4, [r3, #0]
  }

  /* Return function status */
  return HAL_OK;
 8001a8a:	2000      	movs	r0, #0
 8001a8c:	e000      	b.n	8001a90 <HAL_InitTick+0x3c>
    return HAL_ERROR;
 8001a8e:	2001      	movs	r0, #1
}
 8001a90:	bd10      	pop	{r4, pc}
 8001a92:	bf00      	nop
 8001a94:	20000000 	.word	0x20000000
 8001a98:	20000008 	.word	0x20000008
 8001a9c:	20000004 	.word	0x20000004

08001aa0 <HAL_Init>:
{
 8001aa0:	b508      	push	{r3, lr}
  __HAL_FLASH_INSTRUCTION_CACHE_ENABLE();
 8001aa2:	4b0b      	ldr	r3, [pc, #44]	@ (8001ad0 <HAL_Init+0x30>)
 8001aa4:	681a      	ldr	r2, [r3, #0]
 8001aa6:	f442 7200 	orr.w	r2, r2, #512	@ 0x200
 8001aaa:	601a      	str	r2, [r3, #0]
  __HAL_FLASH_DATA_CACHE_ENABLE();
 8001aac:	681a      	ldr	r2, [r3, #0]
 8001aae:	f442 6280 	orr.w	r2, r2, #1024	@ 0x400
 8001ab2:	601a      	str	r2, [r3, #0]
  __HAL_FLASH_PREFETCH_BUFFER_ENABLE();
 8001ab4:	681a      	ldr	r2, [r3, #0]
 8001ab6:	f442 7280 	orr.w	r2, r2, #256	@ 0x100
 8001aba:	601a      	str	r2, [r3, #0]
  HAL_NVIC_SetPriorityGrouping(NVIC_PRIORITYGROUP_4);
 8001abc:	2003      	movs	r0, #3
 8001abe:	f000 fa01 	bl	8001ec4 <HAL_NVIC_SetPriorityGrouping>
  HAL_InitTick(TICK_INT_PRIORITY);
 8001ac2:	200f      	movs	r0, #15
 8001ac4:	f7ff ffc6 	bl	8001a54 <HAL_InitTick>
  HAL_MspInit();
 8001ac8:	f001 fbb2 	bl	8003230 <HAL_MspInit>
}
 8001acc:	2000      	movs	r0, #0
 8001ace:	bd08      	pop	{r3, pc}
 8001ad0:	40023c00 	.word	0x40023c00

08001ad4 <HAL_IncTick>:
  *      implementations in user file.
  * @retval None
  */
__weak void HAL_IncTick(void)
{
  uwTick += uwTickFreq;
 8001ad4:	4a03      	ldr	r2, [pc, #12]	@ (8001ae4 <HAL_IncTick+0x10>)
 8001ad6:	6811      	ldr	r1, [r2, #0]
 8001ad8:	4b03      	ldr	r3, [pc, #12]	@ (8001ae8 <HAL_IncTick+0x14>)
 8001ada:	781b      	ldrb	r3, [r3, #0]
 8001adc:	440b      	add	r3, r1
 8001ade:	6013      	str	r3, [r2, #0]
}
 8001ae0:	4770      	bx	lr
 8001ae2:	bf00      	nop
 8001ae4:	200006f8 	.word	0x200006f8
 8001ae8:	20000000 	.word	0x20000000

08001aec <HAL_GetTick>:
  *       implementations in user file.
  * @retval tick value
  */
__weak uint32_t HAL_GetTick(void)
{
  return uwTick;
 8001aec:	4b01      	ldr	r3, [pc, #4]	@ (8001af4 <HAL_GetTick+0x8>)
 8001aee:	6818      	ldr	r0, [r3, #0]
}
 8001af0:	4770      	bx	lr
 8001af2:	bf00      	nop
 8001af4:	200006f8 	.word	0x200006f8

08001af8 <HAL_Delay>:
  *       implementations in user file.
  * @param Delay specifies the delay time length, in milliseconds.
  * @retval None
  */
__weak void HAL_Delay(uint32_t Delay)
{
 8001af8:	b538      	push	{r3, r4, r5, lr}
 8001afa:	4604      	mov	r4, r0
  uint32_t tickstart = HAL_GetTick();
 8001afc:	f7ff fff6 	bl	8001aec <HAL_GetTick>
 8001b00:	4605      	mov	r5, r0
  uint32_t wait = Delay;

  /* Add a freq to guarantee minimum wait */
  if (wait < HAL_MAX_DELAY)
 8001b02:	f1b4 3fff 	cmp.w	r4, #4294967295
 8001b06:	d002      	beq.n	8001b0e <HAL_Delay+0x16>
  {
    wait += (uint32_t)(uwTickFreq);
 8001b08:	4b04      	ldr	r3, [pc, #16]	@ (8001b1c <HAL_Delay+0x24>)
 8001b0a:	781b      	ldrb	r3, [r3, #0]
 8001b0c:	441c      	add	r4, r3
  }

  while((HAL_GetTick() - tickstart) < wait)
 8001b0e:	f7ff ffed 	bl	8001aec <HAL_GetTick>
 8001b12:	1b40      	subs	r0, r0, r5
 8001b14:	42a0      	cmp	r0, r4
 8001b16:	d3fa      	bcc.n	8001b0e <HAL_Delay+0x16>
  {
  }
}
 8001b18:	bd38      	pop	{r3, r4, r5, pc}
 8001b1a:	bf00      	nop
 8001b1c:	20000000 	.word	0x20000000

08001b20 <ADC_Init>:
  /* (Depending on STM32F4 product, there may be up to 3 ADCs and 1 common */
  /* control register)                                                    */
  tmpADC_Common = ADC_COMMON_REGISTER(hadc);

  /* Set the ADC clock prescaler */
  tmpADC_Common->CCR &= ~(ADC_CCR_ADCPRE);
 8001b20:	4b4a      	ldr	r3, [pc, #296]	@ (8001c4c <ADC_Init+0x12c>)
 8001b22:	685a      	ldr	r2, [r3, #4]
 8001b24:	f422 3240 	bic.w	r2, r2, #196608	@ 0x30000
 8001b28:	605a      	str	r2, [r3, #4]
  tmpADC_Common->CCR |=  hadc->Init.ClockPrescaler;
 8001b2a:	685a      	ldr	r2, [r3, #4]
 8001b2c:	6841      	ldr	r1, [r0, #4]
 8001b2e:	430a      	orrs	r2, r1
 8001b30:	605a      	str	r2, [r3, #4]

  /* Set ADC scan mode */
  hadc->Instance->CR1 &= ~(ADC_CR1_SCAN);
 8001b32:	6802      	ldr	r2, [r0, #0]
 8001b34:	6853      	ldr	r3, [r2, #4]
 8001b36:	f423 7380 	bic.w	r3, r3, #256	@ 0x100
 8001b3a:	6053      	str	r3, [r2, #4]
  hadc->Instance->CR1 |=  ADC_CR1_SCANCONV(hadc->Init.ScanConvMode);
 8001b3c:	6802      	ldr	r2, [r0, #0]
 8001b3e:	6853      	ldr	r3, [r2, #4]
 8001b40:	6901      	ldr	r1, [r0, #16]
 8001b42:	ea43 2301 	orr.w	r3, r3, r1, lsl #8
 8001b46:	6053      	str	r3, [r2, #4]

  /* Set ADC resolution */
  hadc->Instance->CR1 &= ~(ADC_CR1_RES);
 8001b48:	6802      	ldr	r2, [r0, #0]
 8001b4a:	6853      	ldr	r3, [r2, #4]
 8001b4c:	f023 7340 	bic.w	r3, r3, #50331648	@ 0x3000000
 8001b50:	6053      	str	r3, [r2, #4]
  hadc->Instance->CR1 |=  hadc->Init.Resolution;
 8001b52:	6802      	ldr	r2, [r0, #0]
 8001b54:	6853      	ldr	r3, [r2, #4]
 8001b56:	6881      	ldr	r1, [r0, #8]
 8001b58:	430b      	orrs	r3, r1
 8001b5a:	6053      	str	r3, [r2, #4]

  /* Set ADC data alignment */
  hadc->Instance->CR2 &= ~(ADC_CR2_ALIGN);
 8001b5c:	6802      	ldr	r2, [r0, #0]
 8001b5e:	6893      	ldr	r3, [r2, #8]
 8001b60:	f423 6300 	bic.w	r3, r3, #2048	@ 0x800
 8001b64:	6093      	str	r3, [r2, #8]
  hadc->Instance->CR2 |= hadc->Init.DataAlign;
 8001b66:	6802      	ldr	r2, [r0, #0]
 8001b68:	6893      	ldr	r3, [r2, #8]
 8001b6a:	68c1      	ldr	r1, [r0, #12]
 8001b6c:	430b      	orrs	r3, r1
 8001b6e:	6093      	str	r3, [r2, #8]
  /* Enable external trigger if trigger selection is different of software  */
  /* start.                                                                 */
  /* Note: This configuration keeps the hardware feature of parameter       */
  /*       ExternalTrigConvEdge "trigger edge none" equivalent to           */
  /*       software start.                                                  */
  if (hadc->Init.ExternalTrigConv != ADC_SOFTWARE_START)
 8001b70:	6a82      	ldr	r2, [r0, #40]	@ 0x28
 8001b72:	4b37      	ldr	r3, [pc, #220]	@ (8001c50 <ADC_Init+0x130>)
 8001b74:	429a      	cmp	r2, r3
 8001b76:	d057      	beq.n	8001c28 <ADC_Init+0x108>
  {
    /* Select external trigger to start conversion */
    hadc->Instance->CR2 &= ~(ADC_CR2_EXTSEL);
 8001b78:	6802      	ldr	r2, [r0, #0]
 8001b7a:	6893      	ldr	r3, [r2, #8]
 8001b7c:	f023 6370 	bic.w	r3, r3, #251658240	@ 0xf000000
 8001b80:	6093      	str	r3, [r2, #8]
    hadc->Instance->CR2 |= hadc->Init.ExternalTrigConv;
 8001b82:	6802      	ldr	r2, [r0, #0]
 8001b84:	6893      	ldr	r3, [r2, #8]
 8001b86:	6a81      	ldr	r1, [r0, #40]	@ 0x28
 8001b88:	430b      	orrs	r3, r1
 8001b8a:	6093      	str	r3, [r2, #8]

    /* Select external trigger polarity */
    hadc->Instance->CR2 &= ~(ADC_CR2_EXTEN);
 8001b8c:	6802      	ldr	r2, [r0, #0]
 8001b8e:	6893      	ldr	r3, [r2, #8]
 8001b90:	f023 5340 	bic.w	r3, r3, #805306368	@ 0x30000000
 8001b94:	6093      	str	r3, [r2, #8]
    hadc->Instance->CR2 |= hadc->Init.ExternalTrigConvEdge;
 8001b96:	6802      	ldr	r2, [r0, #0]
 8001b98:	6893      	ldr	r3, [r2, #8]
 8001b9a:	6ac1      	ldr	r1, [r0, #44]	@ 0x2c
 8001b9c:	430b      	orrs	r3, r1
 8001b9e:	6093      	str	r3, [r2, #8]
    hadc->Instance->CR2 &= ~(ADC_CR2_EXTSEL);
    hadc->Instance->CR2 &= ~(ADC_CR2_EXTEN);
  }

  /* Enable or disable ADC continuous conversion mode */
  hadc->Instance->CR2 &= ~(ADC_CR2_CONT);
 8001ba0:	6802      	ldr	r2, [r0, #0]
 8001ba2:	6893      	ldr	r3, [r2, #8]
 8001ba4:	f023 0302 	bic.w	r3, r3, #2
 8001ba8:	6093      	str	r3, [r2, #8]
  hadc->Instance->CR2 |= ADC_CR2_CONTINUOUS((uint32_t)hadc->Init.ContinuousConvMode);
 8001baa:	6802      	ldr	r2, [r0, #0]
 8001bac:	6893      	ldr	r3, [r2, #8]
 8001bae:	7e01      	ldrb	r1, [r0, #24]
 8001bb0:	ea43 0341 	orr.w	r3, r3, r1, lsl #1
 8001bb4:	6093      	str	r3, [r2, #8]

  if (hadc->Init.DiscontinuousConvMode != DISABLE)
 8001bb6:	f890 3020 	ldrb.w	r3, [r0, #32]
 8001bba:	2b00      	cmp	r3, #0
 8001bbc:	d03f      	beq.n	8001c3e <ADC_Init+0x11e>
  {
    assert_param(IS_ADC_REGULAR_DISC_NUMBER(hadc->Init.NbrOfDiscConversion));

    /* Enable the selected ADC regular discontinuous mode */
    hadc->Instance->CR1 |= (uint32_t)ADC_CR1_DISCEN;
 8001bbe:	6802      	ldr	r2, [r0, #0]
 8001bc0:	6853      	ldr	r3, [r2, #4]
 8001bc2:	f443 6300 	orr.w	r3, r3, #2048	@ 0x800
 8001bc6:	6053      	str	r3, [r2, #4]

    /* Set the number of channels to be converted in discontinuous mode */
    hadc->Instance->CR1 &= ~(ADC_CR1_DISCNUM);
 8001bc8:	6802      	ldr	r2, [r0, #0]
 8001bca:	6853      	ldr	r3, [r2, #4]
 8001bcc:	f423 4360 	bic.w	r3, r3, #57344	@ 0xe000
 8001bd0:	6053      	str	r3, [r2, #4]
    hadc->Instance->CR1 |=  ADC_CR1_DISCONTINUOUS(hadc->Init.NbrOfDiscConversion);
 8001bd2:	6801      	ldr	r1, [r0, #0]
 8001bd4:	684b      	ldr	r3, [r1, #4]
 8001bd6:	6a42      	ldr	r2, [r0, #36]	@ 0x24
 8001bd8:	3a01      	subs	r2, #1
 8001bda:	ea43 3342 	orr.w	r3, r3, r2, lsl #13
 8001bde:	604b      	str	r3, [r1, #4]
    /* Disable the selected ADC regular discontinuous mode */
    hadc->Instance->CR1 &= ~(ADC_CR1_DISCEN);
  }

  /* Set ADC number of conversion */
  hadc->Instance->SQR1 &= ~(ADC_SQR1_L);
 8001be0:	6802      	ldr	r2, [r0, #0]
 8001be2:	6ad3      	ldr	r3, [r2, #44]	@ 0x2c
 8001be4:	f423 0370 	bic.w	r3, r3, #15728640	@ 0xf00000
 8001be8:	62d3      	str	r3, [r2, #44]	@ 0x2c
  hadc->Instance->SQR1 |=  ADC_SQR1(hadc->Init.NbrOfConversion);
 8001bea:	6801      	ldr	r1, [r0, #0]
 8001bec:	6acb      	ldr	r3, [r1, #44]	@ 0x2c
 8001bee:	69c2      	ldr	r2, [r0, #28]
 8001bf0:	3a01      	subs	r2, #1
 8001bf2:	ea43 5302 	orr.w	r3, r3, r2, lsl #20
 8001bf6:	62cb      	str	r3, [r1, #44]	@ 0x2c

  /* Enable or disable ADC DMA continuous request */
  hadc->Instance->CR2 &= ~(ADC_CR2_DDS);
 8001bf8:	6802      	ldr	r2, [r0, #0]
 8001bfa:	6893      	ldr	r3, [r2, #8]
 8001bfc:	f423 7300 	bic.w	r3, r3, #512	@ 0x200
 8001c00:	6093      	str	r3, [r2, #8]
  hadc->Instance->CR2 |= ADC_CR2_DMAContReq((uint32_t)hadc->Init.DMAContinuousRequests);
 8001c02:	6802      	ldr	r2, [r0, #0]
 8001c04:	6893      	ldr	r3, [r2, #8]
 8001c06:	f890 1030 	ldrb.w	r1, [r0, #48]	@ 0x30
 8001c0a:	ea43 2341 	orr.w	r3, r3, r1, lsl #9
 8001c0e:	6093      	str	r3, [r2, #8]

  /* Enable or disable ADC end of conversion selection */
  hadc->Instance->CR2 &= ~(ADC_CR2_EOCS);
 8001c10:	6802      	ldr	r2, [r0, #0]
 8001c12:	6893      	ldr	r3, [r2, #8]
 8001c14:	f423 6380 	bic.w	r3, r3, #1024	@ 0x400
 8001c18:	6093      	str	r3, [r2, #8]
  hadc->Instance->CR2 |= ADC_CR2_EOCSelection(hadc->Init.EOCSelection);
 8001c1a:	6802      	ldr	r2, [r0, #0]
 8001c1c:	6893      	ldr	r3, [r2, #8]
 8001c1e:	6941      	ldr	r1, [r0, #20]
 8001c20:	ea43 2381 	orr.w	r3, r3, r1, lsl #10
 8001c24:	6093      	str	r3, [r2, #8]
}
 8001c26:	4770      	bx	lr
    hadc->Instance->CR2 &= ~(ADC_CR2_EXTSEL);
 8001c28:	6802      	ldr	r2, [r0, #0]
 8001c2a:	6893      	ldr	r3, [r2, #8]
 8001c2c:	f023 6370 	bic.w	r3, r3, #251658240	@ 0xf000000
 8001c30:	6093      	str	r3, [r2, #8]
    hadc->Instance->CR2 &= ~(ADC_CR2_EXTEN);
 8001c32:	6802      	ldr	r2, [r0, #0]
 8001c34:	6893      	ldr	r3, [r2, #8]
 8001c36:	f023 5340 	bic.w	r3, r3, #805306368	@ 0x30000000
 8001c3a:	6093      	str	r3, [r2, #8]
 8001c3c:	e7b0      	b.n	8001ba0 <ADC_Init+0x80>
    hadc->Instance->CR1 &= ~(ADC_CR1_DISCEN);
 8001c3e:	6802      	ldr	r2, [r0, #0]
 8001c40:	6853      	ldr	r3, [r2, #4]
 8001c42:	f423 6300 	bic.w	r3, r3, #2048	@ 0x800
 8001c46:	6053      	str	r3, [r2, #4]
 8001c48:	e7ca      	b.n	8001be0 <ADC_Init+0xc0>
 8001c4a:	bf00      	nop
 8001c4c:	40012300 	.word	0x40012300
 8001c50:	0f000001 	.word	0x0f000001

08001c54 <HAL_ADC_Init>:
  if (hadc == NULL)
 8001c54:	b338      	cbz	r0, 8001ca6 <HAL_ADC_Init+0x52>
{
 8001c56:	b510      	push	{r4, lr}
 8001c58:	4604      	mov	r4, r0
  if (hadc->State == HAL_ADC_STATE_RESET)
 8001c5a:	6c03      	ldr	r3, [r0, #64]	@ 0x40
 8001c5c:	b143      	cbz	r3, 8001c70 <HAL_ADC_Init+0x1c>
  if (HAL_IS_BIT_CLR(hadc->State, HAL_ADC_STATE_ERROR_INTERNAL))
 8001c5e:	6c23      	ldr	r3, [r4, #64]	@ 0x40
 8001c60:	f013 0f10 	tst.w	r3, #16
 8001c64:	d00b      	beq.n	8001c7e <HAL_ADC_Init+0x2a>
    tmp_hal_status = HAL_ERROR;
 8001c66:	2001      	movs	r0, #1
  __HAL_UNLOCK(hadc);
 8001c68:	2300      	movs	r3, #0
 8001c6a:	f884 303c 	strb.w	r3, [r4, #60]	@ 0x3c
}
 8001c6e:	bd10      	pop	{r4, pc}
    HAL_ADC_MspInit(hadc);
 8001c70:	f001 fafa 	bl	8003268 <HAL_ADC_MspInit>
    ADC_CLEAR_ERRORCODE(hadc);
 8001c74:	2300      	movs	r3, #0
 8001c76:	6463      	str	r3, [r4, #68]	@ 0x44
    hadc->Lock = HAL_UNLOCKED;
 8001c78:	f884 303c 	strb.w	r3, [r4, #60]	@ 0x3c
 8001c7c:	e7ef      	b.n	8001c5e <HAL_ADC_Init+0xa>
    ADC_STATE_CLR_SET(hadc->State,
 8001c7e:	6c23      	ldr	r3, [r4, #64]	@ 0x40
 8001c80:	f423 5388 	bic.w	r3, r3, #4352	@ 0x1100
 8001c84:	f023 0302 	bic.w	r3, r3, #2
 8001c88:	f043 0302 	orr.w	r3, r3, #2
 8001c8c:	6423      	str	r3, [r4, #64]	@ 0x40
    ADC_Init(hadc);
 8001c8e:	4620      	mov	r0, r4
 8001c90:	f7ff ff46 	bl	8001b20 <ADC_Init>
    ADC_CLEAR_ERRORCODE(hadc);
 8001c94:	2000      	movs	r0, #0
 8001c96:	6460      	str	r0, [r4, #68]	@ 0x44
    ADC_STATE_CLR_SET(hadc->State,
 8001c98:	6c23      	ldr	r3, [r4, #64]	@ 0x40
 8001c9a:	f023 0303 	bic.w	r3, r3, #3
 8001c9e:	f043 0301 	orr.w	r3, r3, #1
 8001ca2:	6423      	str	r3, [r4, #64]	@ 0x40
 8001ca4:	e7e0      	b.n	8001c68 <HAL_ADC_Init+0x14>
    return HAL_ERROR;
 8001ca6:	2001      	movs	r0, #1
}
 8001ca8:	4770      	bx	lr
	...

08001cac <HAL_ADC_ConfigChannel>:
{
 8001cac:	b430      	push	{r4, r5}
 8001cae:	b082      	sub	sp, #8
  __IO uint32_t counter = 0U;
 8001cb0:	2200      	movs	r2, #0
 8001cb2:	9201      	str	r2, [sp, #4]
  __HAL_LOCK(hadc);
 8001cb4:	f890 203c 	ldrb.w	r2, [r0, #60]	@ 0x3c
 8001cb8:	2a01      	cmp	r2, #1
 8001cba:	f000 80b6 	beq.w	8001e2a <HAL_ADC_ConfigChannel+0x17e>
 8001cbe:	4603      	mov	r3, r0
 8001cc0:	2201      	movs	r2, #1
 8001cc2:	f880 203c 	strb.w	r2, [r0, #60]	@ 0x3c
  if (sConfig->Channel > ADC_CHANNEL_9)
 8001cc6:	680a      	ldr	r2, [r1, #0]
 8001cc8:	2a09      	cmp	r2, #9
 8001cca:	d940      	bls.n	8001d4e <HAL_ADC_ConfigChannel+0xa2>
    hadc->Instance->SMPR1 &= ~ADC_SMPR1(ADC_SMPR1_SMP10, sConfig->Channel);
 8001ccc:	6804      	ldr	r4, [r0, #0]
 8001cce:	68e0      	ldr	r0, [r4, #12]
 8001cd0:	b292      	uxth	r2, r2
 8001cd2:	eb02 0242 	add.w	r2, r2, r2, lsl #1
 8001cd6:	3a1e      	subs	r2, #30
 8001cd8:	f04f 0c07 	mov.w	ip, #7
 8001cdc:	fa0c f202 	lsl.w	r2, ip, r2
 8001ce0:	ea20 0202 	bic.w	r2, r0, r2
 8001ce4:	60e2      	str	r2, [r4, #12]
    hadc->Instance->SMPR1 |= ADC_SMPR1(sConfig->SamplingTime, sConfig->Channel);
 8001ce6:	681c      	ldr	r4, [r3, #0]
 8001ce8:	68e0      	ldr	r0, [r4, #12]
 8001cea:	880a      	ldrh	r2, [r1, #0]
 8001cec:	eb02 0242 	add.w	r2, r2, r2, lsl #1
 8001cf0:	3a1e      	subs	r2, #30
 8001cf2:	688d      	ldr	r5, [r1, #8]
 8001cf4:	fa05 f202 	lsl.w	r2, r5, r2
 8001cf8:	4302      	orrs	r2, r0
 8001cfa:	60e2      	str	r2, [r4, #12]
  if (sConfig->Rank < 7U)
 8001cfc:	684a      	ldr	r2, [r1, #4]
 8001cfe:	2a06      	cmp	r2, #6
 8001d00:	d83c      	bhi.n	8001d7c <HAL_ADC_ConfigChannel+0xd0>
    hadc->Instance->SQR3 &= ~ADC_SQR3_RK(ADC_SQR3_SQ1, sConfig->Rank);
 8001d02:	681c      	ldr	r4, [r3, #0]
 8001d04:	6b60      	ldr	r0, [r4, #52]	@ 0x34
 8001d06:	eb02 0282 	add.w	r2, r2, r2, lsl #2
 8001d0a:	3a05      	subs	r2, #5
 8001d0c:	f04f 0c1f 	mov.w	ip, #31
 8001d10:	fa0c f202 	lsl.w	r2, ip, r2
 8001d14:	ea20 0202 	bic.w	r2, r0, r2
 8001d18:	6362      	str	r2, [r4, #52]	@ 0x34
    hadc->Instance->SQR3 |= ADC_SQR3_RK(sConfig->Channel, sConfig->Rank);
 8001d1a:	681c      	ldr	r4, [r3, #0]
 8001d1c:	6b60      	ldr	r0, [r4, #52]	@ 0x34
 8001d1e:	684a      	ldr	r2, [r1, #4]
 8001d20:	eb02 0282 	add.w	r2, r2, r2, lsl #2
 8001d24:	3a05      	subs	r2, #5
 8001d26:	f8b1 c000 	ldrh.w	ip, [r1]
 8001d2a:	fa0c f202 	lsl.w	r2, ip, r2
 8001d2e:	4302      	orrs	r2, r0
 8001d30:	6362      	str	r2, [r4, #52]	@ 0x34
  if ((hadc->Instance == ADC1) && (sConfig->Channel == ADC_CHANNEL_VBAT))
 8001d32:	6818      	ldr	r0, [r3, #0]
 8001d34:	4a3e      	ldr	r2, [pc, #248]	@ (8001e30 <HAL_ADC_ConfigChannel+0x184>)
 8001d36:	4290      	cmp	r0, r2
 8001d38:	d050      	beq.n	8001ddc <HAL_ADC_ConfigChannel+0x130>
  if ((hadc->Instance == ADC1) && ((sConfig->Channel == ADC_CHANNEL_TEMPSENSOR) || (sConfig->Channel == ADC_CHANNEL_VREFINT)))
 8001d3a:	6818      	ldr	r0, [r3, #0]
 8001d3c:	4a3c      	ldr	r2, [pc, #240]	@ (8001e30 <HAL_ADC_ConfigChannel+0x184>)
 8001d3e:	4290      	cmp	r0, r2
 8001d40:	d055      	beq.n	8001dee <HAL_ADC_ConfigChannel+0x142>
  __HAL_UNLOCK(hadc);
 8001d42:	2000      	movs	r0, #0
 8001d44:	f883 003c 	strb.w	r0, [r3, #60]	@ 0x3c
}
 8001d48:	b002      	add	sp, #8
 8001d4a:	bc30      	pop	{r4, r5}
 8001d4c:	4770      	bx	lr
    hadc->Instance->SMPR2 &= ~ADC_SMPR2(ADC_SMPR2_SMP0, sConfig->Channel);
 8001d4e:	6804      	ldr	r4, [r0, #0]
 8001d50:	6920      	ldr	r0, [r4, #16]
 8001d52:	b292      	uxth	r2, r2
 8001d54:	eb02 0242 	add.w	r2, r2, r2, lsl #1
 8001d58:	f04f 0c07 	mov.w	ip, #7
 8001d5c:	fa0c f202 	lsl.w	r2, ip, r2
 8001d60:	ea20 0202 	bic.w	r2, r0, r2
 8001d64:	6122      	str	r2, [r4, #16]
    hadc->Instance->SMPR2 |= ADC_SMPR2(sConfig->SamplingTime, sConfig->Channel);
 8001d66:	681c      	ldr	r4, [r3, #0]
 8001d68:	6920      	ldr	r0, [r4, #16]
 8001d6a:	880a      	ldrh	r2, [r1, #0]
 8001d6c:	eb02 0242 	add.w	r2, r2, r2, lsl #1
 8001d70:	688d      	ldr	r5, [r1, #8]
 8001d72:	fa05 f202 	lsl.w	r2, r5, r2
 8001d76:	4302      	orrs	r2, r0
 8001d78:	6122      	str	r2, [r4, #16]
 8001d7a:	e7bf      	b.n	8001cfc <HAL_ADC_ConfigChannel+0x50>
  else if (sConfig->Rank < 13U)
 8001d7c:	2a0c      	cmp	r2, #12
 8001d7e:	d816      	bhi.n	8001dae <HAL_ADC_ConfigChannel+0x102>
    hadc->Instance->SQR2 &= ~ADC_SQR2_RK(ADC_SQR2_SQ7, sConfig->Rank);
 8001d80:	681d      	ldr	r5, [r3, #0]
 8001d82:	6b28      	ldr	r0, [r5, #48]	@ 0x30
 8001d84:	eb02 0282 	add.w	r2, r2, r2, lsl #2
 8001d88:	3a23      	subs	r2, #35	@ 0x23
 8001d8a:	241f      	movs	r4, #31
 8001d8c:	fa04 f202 	lsl.w	r2, r4, r2
 8001d90:	ea20 0202 	bic.w	r2, r0, r2
 8001d94:	632a      	str	r2, [r5, #48]	@ 0x30
    hadc->Instance->SQR2 |= ADC_SQR2_RK(sConfig->Channel, sConfig->Rank);
 8001d96:	681d      	ldr	r5, [r3, #0]
 8001d98:	6b28      	ldr	r0, [r5, #48]	@ 0x30
 8001d9a:	684a      	ldr	r2, [r1, #4]
 8001d9c:	eb02 0282 	add.w	r2, r2, r2, lsl #2
 8001da0:	3a23      	subs	r2, #35	@ 0x23
 8001da2:	880c      	ldrh	r4, [r1, #0]
 8001da4:	fa04 f202 	lsl.w	r2, r4, r2
 8001da8:	4302      	orrs	r2, r0
 8001daa:	632a      	str	r2, [r5, #48]	@ 0x30
 8001dac:	e7c1      	b.n	8001d32 <HAL_ADC_ConfigChannel+0x86>
    hadc->Instance->SQR1 &= ~ADC_SQR1_RK(ADC_SQR1_SQ13, sConfig->Rank);
 8001dae:	681d      	ldr	r5, [r3, #0]
 8001db0:	6ae8      	ldr	r0, [r5, #44]	@ 0x2c
 8001db2:	eb02 0282 	add.w	r2, r2, r2, lsl #2
 8001db6:	3a41      	subs	r2, #65	@ 0x41
 8001db8:	241f      	movs	r4, #31
 8001dba:	fa04 f202 	lsl.w	r2, r4, r2
 8001dbe:	ea20 0202 	bic.w	r2, r0, r2
 8001dc2:	62ea      	str	r2, [r5, #44]	@ 0x2c
    hadc->Instance->SQR1 |= ADC_SQR1_RK(sConfig->Channel, sConfig->Rank);
 8001dc4:	681d      	ldr	r5, [r3, #0]
 8001dc6:	6ae8      	ldr	r0, [r5, #44]	@ 0x2c
 8001dc8:	684a      	ldr	r2, [r1, #4]
 8001dca:	eb02 0282 	add.w	r2, r2, r2, lsl #2
 8001dce:	3a41      	subs	r2, #65	@ 0x41
 8001dd0:	880c      	ldrh	r4, [r1, #0]
 8001dd2:	fa04 f202 	lsl.w	r2, r4, r2
 8001dd6:	4302      	orrs	r2, r0
 8001dd8:	62ea      	str	r2, [r5, #44]	@ 0x2c
 8001dda:	e7aa      	b.n	8001d32 <HAL_ADC_ConfigChannel+0x86>
  if ((hadc->Instance == ADC1) && (sConfig->Channel == ADC_CHANNEL_VBAT))
 8001ddc:	680a      	ldr	r2, [r1, #0]
 8001dde:	2a12      	cmp	r2, #18
 8001de0:	d1ab      	bne.n	8001d3a <HAL_ADC_ConfigChannel+0x8e>
    tmpADC_Common->CCR |= ADC_CCR_VBATE;
 8001de2:	4814      	ldr	r0, [pc, #80]	@ (8001e34 <HAL_ADC_ConfigChannel+0x188>)
 8001de4:	6842      	ldr	r2, [r0, #4]
 8001de6:	f442 0280 	orr.w	r2, r2, #4194304	@ 0x400000
 8001dea:	6042      	str	r2, [r0, #4]
 8001dec:	e7a5      	b.n	8001d3a <HAL_ADC_ConfigChannel+0x8e>
  if ((hadc->Instance == ADC1) && ((sConfig->Channel == ADC_CHANNEL_TEMPSENSOR) || (sConfig->Channel == ADC_CHANNEL_VREFINT)))
 8001dee:	680a      	ldr	r2, [r1, #0]
 8001df0:	3a10      	subs	r2, #16
 8001df2:	2a01      	cmp	r2, #1
 8001df4:	d8a5      	bhi.n	8001d42 <HAL_ADC_ConfigChannel+0x96>
    tmpADC_Common->CCR |= ADC_CCR_TSVREFE;
 8001df6:	480f      	ldr	r0, [pc, #60]	@ (8001e34 <HAL_ADC_ConfigChannel+0x188>)
 8001df8:	6842      	ldr	r2, [r0, #4]
 8001dfa:	f442 0200 	orr.w	r2, r2, #8388608	@ 0x800000
 8001dfe:	6042      	str	r2, [r0, #4]
    if (sConfig->Channel == ADC_CHANNEL_TEMPSENSOR)
 8001e00:	680a      	ldr	r2, [r1, #0]
 8001e02:	2a10      	cmp	r2, #16
 8001e04:	d19d      	bne.n	8001d42 <HAL_ADC_ConfigChannel+0x96>
      counter = (ADC_TEMPSENSOR_DELAY_US * (SystemCoreClock / 1000000U));
 8001e06:	4a0c      	ldr	r2, [pc, #48]	@ (8001e38 <HAL_ADC_ConfigChannel+0x18c>)
 8001e08:	6812      	ldr	r2, [r2, #0]
 8001e0a:	490c      	ldr	r1, [pc, #48]	@ (8001e3c <HAL_ADC_ConfigChannel+0x190>)
 8001e0c:	fba1 1202 	umull	r1, r2, r1, r2
 8001e10:	0c92      	lsrs	r2, r2, #18
 8001e12:	eb02 0282 	add.w	r2, r2, r2, lsl #2
 8001e16:	0052      	lsls	r2, r2, #1
 8001e18:	9201      	str	r2, [sp, #4]
      while (counter != 0U)
 8001e1a:	e002      	b.n	8001e22 <HAL_ADC_ConfigChannel+0x176>
        counter--;
 8001e1c:	9a01      	ldr	r2, [sp, #4]
 8001e1e:	3a01      	subs	r2, #1
 8001e20:	9201      	str	r2, [sp, #4]
      while (counter != 0U)
 8001e22:	9a01      	ldr	r2, [sp, #4]
 8001e24:	2a00      	cmp	r2, #0
 8001e26:	d1f9      	bne.n	8001e1c <HAL_ADC_ConfigChannel+0x170>
 8001e28:	e78b      	b.n	8001d42 <HAL_ADC_ConfigChannel+0x96>
  __HAL_LOCK(hadc);
 8001e2a:	2002      	movs	r0, #2
 8001e2c:	e78c      	b.n	8001d48 <HAL_ADC_ConfigChannel+0x9c>
 8001e2e:	bf00      	nop
 8001e30:	40012000 	.word	0x40012000
 8001e34:	40012300 	.word	0x40012300
 8001e38:	20000008 	.word	0x20000008
 8001e3c:	431bde83 	.word	0x431bde83

08001e40 <__NVIC_EnableIRQ>:
  \param [in]      IRQn  Device specific interrupt number.
  \note    IRQn must not be negative.
 */
__STATIC_INLINE void __NVIC_EnableIRQ(IRQn_Type IRQn)
{
  if ((int32_t)(IRQn) >= 0)
 8001e40:	2800      	cmp	r0, #0
 8001e42:	db07      	blt.n	8001e54 <__NVIC_EnableIRQ+0x14>
  {
    __COMPILER_BARRIER();
    NVIC->ISER[(((uint32_t)IRQn) >> 5UL)] = (uint32_t)(1UL << (((uint32_t)IRQn) & 0x1FUL));
 8001e44:	f000 021f 	and.w	r2, r0, #31
 8001e48:	0940      	lsrs	r0, r0, #5
 8001e4a:	2301      	movs	r3, #1
 8001e4c:	4093      	lsls	r3, r2
 8001e4e:	4a02      	ldr	r2, [pc, #8]	@ (8001e58 <__NVIC_EnableIRQ+0x18>)
 8001e50:	f842 3020 	str.w	r3, [r2, r0, lsl #2]
    __COMPILER_BARRIER();
  }
}
 8001e54:	4770      	bx	lr
 8001e56:	bf00      	nop
 8001e58:	e000e100 	.word	0xe000e100

08001e5c <__NVIC_SetPriority>:
  \param [in]  priority  Priority to set.
  \note    The priority cannot be set for every processor exception.
 */
__STATIC_INLINE void __NVIC_SetPriority(IRQn_Type IRQn, uint32_t priority)
{
  if ((int32_t)(IRQn) >= 0)
 8001e5c:	2800      	cmp	r0, #0
 8001e5e:	db08      	blt.n	8001e72 <__NVIC_SetPriority+0x16>
  {
    NVIC->IP[((uint32_t)IRQn)]               = (uint8_t)((priority << (8U - __NVIC_PRIO_BITS)) & (uint32_t)0xFFUL);
 8001e60:	0109      	lsls	r1, r1, #4
 8001e62:	b2c9      	uxtb	r1, r1
 8001e64:	f100 4060 	add.w	r0, r0, #3758096384	@ 0xe0000000
 8001e68:	f500 4061 	add.w	r0, r0, #57600	@ 0xe100
 8001e6c:	f880 1300 	strb.w	r1, [r0, #768]	@ 0x300
 8001e70:	4770      	bx	lr
  }
  else
  {
    SCB->SHP[(((uint32_t)IRQn) & 0xFUL)-4UL] = (uint8_t)((priority << (8U - __NVIC_PRIO_BITS)) & (uint32_t)0xFFUL);
 8001e72:	f000 000f 	and.w	r0, r0, #15
 8001e76:	0109      	lsls	r1, r1, #4
 8001e78:	b2c9      	uxtb	r1, r1
 8001e7a:	4b01      	ldr	r3, [pc, #4]	@ (8001e80 <__NVIC_SetPriority+0x24>)
 8001e7c:	5419      	strb	r1, [r3, r0]
  }
}
 8001e7e:	4770      	bx	lr
 8001e80:	e000ed14 	.word	0xe000ed14

08001e84 <NVIC_EncodePriority>:
  \param [in]   PreemptPriority  Preemptive priority value (starting from 0).
  \param [in]       SubPriority  Subpriority value (starting from 0).
  \return                        Encoded priority. Value can be used in the function \ref NVIC_SetPriority().
 */
__STATIC_INLINE uint32_t NVIC_EncodePriority (uint32_t PriorityGroup, uint32_t PreemptPriority, uint32_t SubPriority)
{
 8001e84:	b500      	push	{lr}
  uint32_t PriorityGroupTmp = (PriorityGroup & (uint32_t)0x07UL);   /* only values 0..7 are used          */
 8001e86:	f000 0007 	and.w	r0, r0, #7
  uint32_t PreemptPriorityBits;
  uint32_t SubPriorityBits;

  PreemptPriorityBits = ((7UL - PriorityGroupTmp) > (uint32_t)(__NVIC_PRIO_BITS)) ? (uint32_t)(__NVIC_PRIO_BITS) : (uint32_t)(7UL - PriorityGroupTmp);
 8001e8a:	f1c0 0c07 	rsb	ip, r0, #7
 8001e8e:	f1bc 0f04 	cmp.w	ip, #4
 8001e92:	bf28      	it	cs
 8001e94:	f04f 0c04 	movcs.w	ip, #4
  SubPriorityBits     = ((PriorityGroupTmp + (uint32_t)(__NVIC_PRIO_BITS)) < (uint32_t)7UL) ? (uint32_t)0UL : (uint32_t)((PriorityGroupTmp - 7UL) + (uint32_t)(__NVIC_PRIO_BITS));
 8001e98:	1d03      	adds	r3, r0, #4
 8001e9a:	2b06      	cmp	r3, #6
 8001e9c:	d90f      	bls.n	8001ebe <NVIC_EncodePriority+0x3a>
 8001e9e:	1ec3      	subs	r3, r0, #3

  return (
           ((PreemptPriority & (uint32_t)((1UL << (PreemptPriorityBits)) - 1UL)) << SubPriorityBits) |
 8001ea0:	f04f 3eff 	mov.w	lr, #4294967295
 8001ea4:	fa0e f00c 	lsl.w	r0, lr, ip
 8001ea8:	ea21 0100 	bic.w	r1, r1, r0
 8001eac:	4099      	lsls	r1, r3
           ((SubPriority     & (uint32_t)((1UL << (SubPriorityBits    )) - 1UL)))
 8001eae:	fa0e fe03 	lsl.w	lr, lr, r3
 8001eb2:	ea22 020e 	bic.w	r2, r2, lr
         );
}
 8001eb6:	ea41 0002 	orr.w	r0, r1, r2
 8001eba:	f85d fb04 	ldr.w	pc, [sp], #4
  SubPriorityBits     = ((PriorityGroupTmp + (uint32_t)(__NVIC_PRIO_BITS)) < (uint32_t)7UL) ? (uint32_t)0UL : (uint32_t)((PriorityGroupTmp - 7UL) + (uint32_t)(__NVIC_PRIO_BITS));
 8001ebe:	2300      	movs	r3, #0
 8001ec0:	e7ee      	b.n	8001ea0 <NVIC_EncodePriority+0x1c>
	...

08001ec4 <HAL_NVIC_SetPriorityGrouping>:
  reg_value  =  SCB->AIRCR;                                                   /* read old register configuration    */
 8001ec4:	4a07      	ldr	r2, [pc, #28]	@ (8001ee4 <HAL_NVIC_SetPriorityGrouping+0x20>)
 8001ec6:	68d3      	ldr	r3, [r2, #12]
  reg_value &= ~((uint32_t)(SCB_AIRCR_VECTKEY_Msk | SCB_AIRCR_PRIGROUP_Msk)); /* clear bits to change               */
 8001ec8:	f423 63e0 	bic.w	r3, r3, #1792	@ 0x700
 8001ecc:	041b      	lsls	r3, r3, #16
 8001ece:	0c1b      	lsrs	r3, r3, #16
                (PriorityGroupTmp << SCB_AIRCR_PRIGROUP_Pos)  );              /* Insert write key and priority group */
 8001ed0:	0200      	lsls	r0, r0, #8
 8001ed2:	f400 60e0 	and.w	r0, r0, #1792	@ 0x700
                ((uint32_t)0x5FAUL << SCB_AIRCR_VECTKEY_Pos) |
 8001ed6:	4303      	orrs	r3, r0
  reg_value  =  (reg_value                                   |
 8001ed8:	f043 63bf 	orr.w	r3, r3, #100139008	@ 0x5f80000
 8001edc:	f443 3300 	orr.w	r3, r3, #131072	@ 0x20000
  SCB->AIRCR =  reg_value;
 8001ee0:	60d3      	str	r3, [r2, #12]
  /* Check the parameters */
  assert_param(IS_NVIC_PRIORITY_GROUP(PriorityGroup));
  
  /* Set the PRIGROUP[10:8] bits according to the PriorityGroup parameter value */
  NVIC_SetPriorityGrouping(PriorityGroup);
}
 8001ee2:	4770      	bx	lr
 8001ee4:	e000ed00 	.word	0xe000ed00

08001ee8 <HAL_NVIC_SetPriority>:
  *         This parameter can be a value between 0 and 15
  *         A lower priority value indicates a higher priority.          
  * @retval None
  */
void HAL_NVIC_SetPriority(IRQn_Type IRQn, uint32_t PreemptPriority, uint32_t SubPriority)
{ 
 8001ee8:	b510      	push	{r4, lr}
 8001eea:	4604      	mov	r4, r0
  return ((uint32_t)((SCB->AIRCR & SCB_AIRCR_PRIGROUP_Msk) >> SCB_AIRCR_PRIGROUP_Pos));
 8001eec:	4b05      	ldr	r3, [pc, #20]	@ (8001f04 <HAL_NVIC_SetPriority+0x1c>)
 8001eee:	68d8      	ldr	r0, [r3, #12]
  assert_param(IS_NVIC_SUB_PRIORITY(SubPriority));
  assert_param(IS_NVIC_PREEMPTION_PRIORITY(PreemptPriority));
  
  prioritygroup = NVIC_GetPriorityGrouping();
  
  NVIC_SetPriority(IRQn, NVIC_EncodePriority(prioritygroup, PreemptPriority, SubPriority));
 8001ef0:	f3c0 2002 	ubfx	r0, r0, #8, #3
 8001ef4:	f7ff ffc6 	bl	8001e84 <NVIC_EncodePriority>
 8001ef8:	4601      	mov	r1, r0
 8001efa:	4620      	mov	r0, r4
 8001efc:	f7ff ffae 	bl	8001e5c <__NVIC_SetPriority>
}
 8001f00:	bd10      	pop	{r4, pc}
 8001f02:	bf00      	nop
 8001f04:	e000ed00 	.word	0xe000ed00

08001f08 <HAL_NVIC_EnableIRQ>:
  *         This parameter can be an enumerator of IRQn_Type enumeration
  *         (For the complete STM32 Devices IRQ Channels list, please refer to the appropriate CMSIS device file (stm32f4xxxx.h))
  * @retval None
  */
void HAL_NVIC_EnableIRQ(IRQn_Type IRQn)
{
 8001f08:	b508      	push	{r3, lr}
  /* Check the parameters */
  assert_param(IS_NVIC_DEVICE_IRQ(IRQn));
  
  /* Enable interrupt */
  NVIC_EnableIRQ(IRQn);
 8001f0a:	f7ff ff99 	bl	8001e40 <__NVIC_EnableIRQ>
}
 8001f0e:	bd08      	pop	{r3, pc}

08001f10 <HAL_SYSTICK_Config>:
           function <b>SysTick_Config</b> is not included. In this case, the file <b><i>device</i>.h</b>
           must contain a vendor-specific implementation of this function.
 */
__STATIC_INLINE uint32_t SysTick_Config(uint32_t ticks)
{
  if ((ticks - 1UL) > SysTick_LOAD_RELOAD_Msk)
 8001f10:	3801      	subs	r0, #1
 8001f12:	f1b0 7f80 	cmp.w	r0, #16777216	@ 0x1000000
 8001f16:	d20b      	bcs.n	8001f30 <HAL_SYSTICK_Config+0x20>
  {
    return (1UL);                                                   /* Reload value impossible */
  }

  SysTick->LOAD  = (uint32_t)(ticks - 1UL);                         /* set reload register */
 8001f18:	f04f 23e0 	mov.w	r3, #3758153728	@ 0xe000e000
 8001f1c:	6158      	str	r0, [r3, #20]
    SCB->SHP[(((uint32_t)IRQn) & 0xFUL)-4UL] = (uint8_t)((priority << (8U - __NVIC_PRIO_BITS)) & (uint32_t)0xFFUL);
 8001f1e:	4a05      	ldr	r2, [pc, #20]	@ (8001f34 <HAL_SYSTICK_Config+0x24>)
 8001f20:	21f0      	movs	r1, #240	@ 0xf0
 8001f22:	f882 1023 	strb.w	r1, [r2, #35]	@ 0x23
  NVIC_SetPriority (SysTick_IRQn, (1UL << __NVIC_PRIO_BITS) - 1UL); /* set Priority for Systick Interrupt */
  SysTick->VAL   = 0UL;                                             /* Load the SysTick Counter Value */
 8001f26:	2000      	movs	r0, #0
 8001f28:	6198      	str	r0, [r3, #24]
  SysTick->CTRL  = SysTick_CTRL_CLKSOURCE_Msk |
 8001f2a:	2207      	movs	r2, #7
 8001f2c:	611a      	str	r2, [r3, #16]
                   SysTick_CTRL_TICKINT_Msk   |
                   SysTick_CTRL_ENABLE_Msk;                         /* Enable SysTick IRQ and SysTick Timer */
  return (0UL);                                                     /* Function successful */
 8001f2e:	4770      	bx	lr
    return (1UL);                                                   /* Reload value impossible */
 8001f30:	2001      	movs	r0, #1
  *                  - 1  Function failed.
  */
uint32_t HAL_SYSTICK_Config(uint32_t TicksNumb)
{
   return SysTick_Config(TicksNumb);
}
 8001f32:	4770      	bx	lr
 8001f34:	e000ed00 	.word	0xe000ed00

08001f38 <HAL_CRC_Init>:
  * @retval HAL status
  */
HAL_StatusTypeDef HAL_CRC_Init(CRC_HandleTypeDef *hcrc)
{
  /* Check the CRC handle allocation */
  if (hcrc == NULL)
 8001f38:	b158      	cbz	r0, 8001f52 <HAL_CRC_Init+0x1a>
{
 8001f3a:	b510      	push	{r4, lr}
 8001f3c:	4604      	mov	r4, r0
  }

  /* Check the parameters */
  assert_param(IS_CRC_ALL_INSTANCE(hcrc->Instance));

  if (hcrc->State == HAL_CRC_STATE_RESET)
 8001f3e:	7943      	ldrb	r3, [r0, #5]
 8001f40:	b11b      	cbz	r3, 8001f4a <HAL_CRC_Init+0x12>
    /* Init the low level hardware */
    HAL_CRC_MspInit(hcrc);
  }

  /* Change CRC peripheral state */
  hcrc->State = HAL_CRC_STATE_READY;
 8001f42:	2301      	movs	r3, #1
 8001f44:	7163      	strb	r3, [r4, #5]

  /* Return function status */
  return HAL_OK;
 8001f46:	2000      	movs	r0, #0
}
 8001f48:	bd10      	pop	{r4, pc}
    hcrc->Lock = HAL_UNLOCKED;
 8001f4a:	7103      	strb	r3, [r0, #4]
    HAL_CRC_MspInit(hcrc);
 8001f4c:	f001 f9c0 	bl	80032d0 <HAL_CRC_MspInit>
 8001f50:	e7f7      	b.n	8001f42 <HAL_CRC_Init+0xa>
    return HAL_ERROR;
 8001f52:	2001      	movs	r0, #1
}
 8001f54:	4770      	bx	lr

08001f56 <DMA_SetConfig>:
  * @param  DstAddress The destination memory Buffer address
  * @param  DataLength The length of data to be transferred from source to destination
  * @retval HAL status
  */
static void DMA_SetConfig(DMA_HandleTypeDef *hdma, uint32_t SrcAddress, uint32_t DstAddress, uint32_t DataLength)
{
 8001f56:	b430      	push	{r4, r5}
  /* Clear DBM bit */
  hdma->Instance->CR &= (uint32_t)(~DMA_SxCR_DBM);
 8001f58:	6805      	ldr	r5, [r0, #0]
 8001f5a:	682c      	ldr	r4, [r5, #0]
 8001f5c:	f424 2480 	bic.w	r4, r4, #262144	@ 0x40000
 8001f60:	602c      	str	r4, [r5, #0]

  /* Configure DMA Stream data length */
  hdma->Instance->NDTR = DataLength;
 8001f62:	6804      	ldr	r4, [r0, #0]
 8001f64:	6063      	str	r3, [r4, #4]

  /* Memory to Peripheral */
  if((hdma->Init.Direction) == DMA_MEMORY_TO_PERIPH)
 8001f66:	6883      	ldr	r3, [r0, #8]
 8001f68:	2b40      	cmp	r3, #64	@ 0x40
 8001f6a:	d005      	beq.n	8001f78 <DMA_SetConfig+0x22>
  }
  /* Peripheral to Memory */
  else
  {
    /* Configure DMA Stream source address */
    hdma->Instance->PAR = SrcAddress;
 8001f6c:	6803      	ldr	r3, [r0, #0]
 8001f6e:	6099      	str	r1, [r3, #8]

    /* Configure DMA Stream destination address */
    hdma->Instance->M0AR = DstAddress;
 8001f70:	6803      	ldr	r3, [r0, #0]
 8001f72:	60da      	str	r2, [r3, #12]
  }
}
 8001f74:	bc30      	pop	{r4, r5}
 8001f76:	4770      	bx	lr
    hdma->Instance->PAR = DstAddress;
 8001f78:	6803      	ldr	r3, [r0, #0]
 8001f7a:	609a      	str	r2, [r3, #8]
    hdma->Instance->M0AR = SrcAddress;
 8001f7c:	6803      	ldr	r3, [r0, #0]
 8001f7e:	60d9      	str	r1, [r3, #12]
 8001f80:	e7f8      	b.n	8001f74 <DMA_SetConfig+0x1e>
	...

08001f84 <DMA_CalcBaseAndBitshift>:
  * @param  hdma       pointer to a DMA_HandleTypeDef structure that contains
  *                     the configuration information for the specified DMA Stream. 
  * @retval Stream base address
  */
static uint32_t DMA_CalcBaseAndBitshift(DMA_HandleTypeDef *hdma)
{
 8001f84:	b410      	push	{r4}
  uint32_t stream_number = (((uint32_t)hdma->Instance & 0xFFU) - 16U) / 24U;
 8001f86:	6803      	ldr	r3, [r0, #0]
 8001f88:	b2d9      	uxtb	r1, r3
 8001f8a:	3910      	subs	r1, #16
 8001f8c:	4a0a      	ldr	r2, [pc, #40]	@ (8001fb8 <DMA_CalcBaseAndBitshift+0x34>)
 8001f8e:	fba2 4201 	umull	r4, r2, r2, r1
 8001f92:	0912      	lsrs	r2, r2, #4
  
  /* lookup table for necessary bitshift of flags within status registers */
  static const uint8_t flagBitshiftOffset[8U] = {0U, 6U, 16U, 22U, 0U, 6U, 16U, 22U};
  hdma->StreamIndex = flagBitshiftOffset[stream_number];
 8001f94:	4c09      	ldr	r4, [pc, #36]	@ (8001fbc <DMA_CalcBaseAndBitshift+0x38>)
 8001f96:	5ca2      	ldrb	r2, [r4, r2]
 8001f98:	65c2      	str	r2, [r0, #92]	@ 0x5c
  
  if (stream_number > 3U)
 8001f9a:	295f      	cmp	r1, #95	@ 0x5f
 8001f9c:	d907      	bls.n	8001fae <DMA_CalcBaseAndBitshift+0x2a>
  {
    /* return pointer to HISR and HIFCR */
    hdma->StreamBaseAddress = (((uint32_t)hdma->Instance & (uint32_t)(~0x3FFU)) + 4U);
 8001f9e:	f36f 0309 	bfc	r3, #0, #10
 8001fa2:	3304      	adds	r3, #4
 8001fa4:	6583      	str	r3, [r0, #88]	@ 0x58
    /* return pointer to LISR and LIFCR */
    hdma->StreamBaseAddress = ((uint32_t)hdma->Instance & (uint32_t)(~0x3FFU));
  }
  
  return hdma->StreamBaseAddress;
}
 8001fa6:	6d80      	ldr	r0, [r0, #88]	@ 0x58
 8001fa8:	f85d 4b04 	ldr.w	r4, [sp], #4
 8001fac:	4770      	bx	lr
    hdma->StreamBaseAddress = ((uint32_t)hdma->Instance & (uint32_t)(~0x3FFU));
 8001fae:	f36f 0309 	bfc	r3, #0, #10
 8001fb2:	6583      	str	r3, [r0, #88]	@ 0x58
 8001fb4:	e7f7      	b.n	8001fa6 <DMA_CalcBaseAndBitshift+0x22>
 8001fb6:	bf00      	nop
 8001fb8:	aaaaaaab 	.word	0xaaaaaaab
 8001fbc:	08009a94 	.word	0x08009a94

08001fc0 <DMA_CheckFifoParam>:
  * @retval HAL status
  */
static HAL_StatusTypeDef DMA_CheckFifoParam(DMA_HandleTypeDef *hdma)
{
  HAL_StatusTypeDef status = HAL_OK;
  uint32_t tmp = hdma->Init.FIFOThreshold;
 8001fc0:	6a83      	ldr	r3, [r0, #40]	@ 0x28
  
  /* Memory Data size equal to Byte */
  if(hdma->Init.MemDataAlignment == DMA_MDATAALIGN_BYTE)
 8001fc2:	6982      	ldr	r2, [r0, #24]
 8001fc4:	b992      	cbnz	r2, 8001fec <DMA_CheckFifoParam+0x2c>
  {
    switch (tmp)
 8001fc6:	2b01      	cmp	r3, #1
 8001fc8:	d00a      	beq.n	8001fe0 <DMA_CheckFifoParam+0x20>
 8001fca:	2b02      	cmp	r3, #2
 8001fcc:	d002      	beq.n	8001fd4 <DMA_CheckFifoParam+0x14>
 8001fce:	b10b      	cbz	r3, 8001fd4 <DMA_CheckFifoParam+0x14>
 8001fd0:	2000      	movs	r0, #0
 8001fd2:	4770      	bx	lr
    {
    case DMA_FIFO_THRESHOLD_1QUARTERFULL:
    case DMA_FIFO_THRESHOLD_3QUARTERSFULL:
      if ((hdma->Init.MemBurst & DMA_SxCR_MBURST_1) == DMA_SxCR_MBURST_1)
 8001fd4:	6ac3      	ldr	r3, [r0, #44]	@ 0x2c
 8001fd6:	f013 7f80 	tst.w	r3, #16777216	@ 0x1000000
 8001fda:	d128      	bne.n	800202e <DMA_CheckFifoParam+0x6e>
  HAL_StatusTypeDef status = HAL_OK;
 8001fdc:	2000      	movs	r0, #0
 8001fde:	4770      	bx	lr
      {
        status = HAL_ERROR;
      }
      break;
    case DMA_FIFO_THRESHOLD_HALFFULL:
      if (hdma->Init.MemBurst == DMA_MBURST_INC16)
 8001fe0:	6ac3      	ldr	r3, [r0, #44]	@ 0x2c
 8001fe2:	f1b3 7fc0 	cmp.w	r3, #25165824	@ 0x1800000
 8001fe6:	d024      	beq.n	8002032 <DMA_CheckFifoParam+0x72>
  HAL_StatusTypeDef status = HAL_OK;
 8001fe8:	2000      	movs	r0, #0
 8001fea:	4770      	bx	lr
      break;
    }
  }
  
  /* Memory Data size equal to Half-Word */
  else if (hdma->Init.MemDataAlignment == DMA_MDATAALIGN_HALFWORD)
 8001fec:	f5b2 5f00 	cmp.w	r2, #8192	@ 0x2000
 8001ff0:	d009      	beq.n	8002006 <DMA_CheckFifoParam+0x46>
  }
  
  /* Memory Data size equal to Word */
  else
  {
    switch (tmp)
 8001ff2:	2b02      	cmp	r3, #2
 8001ff4:	d925      	bls.n	8002042 <DMA_CheckFifoParam+0x82>
 8001ff6:	2b03      	cmp	r3, #3
 8001ff8:	d125      	bne.n	8002046 <DMA_CheckFifoParam+0x86>
    case DMA_FIFO_THRESHOLD_HALFFULL:
    case DMA_FIFO_THRESHOLD_3QUARTERSFULL:
      status = HAL_ERROR;
      break;
    case DMA_FIFO_THRESHOLD_FULL:
      if ((hdma->Init.MemBurst & DMA_SxCR_MBURST_1) == DMA_SxCR_MBURST_1)
 8001ffa:	6ac3      	ldr	r3, [r0, #44]	@ 0x2c
 8001ffc:	f013 7f80 	tst.w	r3, #16777216	@ 0x1000000
 8002000:	d123      	bne.n	800204a <DMA_CheckFifoParam+0x8a>
  HAL_StatusTypeDef status = HAL_OK;
 8002002:	2000      	movs	r0, #0
 8002004:	4770      	bx	lr
    switch (tmp)
 8002006:	2b03      	cmp	r3, #3
 8002008:	d803      	bhi.n	8002012 <DMA_CheckFifoParam+0x52>
 800200a:	e8df f003 	tbb	[pc, r3]
 800200e:	0414      	.short	0x0414
 8002010:	0a14      	.short	0x0a14
 8002012:	2000      	movs	r0, #0
 8002014:	4770      	bx	lr
      if ((hdma->Init.MemBurst & DMA_SxCR_MBURST_1) == DMA_SxCR_MBURST_1)
 8002016:	6ac3      	ldr	r3, [r0, #44]	@ 0x2c
 8002018:	f013 7f80 	tst.w	r3, #16777216	@ 0x1000000
 800201c:	d10d      	bne.n	800203a <DMA_CheckFifoParam+0x7a>
  HAL_StatusTypeDef status = HAL_OK;
 800201e:	2000      	movs	r0, #0
 8002020:	4770      	bx	lr
      if (hdma->Init.MemBurst == DMA_MBURST_INC16)
 8002022:	6ac3      	ldr	r3, [r0, #44]	@ 0x2c
 8002024:	f1b3 7fc0 	cmp.w	r3, #25165824	@ 0x1800000
 8002028:	d009      	beq.n	800203e <DMA_CheckFifoParam+0x7e>
  HAL_StatusTypeDef status = HAL_OK;
 800202a:	2000      	movs	r0, #0
 800202c:	4770      	bx	lr
        status = HAL_ERROR;
 800202e:	2001      	movs	r0, #1
 8002030:	4770      	bx	lr
        status = HAL_ERROR;
 8002032:	2001      	movs	r0, #1
 8002034:	4770      	bx	lr
      status = HAL_ERROR;
 8002036:	2001      	movs	r0, #1
 8002038:	4770      	bx	lr
        status = HAL_ERROR;
 800203a:	2001      	movs	r0, #1
 800203c:	4770      	bx	lr
        status = HAL_ERROR;
 800203e:	2001      	movs	r0, #1
 8002040:	4770      	bx	lr
      status = HAL_ERROR;
 8002042:	2001      	movs	r0, #1
 8002044:	4770      	bx	lr
    switch (tmp)
 8002046:	2000      	movs	r0, #0
 8002048:	4770      	bx	lr
      {
        status = HAL_ERROR;
 800204a:	2001      	movs	r0, #1
      break;
    }
  } 
  
  return status; 
}
 800204c:	4770      	bx	lr
	...

08002050 <HAL_DMA_Init>:
{
 8002050:	b570      	push	{r4, r5, r6, lr}
 8002052:	4604      	mov	r4, r0
  uint32_t tickstart = HAL_GetTick();
 8002054:	f7ff fd4a 	bl	8001aec <HAL_GetTick>
  if(hdma == NULL)
 8002058:	2c00      	cmp	r4, #0
 800205a:	d05b      	beq.n	8002114 <HAL_DMA_Init+0xc4>
 800205c:	4605      	mov	r5, r0
  hdma->State = HAL_DMA_STATE_BUSY;
 800205e:	2302      	movs	r3, #2
 8002060:	f884 3035 	strb.w	r3, [r4, #53]	@ 0x35
  __HAL_UNLOCK(hdma);
 8002064:	2300      	movs	r3, #0
 8002066:	f884 3034 	strb.w	r3, [r4, #52]	@ 0x34
  __HAL_DMA_DISABLE(hdma);
 800206a:	6822      	ldr	r2, [r4, #0]
 800206c:	6813      	ldr	r3, [r2, #0]
 800206e:	f023 0301 	bic.w	r3, r3, #1
 8002072:	6013      	str	r3, [r2, #0]
  while((hdma->Instance->CR & DMA_SxCR_EN) != RESET)
 8002074:	6823      	ldr	r3, [r4, #0]
 8002076:	681a      	ldr	r2, [r3, #0]
 8002078:	f012 0f01 	tst.w	r2, #1
 800207c:	d00a      	beq.n	8002094 <HAL_DMA_Init+0x44>
    if((HAL_GetTick() - tickstart ) > HAL_TIMEOUT_DMA_ABORT)
 800207e:	f7ff fd35 	bl	8001aec <HAL_GetTick>
 8002082:	1b43      	subs	r3, r0, r5
 8002084:	2b05      	cmp	r3, #5
 8002086:	d9f5      	bls.n	8002074 <HAL_DMA_Init+0x24>
      hdma->ErrorCode = HAL_DMA_ERROR_TIMEOUT;
 8002088:	2320      	movs	r3, #32
 800208a:	6563      	str	r3, [r4, #84]	@ 0x54
      hdma->State = HAL_DMA_STATE_TIMEOUT;
 800208c:	2003      	movs	r0, #3
 800208e:	f884 0035 	strb.w	r0, [r4, #53]	@ 0x35
}
 8002092:	bd70      	pop	{r4, r5, r6, pc}
  tmp = hdma->Instance->CR;
 8002094:	681a      	ldr	r2, [r3, #0]
  tmp &= ((uint32_t)~(DMA_SxCR_CHSEL | DMA_SxCR_MBURST | DMA_SxCR_PBURST | \
 8002096:	4920      	ldr	r1, [pc, #128]	@ (8002118 <HAL_DMA_Init+0xc8>)
 8002098:	4011      	ands	r1, r2
  tmp |=  hdma->Init.Channel             | hdma->Init.Direction        |
 800209a:	6862      	ldr	r2, [r4, #4]
 800209c:	68a0      	ldr	r0, [r4, #8]
 800209e:	4302      	orrs	r2, r0
          hdma->Init.PeriphInc           | hdma->Init.MemInc           |
 80020a0:	68e0      	ldr	r0, [r4, #12]
  tmp |=  hdma->Init.Channel             | hdma->Init.Direction        |
 80020a2:	4302      	orrs	r2, r0
          hdma->Init.PeriphInc           | hdma->Init.MemInc           |
 80020a4:	6920      	ldr	r0, [r4, #16]
 80020a6:	4302      	orrs	r2, r0
          hdma->Init.PeriphDataAlignment | hdma->Init.MemDataAlignment |
 80020a8:	6960      	ldr	r0, [r4, #20]
          hdma->Init.PeriphInc           | hdma->Init.MemInc           |
 80020aa:	4302      	orrs	r2, r0
          hdma->Init.PeriphDataAlignment | hdma->Init.MemDataAlignment |
 80020ac:	69a0      	ldr	r0, [r4, #24]
 80020ae:	4302      	orrs	r2, r0
          hdma->Init.Mode                | hdma->Init.Priority;
 80020b0:	69e0      	ldr	r0, [r4, #28]
          hdma->Init.PeriphDataAlignment | hdma->Init.MemDataAlignment |
 80020b2:	4302      	orrs	r2, r0
          hdma->Init.Mode                | hdma->Init.Priority;
 80020b4:	6a20      	ldr	r0, [r4, #32]
 80020b6:	4302      	orrs	r2, r0
  tmp |=  hdma->Init.Channel             | hdma->Init.Direction        |
 80020b8:	430a      	orrs	r2, r1
  if(hdma->Init.FIFOMode == DMA_FIFOMODE_ENABLE)
 80020ba:	6a61      	ldr	r1, [r4, #36]	@ 0x24
 80020bc:	2904      	cmp	r1, #4
 80020be:	d01e      	beq.n	80020fe <HAL_DMA_Init+0xae>
  hdma->Instance->CR = tmp;  
 80020c0:	601a      	str	r2, [r3, #0]
  tmp = hdma->Instance->FCR;
 80020c2:	6826      	ldr	r6, [r4, #0]
 80020c4:	6975      	ldr	r5, [r6, #20]
  tmp &= (uint32_t)~(DMA_SxFCR_DMDIS | DMA_SxFCR_FTH);
 80020c6:	f025 0507 	bic.w	r5, r5, #7
  tmp |= hdma->Init.FIFOMode;
 80020ca:	6a63      	ldr	r3, [r4, #36]	@ 0x24
 80020cc:	431d      	orrs	r5, r3
  if(hdma->Init.FIFOMode == DMA_FIFOMODE_ENABLE)
 80020ce:	2b04      	cmp	r3, #4
 80020d0:	d107      	bne.n	80020e2 <HAL_DMA_Init+0x92>
    tmp |= hdma->Init.FIFOThreshold;
 80020d2:	6aa3      	ldr	r3, [r4, #40]	@ 0x28
 80020d4:	431d      	orrs	r5, r3
    if (hdma->Init.MemBurst != DMA_MBURST_SINGLE)
 80020d6:	6ae3      	ldr	r3, [r4, #44]	@ 0x2c
 80020d8:	b11b      	cbz	r3, 80020e2 <HAL_DMA_Init+0x92>
      if (DMA_CheckFifoParam(hdma) != HAL_OK)
 80020da:	4620      	mov	r0, r4
 80020dc:	f7ff ff70 	bl	8001fc0 <DMA_CheckFifoParam>
 80020e0:	b990      	cbnz	r0, 8002108 <HAL_DMA_Init+0xb8>
  hdma->Instance->FCR = tmp;
 80020e2:	6175      	str	r5, [r6, #20]
  regs = (DMA_Base_Registers *)DMA_CalcBaseAndBitshift(hdma);
 80020e4:	4620      	mov	r0, r4
 80020e6:	f7ff ff4d 	bl	8001f84 <DMA_CalcBaseAndBitshift>
  regs->IFCR = 0x3FU << hdma->StreamIndex;
 80020ea:	6de2      	ldr	r2, [r4, #92]	@ 0x5c
 80020ec:	233f      	movs	r3, #63	@ 0x3f
 80020ee:	4093      	lsls	r3, r2
 80020f0:	6083      	str	r3, [r0, #8]
  hdma->ErrorCode = HAL_DMA_ERROR_NONE;
 80020f2:	2000      	movs	r0, #0
 80020f4:	6560      	str	r0, [r4, #84]	@ 0x54
  hdma->State = HAL_DMA_STATE_READY;
 80020f6:	2301      	movs	r3, #1
 80020f8:	f884 3035 	strb.w	r3, [r4, #53]	@ 0x35
  return HAL_OK;
 80020fc:	e7c9      	b.n	8002092 <HAL_DMA_Init+0x42>
    tmp |=  hdma->Init.MemBurst | hdma->Init.PeriphBurst;
 80020fe:	6ae1      	ldr	r1, [r4, #44]	@ 0x2c
 8002100:	6b20      	ldr	r0, [r4, #48]	@ 0x30
 8002102:	4301      	orrs	r1, r0
 8002104:	430a      	orrs	r2, r1
 8002106:	e7db      	b.n	80020c0 <HAL_DMA_Init+0x70>
        hdma->ErrorCode = HAL_DMA_ERROR_PARAM;
 8002108:	2340      	movs	r3, #64	@ 0x40
 800210a:	6563      	str	r3, [r4, #84]	@ 0x54
        hdma->State = HAL_DMA_STATE_READY;
 800210c:	2001      	movs	r0, #1
 800210e:	f884 0035 	strb.w	r0, [r4, #53]	@ 0x35
        return HAL_ERROR; 
 8002112:	e7be      	b.n	8002092 <HAL_DMA_Init+0x42>
    return HAL_ERROR;
 8002114:	2001      	movs	r0, #1
 8002116:	e7bc      	b.n	8002092 <HAL_DMA_Init+0x42>
 8002118:	f010803f 	.word	0xf010803f

0800211c <HAL_DMA_Start_IT>:
{
 800211c:	b538      	push	{r3, r4, r5, lr}
 800211e:	4604      	mov	r4, r0
  DMA_Base_Registers *regs = (DMA_Base_Registers *)hdma->StreamBaseAddress;
 8002120:	6d85      	ldr	r5, [r0, #88]	@ 0x58
  __HAL_LOCK(hdma);
 8002122:	f890 0034 	ldrb.w	r0, [r0, #52]	@ 0x34
 8002126:	2801      	cmp	r0, #1
 8002128:	d02a      	beq.n	8002180 <HAL_DMA_Start_IT+0x64>
 800212a:	2001      	movs	r0, #1
 800212c:	f884 0034 	strb.w	r0, [r4, #52]	@ 0x34
  if(HAL_DMA_STATE_READY == hdma->State)
 8002130:	f894 0035 	ldrb.w	r0, [r4, #53]	@ 0x35
 8002134:	2801      	cmp	r0, #1
 8002136:	d004      	beq.n	8002142 <HAL_DMA_Start_IT+0x26>
    __HAL_UNLOCK(hdma);	  
 8002138:	2300      	movs	r3, #0
 800213a:	f884 3034 	strb.w	r3, [r4, #52]	@ 0x34
    status = HAL_BUSY;
 800213e:	2002      	movs	r0, #2
}
 8002140:	bd38      	pop	{r3, r4, r5, pc}
    hdma->State = HAL_DMA_STATE_BUSY;
 8002142:	2002      	movs	r0, #2
 8002144:	f884 0035 	strb.w	r0, [r4, #53]	@ 0x35
    hdma->ErrorCode = HAL_DMA_ERROR_NONE;
 8002148:	2000      	movs	r0, #0
 800214a:	6560      	str	r0, [r4, #84]	@ 0x54
    DMA_SetConfig(hdma, SrcAddress, DstAddress, DataLength);
 800214c:	4620      	mov	r0, r4
 800214e:	f7ff ff02 	bl	8001f56 <DMA_SetConfig>
    regs->IFCR = 0x3FU << hdma->StreamIndex;
 8002152:	6de2      	ldr	r2, [r4, #92]	@ 0x5c
 8002154:	233f      	movs	r3, #63	@ 0x3f
 8002156:	4093      	lsls	r3, r2
 8002158:	60ab      	str	r3, [r5, #8]
    hdma->Instance->CR  |= DMA_IT_TC | DMA_IT_TE | DMA_IT_DME;
 800215a:	6822      	ldr	r2, [r4, #0]
 800215c:	6813      	ldr	r3, [r2, #0]
 800215e:	f043 0316 	orr.w	r3, r3, #22
 8002162:	6013      	str	r3, [r2, #0]
    if(hdma->XferHalfCpltCallback != NULL)
 8002164:	6c23      	ldr	r3, [r4, #64]	@ 0x40
 8002166:	b123      	cbz	r3, 8002172 <HAL_DMA_Start_IT+0x56>
      hdma->Instance->CR  |= DMA_IT_HT;
 8002168:	6822      	ldr	r2, [r4, #0]
 800216a:	6813      	ldr	r3, [r2, #0]
 800216c:	f043 0308 	orr.w	r3, r3, #8
 8002170:	6013      	str	r3, [r2, #0]
    __HAL_DMA_ENABLE(hdma);
 8002172:	6822      	ldr	r2, [r4, #0]
 8002174:	6813      	ldr	r3, [r2, #0]
 8002176:	f043 0301 	orr.w	r3, r3, #1
 800217a:	6013      	str	r3, [r2, #0]
  HAL_StatusTypeDef status = HAL_OK;
 800217c:	2000      	movs	r0, #0
 800217e:	e7df      	b.n	8002140 <HAL_DMA_Start_IT+0x24>
  __HAL_LOCK(hdma);
 8002180:	2002      	movs	r0, #2
 8002182:	e7dd      	b.n	8002140 <HAL_DMA_Start_IT+0x24>

08002184 <HAL_DMA_Abort_IT>:
  if(hdma->State != HAL_DMA_STATE_BUSY)
 8002184:	f890 3035 	ldrb.w	r3, [r0, #53]	@ 0x35
 8002188:	2b02      	cmp	r3, #2
 800218a:	d003      	beq.n	8002194 <HAL_DMA_Abort_IT+0x10>
    hdma->ErrorCode = HAL_DMA_ERROR_NO_XFER;
 800218c:	2380      	movs	r3, #128	@ 0x80
 800218e:	6543      	str	r3, [r0, #84]	@ 0x54
    return HAL_ERROR;
 8002190:	2001      	movs	r0, #1
 8002192:	4770      	bx	lr
    hdma->State = HAL_DMA_STATE_ABORT;
 8002194:	2305      	movs	r3, #5
 8002196:	f880 3035 	strb.w	r3, [r0, #53]	@ 0x35
    __HAL_DMA_DISABLE(hdma);
 800219a:	6802      	ldr	r2, [r0, #0]
 800219c:	6813      	ldr	r3, [r2, #0]
 800219e:	f023 0301 	bic.w	r3, r3, #1
 80021a2:	6013      	str	r3, [r2, #0]
  return HAL_OK;
 80021a4:	2000      	movs	r0, #0
}
 80021a6:	4770      	bx	lr

080021a8 <HAL_DMA_IRQHandler>:
{
 80021a8:	b5f0      	push	{r4, r5, r6, r7, lr}
 80021aa:	b083      	sub	sp, #12
 80021ac:	4604      	mov	r4, r0
  __IO uint32_t count = 0U;
 80021ae:	2300      	movs	r3, #0
 80021b0:	9301      	str	r3, [sp, #4]
  uint32_t timeout = SystemCoreClock / 9600U;
 80021b2:	4b72      	ldr	r3, [pc, #456]	@ (800237c <HAL_DMA_IRQHandler+0x1d4>)
 80021b4:	681d      	ldr	r5, [r3, #0]
 80021b6:	4b72      	ldr	r3, [pc, #456]	@ (8002380 <HAL_DMA_IRQHandler+0x1d8>)
 80021b8:	fba3 3505 	umull	r3, r5, r3, r5
 80021bc:	0aad      	lsrs	r5, r5, #10
  DMA_Base_Registers *regs = (DMA_Base_Registers *)hdma->StreamBaseAddress;
 80021be:	6d87      	ldr	r7, [r0, #88]	@ 0x58
  tmpisr = regs->ISR;
 80021c0:	683e      	ldr	r6, [r7, #0]
  if ((tmpisr & (DMA_FLAG_TEIF0_4 << hdma->StreamIndex)) != RESET)
 80021c2:	6dc2      	ldr	r2, [r0, #92]	@ 0x5c
 80021c4:	2308      	movs	r3, #8
 80021c6:	4093      	lsls	r3, r2
 80021c8:	4233      	tst	r3, r6
 80021ca:	d010      	beq.n	80021ee <HAL_DMA_IRQHandler+0x46>
    if(__HAL_DMA_GET_IT_SOURCE(hdma, DMA_IT_TE) != RESET)
 80021cc:	6803      	ldr	r3, [r0, #0]
 80021ce:	681a      	ldr	r2, [r3, #0]
 80021d0:	f012 0f04 	tst.w	r2, #4
 80021d4:	d00b      	beq.n	80021ee <HAL_DMA_IRQHandler+0x46>
      hdma->Instance->CR  &= ~(DMA_IT_TE);
 80021d6:	681a      	ldr	r2, [r3, #0]
 80021d8:	f022 0204 	bic.w	r2, r2, #4
 80021dc:	601a      	str	r2, [r3, #0]
      regs->IFCR = DMA_FLAG_TEIF0_4 << hdma->StreamIndex;
 80021de:	6dc2      	ldr	r2, [r0, #92]	@ 0x5c
 80021e0:	2308      	movs	r3, #8
 80021e2:	4093      	lsls	r3, r2
 80021e4:	60bb      	str	r3, [r7, #8]
      hdma->ErrorCode |= HAL_DMA_ERROR_TE;
 80021e6:	6d43      	ldr	r3, [r0, #84]	@ 0x54
 80021e8:	f043 0301 	orr.w	r3, r3, #1
 80021ec:	6543      	str	r3, [r0, #84]	@ 0x54
  if ((tmpisr & (DMA_FLAG_FEIF0_4 << hdma->StreamIndex)) != RESET)
 80021ee:	6de2      	ldr	r2, [r4, #92]	@ 0x5c
 80021f0:	2301      	movs	r3, #1
 80021f2:	4093      	lsls	r3, r2
 80021f4:	4233      	tst	r3, r6
 80021f6:	d009      	beq.n	800220c <HAL_DMA_IRQHandler+0x64>
    if(__HAL_DMA_GET_IT_SOURCE(hdma, DMA_IT_FE) != RESET)
 80021f8:	6822      	ldr	r2, [r4, #0]
 80021fa:	6952      	ldr	r2, [r2, #20]
 80021fc:	f012 0f80 	tst.w	r2, #128	@ 0x80
 8002200:	d004      	beq.n	800220c <HAL_DMA_IRQHandler+0x64>
      regs->IFCR = DMA_FLAG_FEIF0_4 << hdma->StreamIndex;
 8002202:	60bb      	str	r3, [r7, #8]
      hdma->ErrorCode |= HAL_DMA_ERROR_FE;
 8002204:	6d63      	ldr	r3, [r4, #84]	@ 0x54
 8002206:	f043 0302 	orr.w	r3, r3, #2
 800220a:	6563      	str	r3, [r4, #84]	@ 0x54
  if ((tmpisr & (DMA_FLAG_DMEIF0_4 << hdma->StreamIndex)) != RESET)
 800220c:	6de2      	ldr	r2, [r4, #92]	@ 0x5c
 800220e:	2304      	movs	r3, #4
 8002210:	4093      	lsls	r3, r2
 8002212:	4233      	tst	r3, r6
 8002214:	d009      	beq.n	800222a <HAL_DMA_IRQHandler+0x82>
    if(__HAL_DMA_GET_IT_SOURCE(hdma, DMA_IT_DME) != RESET)
 8002216:	6822      	ldr	r2, [r4, #0]
 8002218:	6812      	ldr	r2, [r2, #0]
 800221a:	f012 0f02 	tst.w	r2, #2
 800221e:	d004      	beq.n	800222a <HAL_DMA_IRQHandler+0x82>
      regs->IFCR = DMA_FLAG_DMEIF0_4 << hdma->StreamIndex;
 8002220:	60bb      	str	r3, [r7, #8]
      hdma->ErrorCode |= HAL_DMA_ERROR_DME;
 8002222:	6d63      	ldr	r3, [r4, #84]	@ 0x54
 8002224:	f043 0304 	orr.w	r3, r3, #4
 8002228:	6563      	str	r3, [r4, #84]	@ 0x54
  if ((tmpisr & (DMA_FLAG_HTIF0_4 << hdma->StreamIndex)) != RESET)
 800222a:	6de2      	ldr	r2, [r4, #92]	@ 0x5c
 800222c:	2310      	movs	r3, #16
 800222e:	4093      	lsls	r3, r2
 8002230:	4233      	tst	r3, r6
 8002232:	d024      	beq.n	800227e <HAL_DMA_IRQHandler+0xd6>
    if(__HAL_DMA_GET_IT_SOURCE(hdma, DMA_IT_HT) != RESET)
 8002234:	6822      	ldr	r2, [r4, #0]
 8002236:	6812      	ldr	r2, [r2, #0]
 8002238:	f012 0f08 	tst.w	r2, #8
 800223c:	d01f      	beq.n	800227e <HAL_DMA_IRQHandler+0xd6>
      regs->IFCR = DMA_FLAG_HTIF0_4 << hdma->StreamIndex;
 800223e:	60bb      	str	r3, [r7, #8]
      if(((hdma->Instance->CR) & (uint32_t)(DMA_SxCR_DBM)) != RESET)
 8002240:	6823      	ldr	r3, [r4, #0]
 8002242:	681a      	ldr	r2, [r3, #0]
 8002244:	f412 2f80 	tst.w	r2, #262144	@ 0x40000
 8002248:	d00d      	beq.n	8002266 <HAL_DMA_IRQHandler+0xbe>
        if((hdma->Instance->CR & DMA_SxCR_CT) == RESET)
 800224a:	681b      	ldr	r3, [r3, #0]
 800224c:	f413 2f00 	tst.w	r3, #524288	@ 0x80000
 8002250:	d104      	bne.n	800225c <HAL_DMA_IRQHandler+0xb4>
          if(hdma->XferHalfCpltCallback != NULL)
 8002252:	6c23      	ldr	r3, [r4, #64]	@ 0x40
 8002254:	b19b      	cbz	r3, 800227e <HAL_DMA_IRQHandler+0xd6>
            hdma->XferHalfCpltCallback(hdma);
 8002256:	4620      	mov	r0, r4
 8002258:	4798      	blx	r3
 800225a:	e010      	b.n	800227e <HAL_DMA_IRQHandler+0xd6>
          if(hdma->XferM1HalfCpltCallback != NULL)
 800225c:	6ca3      	ldr	r3, [r4, #72]	@ 0x48
 800225e:	b173      	cbz	r3, 800227e <HAL_DMA_IRQHandler+0xd6>
            hdma->XferM1HalfCpltCallback(hdma);
 8002260:	4620      	mov	r0, r4
 8002262:	4798      	blx	r3
 8002264:	e00b      	b.n	800227e <HAL_DMA_IRQHandler+0xd6>
        if((hdma->Instance->CR & DMA_SxCR_CIRC) == RESET)
 8002266:	681a      	ldr	r2, [r3, #0]
 8002268:	f412 7f80 	tst.w	r2, #256	@ 0x100
 800226c:	d103      	bne.n	8002276 <HAL_DMA_IRQHandler+0xce>
          hdma->Instance->CR  &= ~(DMA_IT_HT);
 800226e:	681a      	ldr	r2, [r3, #0]
 8002270:	f022 0208 	bic.w	r2, r2, #8
 8002274:	601a      	str	r2, [r3, #0]
        if(hdma->XferHalfCpltCallback != NULL)
 8002276:	6c23      	ldr	r3, [r4, #64]	@ 0x40
 8002278:	b10b      	cbz	r3, 800227e <HAL_DMA_IRQHandler+0xd6>
          hdma->XferHalfCpltCallback(hdma);
 800227a:	4620      	mov	r0, r4
 800227c:	4798      	blx	r3
  if ((tmpisr & (DMA_FLAG_TCIF0_4 << hdma->StreamIndex)) != RESET)
 800227e:	6de2      	ldr	r2, [r4, #92]	@ 0x5c
 8002280:	2320      	movs	r3, #32
 8002282:	4093      	lsls	r3, r2
 8002284:	4233      	tst	r3, r6
 8002286:	d054      	beq.n	8002332 <HAL_DMA_IRQHandler+0x18a>
    if(__HAL_DMA_GET_IT_SOURCE(hdma, DMA_IT_TC) != RESET)
 8002288:	6822      	ldr	r2, [r4, #0]
 800228a:	6812      	ldr	r2, [r2, #0]
 800228c:	f012 0f10 	tst.w	r2, #16
 8002290:	d04f      	beq.n	8002332 <HAL_DMA_IRQHandler+0x18a>
      regs->IFCR = DMA_FLAG_TCIF0_4 << hdma->StreamIndex;
 8002292:	60bb      	str	r3, [r7, #8]
      if(HAL_DMA_STATE_ABORT == hdma->State)
 8002294:	f894 3035 	ldrb.w	r3, [r4, #53]	@ 0x35
 8002298:	2b05      	cmp	r3, #5
 800229a:	d00e      	beq.n	80022ba <HAL_DMA_IRQHandler+0x112>
      if(((hdma->Instance->CR) & (uint32_t)(DMA_SxCR_DBM)) != RESET)
 800229c:	6823      	ldr	r3, [r4, #0]
 800229e:	681a      	ldr	r2, [r3, #0]
 80022a0:	f412 2f80 	tst.w	r2, #262144	@ 0x40000
 80022a4:	d033      	beq.n	800230e <HAL_DMA_IRQHandler+0x166>
        if((hdma->Instance->CR & DMA_SxCR_CT) == RESET)
 80022a6:	681b      	ldr	r3, [r3, #0]
 80022a8:	f413 2f00 	tst.w	r3, #524288	@ 0x80000
 80022ac:	d12a      	bne.n	8002304 <HAL_DMA_IRQHandler+0x15c>
          if(hdma->XferM1CpltCallback != NULL)
 80022ae:	6c63      	ldr	r3, [r4, #68]	@ 0x44
 80022b0:	2b00      	cmp	r3, #0
 80022b2:	d03e      	beq.n	8002332 <HAL_DMA_IRQHandler+0x18a>
            hdma->XferM1CpltCallback(hdma);
 80022b4:	4620      	mov	r0, r4
 80022b6:	4798      	blx	r3
 80022b8:	e03b      	b.n	8002332 <HAL_DMA_IRQHandler+0x18a>
        hdma->Instance->CR  &= ~(DMA_IT_TC | DMA_IT_TE | DMA_IT_DME);
 80022ba:	6822      	ldr	r2, [r4, #0]
 80022bc:	6813      	ldr	r3, [r2, #0]
 80022be:	f023 0316 	bic.w	r3, r3, #22
 80022c2:	6013      	str	r3, [r2, #0]
        hdma->Instance->FCR &= ~(DMA_IT_FE);
 80022c4:	6822      	ldr	r2, [r4, #0]
 80022c6:	6953      	ldr	r3, [r2, #20]
 80022c8:	f023 0380 	bic.w	r3, r3, #128	@ 0x80
 80022cc:	6153      	str	r3, [r2, #20]
        if((hdma->XferHalfCpltCallback != NULL) || (hdma->XferM1HalfCpltCallback != NULL))
 80022ce:	6c23      	ldr	r3, [r4, #64]	@ 0x40
 80022d0:	b1a3      	cbz	r3, 80022fc <HAL_DMA_IRQHandler+0x154>
          hdma->Instance->CR  &= ~(DMA_IT_HT);
 80022d2:	6822      	ldr	r2, [r4, #0]
 80022d4:	6813      	ldr	r3, [r2, #0]
 80022d6:	f023 0308 	bic.w	r3, r3, #8
 80022da:	6013      	str	r3, [r2, #0]
        regs->IFCR = 0x3FU << hdma->StreamIndex;
 80022dc:	6de2      	ldr	r2, [r4, #92]	@ 0x5c
 80022de:	233f      	movs	r3, #63	@ 0x3f
 80022e0:	4093      	lsls	r3, r2
 80022e2:	60bb      	str	r3, [r7, #8]
        hdma->State = HAL_DMA_STATE_READY;
 80022e4:	2301      	movs	r3, #1
 80022e6:	f884 3035 	strb.w	r3, [r4, #53]	@ 0x35
        __HAL_UNLOCK(hdma);
 80022ea:	2300      	movs	r3, #0
 80022ec:	f884 3034 	strb.w	r3, [r4, #52]	@ 0x34
        if(hdma->XferAbortCallback != NULL)
 80022f0:	6d23      	ldr	r3, [r4, #80]	@ 0x50
 80022f2:	2b00      	cmp	r3, #0
 80022f4:	d03f      	beq.n	8002376 <HAL_DMA_IRQHandler+0x1ce>
          hdma->XferAbortCallback(hdma);
 80022f6:	4620      	mov	r0, r4
 80022f8:	4798      	blx	r3
        return;
 80022fa:	e03c      	b.n	8002376 <HAL_DMA_IRQHandler+0x1ce>
        if((hdma->XferHalfCpltCallback != NULL) || (hdma->XferM1HalfCpltCallback != NULL))
 80022fc:	6ca3      	ldr	r3, [r4, #72]	@ 0x48
 80022fe:	2b00      	cmp	r3, #0
 8002300:	d1e7      	bne.n	80022d2 <HAL_DMA_IRQHandler+0x12a>
 8002302:	e7eb      	b.n	80022dc <HAL_DMA_IRQHandler+0x134>
          if(hdma->XferCpltCallback != NULL)
 8002304:	6be3      	ldr	r3, [r4, #60]	@ 0x3c
 8002306:	b1a3      	cbz	r3, 8002332 <HAL_DMA_IRQHandler+0x18a>
            hdma->XferCpltCallback(hdma);
 8002308:	4620      	mov	r0, r4
 800230a:	4798      	blx	r3
 800230c:	e011      	b.n	8002332 <HAL_DMA_IRQHandler+0x18a>
        if((hdma->Instance->CR & DMA_SxCR_CIRC) == RESET)
 800230e:	681a      	ldr	r2, [r3, #0]
 8002310:	f412 7f80 	tst.w	r2, #256	@ 0x100
 8002314:	d109      	bne.n	800232a <HAL_DMA_IRQHandler+0x182>
          hdma->Instance->CR  &= ~(DMA_IT_TC);
 8002316:	681a      	ldr	r2, [r3, #0]
 8002318:	f022 0210 	bic.w	r2, r2, #16
 800231c:	601a      	str	r2, [r3, #0]
          hdma->State = HAL_DMA_STATE_READY;
 800231e:	2301      	movs	r3, #1
 8002320:	f884 3035 	strb.w	r3, [r4, #53]	@ 0x35
          __HAL_UNLOCK(hdma);
 8002324:	2300      	movs	r3, #0
 8002326:	f884 3034 	strb.w	r3, [r4, #52]	@ 0x34
        if(hdma->XferCpltCallback != NULL)
 800232a:	6be3      	ldr	r3, [r4, #60]	@ 0x3c
 800232c:	b10b      	cbz	r3, 8002332 <HAL_DMA_IRQHandler+0x18a>
          hdma->XferCpltCallback(hdma);
 800232e:	4620      	mov	r0, r4
 8002330:	4798      	blx	r3
  if(hdma->ErrorCode != HAL_DMA_ERROR_NONE)
 8002332:	6d63      	ldr	r3, [r4, #84]	@ 0x54
 8002334:	b1fb      	cbz	r3, 8002376 <HAL_DMA_IRQHandler+0x1ce>
    if((hdma->ErrorCode & HAL_DMA_ERROR_TE) != RESET)
 8002336:	6d63      	ldr	r3, [r4, #84]	@ 0x54
 8002338:	f013 0f01 	tst.w	r3, #1
 800233c:	d017      	beq.n	800236e <HAL_DMA_IRQHandler+0x1c6>
      hdma->State = HAL_DMA_STATE_ABORT;
 800233e:	2305      	movs	r3, #5
 8002340:	f884 3035 	strb.w	r3, [r4, #53]	@ 0x35
      __HAL_DMA_DISABLE(hdma);
 8002344:	6822      	ldr	r2, [r4, #0]
 8002346:	6813      	ldr	r3, [r2, #0]
 8002348:	f023 0301 	bic.w	r3, r3, #1
 800234c:	6013      	str	r3, [r2, #0]
        if (++count > timeout)
 800234e:	9b01      	ldr	r3, [sp, #4]
 8002350:	3301      	adds	r3, #1
 8002352:	9301      	str	r3, [sp, #4]
 8002354:	42ab      	cmp	r3, r5
 8002356:	d804      	bhi.n	8002362 <HAL_DMA_IRQHandler+0x1ba>
      while((hdma->Instance->CR & DMA_SxCR_EN) != RESET);
 8002358:	6823      	ldr	r3, [r4, #0]
 800235a:	681b      	ldr	r3, [r3, #0]
 800235c:	f013 0f01 	tst.w	r3, #1
 8002360:	d1f5      	bne.n	800234e <HAL_DMA_IRQHandler+0x1a6>
      hdma->State = HAL_DMA_STATE_READY;
 8002362:	2301      	movs	r3, #1
 8002364:	f884 3035 	strb.w	r3, [r4, #53]	@ 0x35
      __HAL_UNLOCK(hdma);
 8002368:	2300      	movs	r3, #0
 800236a:	f884 3034 	strb.w	r3, [r4, #52]	@ 0x34
    if(hdma->XferErrorCallback != NULL)
 800236e:	6ce3      	ldr	r3, [r4, #76]	@ 0x4c
 8002370:	b10b      	cbz	r3, 8002376 <HAL_DMA_IRQHandler+0x1ce>
      hdma->XferErrorCallback(hdma);
 8002372:	4620      	mov	r0, r4
 8002374:	4798      	blx	r3
}
 8002376:	b003      	add	sp, #12
 8002378:	bdf0      	pop	{r4, r5, r6, r7, pc}
 800237a:	bf00      	nop
 800237c:	20000008 	.word	0x20000008
 8002380:	1b4e81b5 	.word	0x1b4e81b5

08002384 <HAL_GPIO_Init>:
  assert_param(IS_GPIO_ALL_INSTANCE(GPIOx));
  assert_param(IS_GPIO_PIN(GPIO_Init->Pin));
  assert_param(IS_GPIO_MODE(GPIO_Init->Mode));

  /* Configure the port pins */
  for(position = 0U; position < GPIO_NUMBER; position++)
 8002384:	2300      	movs	r3, #0
 8002386:	2b0f      	cmp	r3, #15
 8002388:	f200 80e9 	bhi.w	800255e <HAL_GPIO_Init+0x1da>
{
 800238c:	b570      	push	{r4, r5, r6, lr}
 800238e:	b082      	sub	sp, #8
 8002390:	e065      	b.n	800245e <HAL_GPIO_Init+0xda>
          (GPIO_Init->Mode & GPIO_MODE) == MODE_AF)
      {
        /* Check the Speed parameter */
        assert_param(IS_GPIO_SPEED(GPIO_Init->Speed));
        /* Configure the IO Speed */
        temp = GPIOx->OSPEEDR; 
 8002392:	6885      	ldr	r5, [r0, #8]
        temp &= ~(GPIO_OSPEEDER_OSPEEDR0 << (position * 2U));
 8002394:	ea4f 0e43 	mov.w	lr, r3, lsl #1
 8002398:	2403      	movs	r4, #3
 800239a:	fa04 f40e 	lsl.w	r4, r4, lr
 800239e:	ea25 0504 	bic.w	r5, r5, r4
        temp |= (GPIO_Init->Speed << (position * 2U));
 80023a2:	68cc      	ldr	r4, [r1, #12]
 80023a4:	fa04 f40e 	lsl.w	r4, r4, lr
 80023a8:	432c      	orrs	r4, r5
        GPIOx->OSPEEDR = temp;
 80023aa:	6084      	str	r4, [r0, #8]

        /* Configure the IO Output Type */
        temp = GPIOx->OTYPER;
 80023ac:	6844      	ldr	r4, [r0, #4]
        temp &= ~(GPIO_OTYPER_OT_0 << position) ;
 80023ae:	ea24 0402 	bic.w	r4, r4, r2
        temp |= (((GPIO_Init->Mode & OUTPUT_TYPE) >> OUTPUT_TYPE_Pos) << position);
 80023b2:	684a      	ldr	r2, [r1, #4]
 80023b4:	f3c2 1200 	ubfx	r2, r2, #4, #1
 80023b8:	409a      	lsls	r2, r3
 80023ba:	4322      	orrs	r2, r4
        GPIOx->OTYPER = temp;
 80023bc:	6042      	str	r2, [r0, #4]
 80023be:	e05c      	b.n	800247a <HAL_GPIO_Init+0xf6>
      if((GPIO_Init->Mode & GPIO_MODE) == MODE_AF)
      {
        /* Check the Alternate function parameter */
        assert_param(IS_GPIO_AF(GPIO_Init->Alternate));
        /* Configure Alternate function mapped with the current IO */
        temp = GPIOx->AFR[position >> 3U];
 80023c0:	08dc      	lsrs	r4, r3, #3
 80023c2:	3408      	adds	r4, #8
 80023c4:	f850 2024 	ldr.w	r2, [r0, r4, lsl #2]
        temp &= ~(0xFU << ((uint32_t)(position & 0x07U) * 4U)) ;
 80023c8:	f003 0507 	and.w	r5, r3, #7
 80023cc:	00ad      	lsls	r5, r5, #2
 80023ce:	f04f 0e0f 	mov.w	lr, #15
 80023d2:	fa0e fe05 	lsl.w	lr, lr, r5
 80023d6:	ea22 0e0e 	bic.w	lr, r2, lr
        temp |= ((uint32_t)(GPIO_Init->Alternate) << (((uint32_t)position & 0x07U) * 4U));
 80023da:	690a      	ldr	r2, [r1, #16]
 80023dc:	40aa      	lsls	r2, r5
 80023de:	ea42 020e 	orr.w	r2, r2, lr
        GPIOx->AFR[position >> 3U] = temp;
 80023e2:	f840 2024 	str.w	r2, [r0, r4, lsl #2]
 80023e6:	e05c      	b.n	80024a2 <HAL_GPIO_Init+0x11e>
        /* Enable SYSCFG Clock */
        __HAL_RCC_SYSCFG_CLK_ENABLE();

        temp = SYSCFG->EXTICR[position >> 2U];
        temp &= ~(0x0FU << (4U * (position & 0x03U)));
        temp |= ((uint32_t)(GPIO_GET_INDEX(GPIOx)) << (4U * (position & 0x03U)));
 80023e8:	2207      	movs	r2, #7
 80023ea:	e000      	b.n	80023ee <HAL_GPIO_Init+0x6a>
 80023ec:	2200      	movs	r2, #0
 80023ee:	fa02 f20e 	lsl.w	r2, r2, lr
 80023f2:	432a      	orrs	r2, r5
        SYSCFG->EXTICR[position >> 2U] = temp;
 80023f4:	3402      	adds	r4, #2
 80023f6:	4d5a      	ldr	r5, [pc, #360]	@ (8002560 <HAL_GPIO_Init+0x1dc>)
 80023f8:	f845 2024 	str.w	r2, [r5, r4, lsl #2]

        /* Clear Rising Falling edge configuration */
        temp = EXTI->RTSR;
 80023fc:	4a59      	ldr	r2, [pc, #356]	@ (8002564 <HAL_GPIO_Init+0x1e0>)
 80023fe:	6894      	ldr	r4, [r2, #8]
        temp &= ~((uint32_t)iocurrent);
 8002400:	ea6f 020c 	mvn.w	r2, ip
 8002404:	ea24 050c 	bic.w	r5, r4, ip
        if((GPIO_Init->Mode & TRIGGER_RISING) != 0x00U)
 8002408:	684e      	ldr	r6, [r1, #4]
 800240a:	f416 1f80 	tst.w	r6, #1048576	@ 0x100000
 800240e:	d001      	beq.n	8002414 <HAL_GPIO_Init+0x90>
        {
          temp |= iocurrent;
 8002410:	ea4c 0504 	orr.w	r5, ip, r4
        }
        EXTI->RTSR = temp;
 8002414:	4c53      	ldr	r4, [pc, #332]	@ (8002564 <HAL_GPIO_Init+0x1e0>)
 8002416:	60a5      	str	r5, [r4, #8]

        temp = EXTI->FTSR;
 8002418:	68e4      	ldr	r4, [r4, #12]
        temp &= ~((uint32_t)iocurrent);
 800241a:	ea02 0504 	and.w	r5, r2, r4
        if((GPIO_Init->Mode & TRIGGER_FALLING) != 0x00U)
 800241e:	684e      	ldr	r6, [r1, #4]
 8002420:	f416 1f00 	tst.w	r6, #2097152	@ 0x200000
 8002424:	d001      	beq.n	800242a <HAL_GPIO_Init+0xa6>
        {
          temp |= iocurrent;
 8002426:	ea4c 0504 	orr.w	r5, ip, r4
        }
        EXTI->FTSR = temp;
 800242a:	4c4e      	ldr	r4, [pc, #312]	@ (8002564 <HAL_GPIO_Init+0x1e0>)
 800242c:	60e5      	str	r5, [r4, #12]

        temp = EXTI->EMR;
 800242e:	6864      	ldr	r4, [r4, #4]
        temp &= ~((uint32_t)iocurrent);
 8002430:	ea02 0504 	and.w	r5, r2, r4
        if((GPIO_Init->Mode & EXTI_EVT) != 0x00U)
 8002434:	684e      	ldr	r6, [r1, #4]
 8002436:	f416 3f00 	tst.w	r6, #131072	@ 0x20000
 800243a:	d001      	beq.n	8002440 <HAL_GPIO_Init+0xbc>
        {
          temp |= iocurrent;
 800243c:	ea4c 0504 	orr.w	r5, ip, r4
        }
        EXTI->EMR = temp;
 8002440:	4c48      	ldr	r4, [pc, #288]	@ (8002564 <HAL_GPIO_Init+0x1e0>)
 8002442:	6065      	str	r5, [r4, #4]

        /* Clear EXTI line configuration */
        temp = EXTI->IMR;
 8002444:	6824      	ldr	r4, [r4, #0]
        temp &= ~((uint32_t)iocurrent);
 8002446:	4022      	ands	r2, r4
        if((GPIO_Init->Mode & EXTI_IT) != 0x00U)
 8002448:	684d      	ldr	r5, [r1, #4]
 800244a:	f415 3f80 	tst.w	r5, #65536	@ 0x10000
 800244e:	d001      	beq.n	8002454 <HAL_GPIO_Init+0xd0>
        {
          temp |= iocurrent;
 8002450:	ea4c 0204 	orr.w	r2, ip, r4
        }
        EXTI->IMR = temp;
 8002454:	4c43      	ldr	r4, [pc, #268]	@ (8002564 <HAL_GPIO_Init+0x1e0>)
 8002456:	6022      	str	r2, [r4, #0]
  for(position = 0U; position < GPIO_NUMBER; position++)
 8002458:	3301      	adds	r3, #1
 800245a:	2b0f      	cmp	r3, #15
 800245c:	d87d      	bhi.n	800255a <HAL_GPIO_Init+0x1d6>
    ioposition = 0x01U << position;
 800245e:	2201      	movs	r2, #1
 8002460:	409a      	lsls	r2, r3
    iocurrent = (uint32_t)(GPIO_Init->Pin) & ioposition;
 8002462:	680c      	ldr	r4, [r1, #0]
 8002464:	ea04 0c02 	and.w	ip, r4, r2
    if(iocurrent == ioposition)
 8002468:	ea32 0404 	bics.w	r4, r2, r4
 800246c:	d1f4      	bne.n	8002458 <HAL_GPIO_Init+0xd4>
      if(((GPIO_Init->Mode & GPIO_MODE) == MODE_OUTPUT) || \
 800246e:	684c      	ldr	r4, [r1, #4]
 8002470:	f004 0403 	and.w	r4, r4, #3
 8002474:	3c01      	subs	r4, #1
 8002476:	2c01      	cmp	r4, #1
 8002478:	d98b      	bls.n	8002392 <HAL_GPIO_Init+0xe>
      if((GPIO_Init->Mode & GPIO_MODE) != MODE_ANALOG)
 800247a:	684a      	ldr	r2, [r1, #4]
 800247c:	f002 0203 	and.w	r2, r2, #3
 8002480:	2a03      	cmp	r2, #3
 8002482:	d009      	beq.n	8002498 <HAL_GPIO_Init+0x114>
        temp = GPIOx->PUPDR;
 8002484:	68c4      	ldr	r4, [r0, #12]
        temp &= ~(GPIO_PUPDR_PUPDR0 << (position * 2U));
 8002486:	005d      	lsls	r5, r3, #1
 8002488:	2203      	movs	r2, #3
 800248a:	40aa      	lsls	r2, r5
 800248c:	ea24 0402 	bic.w	r4, r4, r2
        temp |= ((GPIO_Init->Pull) << (position * 2U));
 8002490:	688a      	ldr	r2, [r1, #8]
 8002492:	40aa      	lsls	r2, r5
 8002494:	4322      	orrs	r2, r4
        GPIOx->PUPDR = temp;
 8002496:	60c2      	str	r2, [r0, #12]
      if((GPIO_Init->Mode & GPIO_MODE) == MODE_AF)
 8002498:	684a      	ldr	r2, [r1, #4]
 800249a:	f002 0203 	and.w	r2, r2, #3
 800249e:	2a02      	cmp	r2, #2
 80024a0:	d08e      	beq.n	80023c0 <HAL_GPIO_Init+0x3c>
      temp = GPIOx->MODER;
 80024a2:	6804      	ldr	r4, [r0, #0]
      temp &= ~(GPIO_MODER_MODER0 << (position * 2U));
 80024a4:	ea4f 0e43 	mov.w	lr, r3, lsl #1
 80024a8:	2203      	movs	r2, #3
 80024aa:	fa02 f20e 	lsl.w	r2, r2, lr
 80024ae:	ea24 0402 	bic.w	r4, r4, r2
      temp |= ((GPIO_Init->Mode & GPIO_MODE) << (position * 2U));
 80024b2:	684a      	ldr	r2, [r1, #4]
 80024b4:	f002 0203 	and.w	r2, r2, #3
 80024b8:	fa02 f20e 	lsl.w	r2, r2, lr
 80024bc:	4322      	orrs	r2, r4
      GPIOx->MODER = temp;
 80024be:	6002      	str	r2, [r0, #0]
      if((GPIO_Init->Mode & EXTI_MODE) != 0x00U)
 80024c0:	684a      	ldr	r2, [r1, #4]
 80024c2:	f412 3f40 	tst.w	r2, #196608	@ 0x30000
 80024c6:	d0c7      	beq.n	8002458 <HAL_GPIO_Init+0xd4>
        __HAL_RCC_SYSCFG_CLK_ENABLE();
 80024c8:	2200      	movs	r2, #0
 80024ca:	9201      	str	r2, [sp, #4]
 80024cc:	4a26      	ldr	r2, [pc, #152]	@ (8002568 <HAL_GPIO_Init+0x1e4>)
 80024ce:	6c54      	ldr	r4, [r2, #68]	@ 0x44
 80024d0:	f444 4480 	orr.w	r4, r4, #16384	@ 0x4000
 80024d4:	6454      	str	r4, [r2, #68]	@ 0x44
 80024d6:	6c52      	ldr	r2, [r2, #68]	@ 0x44
 80024d8:	f402 4280 	and.w	r2, r2, #16384	@ 0x4000
 80024dc:	9201      	str	r2, [sp, #4]
 80024de:	9a01      	ldr	r2, [sp, #4]
        temp = SYSCFG->EXTICR[position >> 2U];
 80024e0:	089c      	lsrs	r4, r3, #2
 80024e2:	1ca5      	adds	r5, r4, #2
 80024e4:	4a1e      	ldr	r2, [pc, #120]	@ (8002560 <HAL_GPIO_Init+0x1dc>)
 80024e6:	f852 5025 	ldr.w	r5, [r2, r5, lsl #2]
        temp &= ~(0x0FU << (4U * (position & 0x03U)));
 80024ea:	f003 0e03 	and.w	lr, r3, #3
 80024ee:	ea4f 0e8e 	mov.w	lr, lr, lsl #2
 80024f2:	220f      	movs	r2, #15
 80024f4:	fa02 f20e 	lsl.w	r2, r2, lr
 80024f8:	ea25 0502 	bic.w	r5, r5, r2
        temp |= ((uint32_t)(GPIO_GET_INDEX(GPIOx)) << (4U * (position & 0x03U)));
 80024fc:	4a1b      	ldr	r2, [pc, #108]	@ (800256c <HAL_GPIO_Init+0x1e8>)
 80024fe:	4290      	cmp	r0, r2
 8002500:	f43f af74 	beq.w	80023ec <HAL_GPIO_Init+0x68>
 8002504:	f502 6280 	add.w	r2, r2, #1024	@ 0x400
 8002508:	4290      	cmp	r0, r2
 800250a:	d01a      	beq.n	8002542 <HAL_GPIO_Init+0x1be>
 800250c:	f502 6280 	add.w	r2, r2, #1024	@ 0x400
 8002510:	4290      	cmp	r0, r2
 8002512:	d018      	beq.n	8002546 <HAL_GPIO_Init+0x1c2>
 8002514:	f502 6280 	add.w	r2, r2, #1024	@ 0x400
 8002518:	4290      	cmp	r0, r2
 800251a:	d016      	beq.n	800254a <HAL_GPIO_Init+0x1c6>
 800251c:	f502 6280 	add.w	r2, r2, #1024	@ 0x400
 8002520:	4290      	cmp	r0, r2
 8002522:	d014      	beq.n	800254e <HAL_GPIO_Init+0x1ca>
 8002524:	f502 6280 	add.w	r2, r2, #1024	@ 0x400
 8002528:	4290      	cmp	r0, r2
 800252a:	d012      	beq.n	8002552 <HAL_GPIO_Init+0x1ce>
 800252c:	f502 6280 	add.w	r2, r2, #1024	@ 0x400
 8002530:	4290      	cmp	r0, r2
 8002532:	d010      	beq.n	8002556 <HAL_GPIO_Init+0x1d2>
 8002534:	f502 6280 	add.w	r2, r2, #1024	@ 0x400
 8002538:	4290      	cmp	r0, r2
 800253a:	f43f af55 	beq.w	80023e8 <HAL_GPIO_Init+0x64>
 800253e:	2208      	movs	r2, #8
 8002540:	e755      	b.n	80023ee <HAL_GPIO_Init+0x6a>
 8002542:	2201      	movs	r2, #1
 8002544:	e753      	b.n	80023ee <HAL_GPIO_Init+0x6a>
 8002546:	2202      	movs	r2, #2
 8002548:	e751      	b.n	80023ee <HAL_GPIO_Init+0x6a>
 800254a:	2203      	movs	r2, #3
 800254c:	e74f      	b.n	80023ee <HAL_GPIO_Init+0x6a>
 800254e:	2204      	movs	r2, #4
 8002550:	e74d      	b.n	80023ee <HAL_GPIO_Init+0x6a>
 8002552:	2205      	movs	r2, #5
 8002554:	e74b      	b.n	80023ee <HAL_GPIO_Init+0x6a>
 8002556:	2206      	movs	r2, #6
 8002558:	e749      	b.n	80023ee <HAL_GPIO_Init+0x6a>
      }
    }
  }
}
 800255a:	b002      	add	sp, #8
 800255c:	bd70      	pop	{r4, r5, r6, pc}
 800255e:	4770      	bx	lr
 8002560:	40013800 	.word	0x40013800
 8002564:	40013c00 	.word	0x40013c00
 8002568:	40023800 	.word	0x40023800
 800256c:	40020000 	.word	0x40020000

08002570 <HAL_GPIO_WritePin>:
{
  /* Check the parameters */
  assert_param(IS_GPIO_PIN(GPIO_Pin));
  assert_param(IS_GPIO_PIN_ACTION(PinState));

  if(PinState != GPIO_PIN_RESET)
 8002570:	b10a      	cbz	r2, 8002576 <HAL_GPIO_WritePin+0x6>
  {
    GPIOx->BSRR = GPIO_Pin;
 8002572:	6181      	str	r1, [r0, #24]
 8002574:	4770      	bx	lr
  }
  else
  {
    GPIOx->BSRR = (uint32_t)GPIO_Pin << 16U;
 8002576:	0409      	lsls	r1, r1, #16
 8002578:	6181      	str	r1, [r0, #24]
  }
}
 800257a:	4770      	bx	lr

0800257c <I2C_IsAcknowledgeFailed>:
  *                the configuration information for the specified I2C.
  * @retval HAL status
  */
static HAL_StatusTypeDef I2C_IsAcknowledgeFailed(I2C_HandleTypeDef *hi2c)
{
  if (__HAL_I2C_GET_FLAG(hi2c, I2C_FLAG_AF) == SET)
 800257c:	6803      	ldr	r3, [r0, #0]
 800257e:	695a      	ldr	r2, [r3, #20]
 8002580:	f412 6f80 	tst.w	r2, #1024	@ 0x400
 8002584:	d101      	bne.n	800258a <I2C_IsAcknowledgeFailed+0xe>
    /* Process Unlocked */
    __HAL_UNLOCK(hi2c);

    return HAL_ERROR;
  }
  return HAL_OK;
 8002586:	2000      	movs	r0, #0
}
 8002588:	4770      	bx	lr
    __HAL_I2C_CLEAR_FLAG(hi2c, I2C_FLAG_AF);
 800258a:	f46f 6280 	mvn.w	r2, #1024	@ 0x400
 800258e:	615a      	str	r2, [r3, #20]
    hi2c->PreviousState       = I2C_STATE_NONE;
 8002590:	2300      	movs	r3, #0
 8002592:	6303      	str	r3, [r0, #48]	@ 0x30
    hi2c->State               = HAL_I2C_STATE_READY;
 8002594:	2220      	movs	r2, #32
 8002596:	f880 203d 	strb.w	r2, [r0, #61]	@ 0x3d
    hi2c->Mode                = HAL_I2C_MODE_NONE;
 800259a:	f880 303e 	strb.w	r3, [r0, #62]	@ 0x3e
    hi2c->ErrorCode           |= HAL_I2C_ERROR_AF;
 800259e:	6c02      	ldr	r2, [r0, #64]	@ 0x40
 80025a0:	f042 0204 	orr.w	r2, r2, #4
 80025a4:	6402      	str	r2, [r0, #64]	@ 0x40
    __HAL_UNLOCK(hi2c);
 80025a6:	f880 303c 	strb.w	r3, [r0, #60]	@ 0x3c
    return HAL_ERROR;
 80025aa:	2001      	movs	r0, #1
 80025ac:	4770      	bx	lr

080025ae <I2C_WaitOnFlagUntilTimeout>:
{
 80025ae:	e92d 41f0 	stmdb	sp!, {r4, r5, r6, r7, r8, lr}
 80025b2:	4606      	mov	r6, r0
 80025b4:	460c      	mov	r4, r1
 80025b6:	4617      	mov	r7, r2
 80025b8:	4698      	mov	r8, r3
  while (__HAL_I2C_GET_FLAG(hi2c, Flag) == Status)
 80025ba:	e03b      	b.n	8002634 <I2C_WaitOnFlagUntilTimeout+0x86>
      if (((HAL_GetTick() - Tickstart) > Timeout) || (Timeout == 0U))
 80025bc:	f7ff fa96 	bl	8001aec <HAL_GetTick>
 80025c0:	9b06      	ldr	r3, [sp, #24]
 80025c2:	1ac0      	subs	r0, r0, r3
 80025c4:	4540      	cmp	r0, r8
 80025c6:	d802      	bhi.n	80025ce <I2C_WaitOnFlagUntilTimeout+0x20>
 80025c8:	f1b8 0f00 	cmp.w	r8, #0
 80025cc:	d132      	bne.n	8002634 <I2C_WaitOnFlagUntilTimeout+0x86>
        if ((__HAL_I2C_GET_FLAG(hi2c, Flag) == Status))
 80025ce:	2d01      	cmp	r5, #1
 80025d0:	d018      	beq.n	8002604 <I2C_WaitOnFlagUntilTimeout+0x56>
 80025d2:	6833      	ldr	r3, [r6, #0]
 80025d4:	699b      	ldr	r3, [r3, #24]
 80025d6:	ea24 0303 	bic.w	r3, r4, r3
 80025da:	b29b      	uxth	r3, r3
 80025dc:	fab3 f383 	clz	r3, r3
 80025e0:	095b      	lsrs	r3, r3, #5
 80025e2:	429f      	cmp	r7, r3
 80025e4:	d126      	bne.n	8002634 <I2C_WaitOnFlagUntilTimeout+0x86>
          hi2c->PreviousState     = I2C_STATE_NONE;
 80025e6:	2300      	movs	r3, #0
 80025e8:	6333      	str	r3, [r6, #48]	@ 0x30
          hi2c->State             = HAL_I2C_STATE_READY;
 80025ea:	2220      	movs	r2, #32
 80025ec:	f886 203d 	strb.w	r2, [r6, #61]	@ 0x3d
          hi2c->Mode              = HAL_I2C_MODE_NONE;
 80025f0:	f886 303e 	strb.w	r3, [r6, #62]	@ 0x3e
          hi2c->ErrorCode         |= HAL_I2C_ERROR_TIMEOUT;
 80025f4:	6c32      	ldr	r2, [r6, #64]	@ 0x40
 80025f6:	f042 0220 	orr.w	r2, r2, #32
 80025fa:	6432      	str	r2, [r6, #64]	@ 0x40
          __HAL_UNLOCK(hi2c);
 80025fc:	f886 303c 	strb.w	r3, [r6, #60]	@ 0x3c
          return HAL_ERROR;
 8002600:	2001      	movs	r0, #1
 8002602:	e027      	b.n	8002654 <I2C_WaitOnFlagUntilTimeout+0xa6>
        if ((__HAL_I2C_GET_FLAG(hi2c, Flag) == Status))
 8002604:	6833      	ldr	r3, [r6, #0]
 8002606:	695b      	ldr	r3, [r3, #20]
 8002608:	ea24 0303 	bic.w	r3, r4, r3
 800260c:	b29b      	uxth	r3, r3
 800260e:	fab3 f383 	clz	r3, r3
 8002612:	095b      	lsrs	r3, r3, #5
 8002614:	e7e5      	b.n	80025e2 <I2C_WaitOnFlagUntilTimeout+0x34>
  while (__HAL_I2C_GET_FLAG(hi2c, Flag) == Status)
 8002616:	6833      	ldr	r3, [r6, #0]
 8002618:	695b      	ldr	r3, [r3, #20]
 800261a:	ea24 0c03 	bic.w	ip, r4, r3
 800261e:	fa1f fc8c 	uxth.w	ip, ip
 8002622:	fabc fc8c 	clz	ip, ip
 8002626:	ea4f 1c5c 	mov.w	ip, ip, lsr #5
 800262a:	4567      	cmp	r7, ip
 800262c:	d111      	bne.n	8002652 <I2C_WaitOnFlagUntilTimeout+0xa4>
    if (Timeout != HAL_MAX_DELAY)
 800262e:	f1b8 3fff 	cmp.w	r8, #4294967295
 8002632:	d1c3      	bne.n	80025bc <I2C_WaitOnFlagUntilTimeout+0xe>
  while (__HAL_I2C_GET_FLAG(hi2c, Flag) == Status)
 8002634:	f3c4 4507 	ubfx	r5, r4, #16, #8
 8002638:	2d01      	cmp	r5, #1
 800263a:	d0ec      	beq.n	8002616 <I2C_WaitOnFlagUntilTimeout+0x68>
 800263c:	6833      	ldr	r3, [r6, #0]
 800263e:	699b      	ldr	r3, [r3, #24]
 8002640:	ea24 0c03 	bic.w	ip, r4, r3
 8002644:	fa1f fc8c 	uxth.w	ip, ip
 8002648:	fabc fc8c 	clz	ip, ip
 800264c:	ea4f 1c5c 	mov.w	ip, ip, lsr #5
 8002650:	e7eb      	b.n	800262a <I2C_WaitOnFlagUntilTimeout+0x7c>
  return HAL_OK;
 8002652:	2000      	movs	r0, #0
}
 8002654:	e8bd 81f0 	ldmia.w	sp!, {r4, r5, r6, r7, r8, pc}

08002658 <I2C_WaitOnMasterAddressFlagUntilTimeout>:
{
 8002658:	e92d 43f8 	stmdb	sp!, {r3, r4, r5, r6, r7, r8, r9, lr}
 800265c:	4605      	mov	r5, r0
 800265e:	460e      	mov	r6, r1
 8002660:	4690      	mov	r8, r2
 8002662:	4699      	mov	r9, r3
  while (__HAL_I2C_GET_FLAG(hi2c, Flag) == RESET)
 8002664:	e053      	b.n	800270e <I2C_WaitOnMasterAddressFlagUntilTimeout+0xb6>
      SET_BIT(hi2c->Instance->CR1, I2C_CR1_STOP);
 8002666:	681a      	ldr	r2, [r3, #0]
 8002668:	f442 7200 	orr.w	r2, r2, #512	@ 0x200
 800266c:	601a      	str	r2, [r3, #0]
      __HAL_I2C_CLEAR_FLAG(hi2c, I2C_FLAG_AF);
 800266e:	682b      	ldr	r3, [r5, #0]
 8002670:	f46f 6280 	mvn.w	r2, #1024	@ 0x400
 8002674:	615a      	str	r2, [r3, #20]
      hi2c->PreviousState       = I2C_STATE_NONE;
 8002676:	2300      	movs	r3, #0
 8002678:	632b      	str	r3, [r5, #48]	@ 0x30
      hi2c->State               = HAL_I2C_STATE_READY;
 800267a:	2220      	movs	r2, #32
 800267c:	f885 203d 	strb.w	r2, [r5, #61]	@ 0x3d
      hi2c->Mode                = HAL_I2C_MODE_NONE;
 8002680:	f885 303e 	strb.w	r3, [r5, #62]	@ 0x3e
      hi2c->ErrorCode           |= HAL_I2C_ERROR_AF;
 8002684:	6c2a      	ldr	r2, [r5, #64]	@ 0x40
 8002686:	f042 0204 	orr.w	r2, r2, #4
 800268a:	642a      	str	r2, [r5, #64]	@ 0x40
      __HAL_UNLOCK(hi2c);
 800268c:	f885 303c 	strb.w	r3, [r5, #60]	@ 0x3c
      return HAL_ERROR;
 8002690:	2001      	movs	r0, #1
 8002692:	e04a      	b.n	800272a <I2C_WaitOnMasterAddressFlagUntilTimeout+0xd2>
      if (((HAL_GetTick() - Tickstart) > Timeout) || (Timeout == 0U))
 8002694:	f7ff fa2a 	bl	8001aec <HAL_GetTick>
 8002698:	eba0 0009 	sub.w	r0, r0, r9
 800269c:	4540      	cmp	r0, r8
 800269e:	d802      	bhi.n	80026a6 <I2C_WaitOnMasterAddressFlagUntilTimeout+0x4e>
 80026a0:	f1b8 0f00 	cmp.w	r8, #0
 80026a4:	d133      	bne.n	800270e <I2C_WaitOnMasterAddressFlagUntilTimeout+0xb6>
        if ((__HAL_I2C_GET_FLAG(hi2c, Flag) == RESET))
 80026a6:	2f01      	cmp	r7, #1
 80026a8:	d017      	beq.n	80026da <I2C_WaitOnMasterAddressFlagUntilTimeout+0x82>
 80026aa:	682b      	ldr	r3, [r5, #0]
 80026ac:	699b      	ldr	r3, [r3, #24]
 80026ae:	ea26 0303 	bic.w	r3, r6, r3
 80026b2:	b29b      	uxth	r3, r3
 80026b4:	3b00      	subs	r3, #0
 80026b6:	bf18      	it	ne
 80026b8:	2301      	movne	r3, #1
 80026ba:	b343      	cbz	r3, 800270e <I2C_WaitOnMasterAddressFlagUntilTimeout+0xb6>
          hi2c->PreviousState       = I2C_STATE_NONE;
 80026bc:	2300      	movs	r3, #0
 80026be:	632b      	str	r3, [r5, #48]	@ 0x30
          hi2c->State               = HAL_I2C_STATE_READY;
 80026c0:	2220      	movs	r2, #32
 80026c2:	f885 203d 	strb.w	r2, [r5, #61]	@ 0x3d
          hi2c->Mode                = HAL_I2C_MODE_NONE;
 80026c6:	f885 303e 	strb.w	r3, [r5, #62]	@ 0x3e
          hi2c->ErrorCode           |= HAL_I2C_ERROR_TIMEOUT;
 80026ca:	6c2a      	ldr	r2, [r5, #64]	@ 0x40
 80026cc:	f042 0220 	orr.w	r2, r2, #32
 80026d0:	642a      	str	r2, [r5, #64]	@ 0x40
          __HAL_UNLOCK(hi2c);
 80026d2:	f885 303c 	strb.w	r3, [r5, #60]	@ 0x3c
          return HAL_ERROR;
 80026d6:	2001      	movs	r0, #1
 80026d8:	e027      	b.n	800272a <I2C_WaitOnMasterAddressFlagUntilTimeout+0xd2>
        if ((__HAL_I2C_GET_FLAG(hi2c, Flag) == RESET))
 80026da:	682b      	ldr	r3, [r5, #0]
 80026dc:	695b      	ldr	r3, [r3, #20]
 80026de:	ea26 0303 	bic.w	r3, r6, r3
 80026e2:	b29b      	uxth	r3, r3
 80026e4:	3b00      	subs	r3, #0
 80026e6:	bf18      	it	ne
 80026e8:	2301      	movne	r3, #1
 80026ea:	e7e6      	b.n	80026ba <I2C_WaitOnMasterAddressFlagUntilTimeout+0x62>
  while (__HAL_I2C_GET_FLAG(hi2c, Flag) == RESET)
 80026ec:	682b      	ldr	r3, [r5, #0]
 80026ee:	699c      	ldr	r4, [r3, #24]
 80026f0:	ea26 0404 	bic.w	r4, r6, r4
 80026f4:	b2a4      	uxth	r4, r4
 80026f6:	3c00      	subs	r4, #0
 80026f8:	bf18      	it	ne
 80026fa:	2401      	movne	r4, #1
 80026fc:	b1a4      	cbz	r4, 8002728 <I2C_WaitOnMasterAddressFlagUntilTimeout+0xd0>
    if (__HAL_I2C_GET_FLAG(hi2c, I2C_FLAG_AF) == SET)
 80026fe:	682b      	ldr	r3, [r5, #0]
 8002700:	695a      	ldr	r2, [r3, #20]
 8002702:	f412 6f80 	tst.w	r2, #1024	@ 0x400
 8002706:	d1ae      	bne.n	8002666 <I2C_WaitOnMasterAddressFlagUntilTimeout+0xe>
    if (Timeout != HAL_MAX_DELAY)
 8002708:	f1b8 3fff 	cmp.w	r8, #4294967295
 800270c:	d1c2      	bne.n	8002694 <I2C_WaitOnMasterAddressFlagUntilTimeout+0x3c>
  while (__HAL_I2C_GET_FLAG(hi2c, Flag) == RESET)
 800270e:	f3c6 4707 	ubfx	r7, r6, #16, #8
 8002712:	2f01      	cmp	r7, #1
 8002714:	d1ea      	bne.n	80026ec <I2C_WaitOnMasterAddressFlagUntilTimeout+0x94>
 8002716:	682b      	ldr	r3, [r5, #0]
 8002718:	695c      	ldr	r4, [r3, #20]
 800271a:	ea26 0404 	bic.w	r4, r6, r4
 800271e:	b2a4      	uxth	r4, r4
 8002720:	3c00      	subs	r4, #0
 8002722:	bf18      	it	ne
 8002724:	2401      	movne	r4, #1
 8002726:	e7e9      	b.n	80026fc <I2C_WaitOnMasterAddressFlagUntilTimeout+0xa4>
  return HAL_OK;
 8002728:	2000      	movs	r0, #0
}
 800272a:	e8bd 83f8 	ldmia.w	sp!, {r3, r4, r5, r6, r7, r8, r9, pc}

0800272e <I2C_WaitOnTXEFlagUntilTimeout>:
{
 800272e:	b570      	push	{r4, r5, r6, lr}
 8002730:	4604      	mov	r4, r0
 8002732:	460d      	mov	r5, r1
 8002734:	4616      	mov	r6, r2
  while (__HAL_I2C_GET_FLAG(hi2c, I2C_FLAG_TXE) == RESET)
 8002736:	6823      	ldr	r3, [r4, #0]
 8002738:	695b      	ldr	r3, [r3, #20]
 800273a:	f013 0f80 	tst.w	r3, #128	@ 0x80
 800273e:	d121      	bne.n	8002784 <I2C_WaitOnTXEFlagUntilTimeout+0x56>
    if (I2C_IsAcknowledgeFailed(hi2c) != HAL_OK)
 8002740:	4620      	mov	r0, r4
 8002742:	f7ff ff1b 	bl	800257c <I2C_IsAcknowledgeFailed>
 8002746:	b9f8      	cbnz	r0, 8002788 <I2C_WaitOnTXEFlagUntilTimeout+0x5a>
    if (Timeout != HAL_MAX_DELAY)
 8002748:	f1b5 3fff 	cmp.w	r5, #4294967295
 800274c:	d0f3      	beq.n	8002736 <I2C_WaitOnTXEFlagUntilTimeout+0x8>
      if (((HAL_GetTick() - Tickstart) > Timeout) || (Timeout == 0U))
 800274e:	f7ff f9cd 	bl	8001aec <HAL_GetTick>
 8002752:	1b80      	subs	r0, r0, r6
 8002754:	42a8      	cmp	r0, r5
 8002756:	d801      	bhi.n	800275c <I2C_WaitOnTXEFlagUntilTimeout+0x2e>
 8002758:	2d00      	cmp	r5, #0
 800275a:	d1ec      	bne.n	8002736 <I2C_WaitOnTXEFlagUntilTimeout+0x8>
        if ((__HAL_I2C_GET_FLAG(hi2c, I2C_FLAG_TXE) == RESET))
 800275c:	6823      	ldr	r3, [r4, #0]
 800275e:	695b      	ldr	r3, [r3, #20]
 8002760:	f013 0f80 	tst.w	r3, #128	@ 0x80
 8002764:	d1e7      	bne.n	8002736 <I2C_WaitOnTXEFlagUntilTimeout+0x8>
          hi2c->PreviousState       = I2C_STATE_NONE;
 8002766:	2300      	movs	r3, #0
 8002768:	6323      	str	r3, [r4, #48]	@ 0x30
          hi2c->State               = HAL_I2C_STATE_READY;
 800276a:	2220      	movs	r2, #32
 800276c:	f884 203d 	strb.w	r2, [r4, #61]	@ 0x3d
          hi2c->Mode                = HAL_I2C_MODE_NONE;
 8002770:	f884 303e 	strb.w	r3, [r4, #62]	@ 0x3e
          hi2c->ErrorCode           |= HAL_I2C_ERROR_TIMEOUT;
 8002774:	6c22      	ldr	r2, [r4, #64]	@ 0x40
 8002776:	f042 0220 	orr.w	r2, r2, #32
 800277a:	6422      	str	r2, [r4, #64]	@ 0x40
          __HAL_UNLOCK(hi2c);
 800277c:	f884 303c 	strb.w	r3, [r4, #60]	@ 0x3c
          return HAL_ERROR;
 8002780:	2001      	movs	r0, #1
 8002782:	e000      	b.n	8002786 <I2C_WaitOnTXEFlagUntilTimeout+0x58>
  return HAL_OK;
 8002784:	2000      	movs	r0, #0
}
 8002786:	bd70      	pop	{r4, r5, r6, pc}
      return HAL_ERROR;
 8002788:	2001      	movs	r0, #1
 800278a:	e7fc      	b.n	8002786 <I2C_WaitOnTXEFlagUntilTimeout+0x58>

0800278c <I2C_RequestMemoryWrite>:
{
 800278c:	e92d 43f0 	stmdb	sp!, {r4, r5, r6, r7, r8, r9, lr}
 8002790:	b085      	sub	sp, #20
 8002792:	4604      	mov	r4, r0
 8002794:	460d      	mov	r5, r1
 8002796:	4691      	mov	r9, r2
 8002798:	461f      	mov	r7, r3
 800279a:	f8dd 8030 	ldr.w	r8, [sp, #48]	@ 0x30
 800279e:	9e0d      	ldr	r6, [sp, #52]	@ 0x34
  SET_BIT(hi2c->Instance->CR1, I2C_CR1_START);
 80027a0:	6803      	ldr	r3, [r0, #0]
 80027a2:	6819      	ldr	r1, [r3, #0]
 80027a4:	f441 7180 	orr.w	r1, r1, #256	@ 0x100
 80027a8:	6019      	str	r1, [r3, #0]
  if (I2C_WaitOnFlagUntilTimeout(hi2c, I2C_FLAG_SB, RESET, Timeout, Tickstart) != HAL_OK)
 80027aa:	9600      	str	r6, [sp, #0]
 80027ac:	4643      	mov	r3, r8
 80027ae:	2200      	movs	r2, #0
 80027b0:	f04f 1101 	mov.w	r1, #65537	@ 0x10001
 80027b4:	f7ff fefb 	bl	80025ae <I2C_WaitOnFlagUntilTimeout>
 80027b8:	b960      	cbnz	r0, 80027d4 <I2C_RequestMemoryWrite+0x48>
  hi2c->Instance->DR = I2C_7BIT_ADD_WRITE(DevAddress);
 80027ba:	6823      	ldr	r3, [r4, #0]
 80027bc:	f005 05fe 	and.w	r5, r5, #254	@ 0xfe
 80027c0:	611d      	str	r5, [r3, #16]
  if (I2C_WaitOnMasterAddressFlagUntilTimeout(hi2c, I2C_FLAG_ADDR, Timeout, Tickstart) != HAL_OK)
 80027c2:	4633      	mov	r3, r6
 80027c4:	4642      	mov	r2, r8
 80027c6:	4926      	ldr	r1, [pc, #152]	@ (8002860 <I2C_RequestMemoryWrite+0xd4>)
 80027c8:	4620      	mov	r0, r4
 80027ca:	f7ff ff45 	bl	8002658 <I2C_WaitOnMasterAddressFlagUntilTimeout>
 80027ce:	b168      	cbz	r0, 80027ec <I2C_RequestMemoryWrite+0x60>
    return HAL_ERROR;
 80027d0:	2001      	movs	r0, #1
 80027d2:	e008      	b.n	80027e6 <I2C_RequestMemoryWrite+0x5a>
    if (READ_BIT(hi2c->Instance->CR1, I2C_CR1_START) == I2C_CR1_START)
 80027d4:	6823      	ldr	r3, [r4, #0]
 80027d6:	681b      	ldr	r3, [r3, #0]
 80027d8:	f413 7f80 	tst.w	r3, #256	@ 0x100
 80027dc:	d002      	beq.n	80027e4 <I2C_RequestMemoryWrite+0x58>
      hi2c->ErrorCode = HAL_I2C_WRONG_START;
 80027de:	f44f 7300 	mov.w	r3, #512	@ 0x200
 80027e2:	6423      	str	r3, [r4, #64]	@ 0x40
    return HAL_TIMEOUT;
 80027e4:	2003      	movs	r0, #3
}
 80027e6:	b005      	add	sp, #20
 80027e8:	e8bd 83f0 	ldmia.w	sp!, {r4, r5, r6, r7, r8, r9, pc}
  __HAL_I2C_CLEAR_ADDRFLAG(hi2c);
 80027ec:	2300      	movs	r3, #0
 80027ee:	9303      	str	r3, [sp, #12]
 80027f0:	6823      	ldr	r3, [r4, #0]
 80027f2:	695a      	ldr	r2, [r3, #20]
 80027f4:	9203      	str	r2, [sp, #12]
 80027f6:	699b      	ldr	r3, [r3, #24]
 80027f8:	9303      	str	r3, [sp, #12]
 80027fa:	9b03      	ldr	r3, [sp, #12]
  if (I2C_WaitOnTXEFlagUntilTimeout(hi2c, Timeout, Tickstart) != HAL_OK)
 80027fc:	4632      	mov	r2, r6
 80027fe:	4641      	mov	r1, r8
 8002800:	4620      	mov	r0, r4
 8002802:	f7ff ff94 	bl	800272e <I2C_WaitOnTXEFlagUntilTimeout>
 8002806:	b930      	cbnz	r0, 8002816 <I2C_RequestMemoryWrite+0x8a>
  if (MemAddSize == I2C_MEMADD_SIZE_8BIT)
 8002808:	2f01      	cmp	r7, #1
 800280a:	d10f      	bne.n	800282c <I2C_RequestMemoryWrite+0xa0>
    hi2c->Instance->DR = I2C_MEM_ADD_LSB(MemAddress);
 800280c:	6823      	ldr	r3, [r4, #0]
 800280e:	fa5f f689 	uxtb.w	r6, r9
 8002812:	611e      	str	r6, [r3, #16]
 8002814:	e7e7      	b.n	80027e6 <I2C_RequestMemoryWrite+0x5a>
    if (hi2c->ErrorCode == HAL_I2C_ERROR_AF)
 8002816:	6c23      	ldr	r3, [r4, #64]	@ 0x40
 8002818:	2b04      	cmp	r3, #4
 800281a:	d001      	beq.n	8002820 <I2C_RequestMemoryWrite+0x94>
    return HAL_ERROR;
 800281c:	2001      	movs	r0, #1
 800281e:	e7e2      	b.n	80027e6 <I2C_RequestMemoryWrite+0x5a>
      SET_BIT(hi2c->Instance->CR1, I2C_CR1_STOP);
 8002820:	6822      	ldr	r2, [r4, #0]
 8002822:	6813      	ldr	r3, [r2, #0]
 8002824:	f443 7300 	orr.w	r3, r3, #512	@ 0x200
 8002828:	6013      	str	r3, [r2, #0]
 800282a:	e7f7      	b.n	800281c <I2C_RequestMemoryWrite+0x90>
    hi2c->Instance->DR = I2C_MEM_ADD_MSB(MemAddress);
 800282c:	6823      	ldr	r3, [r4, #0]
 800282e:	ea4f 2219 	mov.w	r2, r9, lsr #8
 8002832:	611a      	str	r2, [r3, #16]
    if (I2C_WaitOnTXEFlagUntilTimeout(hi2c, Timeout, Tickstart) != HAL_OK)
 8002834:	4632      	mov	r2, r6
 8002836:	4641      	mov	r1, r8
 8002838:	4620      	mov	r0, r4
 800283a:	f7ff ff78 	bl	800272e <I2C_WaitOnTXEFlagUntilTimeout>
 800283e:	b920      	cbnz	r0, 800284a <I2C_RequestMemoryWrite+0xbe>
    hi2c->Instance->DR = I2C_MEM_ADD_LSB(MemAddress);
 8002840:	6823      	ldr	r3, [r4, #0]
 8002842:	fa5f f689 	uxtb.w	r6, r9
 8002846:	611e      	str	r6, [r3, #16]
 8002848:	e7cd      	b.n	80027e6 <I2C_RequestMemoryWrite+0x5a>
      if (hi2c->ErrorCode == HAL_I2C_ERROR_AF)
 800284a:	6c23      	ldr	r3, [r4, #64]	@ 0x40
 800284c:	2b04      	cmp	r3, #4
 800284e:	d001      	beq.n	8002854 <I2C_RequestMemoryWrite+0xc8>
      return HAL_ERROR;
 8002850:	2001      	movs	r0, #1
 8002852:	e7c8      	b.n	80027e6 <I2C_RequestMemoryWrite+0x5a>
        SET_BIT(hi2c->Instance->CR1, I2C_CR1_STOP);
 8002854:	6822      	ldr	r2, [r4, #0]
 8002856:	6813      	ldr	r3, [r2, #0]
 8002858:	f443 7300 	orr.w	r3, r3, #512	@ 0x200
 800285c:	6013      	str	r3, [r2, #0]
 800285e:	e7f7      	b.n	8002850 <I2C_RequestMemoryWrite+0xc4>
 8002860:	00010002 	.word	0x00010002

08002864 <I2C_RequestMemoryRead>:
{
 8002864:	e92d 47f0 	stmdb	sp!, {r4, r5, r6, r7, r8, r9, sl, lr}
 8002868:	b084      	sub	sp, #16
 800286a:	4604      	mov	r4, r0
 800286c:	460d      	mov	r5, r1
 800286e:	4616      	mov	r6, r2
 8002870:	4699      	mov	r9, r3
 8002872:	9f0c      	ldr	r7, [sp, #48]	@ 0x30
 8002874:	f8dd 8034 	ldr.w	r8, [sp, #52]	@ 0x34
  SET_BIT(hi2c->Instance->CR1, I2C_CR1_ACK);
 8002878:	6802      	ldr	r2, [r0, #0]
 800287a:	6813      	ldr	r3, [r2, #0]
 800287c:	f443 6380 	orr.w	r3, r3, #1024	@ 0x400
 8002880:	6013      	str	r3, [r2, #0]
  SET_BIT(hi2c->Instance->CR1, I2C_CR1_START);
 8002882:	6803      	ldr	r3, [r0, #0]
 8002884:	6819      	ldr	r1, [r3, #0]
 8002886:	f441 7180 	orr.w	r1, r1, #256	@ 0x100
 800288a:	6019      	str	r1, [r3, #0]
  if (I2C_WaitOnFlagUntilTimeout(hi2c, I2C_FLAG_SB, RESET, Timeout, Tickstart) != HAL_OK)
 800288c:	f8cd 8000 	str.w	r8, [sp]
 8002890:	463b      	mov	r3, r7
 8002892:	2200      	movs	r2, #0
 8002894:	f04f 1101 	mov.w	r1, #65537	@ 0x10001
 8002898:	f7ff fe89 	bl	80025ae <I2C_WaitOnFlagUntilTimeout>
 800289c:	b970      	cbnz	r0, 80028bc <I2C_RequestMemoryRead+0x58>
  hi2c->Instance->DR = I2C_7BIT_ADD_WRITE(DevAddress);
 800289e:	fa5f fa85 	uxtb.w	sl, r5
 80028a2:	6823      	ldr	r3, [r4, #0]
 80028a4:	f005 05fe 	and.w	r5, r5, #254	@ 0xfe
 80028a8:	611d      	str	r5, [r3, #16]
  if (I2C_WaitOnMasterAddressFlagUntilTimeout(hi2c, I2C_FLAG_ADDR, Timeout, Tickstart) != HAL_OK)
 80028aa:	4643      	mov	r3, r8
 80028ac:	463a      	mov	r2, r7
 80028ae:	4941      	ldr	r1, [pc, #260]	@ (80029b4 <I2C_RequestMemoryRead+0x150>)
 80028b0:	4620      	mov	r0, r4
 80028b2:	f7ff fed1 	bl	8002658 <I2C_WaitOnMasterAddressFlagUntilTimeout>
 80028b6:	b168      	cbz	r0, 80028d4 <I2C_RequestMemoryRead+0x70>
    return HAL_ERROR;
 80028b8:	2001      	movs	r0, #1
 80028ba:	e008      	b.n	80028ce <I2C_RequestMemoryRead+0x6a>
    if (READ_BIT(hi2c->Instance->CR1, I2C_CR1_START) == I2C_CR1_START)
 80028bc:	6823      	ldr	r3, [r4, #0]
 80028be:	681b      	ldr	r3, [r3, #0]
 80028c0:	f413 7f80 	tst.w	r3, #256	@ 0x100
 80028c4:	d002      	beq.n	80028cc <I2C_RequestMemoryRead+0x68>
      hi2c->ErrorCode = HAL_I2C_WRONG_START;
 80028c6:	f44f 7300 	mov.w	r3, #512	@ 0x200
 80028ca:	6423      	str	r3, [r4, #64]	@ 0x40
    return HAL_TIMEOUT;
 80028cc:	2003      	movs	r0, #3
}
 80028ce:	b004      	add	sp, #16
 80028d0:	e8bd 87f0 	ldmia.w	sp!, {r4, r5, r6, r7, r8, r9, sl, pc}
  __HAL_I2C_CLEAR_ADDRFLAG(hi2c);
 80028d4:	2300      	movs	r3, #0
 80028d6:	9303      	str	r3, [sp, #12]
 80028d8:	6823      	ldr	r3, [r4, #0]
 80028da:	695a      	ldr	r2, [r3, #20]
 80028dc:	9203      	str	r2, [sp, #12]
 80028de:	699b      	ldr	r3, [r3, #24]
 80028e0:	9303      	str	r3, [sp, #12]
 80028e2:	9b03      	ldr	r3, [sp, #12]
  if (I2C_WaitOnTXEFlagUntilTimeout(hi2c, Timeout, Tickstart) != HAL_OK)
 80028e4:	4642      	mov	r2, r8
 80028e6:	4639      	mov	r1, r7
 80028e8:	4620      	mov	r0, r4
 80028ea:	f7ff ff20 	bl	800272e <I2C_WaitOnTXEFlagUntilTimeout>
 80028ee:	b980      	cbnz	r0, 8002912 <I2C_RequestMemoryRead+0xae>
  if (MemAddSize == I2C_MEMADD_SIZE_8BIT)
 80028f0:	f1b9 0f01 	cmp.w	r9, #1
 80028f4:	d118      	bne.n	8002928 <I2C_RequestMemoryRead+0xc4>
    hi2c->Instance->DR = I2C_MEM_ADD_LSB(MemAddress);
 80028f6:	6823      	ldr	r3, [r4, #0]
 80028f8:	b2f6      	uxtb	r6, r6
 80028fa:	611e      	str	r6, [r3, #16]
  if (I2C_WaitOnTXEFlagUntilTimeout(hi2c, Timeout, Tickstart) != HAL_OK)
 80028fc:	4642      	mov	r2, r8
 80028fe:	4639      	mov	r1, r7
 8002900:	4620      	mov	r0, r4
 8002902:	f7ff ff14 	bl	800272e <I2C_WaitOnTXEFlagUntilTimeout>
 8002906:	b368      	cbz	r0, 8002964 <I2C_RequestMemoryRead+0x100>
    if (hi2c->ErrorCode == HAL_I2C_ERROR_AF)
 8002908:	6c23      	ldr	r3, [r4, #64]	@ 0x40
 800290a:	2b04      	cmp	r3, #4
 800290c:	d024      	beq.n	8002958 <I2C_RequestMemoryRead+0xf4>
    return HAL_ERROR;
 800290e:	2001      	movs	r0, #1
 8002910:	e7dd      	b.n	80028ce <I2C_RequestMemoryRead+0x6a>
    if (hi2c->ErrorCode == HAL_I2C_ERROR_AF)
 8002912:	6c23      	ldr	r3, [r4, #64]	@ 0x40
 8002914:	2b04      	cmp	r3, #4
 8002916:	d001      	beq.n	800291c <I2C_RequestMemoryRead+0xb8>
    return HAL_ERROR;
 8002918:	2001      	movs	r0, #1
 800291a:	e7d8      	b.n	80028ce <I2C_RequestMemoryRead+0x6a>
      SET_BIT(hi2c->Instance->CR1, I2C_CR1_STOP);
 800291c:	6822      	ldr	r2, [r4, #0]
 800291e:	6813      	ldr	r3, [r2, #0]
 8002920:	f443 7300 	orr.w	r3, r3, #512	@ 0x200
 8002924:	6013      	str	r3, [r2, #0]
 8002926:	e7f7      	b.n	8002918 <I2C_RequestMemoryRead+0xb4>
    hi2c->Instance->DR = I2C_MEM_ADD_MSB(MemAddress);
 8002928:	6823      	ldr	r3, [r4, #0]
 800292a:	0a32      	lsrs	r2, r6, #8
 800292c:	611a      	str	r2, [r3, #16]
    if (I2C_WaitOnTXEFlagUntilTimeout(hi2c, Timeout, Tickstart) != HAL_OK)
 800292e:	4642      	mov	r2, r8
 8002930:	4639      	mov	r1, r7
 8002932:	4620      	mov	r0, r4
 8002934:	f7ff fefb 	bl	800272e <I2C_WaitOnTXEFlagUntilTimeout>
 8002938:	b918      	cbnz	r0, 8002942 <I2C_RequestMemoryRead+0xde>
    hi2c->Instance->DR = I2C_MEM_ADD_LSB(MemAddress);
 800293a:	6823      	ldr	r3, [r4, #0]
 800293c:	b2f6      	uxtb	r6, r6
 800293e:	611e      	str	r6, [r3, #16]
 8002940:	e7dc      	b.n	80028fc <I2C_RequestMemoryRead+0x98>
      if (hi2c->ErrorCode == HAL_I2C_ERROR_AF)
 8002942:	6c23      	ldr	r3, [r4, #64]	@ 0x40
 8002944:	2b04      	cmp	r3, #4
 8002946:	d001      	beq.n	800294c <I2C_RequestMemoryRead+0xe8>
      return HAL_ERROR;
 8002948:	2001      	movs	r0, #1
 800294a:	e7c0      	b.n	80028ce <I2C_RequestMemoryRead+0x6a>
        SET_BIT(hi2c->Instance->CR1, I2C_CR1_STOP);
 800294c:	6822      	ldr	r2, [r4, #0]
 800294e:	6813      	ldr	r3, [r2, #0]
 8002950:	f443 7300 	orr.w	r3, r3, #512	@ 0x200
 8002954:	6013      	str	r3, [r2, #0]
 8002956:	e7f7      	b.n	8002948 <I2C_RequestMemoryRead+0xe4>
      SET_BIT(hi2c->Instance->CR1, I2C_CR1_STOP);
 8002958:	6822      	ldr	r2, [r4, #0]
 800295a:	6813      	ldr	r3, [r2, #0]
 800295c:	f443 7300 	orr.w	r3, r3, #512	@ 0x200
 8002960:	6013      	str	r3, [r2, #0]
 8002962:	e7d4      	b.n	800290e <I2C_RequestMemoryRead+0xaa>
  SET_BIT(hi2c->Instance->CR1, I2C_CR1_START);
 8002964:	6822      	ldr	r2, [r4, #0]
 8002966:	6813      	ldr	r3, [r2, #0]
 8002968:	f443 7380 	orr.w	r3, r3, #256	@ 0x100
 800296c:	6013      	str	r3, [r2, #0]
  if (I2C_WaitOnFlagUntilTimeout(hi2c, I2C_FLAG_SB, RESET, Timeout, Tickstart) != HAL_OK)
 800296e:	f8cd 8000 	str.w	r8, [sp]
 8002972:	463b      	mov	r3, r7
 8002974:	2200      	movs	r2, #0
 8002976:	f04f 1101 	mov.w	r1, #65537	@ 0x10001
 800297a:	4620      	mov	r0, r4
 800297c:	f7ff fe17 	bl	80025ae <I2C_WaitOnFlagUntilTimeout>
 8002980:	b968      	cbnz	r0, 800299e <I2C_RequestMemoryRead+0x13a>
  hi2c->Instance->DR = I2C_7BIT_ADD_READ(DevAddress);
 8002982:	6822      	ldr	r2, [r4, #0]
 8002984:	f04a 0301 	orr.w	r3, sl, #1
 8002988:	6113      	str	r3, [r2, #16]
  if (I2C_WaitOnMasterAddressFlagUntilTimeout(hi2c, I2C_FLAG_ADDR, Timeout, Tickstart) != HAL_OK)
 800298a:	4643      	mov	r3, r8
 800298c:	463a      	mov	r2, r7
 800298e:	4909      	ldr	r1, [pc, #36]	@ (80029b4 <I2C_RequestMemoryRead+0x150>)
 8002990:	4620      	mov	r0, r4
 8002992:	f7ff fe61 	bl	8002658 <I2C_WaitOnMasterAddressFlagUntilTimeout>
 8002996:	2800      	cmp	r0, #0
 8002998:	d099      	beq.n	80028ce <I2C_RequestMemoryRead+0x6a>
    return HAL_ERROR;
 800299a:	2001      	movs	r0, #1
 800299c:	e797      	b.n	80028ce <I2C_RequestMemoryRead+0x6a>
    if (READ_BIT(hi2c->Instance->CR1, I2C_CR1_START) == I2C_CR1_START)
 800299e:	6823      	ldr	r3, [r4, #0]
 80029a0:	681b      	ldr	r3, [r3, #0]
 80029a2:	f413 7f80 	tst.w	r3, #256	@ 0x100
 80029a6:	d002      	beq.n	80029ae <I2C_RequestMemoryRead+0x14a>
      hi2c->ErrorCode = HAL_I2C_WRONG_START;
 80029a8:	f44f 7300 	mov.w	r3, #512	@ 0x200
 80029ac:	6423      	str	r3, [r4, #64]	@ 0x40
    return HAL_TIMEOUT;
 80029ae:	2003      	movs	r0, #3
 80029b0:	e78d      	b.n	80028ce <I2C_RequestMemoryRead+0x6a>
 80029b2:	bf00      	nop
 80029b4:	00010002 	.word	0x00010002

080029b8 <I2C_WaitOnBTFFlagUntilTimeout>:
{
 80029b8:	b570      	push	{r4, r5, r6, lr}
 80029ba:	4604      	mov	r4, r0
 80029bc:	460d      	mov	r5, r1
 80029be:	4616      	mov	r6, r2
  while (__HAL_I2C_GET_FLAG(hi2c, I2C_FLAG_BTF) == RESET)
 80029c0:	6823      	ldr	r3, [r4, #0]
 80029c2:	695b      	ldr	r3, [r3, #20]
 80029c4:	f013 0f04 	tst.w	r3, #4
 80029c8:	d121      	bne.n	8002a0e <I2C_WaitOnBTFFlagUntilTimeout+0x56>
    if (I2C_IsAcknowledgeFailed(hi2c) != HAL_OK)
 80029ca:	4620      	mov	r0, r4
 80029cc:	f7ff fdd6 	bl	800257c <I2C_IsAcknowledgeFailed>
 80029d0:	b9f8      	cbnz	r0, 8002a12 <I2C_WaitOnBTFFlagUntilTimeout+0x5a>
    if (Timeout != HAL_MAX_DELAY)
 80029d2:	f1b5 3fff 	cmp.w	r5, #4294967295
 80029d6:	d0f3      	beq.n	80029c0 <I2C_WaitOnBTFFlagUntilTimeout+0x8>
      if (((HAL_GetTick() - Tickstart) > Timeout) || (Timeout == 0U))
 80029d8:	f7ff f888 	bl	8001aec <HAL_GetTick>
 80029dc:	1b80      	subs	r0, r0, r6
 80029de:	42a8      	cmp	r0, r5
 80029e0:	d801      	bhi.n	80029e6 <I2C_WaitOnBTFFlagUntilTimeout+0x2e>
 80029e2:	2d00      	cmp	r5, #0
 80029e4:	d1ec      	bne.n	80029c0 <I2C_WaitOnBTFFlagUntilTimeout+0x8>
        if ((__HAL_I2C_GET_FLAG(hi2c, I2C_FLAG_BTF) == RESET))
 80029e6:	6823      	ldr	r3, [r4, #0]
 80029e8:	695b      	ldr	r3, [r3, #20]
 80029ea:	f013 0f04 	tst.w	r3, #4
 80029ee:	d1e7      	bne.n	80029c0 <I2C_WaitOnBTFFlagUntilTimeout+0x8>
          hi2c->PreviousState       = I2C_STATE_NONE;
 80029f0:	2300      	movs	r3, #0
 80029f2:	6323      	str	r3, [r4, #48]	@ 0x30
          hi2c->State               = HAL_I2C_STATE_READY;
 80029f4:	2220      	movs	r2, #32
 80029f6:	f884 203d 	strb.w	r2, [r4, #61]	@ 0x3d
          hi2c->Mode                = HAL_I2C_MODE_NONE;
 80029fa:	f884 303e 	strb.w	r3, [r4, #62]	@ 0x3e
          hi2c->ErrorCode           |= HAL_I2C_ERROR_TIMEOUT;
 80029fe:	6c22      	ldr	r2, [r4, #64]	@ 0x40
 8002a00:	f042 0220 	orr.w	r2, r2, #32
 8002a04:	6422      	str	r2, [r4, #64]	@ 0x40
          __HAL_UNLOCK(hi2c);
 8002a06:	f884 303c 	strb.w	r3, [r4, #60]	@ 0x3c
          return HAL_ERROR;
 8002a0a:	2001      	movs	r0, #1
 8002a0c:	e000      	b.n	8002a10 <I2C_WaitOnBTFFlagUntilTimeout+0x58>
  return HAL_OK;
 8002a0e:	2000      	movs	r0, #0
}
 8002a10:	bd70      	pop	{r4, r5, r6, pc}
      return HAL_ERROR;
 8002a12:	2001      	movs	r0, #1
 8002a14:	e7fc      	b.n	8002a10 <I2C_WaitOnBTFFlagUntilTimeout+0x58>

08002a16 <I2C_WaitOnRXNEFlagUntilTimeout>:
{
 8002a16:	b570      	push	{r4, r5, r6, lr}
 8002a18:	4604      	mov	r4, r0
 8002a1a:	460d      	mov	r5, r1
 8002a1c:	4616      	mov	r6, r2
  while (__HAL_I2C_GET_FLAG(hi2c, I2C_FLAG_RXNE) == RESET)
 8002a1e:	e014      	b.n	8002a4a <I2C_WaitOnRXNEFlagUntilTimeout+0x34>
      __HAL_I2C_CLEAR_FLAG(hi2c, I2C_FLAG_STOPF);
 8002a20:	f06f 0210 	mvn.w	r2, #16
 8002a24:	615a      	str	r2, [r3, #20]
      hi2c->PreviousState       = I2C_STATE_NONE;
 8002a26:	2300      	movs	r3, #0
 8002a28:	6323      	str	r3, [r4, #48]	@ 0x30
      hi2c->State               = HAL_I2C_STATE_READY;
 8002a2a:	2220      	movs	r2, #32
 8002a2c:	f884 203d 	strb.w	r2, [r4, #61]	@ 0x3d
      hi2c->Mode                = HAL_I2C_MODE_NONE;
 8002a30:	f884 303e 	strb.w	r3, [r4, #62]	@ 0x3e
      hi2c->ErrorCode           |= HAL_I2C_ERROR_NONE;
 8002a34:	6c22      	ldr	r2, [r4, #64]	@ 0x40
 8002a36:	6422      	str	r2, [r4, #64]	@ 0x40
      __HAL_UNLOCK(hi2c);
 8002a38:	f884 303c 	strb.w	r3, [r4, #60]	@ 0x3c
      return HAL_ERROR;
 8002a3c:	2001      	movs	r0, #1
 8002a3e:	e025      	b.n	8002a8c <I2C_WaitOnRXNEFlagUntilTimeout+0x76>
      if ((__HAL_I2C_GET_FLAG(hi2c, I2C_FLAG_RXNE) == RESET))
 8002a40:	6823      	ldr	r3, [r4, #0]
 8002a42:	695b      	ldr	r3, [r3, #20]
 8002a44:	f013 0f40 	tst.w	r3, #64	@ 0x40
 8002a48:	d010      	beq.n	8002a6c <I2C_WaitOnRXNEFlagUntilTimeout+0x56>
  while (__HAL_I2C_GET_FLAG(hi2c, I2C_FLAG_RXNE) == RESET)
 8002a4a:	6823      	ldr	r3, [r4, #0]
 8002a4c:	6958      	ldr	r0, [r3, #20]
 8002a4e:	f010 0f40 	tst.w	r0, #64	@ 0x40
 8002a52:	d11a      	bne.n	8002a8a <I2C_WaitOnRXNEFlagUntilTimeout+0x74>
    if (__HAL_I2C_GET_FLAG(hi2c, I2C_FLAG_STOPF) == SET)
 8002a54:	6958      	ldr	r0, [r3, #20]
 8002a56:	f010 0f10 	tst.w	r0, #16
 8002a5a:	d1e1      	bne.n	8002a20 <I2C_WaitOnRXNEFlagUntilTimeout+0xa>
    if (((HAL_GetTick() - Tickstart) > Timeout) || (Timeout == 0U))
 8002a5c:	f7ff f846 	bl	8001aec <HAL_GetTick>
 8002a60:	1b80      	subs	r0, r0, r6
 8002a62:	42a8      	cmp	r0, r5
 8002a64:	d8ec      	bhi.n	8002a40 <I2C_WaitOnRXNEFlagUntilTimeout+0x2a>
 8002a66:	2d00      	cmp	r5, #0
 8002a68:	d1ef      	bne.n	8002a4a <I2C_WaitOnRXNEFlagUntilTimeout+0x34>
 8002a6a:	e7e9      	b.n	8002a40 <I2C_WaitOnRXNEFlagUntilTimeout+0x2a>
        hi2c->PreviousState       = I2C_STATE_NONE;
 8002a6c:	2300      	movs	r3, #0
 8002a6e:	6323      	str	r3, [r4, #48]	@ 0x30
        hi2c->State               = HAL_I2C_STATE_READY;
 8002a70:	2220      	movs	r2, #32
 8002a72:	f884 203d 	strb.w	r2, [r4, #61]	@ 0x3d
        hi2c->Mode                = HAL_I2C_MODE_NONE;
 8002a76:	f884 303e 	strb.w	r3, [r4, #62]	@ 0x3e
        hi2c->ErrorCode           |= HAL_I2C_ERROR_TIMEOUT;
 8002a7a:	6c22      	ldr	r2, [r4, #64]	@ 0x40
 8002a7c:	f042 0220 	orr.w	r2, r2, #32
 8002a80:	6422      	str	r2, [r4, #64]	@ 0x40
        __HAL_UNLOCK(hi2c);
 8002a82:	f884 303c 	strb.w	r3, [r4, #60]	@ 0x3c
        return HAL_ERROR;
 8002a86:	2001      	movs	r0, #1
 8002a88:	e000      	b.n	8002a8c <I2C_WaitOnRXNEFlagUntilTimeout+0x76>
  return HAL_OK;
 8002a8a:	2000      	movs	r0, #0
}
 8002a8c:	bd70      	pop	{r4, r5, r6, pc}
	...

08002a90 <HAL_I2C_Init>:
  if (hi2c == NULL)
 8002a90:	2800      	cmp	r0, #0
 8002a92:	f000 80cc 	beq.w	8002c2e <HAL_I2C_Init+0x19e>
{
 8002a96:	b570      	push	{r4, r5, r6, lr}
 8002a98:	4604      	mov	r4, r0
  if (hi2c->State == HAL_I2C_STATE_RESET)
 8002a9a:	f890 303d 	ldrb.w	r3, [r0, #61]	@ 0x3d
 8002a9e:	2b00      	cmp	r3, #0
 8002aa0:	d077      	beq.n	8002b92 <HAL_I2C_Init+0x102>
  hi2c->State = HAL_I2C_STATE_BUSY;
 8002aa2:	2324      	movs	r3, #36	@ 0x24
 8002aa4:	f884 303d 	strb.w	r3, [r4, #61]	@ 0x3d
  __HAL_I2C_DISABLE(hi2c);
 8002aa8:	6822      	ldr	r2, [r4, #0]
 8002aaa:	6813      	ldr	r3, [r2, #0]
 8002aac:	f023 0301 	bic.w	r3, r3, #1
 8002ab0:	6013      	str	r3, [r2, #0]
  hi2c->Instance->CR1 |= I2C_CR1_SWRST;
 8002ab2:	6822      	ldr	r2, [r4, #0]
 8002ab4:	6813      	ldr	r3, [r2, #0]
 8002ab6:	f443 4300 	orr.w	r3, r3, #32768	@ 0x8000
 8002aba:	6013      	str	r3, [r2, #0]
  hi2c->Instance->CR1 &= ~I2C_CR1_SWRST;
 8002abc:	6822      	ldr	r2, [r4, #0]
 8002abe:	6813      	ldr	r3, [r2, #0]
 8002ac0:	f423 4300 	bic.w	r3, r3, #32768	@ 0x8000
 8002ac4:	6013      	str	r3, [r2, #0]
  pclk1 = HAL_RCC_GetPCLK1Freq();
 8002ac6:	f002 f81d 	bl	8004b04 <HAL_RCC_GetPCLK1Freq>
  if (I2C_MIN_PCLK_FREQ(pclk1, hi2c->Init.ClockSpeed) == 1U)
 8002aca:	6862      	ldr	r2, [r4, #4]
 8002acc:	4b5a      	ldr	r3, [pc, #360]	@ (8002c38 <HAL_I2C_Init+0x1a8>)
 8002ace:	429a      	cmp	r2, r3
 8002ad0:	d864      	bhi.n	8002b9c <HAL_I2C_Init+0x10c>
 8002ad2:	4b5a      	ldr	r3, [pc, #360]	@ (8002c3c <HAL_I2C_Init+0x1ac>)
 8002ad4:	4298      	cmp	r0, r3
 8002ad6:	bf8c      	ite	hi
 8002ad8:	2300      	movhi	r3, #0
 8002ada:	2301      	movls	r3, #1
 8002adc:	2b00      	cmp	r3, #0
 8002ade:	f040 80a8 	bne.w	8002c32 <HAL_I2C_Init+0x1a2>
  freqrange = I2C_FREQRANGE(pclk1);
 8002ae2:	4957      	ldr	r1, [pc, #348]	@ (8002c40 <HAL_I2C_Init+0x1b0>)
 8002ae4:	fba1 3100 	umull	r3, r1, r1, r0
 8002ae8:	0c8b      	lsrs	r3, r1, #18
  MODIFY_REG(hi2c->Instance->CR2, I2C_CR2_FREQ, freqrange);
 8002aea:	6825      	ldr	r5, [r4, #0]
 8002aec:	686a      	ldr	r2, [r5, #4]
 8002aee:	f022 023f 	bic.w	r2, r2, #63	@ 0x3f
 8002af2:	ea42 4291 	orr.w	r2, r2, r1, lsr #18
 8002af6:	606a      	str	r2, [r5, #4]
  MODIFY_REG(hi2c->Instance->TRISE, I2C_TRISE_TRISE, I2C_RISE_TIME(freqrange, hi2c->Init.ClockSpeed));
 8002af8:	6821      	ldr	r1, [r4, #0]
 8002afa:	6a0a      	ldr	r2, [r1, #32]
 8002afc:	f022 023f 	bic.w	r2, r2, #63	@ 0x3f
 8002b00:	6866      	ldr	r6, [r4, #4]
 8002b02:	4d4d      	ldr	r5, [pc, #308]	@ (8002c38 <HAL_I2C_Init+0x1a8>)
 8002b04:	42ae      	cmp	r6, r5
 8002b06:	d84f      	bhi.n	8002ba8 <HAL_I2C_Init+0x118>
 8002b08:	3301      	adds	r3, #1
 8002b0a:	4313      	orrs	r3, r2
 8002b0c:	620b      	str	r3, [r1, #32]
  MODIFY_REG(hi2c->Instance->CCR, (I2C_CCR_FS | I2C_CCR_DUTY | I2C_CCR_CCR), I2C_SPEED(pclk1, hi2c->Init.ClockSpeed, hi2c->Init.DutyCycle));
 8002b0e:	6821      	ldr	r1, [r4, #0]
 8002b10:	69ca      	ldr	r2, [r1, #28]
 8002b12:	f422 424f 	bic.w	r2, r2, #52992	@ 0xcf00
 8002b16:	f022 02ff 	bic.w	r2, r2, #255	@ 0xff
 8002b1a:	6865      	ldr	r5, [r4, #4]
 8002b1c:	4b46      	ldr	r3, [pc, #280]	@ (8002c38 <HAL_I2C_Init+0x1a8>)
 8002b1e:	429d      	cmp	r5, r3
 8002b20:	d84c      	bhi.n	8002bbc <HAL_I2C_Init+0x12c>
 8002b22:	1e43      	subs	r3, r0, #1
 8002b24:	006d      	lsls	r5, r5, #1
 8002b26:	fbb3 f3f5 	udiv	r3, r3, r5
 8002b2a:	3301      	adds	r3, #1
 8002b2c:	f640 70fc 	movw	r0, #4092	@ 0xffc
 8002b30:	4203      	tst	r3, r0
 8002b32:	d078      	beq.n	8002c26 <HAL_I2C_Init+0x196>
 8002b34:	f3c3 030b 	ubfx	r3, r3, #0, #12
 8002b38:	431a      	orrs	r2, r3
 8002b3a:	61ca      	str	r2, [r1, #28]
  MODIFY_REG(hi2c->Instance->CR1, (I2C_CR1_ENGC | I2C_CR1_NOSTRETCH), (hi2c->Init.GeneralCallMode | hi2c->Init.NoStretchMode));
 8002b3c:	6821      	ldr	r1, [r4, #0]
 8002b3e:	680b      	ldr	r3, [r1, #0]
 8002b40:	f023 03c0 	bic.w	r3, r3, #192	@ 0xc0
 8002b44:	69e2      	ldr	r2, [r4, #28]
 8002b46:	6a20      	ldr	r0, [r4, #32]
 8002b48:	4302      	orrs	r2, r0
 8002b4a:	4313      	orrs	r3, r2
 8002b4c:	600b      	str	r3, [r1, #0]
  MODIFY_REG(hi2c->Instance->OAR1, (I2C_OAR1_ADDMODE | I2C_OAR1_ADD8_9 | I2C_OAR1_ADD1_7 | I2C_OAR1_ADD0), (hi2c->Init.AddressingMode | hi2c->Init.OwnAddress1));
 8002b4e:	6821      	ldr	r1, [r4, #0]
 8002b50:	688b      	ldr	r3, [r1, #8]
 8002b52:	f423 4303 	bic.w	r3, r3, #33536	@ 0x8300
 8002b56:	f023 03ff 	bic.w	r3, r3, #255	@ 0xff
 8002b5a:	6922      	ldr	r2, [r4, #16]
 8002b5c:	68e0      	ldr	r0, [r4, #12]
 8002b5e:	4302      	orrs	r2, r0
 8002b60:	4313      	orrs	r3, r2
 8002b62:	608b      	str	r3, [r1, #8]
  MODIFY_REG(hi2c->Instance->OAR2, (I2C_OAR2_ENDUAL | I2C_OAR2_ADD2), (hi2c->Init.DualAddressMode | hi2c->Init.OwnAddress2));
 8002b64:	6821      	ldr	r1, [r4, #0]
 8002b66:	68cb      	ldr	r3, [r1, #12]
 8002b68:	f023 03ff 	bic.w	r3, r3, #255	@ 0xff
 8002b6c:	6962      	ldr	r2, [r4, #20]
 8002b6e:	69a0      	ldr	r0, [r4, #24]
 8002b70:	4302      	orrs	r2, r0
 8002b72:	4313      	orrs	r3, r2
 8002b74:	60cb      	str	r3, [r1, #12]
  __HAL_I2C_ENABLE(hi2c);
 8002b76:	6822      	ldr	r2, [r4, #0]
 8002b78:	6813      	ldr	r3, [r2, #0]
 8002b7a:	f043 0301 	orr.w	r3, r3, #1
 8002b7e:	6013      	str	r3, [r2, #0]
  hi2c->ErrorCode = HAL_I2C_ERROR_NONE;
 8002b80:	2000      	movs	r0, #0
 8002b82:	6420      	str	r0, [r4, #64]	@ 0x40
  hi2c->State = HAL_I2C_STATE_READY;
 8002b84:	2320      	movs	r3, #32
 8002b86:	f884 303d 	strb.w	r3, [r4, #61]	@ 0x3d
  hi2c->PreviousState = I2C_STATE_NONE;
 8002b8a:	6320      	str	r0, [r4, #48]	@ 0x30
  hi2c->Mode = HAL_I2C_MODE_NONE;
 8002b8c:	f884 003e 	strb.w	r0, [r4, #62]	@ 0x3e
}
 8002b90:	bd70      	pop	{r4, r5, r6, pc}
    hi2c->Lock = HAL_UNLOCKED;
 8002b92:	f880 303c 	strb.w	r3, [r0, #60]	@ 0x3c
    HAL_I2C_MspInit(hi2c);
 8002b96:	f000 fbb3 	bl	8003300 <HAL_I2C_MspInit>
 8002b9a:	e782      	b.n	8002aa2 <HAL_I2C_Init+0x12>
  if (I2C_MIN_PCLK_FREQ(pclk1, hi2c->Init.ClockSpeed) == 1U)
 8002b9c:	4b29      	ldr	r3, [pc, #164]	@ (8002c44 <HAL_I2C_Init+0x1b4>)
 8002b9e:	4298      	cmp	r0, r3
 8002ba0:	bf8c      	ite	hi
 8002ba2:	2300      	movhi	r3, #0
 8002ba4:	2301      	movls	r3, #1
 8002ba6:	e799      	b.n	8002adc <HAL_I2C_Init+0x4c>
  MODIFY_REG(hi2c->Instance->TRISE, I2C_TRISE_TRISE, I2C_RISE_TIME(freqrange, hi2c->Init.ClockSpeed));
 8002ba8:	f44f 7596 	mov.w	r5, #300	@ 0x12c
 8002bac:	fb05 f303 	mul.w	r3, r5, r3
 8002bb0:	4d25      	ldr	r5, [pc, #148]	@ (8002c48 <HAL_I2C_Init+0x1b8>)
 8002bb2:	fba5 5303 	umull	r5, r3, r5, r3
 8002bb6:	099b      	lsrs	r3, r3, #6
 8002bb8:	3301      	adds	r3, #1
 8002bba:	e7a6      	b.n	8002b0a <HAL_I2C_Init+0x7a>
  MODIFY_REG(hi2c->Instance->CCR, (I2C_CCR_FS | I2C_CCR_DUTY | I2C_CCR_CCR), I2C_SPEED(pclk1, hi2c->Init.ClockSpeed, hi2c->Init.DutyCycle));
 8002bbc:	68a6      	ldr	r6, [r4, #8]
 8002bbe:	b9be      	cbnz	r6, 8002bf0 <HAL_I2C_Init+0x160>
 8002bc0:	1e43      	subs	r3, r0, #1
 8002bc2:	eb05 0c45 	add.w	ip, r5, r5, lsl #1
 8002bc6:	fbb3 f3fc 	udiv	r3, r3, ip
 8002bca:	3301      	adds	r3, #1
 8002bcc:	f3c3 030b 	ubfx	r3, r3, #0, #12
 8002bd0:	fab3 f383 	clz	r3, r3
 8002bd4:	095b      	lsrs	r3, r3, #5
 8002bd6:	bb43      	cbnz	r3, 8002c2a <HAL_I2C_Init+0x19a>
 8002bd8:	b9c6      	cbnz	r6, 8002c0c <HAL_I2C_Init+0x17c>
 8002bda:	1e43      	subs	r3, r0, #1
 8002bdc:	eb05 0545 	add.w	r5, r5, r5, lsl #1
 8002be0:	fbb3 f3f5 	udiv	r3, r3, r5
 8002be4:	3301      	adds	r3, #1
 8002be6:	f3c3 030b 	ubfx	r3, r3, #0, #12
 8002bea:	f443 4300 	orr.w	r3, r3, #32768	@ 0x8000
 8002bee:	e7a3      	b.n	8002b38 <HAL_I2C_Init+0xa8>
 8002bf0:	1e43      	subs	r3, r0, #1
 8002bf2:	eb05 0c85 	add.w	ip, r5, r5, lsl #2
 8002bf6:	eb0c 0c8c 	add.w	ip, ip, ip, lsl #2
 8002bfa:	fbb3 f3fc 	udiv	r3, r3, ip
 8002bfe:	3301      	adds	r3, #1
 8002c00:	f3c3 030b 	ubfx	r3, r3, #0, #12
 8002c04:	fab3 f383 	clz	r3, r3
 8002c08:	095b      	lsrs	r3, r3, #5
 8002c0a:	e7e4      	b.n	8002bd6 <HAL_I2C_Init+0x146>
 8002c0c:	1e43      	subs	r3, r0, #1
 8002c0e:	eb05 0585 	add.w	r5, r5, r5, lsl #2
 8002c12:	eb05 0585 	add.w	r5, r5, r5, lsl #2
 8002c16:	fbb3 f3f5 	udiv	r3, r3, r5
 8002c1a:	3301      	adds	r3, #1
 8002c1c:	f3c3 030b 	ubfx	r3, r3, #0, #12
 8002c20:	f443 4340 	orr.w	r3, r3, #49152	@ 0xc000
 8002c24:	e788      	b.n	8002b38 <HAL_I2C_Init+0xa8>
 8002c26:	2304      	movs	r3, #4
 8002c28:	e786      	b.n	8002b38 <HAL_I2C_Init+0xa8>
 8002c2a:	2301      	movs	r3, #1
 8002c2c:	e784      	b.n	8002b38 <HAL_I2C_Init+0xa8>
    return HAL_ERROR;
 8002c2e:	2001      	movs	r0, #1
}
 8002c30:	4770      	bx	lr
    return HAL_ERROR;
 8002c32:	2001      	movs	r0, #1
 8002c34:	e7ac      	b.n	8002b90 <HAL_I2C_Init+0x100>
 8002c36:	bf00      	nop
 8002c38:	000186a0 	.word	0x000186a0
 8002c3c:	001e847f 	.word	0x001e847f
 8002c40:	431bde83 	.word	0x431bde83
 8002c44:	003d08ff 	.word	0x003d08ff
 8002c48:	10624dd3 	.word	0x10624dd3

08002c4c <HAL_I2C_Mem_Write>:
{
 8002c4c:	e92d 43f0 	stmdb	sp!, {r4, r5, r6, r7, r8, r9, lr}
 8002c50:	b083      	sub	sp, #12
 8002c52:	4604      	mov	r4, r0
 8002c54:	460f      	mov	r7, r1
 8002c56:	4690      	mov	r8, r2
 8002c58:	4699      	mov	r9, r3
 8002c5a:	9e0c      	ldr	r6, [sp, #48]	@ 0x30
  uint32_t tickstart = HAL_GetTick();
 8002c5c:	f7fe ff46 	bl	8001aec <HAL_GetTick>
  if (hi2c->State == HAL_I2C_STATE_READY)
 8002c60:	f894 203d 	ldrb.w	r2, [r4, #61]	@ 0x3d
 8002c64:	2a20      	cmp	r2, #32
 8002c66:	d003      	beq.n	8002c70 <HAL_I2C_Mem_Write+0x24>
    return HAL_BUSY;
 8002c68:	2002      	movs	r0, #2
}
 8002c6a:	b003      	add	sp, #12
 8002c6c:	e8bd 83f0 	ldmia.w	sp!, {r4, r5, r6, r7, r8, r9, pc}
 8002c70:	4605      	mov	r5, r0
    if (I2C_WaitOnFlagUntilTimeout(hi2c, I2C_FLAG_BUSY, SET, I2C_TIMEOUT_BUSY_FLAG, tickstart) != HAL_OK)
 8002c72:	9000      	str	r0, [sp, #0]
 8002c74:	2319      	movs	r3, #25
 8002c76:	2201      	movs	r2, #1
 8002c78:	494a      	ldr	r1, [pc, #296]	@ (8002da4 <HAL_I2C_Mem_Write+0x158>)
 8002c7a:	4620      	mov	r0, r4
 8002c7c:	f7ff fc97 	bl	80025ae <I2C_WaitOnFlagUntilTimeout>
 8002c80:	2800      	cmp	r0, #0
 8002c82:	f040 8089 	bne.w	8002d98 <HAL_I2C_Mem_Write+0x14c>
    __HAL_LOCK(hi2c);
 8002c86:	f894 303c 	ldrb.w	r3, [r4, #60]	@ 0x3c
 8002c8a:	2b01      	cmp	r3, #1
 8002c8c:	f000 8086 	beq.w	8002d9c <HAL_I2C_Mem_Write+0x150>
 8002c90:	2301      	movs	r3, #1
 8002c92:	f884 303c 	strb.w	r3, [r4, #60]	@ 0x3c
    if ((hi2c->Instance->CR1 & I2C_CR1_PE) != I2C_CR1_PE)
 8002c96:	6823      	ldr	r3, [r4, #0]
 8002c98:	681a      	ldr	r2, [r3, #0]
 8002c9a:	f012 0f01 	tst.w	r2, #1
 8002c9e:	d103      	bne.n	8002ca8 <HAL_I2C_Mem_Write+0x5c>
      __HAL_I2C_ENABLE(hi2c);
 8002ca0:	681a      	ldr	r2, [r3, #0]
 8002ca2:	f042 0201 	orr.w	r2, r2, #1
 8002ca6:	601a      	str	r2, [r3, #0]
    CLEAR_BIT(hi2c->Instance->CR1, I2C_CR1_POS);
 8002ca8:	6822      	ldr	r2, [r4, #0]
 8002caa:	6813      	ldr	r3, [r2, #0]
 8002cac:	f423 6300 	bic.w	r3, r3, #2048	@ 0x800
 8002cb0:	6013      	str	r3, [r2, #0]
    hi2c->State     = HAL_I2C_STATE_BUSY_TX;
 8002cb2:	2321      	movs	r3, #33	@ 0x21
 8002cb4:	f884 303d 	strb.w	r3, [r4, #61]	@ 0x3d
    hi2c->Mode      = HAL_I2C_MODE_MEM;
 8002cb8:	2340      	movs	r3, #64	@ 0x40
 8002cba:	f884 303e 	strb.w	r3, [r4, #62]	@ 0x3e
    hi2c->ErrorCode = HAL_I2C_ERROR_NONE;
 8002cbe:	2300      	movs	r3, #0
 8002cc0:	6423      	str	r3, [r4, #64]	@ 0x40
    hi2c->pBuffPtr    = pData;
 8002cc2:	9b0a      	ldr	r3, [sp, #40]	@ 0x28
 8002cc4:	6263      	str	r3, [r4, #36]	@ 0x24
    hi2c->XferCount   = Size;
 8002cc6:	f8bd 302c 	ldrh.w	r3, [sp, #44]	@ 0x2c
 8002cca:	8563      	strh	r3, [r4, #42]	@ 0x2a
    hi2c->XferSize    = hi2c->XferCount;
 8002ccc:	8d63      	ldrh	r3, [r4, #42]	@ 0x2a
 8002cce:	8523      	strh	r3, [r4, #40]	@ 0x28
    hi2c->XferOptions = I2C_NO_OPTION_FRAME;
 8002cd0:	4b35      	ldr	r3, [pc, #212]	@ (8002da8 <HAL_I2C_Mem_Write+0x15c>)
 8002cd2:	62e3      	str	r3, [r4, #44]	@ 0x2c
    if (I2C_RequestMemoryWrite(hi2c, DevAddress, MemAddress, MemAddSize, Timeout, tickstart) != HAL_OK)
 8002cd4:	9501      	str	r5, [sp, #4]
 8002cd6:	9600      	str	r6, [sp, #0]
 8002cd8:	464b      	mov	r3, r9
 8002cda:	4642      	mov	r2, r8
 8002cdc:	4639      	mov	r1, r7
 8002cde:	4620      	mov	r0, r4
 8002ce0:	f7ff fd54 	bl	800278c <I2C_RequestMemoryWrite>
 8002ce4:	2800      	cmp	r0, #0
 8002ce6:	d15b      	bne.n	8002da0 <HAL_I2C_Mem_Write+0x154>
    while (hi2c->XferSize > 0U)
 8002ce8:	8d23      	ldrh	r3, [r4, #40]	@ 0x28
 8002cea:	2b00      	cmp	r3, #0
 8002cec:	d035      	beq.n	8002d5a <HAL_I2C_Mem_Write+0x10e>
      if (I2C_WaitOnTXEFlagUntilTimeout(hi2c, Timeout, tickstart) != HAL_OK)
 8002cee:	462a      	mov	r2, r5
 8002cf0:	4631      	mov	r1, r6
 8002cf2:	4620      	mov	r0, r4
 8002cf4:	f7ff fd1b 	bl	800272e <I2C_WaitOnTXEFlagUntilTimeout>
 8002cf8:	bb20      	cbnz	r0, 8002d44 <HAL_I2C_Mem_Write+0xf8>
      hi2c->Instance->DR = *hi2c->pBuffPtr;
 8002cfa:	6a62      	ldr	r2, [r4, #36]	@ 0x24
 8002cfc:	6823      	ldr	r3, [r4, #0]
 8002cfe:	7812      	ldrb	r2, [r2, #0]
 8002d00:	611a      	str	r2, [r3, #16]
      hi2c->pBuffPtr++;
 8002d02:	6a62      	ldr	r2, [r4, #36]	@ 0x24
 8002d04:	1c53      	adds	r3, r2, #1
 8002d06:	6263      	str	r3, [r4, #36]	@ 0x24
      hi2c->XferSize--;
 8002d08:	8d21      	ldrh	r1, [r4, #40]	@ 0x28
 8002d0a:	3901      	subs	r1, #1
 8002d0c:	b289      	uxth	r1, r1
 8002d0e:	8521      	strh	r1, [r4, #40]	@ 0x28
      hi2c->XferCount--;
 8002d10:	8d63      	ldrh	r3, [r4, #42]	@ 0x2a
 8002d12:	b29b      	uxth	r3, r3
 8002d14:	3b01      	subs	r3, #1
 8002d16:	b29b      	uxth	r3, r3
 8002d18:	8563      	strh	r3, [r4, #42]	@ 0x2a
      if ((__HAL_I2C_GET_FLAG(hi2c, I2C_FLAG_BTF) == SET) && (hi2c->XferSize != 0U))
 8002d1a:	6823      	ldr	r3, [r4, #0]
 8002d1c:	6958      	ldr	r0, [r3, #20]
 8002d1e:	f010 0f04 	tst.w	r0, #4
 8002d22:	d0e1      	beq.n	8002ce8 <HAL_I2C_Mem_Write+0x9c>
 8002d24:	2900      	cmp	r1, #0
 8002d26:	d0df      	beq.n	8002ce8 <HAL_I2C_Mem_Write+0x9c>
        hi2c->Instance->DR = *hi2c->pBuffPtr;
 8002d28:	7852      	ldrb	r2, [r2, #1]
 8002d2a:	611a      	str	r2, [r3, #16]
        hi2c->pBuffPtr++;
 8002d2c:	6a63      	ldr	r3, [r4, #36]	@ 0x24
 8002d2e:	3301      	adds	r3, #1
 8002d30:	6263      	str	r3, [r4, #36]	@ 0x24
        hi2c->XferSize--;
 8002d32:	8d23      	ldrh	r3, [r4, #40]	@ 0x28
 8002d34:	3b01      	subs	r3, #1
 8002d36:	8523      	strh	r3, [r4, #40]	@ 0x28
        hi2c->XferCount--;
 8002d38:	8d63      	ldrh	r3, [r4, #42]	@ 0x2a
 8002d3a:	b29b      	uxth	r3, r3
 8002d3c:	3b01      	subs	r3, #1
 8002d3e:	b29b      	uxth	r3, r3
 8002d40:	8563      	strh	r3, [r4, #42]	@ 0x2a
 8002d42:	e7d1      	b.n	8002ce8 <HAL_I2C_Mem_Write+0x9c>
        if (hi2c->ErrorCode == HAL_I2C_ERROR_AF)
 8002d44:	6c23      	ldr	r3, [r4, #64]	@ 0x40
 8002d46:	2b04      	cmp	r3, #4
 8002d48:	d001      	beq.n	8002d4e <HAL_I2C_Mem_Write+0x102>
        return HAL_ERROR;
 8002d4a:	2001      	movs	r0, #1
 8002d4c:	e78d      	b.n	8002c6a <HAL_I2C_Mem_Write+0x1e>
          SET_BIT(hi2c->Instance->CR1, I2C_CR1_STOP);
 8002d4e:	6822      	ldr	r2, [r4, #0]
 8002d50:	6813      	ldr	r3, [r2, #0]
 8002d52:	f443 7300 	orr.w	r3, r3, #512	@ 0x200
 8002d56:	6013      	str	r3, [r2, #0]
 8002d58:	e7f7      	b.n	8002d4a <HAL_I2C_Mem_Write+0xfe>
    if (I2C_WaitOnBTFFlagUntilTimeout(hi2c, Timeout, tickstart) != HAL_OK)
 8002d5a:	462a      	mov	r2, r5
 8002d5c:	4631      	mov	r1, r6
 8002d5e:	4620      	mov	r0, r4
 8002d60:	f7ff fe2a 	bl	80029b8 <I2C_WaitOnBTFFlagUntilTimeout>
 8002d64:	b150      	cbz	r0, 8002d7c <HAL_I2C_Mem_Write+0x130>
      if (hi2c->ErrorCode == HAL_I2C_ERROR_AF)
 8002d66:	6c23      	ldr	r3, [r4, #64]	@ 0x40
 8002d68:	2b04      	cmp	r3, #4
 8002d6a:	d001      	beq.n	8002d70 <HAL_I2C_Mem_Write+0x124>
      return HAL_ERROR;
 8002d6c:	2001      	movs	r0, #1
 8002d6e:	e77c      	b.n	8002c6a <HAL_I2C_Mem_Write+0x1e>
        SET_BIT(hi2c->Instance->CR1, I2C_CR1_STOP);
 8002d70:	6822      	ldr	r2, [r4, #0]
 8002d72:	6813      	ldr	r3, [r2, #0]
 8002d74:	f443 7300 	orr.w	r3, r3, #512	@ 0x200
 8002d78:	6013      	str	r3, [r2, #0]
 8002d7a:	e7f7      	b.n	8002d6c <HAL_I2C_Mem_Write+0x120>
    SET_BIT(hi2c->Instance->CR1, I2C_CR1_STOP);
 8002d7c:	6822      	ldr	r2, [r4, #0]
 8002d7e:	6813      	ldr	r3, [r2, #0]
 8002d80:	f443 7300 	orr.w	r3, r3, #512	@ 0x200
 8002d84:	6013      	str	r3, [r2, #0]
    hi2c->State = HAL_I2C_STATE_READY;
 8002d86:	2320      	movs	r3, #32
 8002d88:	f884 303d 	strb.w	r3, [r4, #61]	@ 0x3d
    hi2c->Mode = HAL_I2C_MODE_NONE;
 8002d8c:	2300      	movs	r3, #0
 8002d8e:	f884 303e 	strb.w	r3, [r4, #62]	@ 0x3e
    __HAL_UNLOCK(hi2c);
 8002d92:	f884 303c 	strb.w	r3, [r4, #60]	@ 0x3c
    return HAL_OK;
 8002d96:	e768      	b.n	8002c6a <HAL_I2C_Mem_Write+0x1e>
      return HAL_BUSY;
 8002d98:	2002      	movs	r0, #2
 8002d9a:	e766      	b.n	8002c6a <HAL_I2C_Mem_Write+0x1e>
    __HAL_LOCK(hi2c);
 8002d9c:	2002      	movs	r0, #2
 8002d9e:	e764      	b.n	8002c6a <HAL_I2C_Mem_Write+0x1e>
      return HAL_ERROR;
 8002da0:	2001      	movs	r0, #1
 8002da2:	e762      	b.n	8002c6a <HAL_I2C_Mem_Write+0x1e>
 8002da4:	00100002 	.word	0x00100002
 8002da8:	ffff0000 	.word	0xffff0000

08002dac <HAL_I2C_Mem_Read>:
{
 8002dac:	e92d 43f0 	stmdb	sp!, {r4, r5, r6, r7, r8, r9, lr}
 8002db0:	b087      	sub	sp, #28
 8002db2:	4604      	mov	r4, r0
 8002db4:	460f      	mov	r7, r1
 8002db6:	4690      	mov	r8, r2
 8002db8:	4699      	mov	r9, r3
 8002dba:	9e10      	ldr	r6, [sp, #64]	@ 0x40
  uint32_t tickstart = HAL_GetTick();
 8002dbc:	f7fe fe96 	bl	8001aec <HAL_GetTick>
  if (hi2c->State == HAL_I2C_STATE_READY)
 8002dc0:	f894 203d 	ldrb.w	r2, [r4, #61]	@ 0x3d
 8002dc4:	2a20      	cmp	r2, #32
 8002dc6:	d004      	beq.n	8002dd2 <HAL_I2C_Mem_Read+0x26>
    return HAL_BUSY;
 8002dc8:	2702      	movs	r7, #2
}
 8002dca:	4638      	mov	r0, r7
 8002dcc:	b007      	add	sp, #28
 8002dce:	e8bd 83f0 	ldmia.w	sp!, {r4, r5, r6, r7, r8, r9, pc}
 8002dd2:	4605      	mov	r5, r0
    if (I2C_WaitOnFlagUntilTimeout(hi2c, I2C_FLAG_BUSY, SET, I2C_TIMEOUT_BUSY_FLAG, tickstart) != HAL_OK)
 8002dd4:	9000      	str	r0, [sp, #0]
 8002dd6:	2319      	movs	r3, #25
 8002dd8:	2201      	movs	r2, #1
 8002dda:	4989      	ldr	r1, [pc, #548]	@ (8003000 <HAL_I2C_Mem_Read+0x254>)
 8002ddc:	4620      	mov	r0, r4
 8002dde:	f7ff fbe6 	bl	80025ae <I2C_WaitOnFlagUntilTimeout>
 8002de2:	2800      	cmp	r0, #0
 8002de4:	f040 814e 	bne.w	8003084 <HAL_I2C_Mem_Read+0x2d8>
    __HAL_LOCK(hi2c);
 8002de8:	f894 303c 	ldrb.w	r3, [r4, #60]	@ 0x3c
 8002dec:	2b01      	cmp	r3, #1
 8002dee:	f000 814b 	beq.w	8003088 <HAL_I2C_Mem_Read+0x2dc>
 8002df2:	2301      	movs	r3, #1
 8002df4:	f884 303c 	strb.w	r3, [r4, #60]	@ 0x3c
    if ((hi2c->Instance->CR1 & I2C_CR1_PE) != I2C_CR1_PE)
 8002df8:	6823      	ldr	r3, [r4, #0]
 8002dfa:	681a      	ldr	r2, [r3, #0]
 8002dfc:	f012 0f01 	tst.w	r2, #1
 8002e00:	d103      	bne.n	8002e0a <HAL_I2C_Mem_Read+0x5e>
      __HAL_I2C_ENABLE(hi2c);
 8002e02:	681a      	ldr	r2, [r3, #0]
 8002e04:	f042 0201 	orr.w	r2, r2, #1
 8002e08:	601a      	str	r2, [r3, #0]
    CLEAR_BIT(hi2c->Instance->CR1, I2C_CR1_POS);
 8002e0a:	6822      	ldr	r2, [r4, #0]
 8002e0c:	6813      	ldr	r3, [r2, #0]
 8002e0e:	f423 6300 	bic.w	r3, r3, #2048	@ 0x800
 8002e12:	6013      	str	r3, [r2, #0]
    hi2c->State     = HAL_I2C_STATE_BUSY_RX;
 8002e14:	2322      	movs	r3, #34	@ 0x22
 8002e16:	f884 303d 	strb.w	r3, [r4, #61]	@ 0x3d
    hi2c->Mode      = HAL_I2C_MODE_MEM;
 8002e1a:	2340      	movs	r3, #64	@ 0x40
 8002e1c:	f884 303e 	strb.w	r3, [r4, #62]	@ 0x3e
    hi2c->ErrorCode = HAL_I2C_ERROR_NONE;
 8002e20:	2300      	movs	r3, #0
 8002e22:	6423      	str	r3, [r4, #64]	@ 0x40
    hi2c->pBuffPtr    = pData;
 8002e24:	9b0e      	ldr	r3, [sp, #56]	@ 0x38
 8002e26:	6263      	str	r3, [r4, #36]	@ 0x24
    hi2c->XferCount   = Size;
 8002e28:	f8bd 303c 	ldrh.w	r3, [sp, #60]	@ 0x3c
 8002e2c:	8563      	strh	r3, [r4, #42]	@ 0x2a
    hi2c->XferSize    = hi2c->XferCount;
 8002e2e:	8d63      	ldrh	r3, [r4, #42]	@ 0x2a
 8002e30:	8523      	strh	r3, [r4, #40]	@ 0x28
    hi2c->XferOptions = I2C_NO_OPTION_FRAME;
 8002e32:	4b74      	ldr	r3, [pc, #464]	@ (8003004 <HAL_I2C_Mem_Read+0x258>)
 8002e34:	62e3      	str	r3, [r4, #44]	@ 0x2c
    if (I2C_RequestMemoryRead(hi2c, DevAddress, MemAddress, MemAddSize, Timeout, tickstart) != HAL_OK)
 8002e36:	9501      	str	r5, [sp, #4]
 8002e38:	9600      	str	r6, [sp, #0]
 8002e3a:	464b      	mov	r3, r9
 8002e3c:	4642      	mov	r2, r8
 8002e3e:	4639      	mov	r1, r7
 8002e40:	4620      	mov	r0, r4
 8002e42:	f7ff fd0f 	bl	8002864 <I2C_RequestMemoryRead>
 8002e46:	4607      	mov	r7, r0
 8002e48:	2800      	cmp	r0, #0
 8002e4a:	f040 811f 	bne.w	800308c <HAL_I2C_Mem_Read+0x2e0>
    if (hi2c->XferSize == 0U)
 8002e4e:	8d23      	ldrh	r3, [r4, #40]	@ 0x28
 8002e50:	b95b      	cbnz	r3, 8002e6a <HAL_I2C_Mem_Read+0xbe>
      __HAL_I2C_CLEAR_ADDRFLAG(hi2c);
 8002e52:	9302      	str	r3, [sp, #8]
 8002e54:	6823      	ldr	r3, [r4, #0]
 8002e56:	695a      	ldr	r2, [r3, #20]
 8002e58:	9202      	str	r2, [sp, #8]
 8002e5a:	699a      	ldr	r2, [r3, #24]
 8002e5c:	9202      	str	r2, [sp, #8]
 8002e5e:	9a02      	ldr	r2, [sp, #8]
      SET_BIT(hi2c->Instance->CR1, I2C_CR1_STOP);
 8002e60:	681a      	ldr	r2, [r3, #0]
 8002e62:	f442 7200 	orr.w	r2, r2, #512	@ 0x200
 8002e66:	601a      	str	r2, [r3, #0]
 8002e68:	e075      	b.n	8002f56 <HAL_I2C_Mem_Read+0x1aa>
    else if (hi2c->XferSize == 1U)
 8002e6a:	2b01      	cmp	r3, #1
 8002e6c:	d00a      	beq.n	8002e84 <HAL_I2C_Mem_Read+0xd8>
    else if (hi2c->XferSize == 2U)
 8002e6e:	2b02      	cmp	r3, #2
 8002e70:	d01a      	beq.n	8002ea8 <HAL_I2C_Mem_Read+0xfc>
      __HAL_I2C_CLEAR_ADDRFLAG(hi2c);
 8002e72:	2300      	movs	r3, #0
 8002e74:	9305      	str	r3, [sp, #20]
 8002e76:	6823      	ldr	r3, [r4, #0]
 8002e78:	695a      	ldr	r2, [r3, #20]
 8002e7a:	9205      	str	r2, [sp, #20]
 8002e7c:	699b      	ldr	r3, [r3, #24]
 8002e7e:	9305      	str	r3, [sp, #20]
 8002e80:	9b05      	ldr	r3, [sp, #20]
 8002e82:	e068      	b.n	8002f56 <HAL_I2C_Mem_Read+0x1aa>
      CLEAR_BIT(hi2c->Instance->CR1, I2C_CR1_ACK);
 8002e84:	6822      	ldr	r2, [r4, #0]
 8002e86:	6813      	ldr	r3, [r2, #0]
 8002e88:	f423 6380 	bic.w	r3, r3, #1024	@ 0x400
 8002e8c:	6013      	str	r3, [r2, #0]
      __HAL_I2C_CLEAR_ADDRFLAG(hi2c);
 8002e8e:	2300      	movs	r3, #0
 8002e90:	9303      	str	r3, [sp, #12]
 8002e92:	6823      	ldr	r3, [r4, #0]
 8002e94:	695a      	ldr	r2, [r3, #20]
 8002e96:	9203      	str	r2, [sp, #12]
 8002e98:	699a      	ldr	r2, [r3, #24]
 8002e9a:	9203      	str	r2, [sp, #12]
 8002e9c:	9a03      	ldr	r2, [sp, #12]
      SET_BIT(hi2c->Instance->CR1, I2C_CR1_STOP);
 8002e9e:	681a      	ldr	r2, [r3, #0]
 8002ea0:	f442 7200 	orr.w	r2, r2, #512	@ 0x200
 8002ea4:	601a      	str	r2, [r3, #0]
 8002ea6:	e056      	b.n	8002f56 <HAL_I2C_Mem_Read+0x1aa>
      CLEAR_BIT(hi2c->Instance->CR1, I2C_CR1_ACK);
 8002ea8:	6822      	ldr	r2, [r4, #0]
 8002eaa:	6813      	ldr	r3, [r2, #0]
 8002eac:	f423 6380 	bic.w	r3, r3, #1024	@ 0x400
 8002eb0:	6013      	str	r3, [r2, #0]
      SET_BIT(hi2c->Instance->CR1, I2C_CR1_POS);
 8002eb2:	6822      	ldr	r2, [r4, #0]
 8002eb4:	6813      	ldr	r3, [r2, #0]
 8002eb6:	f443 6300 	orr.w	r3, r3, #2048	@ 0x800
 8002eba:	6013      	str	r3, [r2, #0]
      __HAL_I2C_CLEAR_ADDRFLAG(hi2c);
 8002ebc:	2300      	movs	r3, #0
 8002ebe:	9304      	str	r3, [sp, #16]
 8002ec0:	6823      	ldr	r3, [r4, #0]
 8002ec2:	695a      	ldr	r2, [r3, #20]
 8002ec4:	9204      	str	r2, [sp, #16]
 8002ec6:	699b      	ldr	r3, [r3, #24]
 8002ec8:	9304      	str	r3, [sp, #16]
 8002eca:	9b04      	ldr	r3, [sp, #16]
 8002ecc:	e043      	b.n	8002f56 <HAL_I2C_Mem_Read+0x1aa>
          if (I2C_WaitOnRXNEFlagUntilTimeout(hi2c, Timeout, tickstart) != HAL_OK)
 8002ece:	462a      	mov	r2, r5
 8002ed0:	4631      	mov	r1, r6
 8002ed2:	4620      	mov	r0, r4
 8002ed4:	f7ff fd9f 	bl	8002a16 <I2C_WaitOnRXNEFlagUntilTimeout>
 8002ed8:	2800      	cmp	r0, #0
 8002eda:	f040 80d9 	bne.w	8003090 <HAL_I2C_Mem_Read+0x2e4>
          *hi2c->pBuffPtr = (uint8_t)hi2c->Instance->DR;
 8002ede:	6823      	ldr	r3, [r4, #0]
 8002ee0:	691a      	ldr	r2, [r3, #16]
 8002ee2:	6a63      	ldr	r3, [r4, #36]	@ 0x24
 8002ee4:	701a      	strb	r2, [r3, #0]
          hi2c->pBuffPtr++;
 8002ee6:	6a63      	ldr	r3, [r4, #36]	@ 0x24
 8002ee8:	3301      	adds	r3, #1
 8002eea:	6263      	str	r3, [r4, #36]	@ 0x24
          hi2c->XferSize--;
 8002eec:	8d23      	ldrh	r3, [r4, #40]	@ 0x28
 8002eee:	3b01      	subs	r3, #1
 8002ef0:	8523      	strh	r3, [r4, #40]	@ 0x28
          hi2c->XferCount--;
 8002ef2:	8d63      	ldrh	r3, [r4, #42]	@ 0x2a
 8002ef4:	b29b      	uxth	r3, r3
 8002ef6:	3b01      	subs	r3, #1
 8002ef8:	b29b      	uxth	r3, r3
 8002efa:	8563      	strh	r3, [r4, #42]	@ 0x2a
 8002efc:	e02b      	b.n	8002f56 <HAL_I2C_Mem_Read+0x1aa>
          if (I2C_WaitOnFlagUntilTimeout(hi2c, I2C_FLAG_BTF, RESET, Timeout, tickstart) != HAL_OK)
 8002efe:	9500      	str	r5, [sp, #0]
 8002f00:	4633      	mov	r3, r6
 8002f02:	2200      	movs	r2, #0
 8002f04:	4940      	ldr	r1, [pc, #256]	@ (8003008 <HAL_I2C_Mem_Read+0x25c>)
 8002f06:	4620      	mov	r0, r4
 8002f08:	f7ff fb51 	bl	80025ae <I2C_WaitOnFlagUntilTimeout>
 8002f0c:	2800      	cmp	r0, #0
 8002f0e:	f040 80c1 	bne.w	8003094 <HAL_I2C_Mem_Read+0x2e8>
          SET_BIT(hi2c->Instance->CR1, I2C_CR1_STOP);
 8002f12:	6822      	ldr	r2, [r4, #0]
 8002f14:	6813      	ldr	r3, [r2, #0]
 8002f16:	f443 7300 	orr.w	r3, r3, #512	@ 0x200
 8002f1a:	6013      	str	r3, [r2, #0]
          *hi2c->pBuffPtr = (uint8_t)hi2c->Instance->DR;
 8002f1c:	6823      	ldr	r3, [r4, #0]
 8002f1e:	691a      	ldr	r2, [r3, #16]
 8002f20:	6a63      	ldr	r3, [r4, #36]	@ 0x24
 8002f22:	701a      	strb	r2, [r3, #0]
          hi2c->pBuffPtr++;
 8002f24:	6a62      	ldr	r2, [r4, #36]	@ 0x24
 8002f26:	1c53      	adds	r3, r2, #1
 8002f28:	6263      	str	r3, [r4, #36]	@ 0x24
          hi2c->XferSize--;
 8002f2a:	8d23      	ldrh	r3, [r4, #40]	@ 0x28
 8002f2c:	3b01      	subs	r3, #1
 8002f2e:	8523      	strh	r3, [r4, #40]	@ 0x28
          hi2c->XferCount--;
 8002f30:	8d63      	ldrh	r3, [r4, #42]	@ 0x2a
 8002f32:	b29b      	uxth	r3, r3
 8002f34:	3b01      	subs	r3, #1
 8002f36:	b29b      	uxth	r3, r3
 8002f38:	8563      	strh	r3, [r4, #42]	@ 0x2a
          *hi2c->pBuffPtr = (uint8_t)hi2c->Instance->DR;
 8002f3a:	6823      	ldr	r3, [r4, #0]
 8002f3c:	691b      	ldr	r3, [r3, #16]
 8002f3e:	7053      	strb	r3, [r2, #1]
          hi2c->pBuffPtr++;
 8002f40:	6a63      	ldr	r3, [r4, #36]	@ 0x24
 8002f42:	3301      	adds	r3, #1
 8002f44:	6263      	str	r3, [r4, #36]	@ 0x24
          hi2c->XferSize--;
 8002f46:	8d23      	ldrh	r3, [r4, #40]	@ 0x28
 8002f48:	3b01      	subs	r3, #1
 8002f4a:	8523      	strh	r3, [r4, #40]	@ 0x28
          hi2c->XferCount--;
 8002f4c:	8d63      	ldrh	r3, [r4, #42]	@ 0x2a
 8002f4e:	b29b      	uxth	r3, r3
 8002f50:	3b01      	subs	r3, #1
 8002f52:	b29b      	uxth	r3, r3
 8002f54:	8563      	strh	r3, [r4, #42]	@ 0x2a
    while (hi2c->XferSize > 0U)
 8002f56:	8d23      	ldrh	r3, [r4, #40]	@ 0x28
 8002f58:	2b00      	cmp	r3, #0
 8002f5a:	f000 808a 	beq.w	8003072 <HAL_I2C_Mem_Read+0x2c6>
      if (hi2c->XferSize <= 3U)
 8002f5e:	2b03      	cmp	r3, #3
 8002f60:	d854      	bhi.n	800300c <HAL_I2C_Mem_Read+0x260>
        if (hi2c->XferSize == 1U)
 8002f62:	2b01      	cmp	r3, #1
 8002f64:	d0b3      	beq.n	8002ece <HAL_I2C_Mem_Read+0x122>
        else if (hi2c->XferSize == 2U)
 8002f66:	2b02      	cmp	r3, #2
 8002f68:	d0c9      	beq.n	8002efe <HAL_I2C_Mem_Read+0x152>
          if (I2C_WaitOnFlagUntilTimeout(hi2c, I2C_FLAG_BTF, RESET, Timeout, tickstart) != HAL_OK)
 8002f6a:	9500      	str	r5, [sp, #0]
 8002f6c:	4633      	mov	r3, r6
 8002f6e:	2200      	movs	r2, #0
 8002f70:	4925      	ldr	r1, [pc, #148]	@ (8003008 <HAL_I2C_Mem_Read+0x25c>)
 8002f72:	4620      	mov	r0, r4
 8002f74:	f7ff fb1b 	bl	80025ae <I2C_WaitOnFlagUntilTimeout>
 8002f78:	2800      	cmp	r0, #0
 8002f7a:	f040 808d 	bne.w	8003098 <HAL_I2C_Mem_Read+0x2ec>
          CLEAR_BIT(hi2c->Instance->CR1, I2C_CR1_ACK);
 8002f7e:	6822      	ldr	r2, [r4, #0]
 8002f80:	6813      	ldr	r3, [r2, #0]
 8002f82:	f423 6380 	bic.w	r3, r3, #1024	@ 0x400
 8002f86:	6013      	str	r3, [r2, #0]
          *hi2c->pBuffPtr = (uint8_t)hi2c->Instance->DR;
 8002f88:	6823      	ldr	r3, [r4, #0]
 8002f8a:	691a      	ldr	r2, [r3, #16]
 8002f8c:	6a63      	ldr	r3, [r4, #36]	@ 0x24
 8002f8e:	701a      	strb	r2, [r3, #0]
          hi2c->pBuffPtr++;
 8002f90:	6a63      	ldr	r3, [r4, #36]	@ 0x24
 8002f92:	3301      	adds	r3, #1
 8002f94:	6263      	str	r3, [r4, #36]	@ 0x24
          hi2c->XferSize--;
 8002f96:	8d23      	ldrh	r3, [r4, #40]	@ 0x28
 8002f98:	3b01      	subs	r3, #1
 8002f9a:	8523      	strh	r3, [r4, #40]	@ 0x28
          hi2c->XferCount--;
 8002f9c:	8d63      	ldrh	r3, [r4, #42]	@ 0x2a
 8002f9e:	b29b      	uxth	r3, r3
 8002fa0:	3b01      	subs	r3, #1
 8002fa2:	b29b      	uxth	r3, r3
 8002fa4:	8563      	strh	r3, [r4, #42]	@ 0x2a
          if (I2C_WaitOnFlagUntilTimeout(hi2c, I2C_FLAG_BTF, RESET, Timeout, tickstart) != HAL_OK)
 8002fa6:	9500      	str	r5, [sp, #0]
 8002fa8:	4633      	mov	r3, r6
 8002faa:	2200      	movs	r2, #0
 8002fac:	4916      	ldr	r1, [pc, #88]	@ (8003008 <HAL_I2C_Mem_Read+0x25c>)
 8002fae:	4620      	mov	r0, r4
 8002fb0:	f7ff fafd 	bl	80025ae <I2C_WaitOnFlagUntilTimeout>
 8002fb4:	2800      	cmp	r0, #0
 8002fb6:	d171      	bne.n	800309c <HAL_I2C_Mem_Read+0x2f0>
          SET_BIT(hi2c->Instance->CR1, I2C_CR1_STOP);
 8002fb8:	6822      	ldr	r2, [r4, #0]
 8002fba:	6813      	ldr	r3, [r2, #0]
 8002fbc:	f443 7300 	orr.w	r3, r3, #512	@ 0x200
 8002fc0:	6013      	str	r3, [r2, #0]
          *hi2c->pBuffPtr = (uint8_t)hi2c->Instance->DR;
 8002fc2:	6823      	ldr	r3, [r4, #0]
 8002fc4:	691a      	ldr	r2, [r3, #16]
 8002fc6:	6a63      	ldr	r3, [r4, #36]	@ 0x24
 8002fc8:	701a      	strb	r2, [r3, #0]
          hi2c->pBuffPtr++;
 8002fca:	6a62      	ldr	r2, [r4, #36]	@ 0x24
 8002fcc:	1c53      	adds	r3, r2, #1
 8002fce:	6263      	str	r3, [r4, #36]	@ 0x24
          hi2c->XferSize--;
 8002fd0:	8d23      	ldrh	r3, [r4, #40]	@ 0x28
 8002fd2:	3b01      	subs	r3, #1
 8002fd4:	8523      	strh	r3, [r4, #40]	@ 0x28
          hi2c->XferCount--;
 8002fd6:	8d63      	ldrh	r3, [r4, #42]	@ 0x2a
 8002fd8:	b29b      	uxth	r3, r3
 8002fda:	3b01      	subs	r3, #1
 8002fdc:	b29b      	uxth	r3, r3
 8002fde:	8563      	strh	r3, [r4, #42]	@ 0x2a
          *hi2c->pBuffPtr = (uint8_t)hi2c->Instance->DR;
 8002fe0:	6823      	ldr	r3, [r4, #0]
 8002fe2:	691b      	ldr	r3, [r3, #16]
 8002fe4:	7053      	strb	r3, [r2, #1]
          hi2c->pBuffPtr++;
 8002fe6:	6a63      	ldr	r3, [r4, #36]	@ 0x24
 8002fe8:	3301      	adds	r3, #1
 8002fea:	6263      	str	r3, [r4, #36]	@ 0x24
          hi2c->XferSize--;
 8002fec:	8d23      	ldrh	r3, [r4, #40]	@ 0x28
 8002fee:	3b01      	subs	r3, #1
 8002ff0:	8523      	strh	r3, [r4, #40]	@ 0x28
          hi2c->XferCount--;
 8002ff2:	8d63      	ldrh	r3, [r4, #42]	@ 0x2a
 8002ff4:	b29b      	uxth	r3, r3
 8002ff6:	3b01      	subs	r3, #1
 8002ff8:	b29b      	uxth	r3, r3
 8002ffa:	8563      	strh	r3, [r4, #42]	@ 0x2a
 8002ffc:	e7ab      	b.n	8002f56 <HAL_I2C_Mem_Read+0x1aa>
 8002ffe:	bf00      	nop
 8003000:	00100002 	.word	0x00100002
 8003004:	ffff0000 	.word	0xffff0000
 8003008:	00010004 	.word	0x00010004
        if (I2C_WaitOnRXNEFlagUntilTimeout(hi2c, Timeout, tickstart) != HAL_OK)
 800300c:	462a      	mov	r2, r5
 800300e:	4631      	mov	r1, r6
 8003010:	4620      	mov	r0, r4
 8003012:	f7ff fd00 	bl	8002a16 <I2C_WaitOnRXNEFlagUntilTimeout>
 8003016:	2800      	cmp	r0, #0
 8003018:	d142      	bne.n	80030a0 <HAL_I2C_Mem_Read+0x2f4>
        *hi2c->pBuffPtr = (uint8_t)hi2c->Instance->DR;
 800301a:	6823      	ldr	r3, [r4, #0]
 800301c:	691a      	ldr	r2, [r3, #16]
 800301e:	6a63      	ldr	r3, [r4, #36]	@ 0x24
 8003020:	701a      	strb	r2, [r3, #0]
        hi2c->pBuffPtr++;
 8003022:	6a63      	ldr	r3, [r4, #36]	@ 0x24
 8003024:	3301      	adds	r3, #1
 8003026:	6263      	str	r3, [r4, #36]	@ 0x24
        hi2c->XferSize--;
 8003028:	8d22      	ldrh	r2, [r4, #40]	@ 0x28
 800302a:	3a01      	subs	r2, #1
 800302c:	b292      	uxth	r2, r2
 800302e:	8522      	strh	r2, [r4, #40]	@ 0x28
        hi2c->XferCount--;
 8003030:	8d63      	ldrh	r3, [r4, #42]	@ 0x2a
 8003032:	b29b      	uxth	r3, r3
 8003034:	3b01      	subs	r3, #1
 8003036:	b29b      	uxth	r3, r3
 8003038:	8563      	strh	r3, [r4, #42]	@ 0x2a
        if (__HAL_I2C_GET_FLAG(hi2c, I2C_FLAG_BTF) == SET)
 800303a:	6823      	ldr	r3, [r4, #0]
 800303c:	6959      	ldr	r1, [r3, #20]
 800303e:	f011 0f04 	tst.w	r1, #4
 8003042:	d088      	beq.n	8002f56 <HAL_I2C_Mem_Read+0x1aa>
          if (hi2c->XferSize == 3U)
 8003044:	2a03      	cmp	r2, #3
 8003046:	d00f      	beq.n	8003068 <HAL_I2C_Mem_Read+0x2bc>
          *hi2c->pBuffPtr = (uint8_t)hi2c->Instance->DR;
 8003048:	6823      	ldr	r3, [r4, #0]
 800304a:	691a      	ldr	r2, [r3, #16]
 800304c:	6a63      	ldr	r3, [r4, #36]	@ 0x24
 800304e:	701a      	strb	r2, [r3, #0]
          hi2c->pBuffPtr++;
 8003050:	6a63      	ldr	r3, [r4, #36]	@ 0x24
 8003052:	3301      	adds	r3, #1
 8003054:	6263      	str	r3, [r4, #36]	@ 0x24
          hi2c->XferSize--;
 8003056:	8d23      	ldrh	r3, [r4, #40]	@ 0x28
 8003058:	3b01      	subs	r3, #1
 800305a:	8523      	strh	r3, [r4, #40]	@ 0x28
          hi2c->XferCount--;
 800305c:	8d63      	ldrh	r3, [r4, #42]	@ 0x2a
 800305e:	b29b      	uxth	r3, r3
 8003060:	3b01      	subs	r3, #1
 8003062:	b29b      	uxth	r3, r3
 8003064:	8563      	strh	r3, [r4, #42]	@ 0x2a
 8003066:	e776      	b.n	8002f56 <HAL_I2C_Mem_Read+0x1aa>
            CLEAR_BIT(hi2c->Instance->CR1, I2C_CR1_ACK);
 8003068:	681a      	ldr	r2, [r3, #0]
 800306a:	f422 6280 	bic.w	r2, r2, #1024	@ 0x400
 800306e:	601a      	str	r2, [r3, #0]
 8003070:	e7ea      	b.n	8003048 <HAL_I2C_Mem_Read+0x29c>
    hi2c->State = HAL_I2C_STATE_READY;
 8003072:	2320      	movs	r3, #32
 8003074:	f884 303d 	strb.w	r3, [r4, #61]	@ 0x3d
    hi2c->Mode = HAL_I2C_MODE_NONE;
 8003078:	2300      	movs	r3, #0
 800307a:	f884 303e 	strb.w	r3, [r4, #62]	@ 0x3e
    __HAL_UNLOCK(hi2c);
 800307e:	f884 303c 	strb.w	r3, [r4, #60]	@ 0x3c
    return HAL_OK;
 8003082:	e6a2      	b.n	8002dca <HAL_I2C_Mem_Read+0x1e>
      return HAL_BUSY;
 8003084:	2702      	movs	r7, #2
 8003086:	e6a0      	b.n	8002dca <HAL_I2C_Mem_Read+0x1e>
    __HAL_LOCK(hi2c);
 8003088:	2702      	movs	r7, #2
 800308a:	e69e      	b.n	8002dca <HAL_I2C_Mem_Read+0x1e>
      return HAL_ERROR;
 800308c:	2701      	movs	r7, #1
 800308e:	e69c      	b.n	8002dca <HAL_I2C_Mem_Read+0x1e>
            return HAL_ERROR;
 8003090:	2701      	movs	r7, #1
 8003092:	e69a      	b.n	8002dca <HAL_I2C_Mem_Read+0x1e>
            return HAL_ERROR;
 8003094:	2701      	movs	r7, #1
 8003096:	e698      	b.n	8002dca <HAL_I2C_Mem_Read+0x1e>
            return HAL_ERROR;
 8003098:	2701      	movs	r7, #1
 800309a:	e696      	b.n	8002dca <HAL_I2C_Mem_Read+0x1e>
            return HAL_ERROR;
 800309c:	2701      	movs	r7, #1
 800309e:	e694      	b.n	8002dca <HAL_I2C_Mem_Read+0x1e>
          return HAL_ERROR;
 80030a0:	2701      	movs	r7, #1
 80030a2:	e692      	b.n	8002dca <HAL_I2C_Mem_Read+0x1e>

080030a4 <HAL_I2C_IsDeviceReady>:
{
 80030a4:	e92d 43f0 	stmdb	sp!, {r4, r5, r6, r7, r8, r9, lr}
 80030a8:	b085      	sub	sp, #20
 80030aa:	4604      	mov	r4, r0
 80030ac:	4688      	mov	r8, r1
 80030ae:	4691      	mov	r9, r2
 80030b0:	461d      	mov	r5, r3
  uint32_t tickstart = HAL_GetTick();
 80030b2:	f7fe fd1b 	bl	8001aec <HAL_GetTick>
  if (hi2c->State == HAL_I2C_STATE_READY)
 80030b6:	f894 303d 	ldrb.w	r3, [r4, #61]	@ 0x3d
 80030ba:	2b20      	cmp	r3, #32
 80030bc:	d003      	beq.n	80030c6 <HAL_I2C_IsDeviceReady+0x22>
    return HAL_BUSY;
 80030be:	2002      	movs	r0, #2
}
 80030c0:	b005      	add	sp, #20
 80030c2:	e8bd 83f0 	ldmia.w	sp!, {r4, r5, r6, r7, r8, r9, pc}
 80030c6:	4606      	mov	r6, r0
    if (I2C_WaitOnFlagUntilTimeout(hi2c, I2C_FLAG_BUSY, SET, I2C_TIMEOUT_BUSY_FLAG, tickstart) != HAL_OK)
 80030c8:	9000      	str	r0, [sp, #0]
 80030ca:	2319      	movs	r3, #25
 80030cc:	2201      	movs	r2, #1
 80030ce:	4956      	ldr	r1, [pc, #344]	@ (8003228 <HAL_I2C_IsDeviceReady+0x184>)
 80030d0:	4620      	mov	r0, r4
 80030d2:	f7ff fa6c 	bl	80025ae <I2C_WaitOnFlagUntilTimeout>
 80030d6:	2800      	cmp	r0, #0
 80030d8:	f040 809d 	bne.w	8003216 <HAL_I2C_IsDeviceReady+0x172>
    __HAL_LOCK(hi2c);
 80030dc:	f894 303c 	ldrb.w	r3, [r4, #60]	@ 0x3c
 80030e0:	2b01      	cmp	r3, #1
 80030e2:	f000 809a 	beq.w	800321a <HAL_I2C_IsDeviceReady+0x176>
 80030e6:	2301      	movs	r3, #1
 80030e8:	f884 303c 	strb.w	r3, [r4, #60]	@ 0x3c
    if ((hi2c->Instance->CR1 & I2C_CR1_PE) != I2C_CR1_PE)
 80030ec:	6823      	ldr	r3, [r4, #0]
 80030ee:	681a      	ldr	r2, [r3, #0]
 80030f0:	f012 0f01 	tst.w	r2, #1
 80030f4:	d103      	bne.n	80030fe <HAL_I2C_IsDeviceReady+0x5a>
      __HAL_I2C_ENABLE(hi2c);
 80030f6:	681a      	ldr	r2, [r3, #0]
 80030f8:	f042 0201 	orr.w	r2, r2, #1
 80030fc:	601a      	str	r2, [r3, #0]
    CLEAR_BIT(hi2c->Instance->CR1, I2C_CR1_POS);
 80030fe:	6822      	ldr	r2, [r4, #0]
 8003100:	6813      	ldr	r3, [r2, #0]
 8003102:	f423 6300 	bic.w	r3, r3, #2048	@ 0x800
 8003106:	6013      	str	r3, [r2, #0]
    hi2c->State = HAL_I2C_STATE_BUSY;
 8003108:	2324      	movs	r3, #36	@ 0x24
 800310a:	f884 303d 	strb.w	r3, [r4, #61]	@ 0x3d
    hi2c->ErrorCode = HAL_I2C_ERROR_NONE;
 800310e:	2700      	movs	r7, #0
 8003110:	6427      	str	r7, [r4, #64]	@ 0x40
    hi2c->XferOptions = I2C_NO_OPTION_FRAME;
 8003112:	4b46      	ldr	r3, [pc, #280]	@ (800322c <HAL_I2C_IsDeviceReady+0x188>)
 8003114:	62e3      	str	r3, [r4, #44]	@ 0x2c
 8003116:	e03d      	b.n	8003194 <HAL_I2C_IsDeviceReady+0xf0>
        if (READ_BIT(hi2c->Instance->CR1, I2C_CR1_START) == I2C_CR1_START)
 8003118:	6823      	ldr	r3, [r4, #0]
 800311a:	681b      	ldr	r3, [r3, #0]
 800311c:	f413 7f80 	tst.w	r3, #256	@ 0x100
 8003120:	d002      	beq.n	8003128 <HAL_I2C_IsDeviceReady+0x84>
          hi2c->ErrorCode = HAL_I2C_WRONG_START;
 8003122:	f44f 7300 	mov.w	r3, #512	@ 0x200
 8003126:	6423      	str	r3, [r4, #64]	@ 0x40
        return HAL_TIMEOUT;
 8003128:	2003      	movs	r0, #3
 800312a:	e7c9      	b.n	80030c0 <HAL_I2C_IsDeviceReady+0x1c>
          hi2c->State = HAL_I2C_STATE_TIMEOUT;
 800312c:	23a0      	movs	r3, #160	@ 0xa0
 800312e:	f884 303d 	strb.w	r3, [r4, #61]	@ 0x3d
        tmp1 = __HAL_I2C_GET_FLAG(hi2c, I2C_FLAG_ADDR);
 8003132:	6822      	ldr	r2, [r4, #0]
 8003134:	6953      	ldr	r3, [r2, #20]
 8003136:	f3c3 0340 	ubfx	r3, r3, #1, #1
        tmp2 = __HAL_I2C_GET_FLAG(hi2c, I2C_FLAG_AF);
 800313a:	6952      	ldr	r2, [r2, #20]
 800313c:	f3c2 2280 	ubfx	r2, r2, #10, #1
      while ((hi2c->State != HAL_I2C_STATE_TIMEOUT) && (tmp1 == RESET) && (tmp2 == RESET))
 8003140:	f894 103d 	ldrb.w	r1, [r4, #61]	@ 0x3d
 8003144:	29a0      	cmp	r1, #160	@ 0xa0
 8003146:	d009      	beq.n	800315c <HAL_I2C_IsDeviceReady+0xb8>
 8003148:	b943      	cbnz	r3, 800315c <HAL_I2C_IsDeviceReady+0xb8>
 800314a:	b93a      	cbnz	r2, 800315c <HAL_I2C_IsDeviceReady+0xb8>
        if (((HAL_GetTick() - tickstart) > Timeout) || (Timeout == 0U))
 800314c:	f7fe fcce 	bl	8001aec <HAL_GetTick>
 8003150:	1b80      	subs	r0, r0, r6
 8003152:	42a8      	cmp	r0, r5
 8003154:	d8ea      	bhi.n	800312c <HAL_I2C_IsDeviceReady+0x88>
 8003156:	2d00      	cmp	r5, #0
 8003158:	d1eb      	bne.n	8003132 <HAL_I2C_IsDeviceReady+0x8e>
 800315a:	e7e7      	b.n	800312c <HAL_I2C_IsDeviceReady+0x88>
      hi2c->State = HAL_I2C_STATE_READY;
 800315c:	2320      	movs	r3, #32
 800315e:	f884 303d 	strb.w	r3, [r4, #61]	@ 0x3d
      if (__HAL_I2C_GET_FLAG(hi2c, I2C_FLAG_ADDR) == SET)
 8003162:	6823      	ldr	r3, [r4, #0]
 8003164:	695a      	ldr	r2, [r3, #20]
 8003166:	f012 0f02 	tst.w	r2, #2
 800316a:	d131      	bne.n	80031d0 <HAL_I2C_IsDeviceReady+0x12c>
        SET_BIT(hi2c->Instance->CR1, I2C_CR1_STOP);
 800316c:	681a      	ldr	r2, [r3, #0]
 800316e:	f442 7200 	orr.w	r2, r2, #512	@ 0x200
 8003172:	601a      	str	r2, [r3, #0]
        __HAL_I2C_CLEAR_FLAG(hi2c, I2C_FLAG_AF);
 8003174:	6823      	ldr	r3, [r4, #0]
 8003176:	f46f 6280 	mvn.w	r2, #1024	@ 0x400
 800317a:	615a      	str	r2, [r3, #20]
        if (I2C_WaitOnFlagUntilTimeout(hi2c, I2C_FLAG_BUSY, SET, I2C_TIMEOUT_BUSY_FLAG, tickstart) != HAL_OK)
 800317c:	9600      	str	r6, [sp, #0]
 800317e:	2319      	movs	r3, #25
 8003180:	2201      	movs	r2, #1
 8003182:	4929      	ldr	r1, [pc, #164]	@ (8003228 <HAL_I2C_IsDeviceReady+0x184>)
 8003184:	4620      	mov	r0, r4
 8003186:	f7ff fa12 	bl	80025ae <I2C_WaitOnFlagUntilTimeout>
 800318a:	2800      	cmp	r0, #0
 800318c:	d149      	bne.n	8003222 <HAL_I2C_IsDeviceReady+0x17e>
      I2C_Trials++;
 800318e:	3701      	adds	r7, #1
    while (I2C_Trials < Trials);
 8003190:	454f      	cmp	r7, r9
 8003192:	d238      	bcs.n	8003206 <HAL_I2C_IsDeviceReady+0x162>
      SET_BIT(hi2c->Instance->CR1, I2C_CR1_START);
 8003194:	6822      	ldr	r2, [r4, #0]
 8003196:	6813      	ldr	r3, [r2, #0]
 8003198:	f443 7380 	orr.w	r3, r3, #256	@ 0x100
 800319c:	6013      	str	r3, [r2, #0]
      if (I2C_WaitOnFlagUntilTimeout(hi2c, I2C_FLAG_SB, RESET, Timeout, tickstart) != HAL_OK)
 800319e:	9600      	str	r6, [sp, #0]
 80031a0:	462b      	mov	r3, r5
 80031a2:	2200      	movs	r2, #0
 80031a4:	f04f 1101 	mov.w	r1, #65537	@ 0x10001
 80031a8:	4620      	mov	r0, r4
 80031aa:	f7ff fa00 	bl	80025ae <I2C_WaitOnFlagUntilTimeout>
 80031ae:	2800      	cmp	r0, #0
 80031b0:	d1b2      	bne.n	8003118 <HAL_I2C_IsDeviceReady+0x74>
      hi2c->Instance->DR = I2C_7BIT_ADD_WRITE(DevAddress);
 80031b2:	6823      	ldr	r3, [r4, #0]
 80031b4:	f008 02fe 	and.w	r2, r8, #254	@ 0xfe
 80031b8:	611a      	str	r2, [r3, #16]
      tickstart = HAL_GetTick();
 80031ba:	f7fe fc97 	bl	8001aec <HAL_GetTick>
 80031be:	4606      	mov	r6, r0
      tmp1 = __HAL_I2C_GET_FLAG(hi2c, I2C_FLAG_ADDR);
 80031c0:	6822      	ldr	r2, [r4, #0]
 80031c2:	6953      	ldr	r3, [r2, #20]
 80031c4:	f3c3 0340 	ubfx	r3, r3, #1, #1
      tmp2 = __HAL_I2C_GET_FLAG(hi2c, I2C_FLAG_AF);
 80031c8:	6952      	ldr	r2, [r2, #20]
 80031ca:	f3c2 2280 	ubfx	r2, r2, #10, #1
      while ((hi2c->State != HAL_I2C_STATE_TIMEOUT) && (tmp1 == RESET) && (tmp2 == RESET))
 80031ce:	e7b7      	b.n	8003140 <HAL_I2C_IsDeviceReady+0x9c>
        SET_BIT(hi2c->Instance->CR1, I2C_CR1_STOP);
 80031d0:	681a      	ldr	r2, [r3, #0]
 80031d2:	f442 7200 	orr.w	r2, r2, #512	@ 0x200
 80031d6:	601a      	str	r2, [r3, #0]
        __HAL_I2C_CLEAR_ADDRFLAG(hi2c);
 80031d8:	2300      	movs	r3, #0
 80031da:	9303      	str	r3, [sp, #12]
 80031dc:	6823      	ldr	r3, [r4, #0]
 80031de:	695a      	ldr	r2, [r3, #20]
 80031e0:	9203      	str	r2, [sp, #12]
 80031e2:	699b      	ldr	r3, [r3, #24]
 80031e4:	9303      	str	r3, [sp, #12]
 80031e6:	9b03      	ldr	r3, [sp, #12]
        if (I2C_WaitOnFlagUntilTimeout(hi2c, I2C_FLAG_BUSY, SET, I2C_TIMEOUT_BUSY_FLAG, tickstart) != HAL_OK)
 80031e8:	9600      	str	r6, [sp, #0]
 80031ea:	2319      	movs	r3, #25
 80031ec:	2201      	movs	r2, #1
 80031ee:	490e      	ldr	r1, [pc, #56]	@ (8003228 <HAL_I2C_IsDeviceReady+0x184>)
 80031f0:	4620      	mov	r0, r4
 80031f2:	f7ff f9dc 	bl	80025ae <I2C_WaitOnFlagUntilTimeout>
 80031f6:	b990      	cbnz	r0, 800321e <HAL_I2C_IsDeviceReady+0x17a>
        hi2c->State = HAL_I2C_STATE_READY;
 80031f8:	2320      	movs	r3, #32
 80031fa:	f884 303d 	strb.w	r3, [r4, #61]	@ 0x3d
        __HAL_UNLOCK(hi2c);
 80031fe:	2300      	movs	r3, #0
 8003200:	f884 303c 	strb.w	r3, [r4, #60]	@ 0x3c
        return HAL_OK;
 8003204:	e75c      	b.n	80030c0 <HAL_I2C_IsDeviceReady+0x1c>
    hi2c->State = HAL_I2C_STATE_READY;
 8003206:	2320      	movs	r3, #32
 8003208:	f884 303d 	strb.w	r3, [r4, #61]	@ 0x3d
    __HAL_UNLOCK(hi2c);
 800320c:	2300      	movs	r3, #0
 800320e:	f884 303c 	strb.w	r3, [r4, #60]	@ 0x3c
    return HAL_ERROR;
 8003212:	2001      	movs	r0, #1
 8003214:	e754      	b.n	80030c0 <HAL_I2C_IsDeviceReady+0x1c>
      return HAL_BUSY;
 8003216:	2002      	movs	r0, #2
 8003218:	e752      	b.n	80030c0 <HAL_I2C_IsDeviceReady+0x1c>
    __HAL_LOCK(hi2c);
 800321a:	2002      	movs	r0, #2
 800321c:	e750      	b.n	80030c0 <HAL_I2C_IsDeviceReady+0x1c>
          return HAL_ERROR;
 800321e:	2001      	movs	r0, #1
 8003220:	e74e      	b.n	80030c0 <HAL_I2C_IsDeviceReady+0x1c>
          return HAL_ERROR;
 8003222:	2001      	movs	r0, #1
 8003224:	e74c      	b.n	80030c0 <HAL_I2C_IsDeviceReady+0x1c>
 8003226:	bf00      	nop
 8003228:	00100002 	.word	0x00100002
 800322c:	ffff0000 	.word	0xffff0000

08003230 <HAL_MspInit>:
void HAL_TIM_MspPostInit(TIM_HandleTypeDef *htim);
                                                            /**
  * Initializes the Global MSP.
  */
void HAL_MspInit(void)
{
 8003230:	b082      	sub	sp, #8

  /* USER CODE BEGIN MspInit 0 */

  /* USER CODE END MspInit 0 */

  __HAL_RCC_SYSCFG_CLK_ENABLE();
 8003232:	2100      	movs	r1, #0
 8003234:	9100      	str	r1, [sp, #0]
 8003236:	4b0b      	ldr	r3, [pc, #44]	@ (8003264 <HAL_MspInit+0x34>)
 8003238:	6c5a      	ldr	r2, [r3, #68]	@ 0x44
 800323a:	f442 4280 	orr.w	r2, r2, #16384	@ 0x4000
 800323e:	645a      	str	r2, [r3, #68]	@ 0x44
 8003240:	6c5a      	ldr	r2, [r3, #68]	@ 0x44
 8003242:	f402 4280 	and.w	r2, r2, #16384	@ 0x4000
 8003246:	9200      	str	r2, [sp, #0]
 8003248:	9a00      	ldr	r2, [sp, #0]
  __HAL_RCC_PWR_CLK_ENABLE();
 800324a:	9101      	str	r1, [sp, #4]
 800324c:	6c1a      	ldr	r2, [r3, #64]	@ 0x40
 800324e:	f042 5280 	orr.w	r2, r2, #268435456	@ 0x10000000
 8003252:	641a      	str	r2, [r3, #64]	@ 0x40
 8003254:	6c1b      	ldr	r3, [r3, #64]	@ 0x40
 8003256:	f003 5380 	and.w	r3, r3, #268435456	@ 0x10000000
 800325a:	9301      	str	r3, [sp, #4]
 800325c:	9b01      	ldr	r3, [sp, #4]
  /* System interrupt init*/

  /* USER CODE BEGIN MspInit 1 */

  /* USER CODE END MspInit 1 */
}
 800325e:	b002      	add	sp, #8
 8003260:	4770      	bx	lr
 8003262:	bf00      	nop
 8003264:	40023800 	.word	0x40023800

08003268 <HAL_ADC_MspInit>:
  * This function configures the hardware resources used in this example
  * @param hadc: ADC handle pointer
  * @retval None
  */
void HAL_ADC_MspInit(ADC_HandleTypeDef* hadc)
{
 8003268:	b500      	push	{lr}
 800326a:	b089      	sub	sp, #36	@ 0x24
  GPIO_InitTypeDef GPIO_InitStruct = {0};
 800326c:	2300      	movs	r3, #0
 800326e:	9303      	str	r3, [sp, #12]
 8003270:	9304      	str	r3, [sp, #16]
 8003272:	9305      	str	r3, [sp, #20]
 8003274:	9306      	str	r3, [sp, #24]
 8003276:	9307      	str	r3, [sp, #28]
  if(hadc->Instance==ADC1)
 8003278:	6802      	ldr	r2, [r0, #0]
 800327a:	f103 4380 	add.w	r3, r3, #1073741824	@ 0x40000000
 800327e:	f503 3390 	add.w	r3, r3, #73728	@ 0x12000
 8003282:	429a      	cmp	r2, r3
 8003284:	d002      	beq.n	800328c <HAL_ADC_MspInit+0x24>

    /* USER CODE END ADC1_MspInit 1 */

  }

}
 8003286:	b009      	add	sp, #36	@ 0x24
 8003288:	f85d fb04 	ldr.w	pc, [sp], #4
    __HAL_RCC_ADC1_CLK_ENABLE();
 800328c:	2100      	movs	r1, #0
 800328e:	9101      	str	r1, [sp, #4]
 8003290:	f503 338c 	add.w	r3, r3, #71680	@ 0x11800
 8003294:	6c5a      	ldr	r2, [r3, #68]	@ 0x44
 8003296:	f442 7280 	orr.w	r2, r2, #256	@ 0x100
 800329a:	645a      	str	r2, [r3, #68]	@ 0x44
 800329c:	6c5a      	ldr	r2, [r3, #68]	@ 0x44
 800329e:	f402 7280 	and.w	r2, r2, #256	@ 0x100
 80032a2:	9201      	str	r2, [sp, #4]
 80032a4:	9a01      	ldr	r2, [sp, #4]
    __HAL_RCC_GPIOA_CLK_ENABLE();
 80032a6:	9102      	str	r1, [sp, #8]
 80032a8:	6b1a      	ldr	r2, [r3, #48]	@ 0x30
 80032aa:	f042 0201 	orr.w	r2, r2, #1
 80032ae:	631a      	str	r2, [r3, #48]	@ 0x30
 80032b0:	6b1b      	ldr	r3, [r3, #48]	@ 0x30
 80032b2:	f003 0301 	and.w	r3, r3, #1
 80032b6:	9302      	str	r3, [sp, #8]
 80032b8:	9b02      	ldr	r3, [sp, #8]
    GPIO_InitStruct.Pin = BAT_VSENCE_Pin;
 80032ba:	2310      	movs	r3, #16
 80032bc:	9303      	str	r3, [sp, #12]
    GPIO_InitStruct.Mode = GPIO_MODE_ANALOG;
 80032be:	2303      	movs	r3, #3
 80032c0:	9304      	str	r3, [sp, #16]
    HAL_GPIO_Init(BAT_VSENCE_GPIO_Port, &GPIO_InitStruct);
 80032c2:	a903      	add	r1, sp, #12
 80032c4:	4801      	ldr	r0, [pc, #4]	@ (80032cc <HAL_ADC_MspInit+0x64>)
 80032c6:	f7ff f85d 	bl	8002384 <HAL_GPIO_Init>
}
 80032ca:	e7dc      	b.n	8003286 <HAL_ADC_MspInit+0x1e>
 80032cc:	40020000 	.word	0x40020000

080032d0 <HAL_CRC_MspInit>:
  * @param hcrc: CRC handle pointer
  * @retval None
  */
void HAL_CRC_MspInit(CRC_HandleTypeDef* hcrc)
{
  if(hcrc->Instance==CRC)
 80032d0:	6802      	ldr	r2, [r0, #0]
 80032d2:	4b09      	ldr	r3, [pc, #36]	@ (80032f8 <HAL_CRC_MspInit+0x28>)
 80032d4:	429a      	cmp	r2, r3
 80032d6:	d000      	beq.n	80032da <HAL_CRC_MspInit+0xa>
 80032d8:	4770      	bx	lr
{
 80032da:	b082      	sub	sp, #8
  {
    /* USER CODE BEGIN CRC_MspInit 0 */

    /* USER CODE END CRC_MspInit 0 */
    /* Peripheral clock enable */
    __HAL_RCC_CRC_CLK_ENABLE();
 80032dc:	2300      	movs	r3, #0
 80032de:	9301      	str	r3, [sp, #4]
 80032e0:	4b06      	ldr	r3, [pc, #24]	@ (80032fc <HAL_CRC_MspInit+0x2c>)
 80032e2:	6b1a      	ldr	r2, [r3, #48]	@ 0x30
 80032e4:	f442 5280 	orr.w	r2, r2, #4096	@ 0x1000
 80032e8:	631a      	str	r2, [r3, #48]	@ 0x30
 80032ea:	6b1b      	ldr	r3, [r3, #48]	@ 0x30
 80032ec:	f403 5380 	and.w	r3, r3, #4096	@ 0x1000
 80032f0:	9301      	str	r3, [sp, #4]
 80032f2:	9b01      	ldr	r3, [sp, #4]

    /* USER CODE END CRC_MspInit 1 */

  }

}
 80032f4:	b002      	add	sp, #8
 80032f6:	4770      	bx	lr
 80032f8:	40023000 	.word	0x40023000
 80032fc:	40023800 	.word	0x40023800

08003300 <HAL_I2C_MspInit>:
  * This function configures the hardware resources used in this example
  * @param hi2c: I2C handle pointer
  * @retval None
  */
void HAL_I2C_MspInit(I2C_HandleTypeDef* hi2c)
{
 8003300:	e92d 47f0 	stmdb	sp!, {r4, r5, r6, r7, r8, r9, sl, lr}
 8003304:	b08c      	sub	sp, #48	@ 0x30
  GPIO_InitTypeDef GPIO_InitStruct = {0};
 8003306:	2300      	movs	r3, #0
 8003308:	9307      	str	r3, [sp, #28]
 800330a:	9308      	str	r3, [sp, #32]
 800330c:	9309      	str	r3, [sp, #36]	@ 0x24
 800330e:	930a      	str	r3, [sp, #40]	@ 0x28
 8003310:	930b      	str	r3, [sp, #44]	@ 0x2c
  if(hi2c->Instance==I2C1)
 8003312:	6803      	ldr	r3, [r0, #0]
 8003314:	4a4d      	ldr	r2, [pc, #308]	@ (800344c <HAL_I2C_MspInit+0x14c>)
 8003316:	4293      	cmp	r3, r2
 8003318:	d008      	beq.n	800332c <HAL_I2C_MspInit+0x2c>
    __HAL_RCC_I2C1_CLK_ENABLE();
    /* USER CODE BEGIN I2C1_MspInit 1 */

    /* USER CODE END I2C1_MspInit 1 */
  }
  else if(hi2c->Instance==I2C2)
 800331a:	4a4d      	ldr	r2, [pc, #308]	@ (8003450 <HAL_I2C_MspInit+0x150>)
 800331c:	4293      	cmp	r3, r2
 800331e:	d02a      	beq.n	8003376 <HAL_I2C_MspInit+0x76>
    __HAL_RCC_I2C2_CLK_ENABLE();
    /* USER CODE BEGIN I2C2_MspInit 1 */

    /* USER CODE END I2C2_MspInit 1 */
  }
  else if(hi2c->Instance==I2C3)
 8003320:	4a4c      	ldr	r2, [pc, #304]	@ (8003454 <HAL_I2C_MspInit+0x154>)
 8003322:	4293      	cmp	r3, r2
 8003324:	d04d      	beq.n	80033c2 <HAL_I2C_MspInit+0xc2>
    /* USER CODE BEGIN I2C3_MspInit 1 */

    /* USER CODE END I2C3_MspInit 1 */
  }

}
 8003326:	b00c      	add	sp, #48	@ 0x30
 8003328:	e8bd 87f0 	ldmia.w	sp!, {r4, r5, r6, r7, r8, r9, sl, pc}
    __HAL_RCC_GPIOB_CLK_ENABLE();
 800332c:	2500      	movs	r5, #0
 800332e:	9500      	str	r5, [sp, #0]
 8003330:	4c49      	ldr	r4, [pc, #292]	@ (8003458 <HAL_I2C_MspInit+0x158>)
 8003332:	6b23      	ldr	r3, [r4, #48]	@ 0x30
 8003334:	f043 0302 	orr.w	r3, r3, #2
 8003338:	6323      	str	r3, [r4, #48]	@ 0x30
 800333a:	6b23      	ldr	r3, [r4, #48]	@ 0x30
 800333c:	f003 0302 	and.w	r3, r3, #2
 8003340:	9300      	str	r3, [sp, #0]
 8003342:	9b00      	ldr	r3, [sp, #0]
    GPIO_InitStruct.Pin = EEP_SCL_Pin|EEP_SDA_Pin;
 8003344:	23c0      	movs	r3, #192	@ 0xc0
 8003346:	9307      	str	r3, [sp, #28]
    GPIO_InitStruct.Mode = GPIO_MODE_AF_OD;
 8003348:	2312      	movs	r3, #18
 800334a:	9308      	str	r3, [sp, #32]
    GPIO_InitStruct.Pull = GPIO_PULLUP;
 800334c:	2301      	movs	r3, #1
 800334e:	9309      	str	r3, [sp, #36]	@ 0x24
    GPIO_InitStruct.Speed = GPIO_SPEED_FREQ_VERY_HIGH;
 8003350:	2303      	movs	r3, #3
 8003352:	930a      	str	r3, [sp, #40]	@ 0x28
    GPIO_InitStruct.Alternate = GPIO_AF4_I2C1;
 8003354:	2304      	movs	r3, #4
 8003356:	930b      	str	r3, [sp, #44]	@ 0x2c
    HAL_GPIO_Init(GPIOB, &GPIO_InitStruct);
 8003358:	a907      	add	r1, sp, #28
 800335a:	4840      	ldr	r0, [pc, #256]	@ (800345c <HAL_I2C_MspInit+0x15c>)
 800335c:	f7ff f812 	bl	8002384 <HAL_GPIO_Init>
    __HAL_RCC_I2C1_CLK_ENABLE();
 8003360:	9501      	str	r5, [sp, #4]
 8003362:	6c23      	ldr	r3, [r4, #64]	@ 0x40
 8003364:	f443 1300 	orr.w	r3, r3, #2097152	@ 0x200000
 8003368:	6423      	str	r3, [r4, #64]	@ 0x40
 800336a:	6c23      	ldr	r3, [r4, #64]	@ 0x40
 800336c:	f403 1300 	and.w	r3, r3, #2097152	@ 0x200000
 8003370:	9301      	str	r3, [sp, #4]
 8003372:	9b01      	ldr	r3, [sp, #4]
 8003374:	e7d7      	b.n	8003326 <HAL_I2C_MspInit+0x26>
    __HAL_RCC_GPIOB_CLK_ENABLE();
 8003376:	2500      	movs	r5, #0
 8003378:	9502      	str	r5, [sp, #8]
 800337a:	4c37      	ldr	r4, [pc, #220]	@ (8003458 <HAL_I2C_MspInit+0x158>)
 800337c:	6b23      	ldr	r3, [r4, #48]	@ 0x30
 800337e:	f043 0302 	orr.w	r3, r3, #2
 8003382:	6323      	str	r3, [r4, #48]	@ 0x30
 8003384:	6b23      	ldr	r3, [r4, #48]	@ 0x30
 8003386:	f003 0302 	and.w	r3, r3, #2
 800338a:	9302      	str	r3, [sp, #8]
 800338c:	9b02      	ldr	r3, [sp, #8]
    GPIO_InitStruct.Pin = BMP_SCL_Pin|BMP_SDA_Pin;
 800338e:	f44f 6340 	mov.w	r3, #3072	@ 0xc00
 8003392:	9307      	str	r3, [sp, #28]
    GPIO_InitStruct.Mode = GPIO_MODE_AF_OD;
 8003394:	2312      	movs	r3, #18
 8003396:	9308      	str	r3, [sp, #32]
    GPIO_InitStruct.Pull = GPIO_PULLUP;
 8003398:	2301      	movs	r3, #1
 800339a:	9309      	str	r3, [sp, #36]	@ 0x24
    GPIO_InitStruct.Speed = GPIO_SPEED_FREQ_VERY_HIGH;
 800339c:	2303      	movs	r3, #3
 800339e:	930a      	str	r3, [sp, #40]	@ 0x28
    GPIO_InitStruct.Alternate = GPIO_AF4_I2C2;
 80033a0:	2304      	movs	r3, #4
 80033a2:	930b      	str	r3, [sp, #44]	@ 0x2c
    HAL_GPIO_Init(GPIOB, &GPIO_InitStruct);
 80033a4:	a907      	add	r1, sp, #28
 80033a6:	482d      	ldr	r0, [pc, #180]	@ (800345c <HAL_I2C_MspInit+0x15c>)
 80033a8:	f7fe ffec 	bl	8002384 <HAL_GPIO_Init>
    __HAL_RCC_I2C2_CLK_ENABLE();
 80033ac:	9503      	str	r5, [sp, #12]
 80033ae:	6c23      	ldr	r3, [r4, #64]	@ 0x40
 80033b0:	f443 0380 	orr.w	r3, r3, #4194304	@ 0x400000
 80033b4:	6423      	str	r3, [r4, #64]	@ 0x40
 80033b6:	6c23      	ldr	r3, [r4, #64]	@ 0x40
 80033b8:	f403 0380 	and.w	r3, r3, #4194304	@ 0x400000
 80033bc:	9303      	str	r3, [sp, #12]
 80033be:	9b03      	ldr	r3, [sp, #12]
 80033c0:	e7b1      	b.n	8003326 <HAL_I2C_MspInit+0x26>
    __HAL_RCC_GPIOC_CLK_ENABLE();
 80033c2:	2500      	movs	r5, #0
 80033c4:	9504      	str	r5, [sp, #16]
 80033c6:	4c24      	ldr	r4, [pc, #144]	@ (8003458 <HAL_I2C_MspInit+0x158>)
 80033c8:	6b23      	ldr	r3, [r4, #48]	@ 0x30
 80033ca:	f043 0304 	orr.w	r3, r3, #4
 80033ce:	6323      	str	r3, [r4, #48]	@ 0x30
 80033d0:	6b23      	ldr	r3, [r4, #48]	@ 0x30
 80033d2:	f003 0304 	and.w	r3, r3, #4
 80033d6:	9304      	str	r3, [sp, #16]
 80033d8:	9b04      	ldr	r3, [sp, #16]
    __HAL_RCC_GPIOA_CLK_ENABLE();
 80033da:	9505      	str	r5, [sp, #20]
 80033dc:	6b23      	ldr	r3, [r4, #48]	@ 0x30
 80033de:	f043 0301 	orr.w	r3, r3, #1
 80033e2:	6323      	str	r3, [r4, #48]	@ 0x30
 80033e4:	6b23      	ldr	r3, [r4, #48]	@ 0x30
 80033e6:	f003 0301 	and.w	r3, r3, #1
 80033ea:	9305      	str	r3, [sp, #20]
 80033ec:	9b05      	ldr	r3, [sp, #20]
    GPIO_InitStruct.Pin = GPS_SDA_Pin;
 80033ee:	f44f 7300 	mov.w	r3, #512	@ 0x200
 80033f2:	9307      	str	r3, [sp, #28]
    GPIO_InitStruct.Mode = GPIO_MODE_AF_OD;
 80033f4:	f04f 0a12 	mov.w	sl, #18
 80033f8:	f8cd a020 	str.w	sl, [sp, #32]
    GPIO_InitStruct.Pull = GPIO_PULLUP;
 80033fc:	f04f 0901 	mov.w	r9, #1
 8003400:	f8cd 9024 	str.w	r9, [sp, #36]	@ 0x24
    GPIO_InitStruct.Speed = GPIO_SPEED_FREQ_VERY_HIGH;
 8003404:	f04f 0803 	mov.w	r8, #3
 8003408:	f8cd 8028 	str.w	r8, [sp, #40]	@ 0x28
    GPIO_InitStruct.Alternate = GPIO_AF4_I2C3;
 800340c:	2704      	movs	r7, #4
 800340e:	970b      	str	r7, [sp, #44]	@ 0x2c
    HAL_GPIO_Init(GPS_SDA_GPIO_Port, &GPIO_InitStruct);
 8003410:	ae07      	add	r6, sp, #28
 8003412:	4631      	mov	r1, r6
 8003414:	4812      	ldr	r0, [pc, #72]	@ (8003460 <HAL_I2C_MspInit+0x160>)
 8003416:	f7fe ffb5 	bl	8002384 <HAL_GPIO_Init>
    GPIO_InitStruct.Pin = GPS_SCL_Pin;
 800341a:	f44f 7380 	mov.w	r3, #256	@ 0x100
 800341e:	9307      	str	r3, [sp, #28]
    GPIO_InitStruct.Mode = GPIO_MODE_AF_OD;
 8003420:	f8cd a020 	str.w	sl, [sp, #32]
    GPIO_InitStruct.Pull = GPIO_PULLUP;
 8003424:	f8cd 9024 	str.w	r9, [sp, #36]	@ 0x24
    GPIO_InitStruct.Speed = GPIO_SPEED_FREQ_VERY_HIGH;
 8003428:	f8cd 8028 	str.w	r8, [sp, #40]	@ 0x28
    GPIO_InitStruct.Alternate = GPIO_AF4_I2C3;
 800342c:	970b      	str	r7, [sp, #44]	@ 0x2c
    HAL_GPIO_Init(GPS_SCL_GPIO_Port, &GPIO_InitStruct);
 800342e:	4631      	mov	r1, r6
 8003430:	480c      	ldr	r0, [pc, #48]	@ (8003464 <HAL_I2C_MspInit+0x164>)
 8003432:	f7fe ffa7 	bl	8002384 <HAL_GPIO_Init>
    __HAL_RCC_I2C3_CLK_ENABLE();
 8003436:	9506      	str	r5, [sp, #24]
 8003438:	6c23      	ldr	r3, [r4, #64]	@ 0x40
 800343a:	f443 0300 	orr.w	r3, r3, #8388608	@ 0x800000
 800343e:	6423      	str	r3, [r4, #64]	@ 0x40
 8003440:	6c23      	ldr	r3, [r4, #64]	@ 0x40
 8003442:	f403 0300 	and.w	r3, r3, #8388608	@ 0x800000
 8003446:	9306      	str	r3, [sp, #24]
 8003448:	9b06      	ldr	r3, [sp, #24]
}
 800344a:	e76c      	b.n	8003326 <HAL_I2C_MspInit+0x26>
 800344c:	40005400 	.word	0x40005400
 8003450:	40005800 	.word	0x40005800
 8003454:	40005c00 	.word	0x40005c00
 8003458:	40023800 	.word	0x40023800
 800345c:	40020400 	.word	0x40020400
 8003460:	40020800 	.word	0x40020800
 8003464:	40020000 	.word	0x40020000

08003468 <HAL_RTC_MspInit>:
  * This function configures the hardware resources used in this example
  * @param hrtc: RTC handle pointer
  * @retval None
  */
void HAL_RTC_MspInit(RTC_HandleTypeDef* hrtc)
{
 8003468:	b500      	push	{lr}
 800346a:	b085      	sub	sp, #20
  RCC_PeriphCLKInitTypeDef PeriphClkInitStruct = {0};
 800346c:	2300      	movs	r3, #0
 800346e:	9300      	str	r3, [sp, #0]
 8003470:	9301      	str	r3, [sp, #4]
 8003472:	9302      	str	r3, [sp, #8]
 8003474:	9303      	str	r3, [sp, #12]
  if(hrtc->Instance==RTC)
 8003476:	6802      	ldr	r2, [r0, #0]
 8003478:	4b0b      	ldr	r3, [pc, #44]	@ (80034a8 <HAL_RTC_MspInit+0x40>)
 800347a:	429a      	cmp	r2, r3
 800347c:	d002      	beq.n	8003484 <HAL_RTC_MspInit+0x1c>

    /* USER CODE END RTC_MspInit 1 */

  }

}
 800347e:	b005      	add	sp, #20
 8003480:	f85d fb04 	ldr.w	pc, [sp], #4
    PeriphClkInitStruct.PeriphClockSelection = RCC_PERIPHCLK_RTC;
 8003484:	2302      	movs	r3, #2
 8003486:	9300      	str	r3, [sp, #0]
    PeriphClkInitStruct.RTCClockSelection = RCC_RTCCLKSOURCE_LSI;
 8003488:	f44f 7300 	mov.w	r3, #512	@ 0x200
 800348c:	9303      	str	r3, [sp, #12]
    if (HAL_RCCEx_PeriphCLKConfig(&PeriphClkInitStruct) != HAL_OK)
 800348e:	4668      	mov	r0, sp
 8003490:	f001 fb58 	bl	8004b44 <HAL_RCCEx_PeriphCLKConfig>
 8003494:	b920      	cbnz	r0, 80034a0 <HAL_RTC_MspInit+0x38>
    __HAL_RCC_RTC_ENABLE();
 8003496:	4b05      	ldr	r3, [pc, #20]	@ (80034ac <HAL_RTC_MspInit+0x44>)
 8003498:	2201      	movs	r2, #1
 800349a:	f8c3 2e3c 	str.w	r2, [r3, #3644]	@ 0xe3c
}
 800349e:	e7ee      	b.n	800347e <HAL_RTC_MspInit+0x16>
      Error_Handler();
 80034a0:	f7fd ff0e 	bl	80012c0 <Error_Handler>
 80034a4:	e7f7      	b.n	8003496 <HAL_RTC_MspInit+0x2e>
 80034a6:	bf00      	nop
 80034a8:	40002800 	.word	0x40002800
 80034ac:	42470000 	.word	0x42470000

080034b0 <HAL_SPI_MspInit>:
  * This function configures the hardware resources used in this example
  * @param hspi: SPI handle pointer
  * @retval None
  */
void HAL_SPI_MspInit(SPI_HandleTypeDef* hspi)
{
 80034b0:	e92d 41f0 	stmdb	sp!, {r4, r5, r6, r7, r8, lr}
 80034b4:	b08c      	sub	sp, #48	@ 0x30
  GPIO_InitTypeDef GPIO_InitStruct = {0};
 80034b6:	2300      	movs	r3, #0
 80034b8:	9307      	str	r3, [sp, #28]
 80034ba:	9308      	str	r3, [sp, #32]
 80034bc:	9309      	str	r3, [sp, #36]	@ 0x24
 80034be:	930a      	str	r3, [sp, #40]	@ 0x28
 80034c0:	930b      	str	r3, [sp, #44]	@ 0x2c
  if(hspi->Instance==SPI1)
 80034c2:	6803      	ldr	r3, [r0, #0]
 80034c4:	4a47      	ldr	r2, [pc, #284]	@ (80035e4 <HAL_SPI_MspInit+0x134>)
 80034c6:	4293      	cmp	r3, r2
 80034c8:	d008      	beq.n	80034dc <HAL_SPI_MspInit+0x2c>

    /* USER CODE BEGIN SPI1_MspInit 1 */

    /* USER CODE END SPI1_MspInit 1 */
  }
  else if(hspi->Instance==SPI2)
 80034ca:	4a47      	ldr	r2, [pc, #284]	@ (80035e8 <HAL_SPI_MspInit+0x138>)
 80034cc:	4293      	cmp	r3, r2
 80034ce:	d028      	beq.n	8003522 <HAL_SPI_MspInit+0x72>

    /* USER CODE BEGIN SPI2_MspInit 1 */

    /* USER CODE END SPI2_MspInit 1 */
  }
  else if(hspi->Instance==SPI3)
 80034d0:	4a46      	ldr	r2, [pc, #280]	@ (80035ec <HAL_SPI_MspInit+0x13c>)
 80034d2:	4293      	cmp	r3, r2
 80034d4:	d049      	beq.n	800356a <HAL_SPI_MspInit+0xba>
    /* USER CODE BEGIN SPI3_MspInit 1 */

    /* USER CODE END SPI3_MspInit 1 */
  }

}
 80034d6:	b00c      	add	sp, #48	@ 0x30
 80034d8:	e8bd 81f0 	ldmia.w	sp!, {r4, r5, r6, r7, r8, pc}
    __HAL_RCC_SPI1_CLK_ENABLE();
 80034dc:	2100      	movs	r1, #0
 80034de:	9100      	str	r1, [sp, #0]
 80034e0:	4b43      	ldr	r3, [pc, #268]	@ (80035f0 <HAL_SPI_MspInit+0x140>)
 80034e2:	6c5a      	ldr	r2, [r3, #68]	@ 0x44
 80034e4:	f442 5280 	orr.w	r2, r2, #4096	@ 0x1000
 80034e8:	645a      	str	r2, [r3, #68]	@ 0x44
 80034ea:	6c5a      	ldr	r2, [r3, #68]	@ 0x44
 80034ec:	f402 5280 	and.w	r2, r2, #4096	@ 0x1000
 80034f0:	9200      	str	r2, [sp, #0]
 80034f2:	9a00      	ldr	r2, [sp, #0]
    __HAL_RCC_GPIOA_CLK_ENABLE();
 80034f4:	9101      	str	r1, [sp, #4]
 80034f6:	6b1a      	ldr	r2, [r3, #48]	@ 0x30
 80034f8:	f042 0201 	orr.w	r2, r2, #1
 80034fc:	631a      	str	r2, [r3, #48]	@ 0x30
 80034fe:	6b1b      	ldr	r3, [r3, #48]	@ 0x30
 8003500:	f003 0301 	and.w	r3, r3, #1
 8003504:	9301      	str	r3, [sp, #4]
 8003506:	9b01      	ldr	r3, [sp, #4]
    GPIO_InitStruct.Pin = FLASH_SCK_Pin|FLASH_MISO_Pin|FLASH_MOSI_Pin;
 8003508:	23e0      	movs	r3, #224	@ 0xe0
 800350a:	9307      	str	r3, [sp, #28]
    GPIO_InitStruct.Mode = GPIO_MODE_AF_PP;
 800350c:	2302      	movs	r3, #2
 800350e:	9308      	str	r3, [sp, #32]
    GPIO_InitStruct.Speed = GPIO_SPEED_FREQ_VERY_HIGH;
 8003510:	2303      	movs	r3, #3
 8003512:	930a      	str	r3, [sp, #40]	@ 0x28
    GPIO_InitStruct.Alternate = GPIO_AF5_SPI1;
 8003514:	2305      	movs	r3, #5
 8003516:	930b      	str	r3, [sp, #44]	@ 0x2c
    HAL_GPIO_Init(GPIOA, &GPIO_InitStruct);
 8003518:	a907      	add	r1, sp, #28
 800351a:	4836      	ldr	r0, [pc, #216]	@ (80035f4 <HAL_SPI_MspInit+0x144>)
 800351c:	f7fe ff32 	bl	8002384 <HAL_GPIO_Init>
 8003520:	e7d9      	b.n	80034d6 <HAL_SPI_MspInit+0x26>
    __HAL_RCC_SPI2_CLK_ENABLE();
 8003522:	2100      	movs	r1, #0
 8003524:	9102      	str	r1, [sp, #8]
 8003526:	4b32      	ldr	r3, [pc, #200]	@ (80035f0 <HAL_SPI_MspInit+0x140>)
 8003528:	6c1a      	ldr	r2, [r3, #64]	@ 0x40
 800352a:	f442 4280 	orr.w	r2, r2, #16384	@ 0x4000
 800352e:	641a      	str	r2, [r3, #64]	@ 0x40
 8003530:	6c1a      	ldr	r2, [r3, #64]	@ 0x40
 8003532:	f402 4280 	and.w	r2, r2, #16384	@ 0x4000
 8003536:	9202      	str	r2, [sp, #8]
 8003538:	9a02      	ldr	r2, [sp, #8]
    __HAL_RCC_GPIOB_CLK_ENABLE();
 800353a:	9103      	str	r1, [sp, #12]
 800353c:	6b1a      	ldr	r2, [r3, #48]	@ 0x30
 800353e:	f042 0202 	orr.w	r2, r2, #2
 8003542:	631a      	str	r2, [r3, #48]	@ 0x30
 8003544:	6b1b      	ldr	r3, [r3, #48]	@ 0x30
 8003546:	f003 0302 	and.w	r3, r3, #2
 800354a:	9303      	str	r3, [sp, #12]
 800354c:	9b03      	ldr	r3, [sp, #12]
    GPIO_InitStruct.Pin = IMU_NSS_Pin|IMU_SCK_Pin|IMU_MISO_Pin|IMU_MOSI_Pin;
 800354e:	f44f 4370 	mov.w	r3, #61440	@ 0xf000
 8003552:	9307      	str	r3, [sp, #28]
    GPIO_InitStruct.Mode = GPIO_MODE_AF_PP;
 8003554:	2302      	movs	r3, #2
 8003556:	9308      	str	r3, [sp, #32]
    GPIO_InitStruct.Speed = GPIO_SPEED_FREQ_VERY_HIGH;
 8003558:	2303      	movs	r3, #3
 800355a:	930a      	str	r3, [sp, #40]	@ 0x28
    GPIO_InitStruct.Alternate = GPIO_AF5_SPI2;
 800355c:	2305      	movs	r3, #5
 800355e:	930b      	str	r3, [sp, #44]	@ 0x2c
    HAL_GPIO_Init(GPIOB, &GPIO_InitStruct);
 8003560:	a907      	add	r1, sp, #28
 8003562:	4825      	ldr	r0, [pc, #148]	@ (80035f8 <HAL_SPI_MspInit+0x148>)
 8003564:	f7fe ff0e 	bl	8002384 <HAL_GPIO_Init>
 8003568:	e7b5      	b.n	80034d6 <HAL_SPI_MspInit+0x26>
    __HAL_RCC_SPI3_CLK_ENABLE();
 800356a:	2400      	movs	r4, #0
 800356c:	9404      	str	r4, [sp, #16]
 800356e:	4b20      	ldr	r3, [pc, #128]	@ (80035f0 <HAL_SPI_MspInit+0x140>)
 8003570:	6c1a      	ldr	r2, [r3, #64]	@ 0x40
 8003572:	f442 4200 	orr.w	r2, r2, #32768	@ 0x8000
 8003576:	641a      	str	r2, [r3, #64]	@ 0x40
 8003578:	6c1a      	ldr	r2, [r3, #64]	@ 0x40
 800357a:	f402 4200 	and.w	r2, r2, #32768	@ 0x8000
 800357e:	9204      	str	r2, [sp, #16]
 8003580:	9a04      	ldr	r2, [sp, #16]
    __HAL_RCC_GPIOA_CLK_ENABLE();
 8003582:	9405      	str	r4, [sp, #20]
 8003584:	6b1a      	ldr	r2, [r3, #48]	@ 0x30
 8003586:	f042 0201 	orr.w	r2, r2, #1
 800358a:	631a      	str	r2, [r3, #48]	@ 0x30
 800358c:	6b1a      	ldr	r2, [r3, #48]	@ 0x30
 800358e:	f002 0201 	and.w	r2, r2, #1
 8003592:	9205      	str	r2, [sp, #20]
 8003594:	9a05      	ldr	r2, [sp, #20]
    __HAL_RCC_GPIOC_CLK_ENABLE();
 8003596:	9406      	str	r4, [sp, #24]
 8003598:	6b1a      	ldr	r2, [r3, #48]	@ 0x30
 800359a:	f042 0204 	orr.w	r2, r2, #4
 800359e:	631a      	str	r2, [r3, #48]	@ 0x30
 80035a0:	6b1b      	ldr	r3, [r3, #48]	@ 0x30
 80035a2:	f003 0304 	and.w	r3, r3, #4
 80035a6:	9306      	str	r3, [sp, #24]
 80035a8:	9b06      	ldr	r3, [sp, #24]
    GPIO_InitStruct.Pin = LORA_NSS_Pin;
 80035aa:	f44f 4300 	mov.w	r3, #32768	@ 0x8000
 80035ae:	9307      	str	r3, [sp, #28]
    GPIO_InitStruct.Mode = GPIO_MODE_AF_PP;
 80035b0:	f04f 0802 	mov.w	r8, #2
 80035b4:	f8cd 8020 	str.w	r8, [sp, #32]
    GPIO_InitStruct.Speed = GPIO_SPEED_FREQ_VERY_HIGH;
 80035b8:	2703      	movs	r7, #3
 80035ba:	970a      	str	r7, [sp, #40]	@ 0x28
    GPIO_InitStruct.Alternate = GPIO_AF6_SPI3;
 80035bc:	2606      	movs	r6, #6
 80035be:	960b      	str	r6, [sp, #44]	@ 0x2c
    HAL_GPIO_Init(LORA_NSS_GPIO_Port, &GPIO_InitStruct);
 80035c0:	ad07      	add	r5, sp, #28
 80035c2:	4629      	mov	r1, r5
 80035c4:	480b      	ldr	r0, [pc, #44]	@ (80035f4 <HAL_SPI_MspInit+0x144>)
 80035c6:	f7fe fedd 	bl	8002384 <HAL_GPIO_Init>
    GPIO_InitStruct.Pin = LORA_SCK_Pin|LORA_MISO_Pin|LORA_MOSI_Pin;
 80035ca:	f44f 53e0 	mov.w	r3, #7168	@ 0x1c00
 80035ce:	9307      	str	r3, [sp, #28]
    GPIO_InitStruct.Mode = GPIO_MODE_AF_PP;
 80035d0:	f8cd 8020 	str.w	r8, [sp, #32]
    GPIO_InitStruct.Pull = GPIO_NOPULL;
 80035d4:	9409      	str	r4, [sp, #36]	@ 0x24
    GPIO_InitStruct.Speed = GPIO_SPEED_FREQ_VERY_HIGH;
 80035d6:	970a      	str	r7, [sp, #40]	@ 0x28
    GPIO_InitStruct.Alternate = GPIO_AF6_SPI3;
 80035d8:	960b      	str	r6, [sp, #44]	@ 0x2c
    HAL_GPIO_Init(GPIOC, &GPIO_InitStruct);
 80035da:	4629      	mov	r1, r5
 80035dc:	4807      	ldr	r0, [pc, #28]	@ (80035fc <HAL_SPI_MspInit+0x14c>)
 80035de:	f7fe fed1 	bl	8002384 <HAL_GPIO_Init>
}
 80035e2:	e778      	b.n	80034d6 <HAL_SPI_MspInit+0x26>
 80035e4:	40013000 	.word	0x40013000
 80035e8:	40003800 	.word	0x40003800
 80035ec:	40003c00 	.word	0x40003c00
 80035f0:	40023800 	.word	0x40023800
 80035f4:	40020000 	.word	0x40020000
 80035f8:	40020400 	.word	0x40020400
 80035fc:	40020800 	.word	0x40020800

08003600 <HAL_TIM_Base_MspInit>:
  * This function configures the hardware resources used in this example
  * @param htim_base: TIM_Base handle pointer
  * @retval None
  */
void HAL_TIM_Base_MspInit(TIM_HandleTypeDef* htim_base)
{
 8003600:	b510      	push	{r4, lr}
 8003602:	b084      	sub	sp, #16
  if(htim_base->Instance==TIM3)
 8003604:	6803      	ldr	r3, [r0, #0]
 8003606:	4a2f      	ldr	r2, [pc, #188]	@ (80036c4 <HAL_TIM_Base_MspInit+0xc4>)
 8003608:	4293      	cmp	r3, r2
 800360a:	d007      	beq.n	800361c <HAL_TIM_Base_MspInit+0x1c>
    HAL_NVIC_EnableIRQ(TIM3_IRQn);
    /* USER CODE BEGIN TIM3_MspInit 1 */

    /* USER CODE END TIM3_MspInit 1 */
  }
  else if(htim_base->Instance==TIM4)
 800360c:	4a2e      	ldr	r2, [pc, #184]	@ (80036c8 <HAL_TIM_Base_MspInit+0xc8>)
 800360e:	4293      	cmp	r3, r2
 8003610:	d03d      	beq.n	800368e <HAL_TIM_Base_MspInit+0x8e>
    __HAL_RCC_TIM4_CLK_ENABLE();
    /* USER CODE BEGIN TIM4_MspInit 1 */

    /* USER CODE END TIM4_MspInit 1 */
  }
  else if(htim_base->Instance==TIM5)
 8003612:	4a2e      	ldr	r2, [pc, #184]	@ (80036cc <HAL_TIM_Base_MspInit+0xcc>)
 8003614:	4293      	cmp	r3, r2
 8003616:	d047      	beq.n	80036a8 <HAL_TIM_Base_MspInit+0xa8>
    /* USER CODE BEGIN TIM5_MspInit 1 */

    /* USER CODE END TIM5_MspInit 1 */
  }

}
 8003618:	b004      	add	sp, #16
 800361a:	bd10      	pop	{r4, pc}
 800361c:	4604      	mov	r4, r0
    __HAL_RCC_TIM3_CLK_ENABLE();
 800361e:	2300      	movs	r3, #0
 8003620:	9301      	str	r3, [sp, #4]
 8003622:	f502 320d 	add.w	r2, r2, #144384	@ 0x23400
 8003626:	6c11      	ldr	r1, [r2, #64]	@ 0x40
 8003628:	f041 0102 	orr.w	r1, r1, #2
 800362c:	6411      	str	r1, [r2, #64]	@ 0x40
 800362e:	6c12      	ldr	r2, [r2, #64]	@ 0x40
 8003630:	f002 0202 	and.w	r2, r2, #2
 8003634:	9201      	str	r2, [sp, #4]
 8003636:	9a01      	ldr	r2, [sp, #4]
    hdma_tim3_ch1_trig.Instance = DMA1_Stream4;
 8003638:	4825      	ldr	r0, [pc, #148]	@ (80036d0 <HAL_TIM_Base_MspInit+0xd0>)
 800363a:	4a26      	ldr	r2, [pc, #152]	@ (80036d4 <HAL_TIM_Base_MspInit+0xd4>)
 800363c:	6002      	str	r2, [r0, #0]
    hdma_tim3_ch1_trig.Init.Channel = DMA_CHANNEL_5;
 800363e:	f04f 6220 	mov.w	r2, #167772160	@ 0xa000000
 8003642:	6042      	str	r2, [r0, #4]
    hdma_tim3_ch1_trig.Init.Direction = DMA_MEMORY_TO_PERIPH;
 8003644:	2240      	movs	r2, #64	@ 0x40
 8003646:	6082      	str	r2, [r0, #8]
    hdma_tim3_ch1_trig.Init.PeriphInc = DMA_PINC_DISABLE;
 8003648:	60c3      	str	r3, [r0, #12]
    hdma_tim3_ch1_trig.Init.MemInc = DMA_MINC_ENABLE;
 800364a:	f44f 6280 	mov.w	r2, #1024	@ 0x400
 800364e:	6102      	str	r2, [r0, #16]
    hdma_tim3_ch1_trig.Init.PeriphDataAlignment = DMA_PDATAALIGN_WORD;
 8003650:	f44f 5280 	mov.w	r2, #4096	@ 0x1000
 8003654:	6142      	str	r2, [r0, #20]
    hdma_tim3_ch1_trig.Init.MemDataAlignment = DMA_MDATAALIGN_WORD;
 8003656:	f44f 4280 	mov.w	r2, #16384	@ 0x4000
 800365a:	6182      	str	r2, [r0, #24]
    hdma_tim3_ch1_trig.Init.Mode = DMA_NORMAL;
 800365c:	61c3      	str	r3, [r0, #28]
    hdma_tim3_ch1_trig.Init.Priority = DMA_PRIORITY_VERY_HIGH;
 800365e:	f44f 3240 	mov.w	r2, #196608	@ 0x30000
 8003662:	6202      	str	r2, [r0, #32]
    hdma_tim3_ch1_trig.Init.FIFOMode = DMA_FIFOMODE_DISABLE;
 8003664:	6243      	str	r3, [r0, #36]	@ 0x24
    if (HAL_DMA_Init(&hdma_tim3_ch1_trig) != HAL_OK)
 8003666:	f7fe fcf3 	bl	8002050 <HAL_DMA_Init>
 800366a:	b968      	cbnz	r0, 8003688 <HAL_TIM_Base_MspInit+0x88>
    __HAL_LINKDMA(htim_base,hdma[TIM_DMA_ID_CC1],hdma_tim3_ch1_trig);
 800366c:	4b18      	ldr	r3, [pc, #96]	@ (80036d0 <HAL_TIM_Base_MspInit+0xd0>)
 800366e:	6263      	str	r3, [r4, #36]	@ 0x24
 8003670:	639c      	str	r4, [r3, #56]	@ 0x38
    __HAL_LINKDMA(htim_base,hdma[TIM_DMA_ID_TRIGGER],hdma_tim3_ch1_trig);
 8003672:	63a3      	str	r3, [r4, #56]	@ 0x38
 8003674:	639c      	str	r4, [r3, #56]	@ 0x38
    HAL_NVIC_SetPriority(TIM3_IRQn, 0, 0);
 8003676:	2200      	movs	r2, #0
 8003678:	4611      	mov	r1, r2
 800367a:	201d      	movs	r0, #29
 800367c:	f7fe fc34 	bl	8001ee8 <HAL_NVIC_SetPriority>
    HAL_NVIC_EnableIRQ(TIM3_IRQn);
 8003680:	201d      	movs	r0, #29
 8003682:	f7fe fc41 	bl	8001f08 <HAL_NVIC_EnableIRQ>
 8003686:	e7c7      	b.n	8003618 <HAL_TIM_Base_MspInit+0x18>
      Error_Handler();
 8003688:	f7fd fe1a 	bl	80012c0 <Error_Handler>
 800368c:	e7ee      	b.n	800366c <HAL_TIM_Base_MspInit+0x6c>
    __HAL_RCC_TIM4_CLK_ENABLE();
 800368e:	2300      	movs	r3, #0
 8003690:	9302      	str	r3, [sp, #8]
 8003692:	4b11      	ldr	r3, [pc, #68]	@ (80036d8 <HAL_TIM_Base_MspInit+0xd8>)
 8003694:	6c1a      	ldr	r2, [r3, #64]	@ 0x40
 8003696:	f042 0204 	orr.w	r2, r2, #4
 800369a:	641a      	str	r2, [r3, #64]	@ 0x40
 800369c:	6c1b      	ldr	r3, [r3, #64]	@ 0x40
 800369e:	f003 0304 	and.w	r3, r3, #4
 80036a2:	9302      	str	r3, [sp, #8]
 80036a4:	9b02      	ldr	r3, [sp, #8]
 80036a6:	e7b7      	b.n	8003618 <HAL_TIM_Base_MspInit+0x18>
    __HAL_RCC_TIM5_CLK_ENABLE();
 80036a8:	2300      	movs	r3, #0
 80036aa:	9303      	str	r3, [sp, #12]
 80036ac:	4b0a      	ldr	r3, [pc, #40]	@ (80036d8 <HAL_TIM_Base_MspInit+0xd8>)
 80036ae:	6c1a      	ldr	r2, [r3, #64]	@ 0x40
 80036b0:	f042 0208 	orr.w	r2, r2, #8
 80036b4:	641a      	str	r2, [r3, #64]	@ 0x40
 80036b6:	6c1b      	ldr	r3, [r3, #64]	@ 0x40
 80036b8:	f003 0308 	and.w	r3, r3, #8
 80036bc:	9303      	str	r3, [sp, #12]
 80036be:	9b03      	ldr	r3, [sp, #12]
}
 80036c0:	e7aa      	b.n	8003618 <HAL_TIM_Base_MspInit+0x18>
 80036c2:	bf00      	nop
 80036c4:	40000400 	.word	0x40000400
 80036c8:	40000800 	.word	0x40000800
 80036cc:	40000c00 	.word	0x40000c00
 80036d0:	20000220 	.word	0x20000220
 80036d4:	40026070 	.word	0x40026070
 80036d8:	40023800 	.word	0x40023800

080036dc <HAL_TIM_MspPostInit>:

void HAL_TIM_MspPostInit(TIM_HandleTypeDef* htim)
{
 80036dc:	b500      	push	{lr}
 80036de:	b089      	sub	sp, #36	@ 0x24
  GPIO_InitTypeDef GPIO_InitStruct = {0};
 80036e0:	2300      	movs	r3, #0
 80036e2:	9303      	str	r3, [sp, #12]
 80036e4:	9304      	str	r3, [sp, #16]
 80036e6:	9305      	str	r3, [sp, #20]
 80036e8:	9306      	str	r3, [sp, #24]
 80036ea:	9307      	str	r3, [sp, #28]
  if(htim->Instance==TIM3)
 80036ec:	6803      	ldr	r3, [r0, #0]
 80036ee:	4a27      	ldr	r2, [pc, #156]	@ (800378c <HAL_TIM_MspPostInit+0xb0>)
 80036f0:	4293      	cmp	r3, r2
 80036f2:	d008      	beq.n	8003706 <HAL_TIM_MspPostInit+0x2a>

    /* USER CODE BEGIN TIM3_MspPostInit 1 */

    /* USER CODE END TIM3_MspPostInit 1 */
  }
  else if(htim->Instance==TIM4)
 80036f4:	4a26      	ldr	r2, [pc, #152]	@ (8003790 <HAL_TIM_MspPostInit+0xb4>)
 80036f6:	4293      	cmp	r3, r2
 80036f8:	d01b      	beq.n	8003732 <HAL_TIM_MspPostInit+0x56>

    /* USER CODE BEGIN TIM4_MspPostInit 1 */

    /* USER CODE END TIM4_MspPostInit 1 */
  }
  else if(htim->Instance==TIM5)
 80036fa:	4a26      	ldr	r2, [pc, #152]	@ (8003794 <HAL_TIM_MspPostInit+0xb8>)
 80036fc:	4293      	cmp	r3, r2
 80036fe:	d02f      	beq.n	8003760 <HAL_TIM_MspPostInit+0x84>
    /* USER CODE BEGIN TIM5_MspPostInit 1 */

    /* USER CODE END TIM5_MspPostInit 1 */
  }

}
 8003700:	b009      	add	sp, #36	@ 0x24
 8003702:	f85d fb04 	ldr.w	pc, [sp], #4
    __HAL_RCC_GPIOB_CLK_ENABLE();
 8003706:	2300      	movs	r3, #0
 8003708:	9300      	str	r3, [sp, #0]
 800370a:	4b23      	ldr	r3, [pc, #140]	@ (8003798 <HAL_TIM_MspPostInit+0xbc>)
 800370c:	6b1a      	ldr	r2, [r3, #48]	@ 0x30
 800370e:	f042 0202 	orr.w	r2, r2, #2
 8003712:	631a      	str	r2, [r3, #48]	@ 0x30
 8003714:	6b1b      	ldr	r3, [r3, #48]	@ 0x30
 8003716:	f003 0302 	and.w	r3, r3, #2
 800371a:	9300      	str	r3, [sp, #0]
 800371c:	9b00      	ldr	r3, [sp, #0]
    GPIO_InitStruct.Pin = LED_Pin;
 800371e:	2310      	movs	r3, #16
 8003720:	9303      	str	r3, [sp, #12]
    GPIO_InitStruct.Mode = GPIO_MODE_AF_PP;
 8003722:	2302      	movs	r3, #2
 8003724:	9304      	str	r3, [sp, #16]
    GPIO_InitStruct.Alternate = GPIO_AF2_TIM3;
 8003726:	9307      	str	r3, [sp, #28]
    HAL_GPIO_Init(LED_GPIO_Port, &GPIO_InitStruct);
 8003728:	a903      	add	r1, sp, #12
 800372a:	481c      	ldr	r0, [pc, #112]	@ (800379c <HAL_TIM_MspPostInit+0xc0>)
 800372c:	f7fe fe2a 	bl	8002384 <HAL_GPIO_Init>
 8003730:	e7e6      	b.n	8003700 <HAL_TIM_MspPostInit+0x24>
    __HAL_RCC_GPIOB_CLK_ENABLE();
 8003732:	2300      	movs	r3, #0
 8003734:	9301      	str	r3, [sp, #4]
 8003736:	4b18      	ldr	r3, [pc, #96]	@ (8003798 <HAL_TIM_MspPostInit+0xbc>)
 8003738:	6b1a      	ldr	r2, [r3, #48]	@ 0x30
 800373a:	f042 0202 	orr.w	r2, r2, #2
 800373e:	631a      	str	r2, [r3, #48]	@ 0x30
 8003740:	6b1b      	ldr	r3, [r3, #48]	@ 0x30
 8003742:	f003 0302 	and.w	r3, r3, #2
 8003746:	9301      	str	r3, [sp, #4]
 8003748:	9b01      	ldr	r3, [sp, #4]
    GPIO_InitStruct.Pin = SERVO5_Pin|SERVO6_Pin;
 800374a:	f44f 7340 	mov.w	r3, #768	@ 0x300
 800374e:	9303      	str	r3, [sp, #12]
    GPIO_InitStruct.Mode = GPIO_MODE_AF_PP;
 8003750:	2302      	movs	r3, #2
 8003752:	9304      	str	r3, [sp, #16]
    GPIO_InitStruct.Alternate = GPIO_AF2_TIM4;
 8003754:	9307      	str	r3, [sp, #28]
    HAL_GPIO_Init(GPIOB, &GPIO_InitStruct);
 8003756:	a903      	add	r1, sp, #12
 8003758:	4810      	ldr	r0, [pc, #64]	@ (800379c <HAL_TIM_MspPostInit+0xc0>)
 800375a:	f7fe fe13 	bl	8002384 <HAL_GPIO_Init>
 800375e:	e7cf      	b.n	8003700 <HAL_TIM_MspPostInit+0x24>
    __HAL_RCC_GPIOA_CLK_ENABLE();
 8003760:	2300      	movs	r3, #0
 8003762:	9302      	str	r3, [sp, #8]
 8003764:	4b0c      	ldr	r3, [pc, #48]	@ (8003798 <HAL_TIM_MspPostInit+0xbc>)
 8003766:	6b1a      	ldr	r2, [r3, #48]	@ 0x30
 8003768:	f042 0201 	orr.w	r2, r2, #1
 800376c:	631a      	str	r2, [r3, #48]	@ 0x30
 800376e:	6b1b      	ldr	r3, [r3, #48]	@ 0x30
 8003770:	f003 0301 	and.w	r3, r3, #1
 8003774:	9302      	str	r3, [sp, #8]
 8003776:	9b02      	ldr	r3, [sp, #8]
    GPIO_InitStruct.Pin = SERVO1_Pin|SERVO2_Pin|SERVO3_Pin|SERVO4_Pin;
 8003778:	230f      	movs	r3, #15
 800377a:	9303      	str	r3, [sp, #12]
    GPIO_InitStruct.Mode = GPIO_MODE_AF_PP;
 800377c:	2302      	movs	r3, #2
 800377e:	9304      	str	r3, [sp, #16]
    GPIO_InitStruct.Alternate = GPIO_AF2_TIM5;
 8003780:	9307      	str	r3, [sp, #28]
    HAL_GPIO_Init(GPIOA, &GPIO_InitStruct);
 8003782:	a903      	add	r1, sp, #12
 8003784:	4806      	ldr	r0, [pc, #24]	@ (80037a0 <HAL_TIM_MspPostInit+0xc4>)
 8003786:	f7fe fdfd 	bl	8002384 <HAL_GPIO_Init>
}
 800378a:	e7b9      	b.n	8003700 <HAL_TIM_MspPostInit+0x24>
 800378c:	40000400 	.word	0x40000400
 8003790:	40000800 	.word	0x40000800
 8003794:	40000c00 	.word	0x40000c00
 8003798:	40023800 	.word	0x40023800
 800379c:	40020400 	.word	0x40020400
 80037a0:	40020000 	.word	0x40020000

080037a4 <HAL_UART_MspInit>:
  * This function configures the hardware resources used in this example
  * @param huart: UART handle pointer
  * @retval None
  */
void HAL_UART_MspInit(UART_HandleTypeDef* huart)
{
 80037a4:	b500      	push	{lr}
 80037a6:	b089      	sub	sp, #36	@ 0x24
  GPIO_InitTypeDef GPIO_InitStruct = {0};
 80037a8:	2300      	movs	r3, #0
 80037aa:	9303      	str	r3, [sp, #12]
 80037ac:	9304      	str	r3, [sp, #16]
 80037ae:	9305      	str	r3, [sp, #20]
 80037b0:	9306      	str	r3, [sp, #24]
 80037b2:	9307      	str	r3, [sp, #28]
  if(huart->Instance==USART1)
 80037b4:	6802      	ldr	r2, [r0, #0]
 80037b6:	f103 4380 	add.w	r3, r3, #1073741824	@ 0x40000000
 80037ba:	f503 3388 	add.w	r3, r3, #69632	@ 0x11000
 80037be:	429a      	cmp	r2, r3
 80037c0:	d002      	beq.n	80037c8 <HAL_UART_MspInit+0x24>

    /* USER CODE END USART1_MspInit 1 */

  }

}
 80037c2:	b009      	add	sp, #36	@ 0x24
 80037c4:	f85d fb04 	ldr.w	pc, [sp], #4
    __HAL_RCC_USART1_CLK_ENABLE();
 80037c8:	2100      	movs	r1, #0
 80037ca:	9101      	str	r1, [sp, #4]
 80037cc:	f503 3394 	add.w	r3, r3, #75776	@ 0x12800
 80037d0:	6c5a      	ldr	r2, [r3, #68]	@ 0x44
 80037d2:	f042 0210 	orr.w	r2, r2, #16
 80037d6:	645a      	str	r2, [r3, #68]	@ 0x44
 80037d8:	6c5a      	ldr	r2, [r3, #68]	@ 0x44
 80037da:	f002 0210 	and.w	r2, r2, #16
 80037de:	9201      	str	r2, [sp, #4]
 80037e0:	9a01      	ldr	r2, [sp, #4]
    __HAL_RCC_GPIOA_CLK_ENABLE();
 80037e2:	9102      	str	r1, [sp, #8]
 80037e4:	6b1a      	ldr	r2, [r3, #48]	@ 0x30
 80037e6:	f042 0201 	orr.w	r2, r2, #1
 80037ea:	631a      	str	r2, [r3, #48]	@ 0x30
 80037ec:	6b1b      	ldr	r3, [r3, #48]	@ 0x30
 80037ee:	f003 0301 	and.w	r3, r3, #1
 80037f2:	9302      	str	r3, [sp, #8]
 80037f4:	9b02      	ldr	r3, [sp, #8]
    GPIO_InitStruct.Pin = GPS_TX_Pin|GPS_RX_Pin;
 80037f6:	f44f 63c0 	mov.w	r3, #1536	@ 0x600
 80037fa:	9303      	str	r3, [sp, #12]
    GPIO_InitStruct.Mode = GPIO_MODE_AF_PP;
 80037fc:	2302      	movs	r3, #2
 80037fe:	9304      	str	r3, [sp, #16]
    GPIO_InitStruct.Speed = GPIO_SPEED_FREQ_VERY_HIGH;
 8003800:	2303      	movs	r3, #3
 8003802:	9306      	str	r3, [sp, #24]
    GPIO_InitStruct.Alternate = GPIO_AF7_USART1;
 8003804:	2307      	movs	r3, #7
 8003806:	9307      	str	r3, [sp, #28]
    HAL_GPIO_Init(GPIOA, &GPIO_InitStruct);
 8003808:	a903      	add	r1, sp, #12
 800380a:	4802      	ldr	r0, [pc, #8]	@ (8003814 <HAL_UART_MspInit+0x70>)
 800380c:	f7fe fdba 	bl	8002384 <HAL_GPIO_Init>
}
 8003810:	e7d7      	b.n	80037c2 <HAL_UART_MspInit+0x1e>
 8003812:	bf00      	nop
 8003814:	40020000 	.word	0x40020000

08003818 <PCD_WriteEmptyTxFifo>:
  * @param  hpcd PCD handle
  * @param  epnum endpoint number
  * @retval HAL status
  */
static HAL_StatusTypeDef PCD_WriteEmptyTxFifo(PCD_HandleTypeDef *hpcd, uint32_t epnum)
{
 8003818:	e92d 43f0 	stmdb	sp!, {r4, r5, r6, r7, r8, r9, lr}
 800381c:	b083      	sub	sp, #12
  USB_OTG_GlobalTypeDef *USBx = hpcd->Instance;
 800381e:	f8d0 8000 	ldr.w	r8, [r0]
  uint32_t len32b;
  uint32_t fifoemptymsk;

  ep = &hpcd->IN_ep[epnum];

  if (ep->xfer_count > ep->xfer_len)
 8003822:	eb01 03c1 	add.w	r3, r1, r1, lsl #3
 8003826:	eb00 0383 	add.w	r3, r0, r3, lsl #2
 800382a:	6a9a      	ldr	r2, [r3, #40]	@ 0x28
 800382c:	6a5b      	ldr	r3, [r3, #36]	@ 0x24
 800382e:	429a      	cmp	r2, r3
 8003830:	d854      	bhi.n	80038dc <PCD_WriteEmptyTxFifo+0xc4>
 8003832:	4607      	mov	r7, r0
 8003834:	460c      	mov	r4, r1
  {
    return HAL_ERROR;
  }

  len = ep->xfer_len - ep->xfer_count;
 8003836:	1a9b      	subs	r3, r3, r2

  if (len > ep->maxpacket)
 8003838:	eb01 02c1 	add.w	r2, r1, r1, lsl #3
 800383c:	eb00 0282 	add.w	r2, r0, r2, lsl #2
 8003840:	69d2      	ldr	r2, [r2, #28]
 8003842:	429a      	cmp	r2, r3
 8003844:	d300      	bcc.n	8003848 <PCD_WriteEmptyTxFifo+0x30>
  len = ep->xfer_len - ep->xfer_count;
 8003846:	461a      	mov	r2, r3
  {
    len = ep->maxpacket;
  }

  len32b = (len + 3U) / 4U;
 8003848:	f102 0903 	add.w	r9, r2, #3
 800384c:	ea4f 0999 	mov.w	r9, r9, lsr #2

  while (((USBx_INEP(epnum)->DTXFSTS & USB_OTG_DTXFSTS_INEPTFSAV) >= len32b) &&
 8003850:	e015      	b.n	800387e <PCD_WriteEmptyTxFifo+0x66>

    if (len > ep->maxpacket)
    {
      len = ep->maxpacket;
    }
    len32b = (len + 3U) / 4U;
 8003852:	f106 0903 	add.w	r9, r6, #3
 8003856:	ea4f 0999 	mov.w	r9, r9, lsr #2

    (void)USB_WritePacket(USBx, ep->xfer_buff, (uint8_t)epnum, (uint16_t)len,
                          (uint8_t)hpcd->Init.dma_enable);
 800385a:	79bb      	ldrb	r3, [r7, #6]
    (void)USB_WritePacket(USBx, ep->xfer_buff, (uint8_t)epnum, (uint16_t)len,
 800385c:	eb04 05c4 	add.w	r5, r4, r4, lsl #3
 8003860:	eb07 0585 	add.w	r5, r7, r5, lsl #2
 8003864:	6a29      	ldr	r1, [r5, #32]
 8003866:	9300      	str	r3, [sp, #0]
 8003868:	b2b3      	uxth	r3, r6
 800386a:	b2e2      	uxtb	r2, r4
 800386c:	4640      	mov	r0, r8
 800386e:	f003 f9ca 	bl	8006c06 <USB_WritePacket>

    ep->xfer_buff  += len;
 8003872:	6a2b      	ldr	r3, [r5, #32]
 8003874:	4433      	add	r3, r6
 8003876:	622b      	str	r3, [r5, #32]
    ep->xfer_count += len;
 8003878:	6aab      	ldr	r3, [r5, #40]	@ 0x28
 800387a:	4433      	add	r3, r6
 800387c:	62ab      	str	r3, [r5, #40]	@ 0x28
  while (((USBx_INEP(epnum)->DTXFSTS & USB_OTG_DTXFSTS_INEPTFSAV) >= len32b) &&
 800387e:	eb08 1344 	add.w	r3, r8, r4, lsl #5
 8003882:	f503 6310 	add.w	r3, r3, #2304	@ 0x900
 8003886:	699b      	ldr	r3, [r3, #24]
 8003888:	b29b      	uxth	r3, r3
         (ep->xfer_count < ep->xfer_len) && (ep->xfer_len != 0U))
 800388a:	454b      	cmp	r3, r9
 800388c:	d312      	bcc.n	80038b4 <PCD_WriteEmptyTxFifo+0x9c>
 800388e:	eb04 03c4 	add.w	r3, r4, r4, lsl #3
 8003892:	eb07 0383 	add.w	r3, r7, r3, lsl #2
 8003896:	6a9a      	ldr	r2, [r3, #40]	@ 0x28
 8003898:	6a5b      	ldr	r3, [r3, #36]	@ 0x24
  while (((USBx_INEP(epnum)->DTXFSTS & USB_OTG_DTXFSTS_INEPTFSAV) >= len32b) &&
 800389a:	429a      	cmp	r2, r3
 800389c:	d20a      	bcs.n	80038b4 <PCD_WriteEmptyTxFifo+0x9c>
         (ep->xfer_count < ep->xfer_len) && (ep->xfer_len != 0U))
 800389e:	b14b      	cbz	r3, 80038b4 <PCD_WriteEmptyTxFifo+0x9c>
    len = ep->xfer_len - ep->xfer_count;
 80038a0:	1a9b      	subs	r3, r3, r2
    if (len > ep->maxpacket)
 80038a2:	eb04 02c4 	add.w	r2, r4, r4, lsl #3
 80038a6:	eb07 0282 	add.w	r2, r7, r2, lsl #2
 80038aa:	69d6      	ldr	r6, [r2, #28]
 80038ac:	429e      	cmp	r6, r3
 80038ae:	d3d0      	bcc.n	8003852 <PCD_WriteEmptyTxFifo+0x3a>
    len = ep->xfer_len - ep->xfer_count;
 80038b0:	461e      	mov	r6, r3
 80038b2:	e7ce      	b.n	8003852 <PCD_WriteEmptyTxFifo+0x3a>
  }

  if (ep->xfer_len <= ep->xfer_count)
 80038b4:	eb04 03c4 	add.w	r3, r4, r4, lsl #3
 80038b8:	eb07 0783 	add.w	r7, r7, r3, lsl #2
 80038bc:	6a7a      	ldr	r2, [r7, #36]	@ 0x24
 80038be:	6abb      	ldr	r3, [r7, #40]	@ 0x28
 80038c0:	429a      	cmp	r2, r3
 80038c2:	d80f      	bhi.n	80038e4 <PCD_WriteEmptyTxFifo+0xcc>
  {
    fifoemptymsk = (uint32_t)(0x1UL << (epnum & EP_ADDR_MSK));
 80038c4:	f004 040f 	and.w	r4, r4, #15
 80038c8:	2201      	movs	r2, #1
 80038ca:	40a2      	lsls	r2, r4
    USBx_DEVICE->DIEPEMPMSK &= ~fifoemptymsk;
 80038cc:	f8d8 3834 	ldr.w	r3, [r8, #2100]	@ 0x834
 80038d0:	ea23 0302 	bic.w	r3, r3, r2
 80038d4:	f8c8 3834 	str.w	r3, [r8, #2100]	@ 0x834
  }

  return HAL_OK;
 80038d8:	2000      	movs	r0, #0
 80038da:	e000      	b.n	80038de <PCD_WriteEmptyTxFifo+0xc6>
    return HAL_ERROR;
 80038dc:	2001      	movs	r0, #1
}
 80038de:	b003      	add	sp, #12
 80038e0:	e8bd 83f0 	ldmia.w	sp!, {r4, r5, r6, r7, r8, r9, pc}
  return HAL_OK;
 80038e4:	2000      	movs	r0, #0
 80038e6:	e7fa      	b.n	80038de <PCD_WriteEmptyTxFifo+0xc6>

080038e8 <HAL_PCD_Init>:
{
 80038e8:	b530      	push	{r4, r5, lr}
 80038ea:	b083      	sub	sp, #12
  if (hpcd == NULL)
 80038ec:	2800      	cmp	r0, #0
 80038ee:	d07a      	beq.n	80039e6 <HAL_PCD_Init+0xfe>
 80038f0:	4604      	mov	r4, r0
  USBx = hpcd->Instance;
 80038f2:	6805      	ldr	r5, [r0, #0]
  if (hpcd->State == HAL_PCD_STATE_RESET)
 80038f4:	f890 3495 	ldrb.w	r3, [r0, #1173]	@ 0x495
 80038f8:	b1c3      	cbz	r3, 800392c <HAL_PCD_Init+0x44>
  hpcd->State = HAL_PCD_STATE_BUSY;
 80038fa:	2303      	movs	r3, #3
 80038fc:	f884 3495 	strb.w	r3, [r4, #1173]	@ 0x495
  if (USBx == USB_OTG_FS)
 8003900:	f1b5 4fa0 	cmp.w	r5, #1342177280	@ 0x50000000
 8003904:	d017      	beq.n	8003936 <HAL_PCD_Init+0x4e>
  __HAL_PCD_DISABLE(hpcd);
 8003906:	6820      	ldr	r0, [r4, #0]
 8003908:	f002 ff2e 	bl	8006768 <USB_DisableGlobalInt>
  if (USB_CoreInit(hpcd->Instance, hpcd->Init) != HAL_OK)
 800390c:	7c23      	ldrb	r3, [r4, #16]
 800390e:	f88d 3000 	strb.w	r3, [sp]
 8003912:	1d23      	adds	r3, r4, #4
 8003914:	cb0e      	ldmia	r3, {r1, r2, r3}
 8003916:	6820      	ldr	r0, [r4, #0]
 8003918:	f002 fe64 	bl	80065e4 <USB_CoreInit>
 800391c:	b170      	cbz	r0, 800393c <HAL_PCD_Init+0x54>
    hpcd->State = HAL_PCD_STATE_ERROR;
 800391e:	2302      	movs	r3, #2
 8003920:	f884 3495 	strb.w	r3, [r4, #1173]	@ 0x495
    return HAL_ERROR;
 8003924:	2501      	movs	r5, #1
}
 8003926:	4628      	mov	r0, r5
 8003928:	b003      	add	sp, #12
 800392a:	bd30      	pop	{r4, r5, pc}
    hpcd->Lock = HAL_UNLOCKED;
 800392c:	f880 3494 	strb.w	r3, [r0, #1172]	@ 0x494
    HAL_PCD_MspInit(hpcd);
 8003930:	f003 fc22 	bl	8007178 <HAL_PCD_MspInit>
 8003934:	e7e1      	b.n	80038fa <HAL_PCD_Init+0x12>
    hpcd->Init.dma_enable = 0U;
 8003936:	2300      	movs	r3, #0
 8003938:	71a3      	strb	r3, [r4, #6]
 800393a:	e7e4      	b.n	8003906 <HAL_PCD_Init+0x1e>
  if (USB_SetCurrentMode(hpcd->Instance, USB_DEVICE_MODE) != HAL_OK)
 800393c:	2100      	movs	r1, #0
 800393e:	6820      	ldr	r0, [r4, #0]
 8003940:	f003 fb77 	bl	8007032 <USB_SetCurrentMode>
 8003944:	4602      	mov	r2, r0
 8003946:	b9b8      	cbnz	r0, 8003978 <HAL_PCD_Init+0x90>
  for (i = 0U; i < hpcd->Init.dev_endpoints; i++)
 8003948:	4603      	mov	r3, r0
 800394a:	7920      	ldrb	r0, [r4, #4]
 800394c:	4298      	cmp	r0, r3
 800394e:	d918      	bls.n	8003982 <HAL_PCD_Init+0x9a>
    hpcd->IN_ep[i].is_in = 1U;
 8003950:	eb03 01c3 	add.w	r1, r3, r3, lsl #3
 8003954:	eb04 0181 	add.w	r1, r4, r1, lsl #2
 8003958:	2001      	movs	r0, #1
 800395a:	7548      	strb	r0, [r1, #21]
    hpcd->IN_ep[i].num = i;
 800395c:	750b      	strb	r3, [r1, #20]
    hpcd->IN_ep[i].tx_fifo_num = i;
 800395e:	85cb      	strh	r3, [r1, #46]	@ 0x2e
    hpcd->IN_ep[i].type = EP_TYPE_CTRL;
 8003960:	2000      	movs	r0, #0
 8003962:	7608      	strb	r0, [r1, #24]
    hpcd->IN_ep[i].maxpacket = 0U;
 8003964:	61c8      	str	r0, [r1, #28]
    hpcd->IN_ep[i].xfer_buff = 0U;
 8003966:	6208      	str	r0, [r1, #32]
    hpcd->IN_ep[i].xfer_len = 0U;
 8003968:	eb03 01c3 	add.w	r1, r3, r3, lsl #3
 800396c:	eb04 0181 	add.w	r1, r4, r1, lsl #2
 8003970:	6248      	str	r0, [r1, #36]	@ 0x24
  for (i = 0U; i < hpcd->Init.dev_endpoints; i++)
 8003972:	3301      	adds	r3, #1
 8003974:	b2db      	uxtb	r3, r3
 8003976:	e7e8      	b.n	800394a <HAL_PCD_Init+0x62>
    hpcd->State = HAL_PCD_STATE_ERROR;
 8003978:	2302      	movs	r3, #2
 800397a:	f884 3495 	strb.w	r3, [r4, #1173]	@ 0x495
    return HAL_ERROR;
 800397e:	2501      	movs	r5, #1
 8003980:	e7d1      	b.n	8003926 <HAL_PCD_Init+0x3e>
  for (i = 0U; i < hpcd->Init.dev_endpoints; i++)
 8003982:	4290      	cmp	r0, r2
 8003984:	d917      	bls.n	80039b6 <HAL_PCD_Init+0xce>
    hpcd->OUT_ep[i].is_in = 0U;
 8003986:	eb02 03c2 	add.w	r3, r2, r2, lsl #3
 800398a:	eb04 0383 	add.w	r3, r4, r3, lsl #2
 800398e:	2100      	movs	r1, #0
 8003990:	f883 1255 	strb.w	r1, [r3, #597]	@ 0x255
    hpcd->OUT_ep[i].num = i;
 8003994:	f883 2254 	strb.w	r2, [r3, #596]	@ 0x254
    hpcd->OUT_ep[i].type = EP_TYPE_CTRL;
 8003998:	f883 1258 	strb.w	r1, [r3, #600]	@ 0x258
    hpcd->OUT_ep[i].maxpacket = 0U;
 800399c:	f8c3 125c 	str.w	r1, [r3, #604]	@ 0x25c
    hpcd->OUT_ep[i].xfer_buff = 0U;
 80039a0:	f8c3 1260 	str.w	r1, [r3, #608]	@ 0x260
    hpcd->OUT_ep[i].xfer_len = 0U;
 80039a4:	eb02 03c2 	add.w	r3, r2, r2, lsl #3
 80039a8:	eb04 0383 	add.w	r3, r4, r3, lsl #2
 80039ac:	f8c3 1264 	str.w	r1, [r3, #612]	@ 0x264
  for (i = 0U; i < hpcd->Init.dev_endpoints; i++)
 80039b0:	3201      	adds	r2, #1
 80039b2:	b2d2      	uxtb	r2, r2
 80039b4:	e7e5      	b.n	8003982 <HAL_PCD_Init+0x9a>
  if (USB_DevInit(hpcd->Instance, hpcd->Init) != HAL_OK)
 80039b6:	7c23      	ldrb	r3, [r4, #16]
 80039b8:	f88d 3000 	strb.w	r3, [sp]
 80039bc:	1d23      	adds	r3, r4, #4
 80039be:	cb0e      	ldmia	r3, {r1, r2, r3}
 80039c0:	6820      	ldr	r0, [r4, #0]
 80039c2:	f002 ff27 	bl	8006814 <USB_DevInit>
 80039c6:	4605      	mov	r5, r0
 80039c8:	b120      	cbz	r0, 80039d4 <HAL_PCD_Init+0xec>
    hpcd->State = HAL_PCD_STATE_ERROR;
 80039ca:	2302      	movs	r3, #2
 80039cc:	f884 3495 	strb.w	r3, [r4, #1173]	@ 0x495
    return HAL_ERROR;
 80039d0:	2501      	movs	r5, #1
 80039d2:	e7a8      	b.n	8003926 <HAL_PCD_Init+0x3e>
  hpcd->USB_Address = 0U;
 80039d4:	2300      	movs	r3, #0
 80039d6:	7463      	strb	r3, [r4, #17]
  hpcd->State = HAL_PCD_STATE_READY;
 80039d8:	2301      	movs	r3, #1
 80039da:	f884 3495 	strb.w	r3, [r4, #1173]	@ 0x495
  (void)USB_DevDisconnect(hpcd->Instance);
 80039de:	6820      	ldr	r0, [r4, #0]
 80039e0:	f003 fae6 	bl	8006fb0 <USB_DevDisconnect>
  return HAL_OK;
 80039e4:	e79f      	b.n	8003926 <HAL_PCD_Init+0x3e>
    return HAL_ERROR;
 80039e6:	2501      	movs	r5, #1
 80039e8:	e79d      	b.n	8003926 <HAL_PCD_Init+0x3e>

080039ea <HAL_PCD_Start>:
  USB_OTG_GlobalTypeDef *USBx = hpcd->Instance;
 80039ea:	6803      	ldr	r3, [r0, #0]
  __HAL_LOCK(hpcd);
 80039ec:	f890 2494 	ldrb.w	r2, [r0, #1172]	@ 0x494
 80039f0:	2a01      	cmp	r2, #1
 80039f2:	d01a      	beq.n	8003a2a <HAL_PCD_Start+0x40>
{
 80039f4:	b510      	push	{r4, lr}
 80039f6:	4604      	mov	r4, r0
  __HAL_LOCK(hpcd);
 80039f8:	2201      	movs	r2, #1
 80039fa:	f880 2494 	strb.w	r2, [r0, #1172]	@ 0x494
  if (((USBx->GUSBCFG & USB_OTG_GUSBCFG_PHYSEL) != 0U) &&
 80039fe:	68da      	ldr	r2, [r3, #12]
 8003a00:	f012 0f40 	tst.w	r2, #64	@ 0x40
 8003a04:	d002      	beq.n	8003a0c <HAL_PCD_Start+0x22>
      (hpcd->Init.battery_charging_enable == 1U))
 8003a06:	7b42      	ldrb	r2, [r0, #13]
  if (((USBx->GUSBCFG & USB_OTG_GUSBCFG_PHYSEL) != 0U) &&
 8003a08:	2a01      	cmp	r2, #1
 8003a0a:	d009      	beq.n	8003a20 <HAL_PCD_Start+0x36>
  __HAL_PCD_ENABLE(hpcd);
 8003a0c:	6820      	ldr	r0, [r4, #0]
 8003a0e:	f002 fea5 	bl	800675c <USB_EnableGlobalInt>
  (void)USB_DevConnect(hpcd->Instance);
 8003a12:	6820      	ldr	r0, [r4, #0]
 8003a14:	f003 fabe 	bl	8006f94 <USB_DevConnect>
  __HAL_UNLOCK(hpcd);
 8003a18:	2000      	movs	r0, #0
 8003a1a:	f884 0494 	strb.w	r0, [r4, #1172]	@ 0x494
}
 8003a1e:	bd10      	pop	{r4, pc}
    USBx->GCCFG |= USB_OTG_GCCFG_PWRDWN;
 8003a20:	6b9a      	ldr	r2, [r3, #56]	@ 0x38
 8003a22:	f442 3280 	orr.w	r2, r2, #65536	@ 0x10000
 8003a26:	639a      	str	r2, [r3, #56]	@ 0x38
 8003a28:	e7f0      	b.n	8003a0c <HAL_PCD_Start+0x22>
  __HAL_LOCK(hpcd);
 8003a2a:	2002      	movs	r0, #2
}
 8003a2c:	4770      	bx	lr
	...

08003a30 <PCD_EP_OutXfrComplete_int>:
  * @param  hpcd PCD handle
  * @param  epnum endpoint number
  * @retval HAL status
  */
static HAL_StatusTypeDef PCD_EP_OutXfrComplete_int(PCD_HandleTypeDef *hpcd, uint32_t epnum)
{
 8003a30:	b570      	push	{r4, r5, r6, lr}
 8003a32:	4604      	mov	r4, r0
 8003a34:	460d      	mov	r5, r1
  USB_OTG_EPTypeDef *ep;
  const USB_OTG_GlobalTypeDef *USBx = hpcd->Instance;
 8003a36:	6800      	ldr	r0, [r0, #0]
  uint32_t USBx_BASE = (uint32_t)USBx;
  uint32_t gSNPSiD = *(__IO const uint32_t *)(&USBx->CID + 0x1U);
 8003a38:	6c06      	ldr	r6, [r0, #64]	@ 0x40
  uint32_t DoepintReg = USBx_OUTEP(epnum)->DOEPINT;
 8003a3a:	eb00 1341 	add.w	r3, r0, r1, lsl #5
 8003a3e:	f503 6330 	add.w	r3, r3, #2816	@ 0xb00
 8003a42:	689a      	ldr	r2, [r3, #8]

  if (hpcd->Init.dma_enable == 1U)
 8003a44:	79a1      	ldrb	r1, [r4, #6]
 8003a46:	2901      	cmp	r1, #1
 8003a48:	d011      	beq.n	8003a6e <PCD_EP_OutXfrComplete_int+0x3e>
      /* ... */
    }
  }
  else
  {
    if (gSNPSiD == USB_OTG_CORE_ID_310A)
 8003a4a:	4938      	ldr	r1, [pc, #224]	@ (8003b2c <PCD_EP_OutXfrComplete_int+0xfc>)
 8003a4c:	428e      	cmp	r6, r1
 8003a4e:	d056      	beq.n	8003afe <PCD_EP_OutXfrComplete_int+0xce>
#endif /* USE_HAL_PCD_REGISTER_CALLBACKS */
      }
    }
    else
    {
      if ((epnum == 0U) && (hpcd->OUT_ep[epnum].xfer_len == 0U))
 8003a50:	b93d      	cbnz	r5, 8003a62 <PCD_EP_OutXfrComplete_int+0x32>
 8003a52:	eb05 03c5 	add.w	r3, r5, r5, lsl #3
 8003a56:	eb04 0383 	add.w	r3, r4, r3, lsl #2
 8003a5a:	f8d3 3264 	ldr.w	r3, [r3, #612]	@ 0x264
 8003a5e:	2b00      	cmp	r3, #0
 8003a60:	d05e      	beq.n	8003b20 <PCD_EP_OutXfrComplete_int+0xf0>
      }

#if (USE_HAL_PCD_REGISTER_CALLBACKS == 1U)
      hpcd->DataOutStageCallback(hpcd, (uint8_t)epnum);
#else
      HAL_PCD_DataOutStageCallback(hpcd, (uint8_t)epnum);
 8003a62:	b2e9      	uxtb	r1, r5
 8003a64:	4620      	mov	r0, r4
 8003a66:	f003 fbd3 	bl	8007210 <HAL_PCD_DataOutStageCallback>
#endif /* USE_HAL_PCD_REGISTER_CALLBACKS */
    }
  }

  return HAL_OK;
}
 8003a6a:	2000      	movs	r0, #0
 8003a6c:	bd70      	pop	{r4, r5, r6, pc}
    if ((DoepintReg & USB_OTG_DOEPINT_STUP) == USB_OTG_DOEPINT_STUP) /* Class C */
 8003a6e:	f012 0f08 	tst.w	r2, #8
 8003a72:	d009      	beq.n	8003a88 <PCD_EP_OutXfrComplete_int+0x58>
      if ((gSNPSiD > USB_OTG_CORE_ID_300A) &&
 8003a74:	492e      	ldr	r1, [pc, #184]	@ (8003b30 <PCD_EP_OutXfrComplete_int+0x100>)
 8003a76:	428e      	cmp	r6, r1
 8003a78:	d9f7      	bls.n	8003a6a <PCD_EP_OutXfrComplete_int+0x3a>
 8003a7a:	f412 4f00 	tst.w	r2, #32768	@ 0x8000
 8003a7e:	d0f4      	beq.n	8003a6a <PCD_EP_OutXfrComplete_int+0x3a>
        CLEAR_OUT_EP_INTR(epnum, USB_OTG_DOEPINT_STPKTRX);
 8003a80:	f44f 4200 	mov.w	r2, #32768	@ 0x8000
 8003a84:	609a      	str	r2, [r3, #8]
 8003a86:	e7f0      	b.n	8003a6a <PCD_EP_OutXfrComplete_int+0x3a>
    else if ((DoepintReg & USB_OTG_DOEPINT_OTEPSPR) == USB_OTG_DOEPINT_OTEPSPR) /* Class E */
 8003a88:	f012 0f20 	tst.w	r2, #32
 8003a8c:	d002      	beq.n	8003a94 <PCD_EP_OutXfrComplete_int+0x64>
      CLEAR_OUT_EP_INTR(epnum, USB_OTG_DOEPINT_OTEPSPR);
 8003a8e:	2220      	movs	r2, #32
 8003a90:	609a      	str	r2, [r3, #8]
 8003a92:	e7ea      	b.n	8003a6a <PCD_EP_OutXfrComplete_int+0x3a>
    else if ((DoepintReg & (USB_OTG_DOEPINT_STUP | USB_OTG_DOEPINT_OTEPSPR)) == 0U)
 8003a94:	f012 0f28 	tst.w	r2, #40	@ 0x28
 8003a98:	d1e7      	bne.n	8003a6a <PCD_EP_OutXfrComplete_int+0x3a>
      if ((gSNPSiD > USB_OTG_CORE_ID_300A) &&
 8003a9a:	4925      	ldr	r1, [pc, #148]	@ (8003b30 <PCD_EP_OutXfrComplete_int+0x100>)
 8003a9c:	428e      	cmp	r6, r1
 8003a9e:	d906      	bls.n	8003aae <PCD_EP_OutXfrComplete_int+0x7e>
 8003aa0:	f412 4f00 	tst.w	r2, #32768	@ 0x8000
 8003aa4:	d003      	beq.n	8003aae <PCD_EP_OutXfrComplete_int+0x7e>
        CLEAR_OUT_EP_INTR(epnum, USB_OTG_DOEPINT_STPKTRX);
 8003aa6:	f44f 4200 	mov.w	r2, #32768	@ 0x8000
 8003aaa:	609a      	str	r2, [r3, #8]
 8003aac:	e7dd      	b.n	8003a6a <PCD_EP_OutXfrComplete_int+0x3a>
        ep->xfer_count = ep->xfer_size - (USBx_OUTEP(epnum)->DOEPTSIZ & USB_OTG_DOEPTSIZ_XFRSIZ);
 8003aae:	eb05 02c5 	add.w	r2, r5, r5, lsl #3
 8003ab2:	eb04 0282 	add.w	r2, r4, r2, lsl #2
 8003ab6:	f8d2 1274 	ldr.w	r1, [r2, #628]	@ 0x274
 8003aba:	691b      	ldr	r3, [r3, #16]
 8003abc:	f3c3 0312 	ubfx	r3, r3, #0, #19
 8003ac0:	1acb      	subs	r3, r1, r3
 8003ac2:	f8c2 3268 	str.w	r3, [r2, #616]	@ 0x268
        if (epnum == 0U)
 8003ac6:	b97d      	cbnz	r5, 8003ae8 <PCD_EP_OutXfrComplete_int+0xb8>
          if (ep->xfer_len == 0U)
 8003ac8:	eb05 02c5 	add.w	r2, r5, r5, lsl #3
 8003acc:	eb04 0282 	add.w	r2, r4, r2, lsl #2
 8003ad0:	f8d2 2264 	ldr.w	r2, [r2, #612]	@ 0x264
 8003ad4:	b16a      	cbz	r2, 8003af2 <PCD_EP_OutXfrComplete_int+0xc2>
            ep->xfer_buff += ep->xfer_count;
 8003ad6:	eb05 02c5 	add.w	r2, r5, r5, lsl #3
 8003ada:	eb04 0282 	add.w	r2, r4, r2, lsl #2
 8003ade:	f8d2 1260 	ldr.w	r1, [r2, #608]	@ 0x260
 8003ae2:	4419      	add	r1, r3
 8003ae4:	f8c2 1260 	str.w	r1, [r2, #608]	@ 0x260
        HAL_PCD_DataOutStageCallback(hpcd, (uint8_t)epnum);
 8003ae8:	b2e9      	uxtb	r1, r5
 8003aea:	4620      	mov	r0, r4
 8003aec:	f003 fb90 	bl	8007210 <HAL_PCD_DataOutStageCallback>
 8003af0:	e7bb      	b.n	8003a6a <PCD_EP_OutXfrComplete_int+0x3a>
            (void)USB_EP0_OutStart(hpcd->Instance, 1U, (uint8_t *)hpcd->Setup);
 8003af2:	f204 429c 	addw	r2, r4, #1180	@ 0x49c
 8003af6:	2101      	movs	r1, #1
 8003af8:	f003 fada 	bl	80070b0 <USB_EP0_OutStart>
 8003afc:	e7f4      	b.n	8003ae8 <PCD_EP_OutXfrComplete_int+0xb8>
      if ((DoepintReg & USB_OTG_DOEPINT_STPKTRX) == USB_OTG_DOEPINT_STPKTRX)
 8003afe:	f412 4f00 	tst.w	r2, #32768	@ 0x8000
 8003b02:	d003      	beq.n	8003b0c <PCD_EP_OutXfrComplete_int+0xdc>
        CLEAR_OUT_EP_INTR(epnum, USB_OTG_DOEPINT_STPKTRX);
 8003b04:	f44f 4200 	mov.w	r2, #32768	@ 0x8000
 8003b08:	609a      	str	r2, [r3, #8]
 8003b0a:	e7ae      	b.n	8003a6a <PCD_EP_OutXfrComplete_int+0x3a>
        if ((DoepintReg & USB_OTG_DOEPINT_OTEPSPR) == USB_OTG_DOEPINT_OTEPSPR)
 8003b0c:	f012 0f20 	tst.w	r2, #32
 8003b10:	d001      	beq.n	8003b16 <PCD_EP_OutXfrComplete_int+0xe6>
          CLEAR_OUT_EP_INTR(epnum, USB_OTG_DOEPINT_OTEPSPR);
 8003b12:	2220      	movs	r2, #32
 8003b14:	609a      	str	r2, [r3, #8]
        HAL_PCD_DataOutStageCallback(hpcd, (uint8_t)epnum);
 8003b16:	b2e9      	uxtb	r1, r5
 8003b18:	4620      	mov	r0, r4
 8003b1a:	f003 fb79 	bl	8007210 <HAL_PCD_DataOutStageCallback>
 8003b1e:	e7a4      	b.n	8003a6a <PCD_EP_OutXfrComplete_int+0x3a>
        (void)USB_EP0_OutStart(hpcd->Instance, 0U, (uint8_t *)hpcd->Setup);
 8003b20:	f204 429c 	addw	r2, r4, #1180	@ 0x49c
 8003b24:	2100      	movs	r1, #0
 8003b26:	f003 fac3 	bl	80070b0 <USB_EP0_OutStart>
 8003b2a:	e79a      	b.n	8003a62 <PCD_EP_OutXfrComplete_int+0x32>
 8003b2c:	4f54310a 	.word	0x4f54310a
 8003b30:	4f54300a 	.word	0x4f54300a

08003b34 <PCD_EP_OutSetupPacket_int>:
  * @param  hpcd PCD handle
  * @param  epnum endpoint number
  * @retval HAL status
  */
static HAL_StatusTypeDef PCD_EP_OutSetupPacket_int(PCD_HandleTypeDef *hpcd, uint32_t epnum)
{
 8003b34:	b538      	push	{r3, r4, r5, lr}
 8003b36:	4604      	mov	r4, r0
  const USB_OTG_GlobalTypeDef *USBx = hpcd->Instance;
 8003b38:	6803      	ldr	r3, [r0, #0]
  uint32_t USBx_BASE = (uint32_t)USBx;
  uint32_t gSNPSiD = *(__IO const uint32_t *)(&USBx->CID + 0x1U);
 8003b3a:	6c1d      	ldr	r5, [r3, #64]	@ 0x40
  uint32_t DoepintReg = USBx_OUTEP(epnum)->DOEPINT;
 8003b3c:	eb03 1341 	add.w	r3, r3, r1, lsl #5
 8003b40:	f8d3 1b08 	ldr.w	r1, [r3, #2824]	@ 0xb08

  if ((gSNPSiD > USB_OTG_CORE_ID_300A) &&
 8003b44:	4a0e      	ldr	r2, [pc, #56]	@ (8003b80 <PCD_EP_OutSetupPacket_int+0x4c>)
 8003b46:	4295      	cmp	r5, r2
 8003b48:	d907      	bls.n	8003b5a <PCD_EP_OutSetupPacket_int+0x26>
 8003b4a:	f503 6330 	add.w	r3, r3, #2816	@ 0xb00
 8003b4e:	f411 4f00 	tst.w	r1, #32768	@ 0x8000
 8003b52:	d002      	beq.n	8003b5a <PCD_EP_OutSetupPacket_int+0x26>
      ((DoepintReg & USB_OTG_DOEPINT_STPKTRX) == USB_OTG_DOEPINT_STPKTRX))
  {
    CLEAR_OUT_EP_INTR(epnum, USB_OTG_DOEPINT_STPKTRX);
 8003b54:	f44f 4200 	mov.w	r2, #32768	@ 0x8000
 8003b58:	609a      	str	r2, [r3, #8]

  /* Inform the upper layer that a setup packet is available */
#if (USE_HAL_PCD_REGISTER_CALLBACKS == 1U)
  hpcd->SetupStageCallback(hpcd);
#else
  HAL_PCD_SetupStageCallback(hpcd);
 8003b5a:	4620      	mov	r0, r4
 8003b5c:	f003 fb50 	bl	8007200 <HAL_PCD_SetupStageCallback>
#endif /* USE_HAL_PCD_REGISTER_CALLBACKS */

  if ((gSNPSiD > USB_OTG_CORE_ID_300A) && (hpcd->Init.dma_enable == 1U))
 8003b60:	4b07      	ldr	r3, [pc, #28]	@ (8003b80 <PCD_EP_OutSetupPacket_int+0x4c>)
 8003b62:	429d      	cmp	r5, r3
 8003b64:	d902      	bls.n	8003b6c <PCD_EP_OutSetupPacket_int+0x38>
 8003b66:	79a3      	ldrb	r3, [r4, #6]
 8003b68:	2b01      	cmp	r3, #1
 8003b6a:	d001      	beq.n	8003b70 <PCD_EP_OutSetupPacket_int+0x3c>
  {
    (void)USB_EP0_OutStart(hpcd->Instance, 1U, (uint8_t *)hpcd->Setup);
  }

  return HAL_OK;
}
 8003b6c:	2000      	movs	r0, #0
 8003b6e:	bd38      	pop	{r3, r4, r5, pc}
    (void)USB_EP0_OutStart(hpcd->Instance, 1U, (uint8_t *)hpcd->Setup);
 8003b70:	f204 429c 	addw	r2, r4, #1180	@ 0x49c
 8003b74:	2101      	movs	r1, #1
 8003b76:	6820      	ldr	r0, [r4, #0]
 8003b78:	f003 fa9a 	bl	80070b0 <USB_EP0_OutStart>
 8003b7c:	e7f6      	b.n	8003b6c <PCD_EP_OutSetupPacket_int+0x38>
 8003b7e:	bf00      	nop
 8003b80:	4f54300a 	.word	0x4f54300a

08003b84 <HAL_PCD_SetAddress>:
  __HAL_LOCK(hpcd);
 8003b84:	f890 3494 	ldrb.w	r3, [r0, #1172]	@ 0x494
 8003b88:	2b01      	cmp	r3, #1
 8003b8a:	d00c      	beq.n	8003ba6 <HAL_PCD_SetAddress+0x22>
{
 8003b8c:	b510      	push	{r4, lr}
 8003b8e:	4604      	mov	r4, r0
  __HAL_LOCK(hpcd);
 8003b90:	2301      	movs	r3, #1
 8003b92:	f880 3494 	strb.w	r3, [r0, #1172]	@ 0x494
  hpcd->USB_Address = address;
 8003b96:	7441      	strb	r1, [r0, #17]
  (void)USB_SetDevAddress(hpcd->Instance, address);
 8003b98:	6800      	ldr	r0, [r0, #0]
 8003b9a:	f003 f9eb 	bl	8006f74 <USB_SetDevAddress>
  __HAL_UNLOCK(hpcd);
 8003b9e:	2000      	movs	r0, #0
 8003ba0:	f884 0494 	strb.w	r0, [r4, #1172]	@ 0x494
}
 8003ba4:	bd10      	pop	{r4, pc}
  __HAL_LOCK(hpcd);
 8003ba6:	2002      	movs	r0, #2
}
 8003ba8:	4770      	bx	lr

08003baa <HAL_PCD_EP_Open>:
{
 8003baa:	b538      	push	{r3, r4, r5, lr}
 8003bac:	4605      	mov	r5, r0
 8003bae:	468c      	mov	ip, r1
  if ((ep_addr & 0x80U) == 0x80U)
 8003bb0:	f011 0f80 	tst.w	r1, #128	@ 0x80
 8003bb4:	d12b      	bne.n	8003c0e <HAL_PCD_EP_Open+0x64>
    ep = &hpcd->OUT_ep[ep_addr & EP_ADDR_MSK];
 8003bb6:	f001 0e0f 	and.w	lr, r1, #15
 8003bba:	eb0e 04ce 	add.w	r4, lr, lr, lsl #3
 8003bbe:	00a4      	lsls	r4, r4, #2
 8003bc0:	f504 7414 	add.w	r4, r4, #592	@ 0x250
 8003bc4:	4404      	add	r4, r0
 8003bc6:	1d21      	adds	r1, r4, #4
    ep->is_in = 0U;
 8003bc8:	eb0e 0ece 	add.w	lr, lr, lr, lsl #3
 8003bcc:	eb00 0e8e 	add.w	lr, r0, lr, lsl #2
 8003bd0:	2000      	movs	r0, #0
 8003bd2:	f88e 0255 	strb.w	r0, [lr, #597]	@ 0x255
  ep->num = ep_addr & EP_ADDR_MSK;
 8003bd6:	f00c 0c0f 	and.w	ip, ip, #15
 8003bda:	f881 c000 	strb.w	ip, [r1]
  ep->maxpacket = (uint32_t)ep_mps & 0x7FFU;
 8003bde:	f3c2 020a 	ubfx	r2, r2, #0, #11
 8003be2:	608a      	str	r2, [r1, #8]
  ep->type = ep_type;
 8003be4:	710b      	strb	r3, [r1, #4]
  if (ep->is_in != 0U)
 8003be6:	784a      	ldrb	r2, [r1, #1]
 8003be8:	b10a      	cbz	r2, 8003bee <HAL_PCD_EP_Open+0x44>
    ep->tx_fifo_num = ep->num;
 8003bea:	f8a1 c01a 	strh.w	ip, [r1, #26]
  if (ep_type == EP_TYPE_BULK)
 8003bee:	2b02      	cmp	r3, #2
 8003bf0:	d01c      	beq.n	8003c2c <HAL_PCD_EP_Open+0x82>
  __HAL_LOCK(hpcd);
 8003bf2:	f895 3494 	ldrb.w	r3, [r5, #1172]	@ 0x494
 8003bf6:	2b01      	cmp	r3, #1
 8003bf8:	d01b      	beq.n	8003c32 <HAL_PCD_EP_Open+0x88>
 8003bfa:	2301      	movs	r3, #1
 8003bfc:	f885 3494 	strb.w	r3, [r5, #1172]	@ 0x494
  (void)USB_ActivateEndpoint(hpcd->Instance, ep);
 8003c00:	6828      	ldr	r0, [r5, #0]
 8003c02:	f002 fee4 	bl	80069ce <USB_ActivateEndpoint>
  __HAL_UNLOCK(hpcd);
 8003c06:	2000      	movs	r0, #0
 8003c08:	f885 0494 	strb.w	r0, [r5, #1172]	@ 0x494
}
 8003c0c:	bd38      	pop	{r3, r4, r5, pc}
    ep = &hpcd->IN_ep[ep_addr & EP_ADDR_MSK];
 8003c0e:	f001 000f 	and.w	r0, r1, #15
 8003c12:	eb00 01c0 	add.w	r1, r0, r0, lsl #3
 8003c16:	0089      	lsls	r1, r1, #2
 8003c18:	3110      	adds	r1, #16
 8003c1a:	4429      	add	r1, r5
 8003c1c:	3104      	adds	r1, #4
    ep->is_in = 1U;
 8003c1e:	eb00 00c0 	add.w	r0, r0, r0, lsl #3
 8003c22:	eb05 0080 	add.w	r0, r5, r0, lsl #2
 8003c26:	2401      	movs	r4, #1
 8003c28:	7544      	strb	r4, [r0, #21]
 8003c2a:	e7d4      	b.n	8003bd6 <HAL_PCD_EP_Open+0x2c>
    ep->data_pid_start = 0U;
 8003c2c:	2300      	movs	r3, #0
 8003c2e:	714b      	strb	r3, [r1, #5]
 8003c30:	e7df      	b.n	8003bf2 <HAL_PCD_EP_Open+0x48>
  __HAL_LOCK(hpcd);
 8003c32:	2002      	movs	r0, #2
 8003c34:	e7ea      	b.n	8003c0c <HAL_PCD_EP_Open+0x62>

08003c36 <HAL_PCD_EP_Close>:
{
 8003c36:	b510      	push	{r4, lr}
 8003c38:	4604      	mov	r4, r0
 8003c3a:	460a      	mov	r2, r1
  if ((ep_addr & 0x80U) == 0x80U)
 8003c3c:	f011 0f80 	tst.w	r1, #128	@ 0x80
 8003c40:	d120      	bne.n	8003c84 <HAL_PCD_EP_Close+0x4e>
    ep = &hpcd->OUT_ep[ep_addr & EP_ADDR_MSK];
 8003c42:	f001 000f 	and.w	r0, r1, #15
 8003c46:	eb00 03c0 	add.w	r3, r0, r0, lsl #3
 8003c4a:	009b      	lsls	r3, r3, #2
 8003c4c:	f503 7314 	add.w	r3, r3, #592	@ 0x250
 8003c50:	4423      	add	r3, r4
 8003c52:	1d19      	adds	r1, r3, #4
    ep->is_in = 0U;
 8003c54:	eb00 00c0 	add.w	r0, r0, r0, lsl #3
 8003c58:	eb04 0080 	add.w	r0, r4, r0, lsl #2
 8003c5c:	2300      	movs	r3, #0
 8003c5e:	f880 3255 	strb.w	r3, [r0, #597]	@ 0x255
  ep->num = ep_addr & EP_ADDR_MSK;
 8003c62:	f002 020f 	and.w	r2, r2, #15
 8003c66:	700a      	strb	r2, [r1, #0]
  __HAL_LOCK(hpcd);
 8003c68:	f894 3494 	ldrb.w	r3, [r4, #1172]	@ 0x494
 8003c6c:	2b01      	cmp	r3, #1
 8003c6e:	d018      	beq.n	8003ca2 <HAL_PCD_EP_Close+0x6c>
 8003c70:	2301      	movs	r3, #1
 8003c72:	f884 3494 	strb.w	r3, [r4, #1172]	@ 0x494
  (void)USB_DeactivateEndpoint(hpcd->Instance, ep);
 8003c76:	6820      	ldr	r0, [r4, #0]
 8003c78:	f002 fef6 	bl	8006a68 <USB_DeactivateEndpoint>
  __HAL_UNLOCK(hpcd);
 8003c7c:	2000      	movs	r0, #0
 8003c7e:	f884 0494 	strb.w	r0, [r4, #1172]	@ 0x494
}
 8003c82:	bd10      	pop	{r4, pc}
    ep = &hpcd->IN_ep[ep_addr & EP_ADDR_MSK];
 8003c84:	f001 000f 	and.w	r0, r1, #15
 8003c88:	eb00 03c0 	add.w	r3, r0, r0, lsl #3
 8003c8c:	009b      	lsls	r3, r3, #2
 8003c8e:	3310      	adds	r3, #16
 8003c90:	4423      	add	r3, r4
 8003c92:	1d19      	adds	r1, r3, #4
    ep->is_in = 1U;
 8003c94:	eb00 00c0 	add.w	r0, r0, r0, lsl #3
 8003c98:	eb04 0080 	add.w	r0, r4, r0, lsl #2
 8003c9c:	2301      	movs	r3, #1
 8003c9e:	7543      	strb	r3, [r0, #21]
 8003ca0:	e7df      	b.n	8003c62 <HAL_PCD_EP_Close+0x2c>
  __HAL_LOCK(hpcd);
 8003ca2:	2002      	movs	r0, #2
 8003ca4:	e7ed      	b.n	8003c82 <HAL_PCD_EP_Close+0x4c>

08003ca6 <HAL_PCD_EP_Receive>:
{
 8003ca6:	b510      	push	{r4, lr}
 8003ca8:	4614      	mov	r4, r2
  ep = &hpcd->OUT_ep[ep_addr & EP_ADDR_MSK];
 8003caa:	f001 0c0f 	and.w	ip, r1, #15
 8003cae:	eb0c 01cc 	add.w	r1, ip, ip, lsl #3
 8003cb2:	0089      	lsls	r1, r1, #2
 8003cb4:	f501 7114 	add.w	r1, r1, #592	@ 0x250
 8003cb8:	4401      	add	r1, r0
 8003cba:	3104      	adds	r1, #4
  ep->xfer_buff = pBuf;
 8003cbc:	eb0c 0ecc 	add.w	lr, ip, ip, lsl #3
 8003cc0:	eb00 0e8e 	add.w	lr, r0, lr, lsl #2
 8003cc4:	f8ce 2260 	str.w	r2, [lr, #608]	@ 0x260
  ep->xfer_len = len;
 8003cc8:	f8ce 3264 	str.w	r3, [lr, #612]	@ 0x264
  ep->xfer_count = 0U;
 8003ccc:	2300      	movs	r3, #0
 8003cce:	f8ce 3268 	str.w	r3, [lr, #616]	@ 0x268
  ep->is_in = 0U;
 8003cd2:	f88e 3255 	strb.w	r3, [lr, #597]	@ 0x255
  ep->num = ep_addr & EP_ADDR_MSK;
 8003cd6:	f88e c254 	strb.w	ip, [lr, #596]	@ 0x254
  if (hpcd->Init.dma_enable == 1U)
 8003cda:	7982      	ldrb	r2, [r0, #6]
 8003cdc:	2a01      	cmp	r2, #1
 8003cde:	d004      	beq.n	8003cea <HAL_PCD_EP_Receive+0x44>
  (void)USB_EPStartXfer(hpcd->Instance, ep, (uint8_t)hpcd->Init.dma_enable);
 8003ce0:	6800      	ldr	r0, [r0, #0]
 8003ce2:	f002 ffa7 	bl	8006c34 <USB_EPStartXfer>
}
 8003ce6:	2000      	movs	r0, #0
 8003ce8:	bd10      	pop	{r4, pc}
    ep->dma_addr = (uint32_t)pBuf;
 8003cea:	f8ce 4270 	str.w	r4, [lr, #624]	@ 0x270
 8003cee:	e7f7      	b.n	8003ce0 <HAL_PCD_EP_Receive+0x3a>

08003cf0 <HAL_PCD_EP_GetRxCount>:
  return hpcd->OUT_ep[ep_addr & EP_ADDR_MSK].xfer_count;
 8003cf0:	f001 010f 	and.w	r1, r1, #15
 8003cf4:	eb01 01c1 	add.w	r1, r1, r1, lsl #3
 8003cf8:	eb00 0081 	add.w	r0, r0, r1, lsl #2
}
 8003cfc:	f8d0 0268 	ldr.w	r0, [r0, #616]	@ 0x268
 8003d00:	4770      	bx	lr

08003d02 <HAL_PCD_EP_Transmit>:
{
 8003d02:	b510      	push	{r4, lr}
 8003d04:	4614      	mov	r4, r2
  ep = &hpcd->IN_ep[ep_addr & EP_ADDR_MSK];
 8003d06:	f001 0c0f 	and.w	ip, r1, #15
 8003d0a:	eb0c 01cc 	add.w	r1, ip, ip, lsl #3
 8003d0e:	0089      	lsls	r1, r1, #2
 8003d10:	3110      	adds	r1, #16
 8003d12:	4401      	add	r1, r0
 8003d14:	3104      	adds	r1, #4
  ep->xfer_buff = pBuf;
 8003d16:	eb0c 0ecc 	add.w	lr, ip, ip, lsl #3
 8003d1a:	eb00 0e8e 	add.w	lr, r0, lr, lsl #2
 8003d1e:	f8ce 2020 	str.w	r2, [lr, #32]
  ep->xfer_len = len;
 8003d22:	f8ce 3024 	str.w	r3, [lr, #36]	@ 0x24
  ep->xfer_count = 0U;
 8003d26:	2300      	movs	r3, #0
 8003d28:	f8ce 3028 	str.w	r3, [lr, #40]	@ 0x28
  ep->is_in = 1U;
 8003d2c:	2301      	movs	r3, #1
 8003d2e:	f88e 3015 	strb.w	r3, [lr, #21]
  ep->num = ep_addr & EP_ADDR_MSK;
 8003d32:	f88e c014 	strb.w	ip, [lr, #20]
  if (hpcd->Init.dma_enable == 1U)
 8003d36:	7982      	ldrb	r2, [r0, #6]
 8003d38:	429a      	cmp	r2, r3
 8003d3a:	d004      	beq.n	8003d46 <HAL_PCD_EP_Transmit+0x44>
  (void)USB_EPStartXfer(hpcd->Instance, ep, (uint8_t)hpcd->Init.dma_enable);
 8003d3c:	6800      	ldr	r0, [r0, #0]
 8003d3e:	f002 ff79 	bl	8006c34 <USB_EPStartXfer>
}
 8003d42:	2000      	movs	r0, #0
 8003d44:	bd10      	pop	{r4, pc}
    ep->dma_addr = (uint32_t)pBuf;
 8003d46:	f8ce 4030 	str.w	r4, [lr, #48]	@ 0x30
 8003d4a:	e7f7      	b.n	8003d3c <HAL_PCD_EP_Transmit+0x3a>

08003d4c <HAL_PCD_EP_SetStall>:
{
 8003d4c:	b538      	push	{r3, r4, r5, lr}
  if (((uint32_t)ep_addr & EP_ADDR_MSK) > hpcd->Init.dev_endpoints)
 8003d4e:	f001 050f 	and.w	r5, r1, #15
 8003d52:	7902      	ldrb	r2, [r0, #4]
 8003d54:	42aa      	cmp	r2, r5
 8003d56:	d338      	bcc.n	8003dca <HAL_PCD_EP_SetStall+0x7e>
 8003d58:	4604      	mov	r4, r0
 8003d5a:	460b      	mov	r3, r1
  if ((0x80U & ep_addr) == 0x80U)
 8003d5c:	f011 0f80 	tst.w	r1, #128	@ 0x80
 8003d60:	d11f      	bne.n	8003da2 <HAL_PCD_EP_SetStall+0x56>
    ep = &hpcd->OUT_ep[ep_addr];
 8003d62:	eb01 01c1 	add.w	r1, r1, r1, lsl #3
 8003d66:	0089      	lsls	r1, r1, #2
 8003d68:	f501 7114 	add.w	r1, r1, #592	@ 0x250
 8003d6c:	4401      	add	r1, r0
 8003d6e:	3104      	adds	r1, #4
    ep->is_in = 0U;
 8003d70:	eb03 03c3 	add.w	r3, r3, r3, lsl #3
 8003d74:	eb00 0383 	add.w	r3, r0, r3, lsl #2
 8003d78:	2200      	movs	r2, #0
 8003d7a:	f883 2255 	strb.w	r2, [r3, #597]	@ 0x255
  ep->is_stall = 1U;
 8003d7e:	2301      	movs	r3, #1
 8003d80:	708b      	strb	r3, [r1, #2]
  ep->num = ep_addr & EP_ADDR_MSK;
 8003d82:	700d      	strb	r5, [r1, #0]
  __HAL_LOCK(hpcd);
 8003d84:	f894 3494 	ldrb.w	r3, [r4, #1172]	@ 0x494
 8003d88:	2b01      	cmp	r3, #1
 8003d8a:	d020      	beq.n	8003dce <HAL_PCD_EP_SetStall+0x82>
 8003d8c:	2301      	movs	r3, #1
 8003d8e:	f884 3494 	strb.w	r3, [r4, #1172]	@ 0x494
  (void)USB_EPSetStall(hpcd->Instance, ep);
 8003d92:	6820      	ldr	r0, [r4, #0]
 8003d94:	f003 f893 	bl	8006ebe <USB_EPSetStall>
  if ((ep_addr & EP_ADDR_MSK) == 0U)
 8003d98:	b185      	cbz	r5, 8003dbc <HAL_PCD_EP_SetStall+0x70>
  __HAL_UNLOCK(hpcd);
 8003d9a:	2000      	movs	r0, #0
 8003d9c:	f884 0494 	strb.w	r0, [r4, #1172]	@ 0x494
}
 8003da0:	bd38      	pop	{r3, r4, r5, pc}
    ep = &hpcd->IN_ep[ep_addr & EP_ADDR_MSK];
 8003da2:	eb05 01c5 	add.w	r1, r5, r5, lsl #3
 8003da6:	0089      	lsls	r1, r1, #2
 8003da8:	3110      	adds	r1, #16
 8003daa:	4401      	add	r1, r0
 8003dac:	3104      	adds	r1, #4
    ep->is_in = 1U;
 8003dae:	eb05 03c5 	add.w	r3, r5, r5, lsl #3
 8003db2:	eb00 0383 	add.w	r3, r0, r3, lsl #2
 8003db6:	2201      	movs	r2, #1
 8003db8:	755a      	strb	r2, [r3, #21]
 8003dba:	e7e0      	b.n	8003d7e <HAL_PCD_EP_SetStall+0x32>
    (void)USB_EP0_OutStart(hpcd->Instance, (uint8_t)hpcd->Init.dma_enable, (uint8_t *)hpcd->Setup);
 8003dbc:	f204 429c 	addw	r2, r4, #1180	@ 0x49c
 8003dc0:	79a1      	ldrb	r1, [r4, #6]
 8003dc2:	6820      	ldr	r0, [r4, #0]
 8003dc4:	f003 f974 	bl	80070b0 <USB_EP0_OutStart>
 8003dc8:	e7e7      	b.n	8003d9a <HAL_PCD_EP_SetStall+0x4e>
    return HAL_ERROR;
 8003dca:	2001      	movs	r0, #1
 8003dcc:	e7e8      	b.n	8003da0 <HAL_PCD_EP_SetStall+0x54>
  __HAL_LOCK(hpcd);
 8003dce:	2002      	movs	r0, #2
 8003dd0:	e7e6      	b.n	8003da0 <HAL_PCD_EP_SetStall+0x54>

08003dd2 <HAL_PCD_EP_ClrStall>:
  if (((uint32_t)ep_addr & 0x0FU) > hpcd->Init.dev_endpoints)
 8003dd2:	f001 030f 	and.w	r3, r1, #15
 8003dd6:	7902      	ldrb	r2, [r0, #4]
 8003dd8:	429a      	cmp	r2, r3
 8003dda:	d330      	bcc.n	8003e3e <HAL_PCD_EP_ClrStall+0x6c>
{
 8003ddc:	b510      	push	{r4, lr}
 8003dde:	4604      	mov	r4, r0
  if ((0x80U & ep_addr) == 0x80U)
 8003de0:	f011 0f80 	tst.w	r1, #128	@ 0x80
 8003de4:	d11e      	bne.n	8003e24 <HAL_PCD_EP_ClrStall+0x52>
    ep = &hpcd->OUT_ep[ep_addr & EP_ADDR_MSK];
 8003de6:	eb03 01c3 	add.w	r1, r3, r3, lsl #3
 8003dea:	0089      	lsls	r1, r1, #2
 8003dec:	f501 7114 	add.w	r1, r1, #592	@ 0x250
 8003df0:	4401      	add	r1, r0
 8003df2:	3104      	adds	r1, #4
    ep->is_in = 0U;
 8003df4:	eb03 02c3 	add.w	r2, r3, r3, lsl #3
 8003df8:	eb00 0282 	add.w	r2, r0, r2, lsl #2
 8003dfc:	2000      	movs	r0, #0
 8003dfe:	f882 0255 	strb.w	r0, [r2, #597]	@ 0x255
  ep->is_stall = 0U;
 8003e02:	2200      	movs	r2, #0
 8003e04:	708a      	strb	r2, [r1, #2]
  ep->num = ep_addr & EP_ADDR_MSK;
 8003e06:	700b      	strb	r3, [r1, #0]
  __HAL_LOCK(hpcd);
 8003e08:	f894 3494 	ldrb.w	r3, [r4, #1172]	@ 0x494
 8003e0c:	2b01      	cmp	r3, #1
 8003e0e:	d018      	beq.n	8003e42 <HAL_PCD_EP_ClrStall+0x70>
 8003e10:	2301      	movs	r3, #1
 8003e12:	f884 3494 	strb.w	r3, [r4, #1172]	@ 0x494
  (void)USB_EPClearStall(hpcd->Instance, ep);
 8003e16:	6820      	ldr	r0, [r4, #0]
 8003e18:	f003 f87e 	bl	8006f18 <USB_EPClearStall>
  __HAL_UNLOCK(hpcd);
 8003e1c:	2000      	movs	r0, #0
 8003e1e:	f884 0494 	strb.w	r0, [r4, #1172]	@ 0x494
}
 8003e22:	bd10      	pop	{r4, pc}
    ep = &hpcd->IN_ep[ep_addr & EP_ADDR_MSK];
 8003e24:	eb03 01c3 	add.w	r1, r3, r3, lsl #3
 8003e28:	0089      	lsls	r1, r1, #2
 8003e2a:	3110      	adds	r1, #16
 8003e2c:	4401      	add	r1, r0
 8003e2e:	3104      	adds	r1, #4
    ep->is_in = 1U;
 8003e30:	eb03 02c3 	add.w	r2, r3, r3, lsl #3
 8003e34:	eb00 0282 	add.w	r2, r0, r2, lsl #2
 8003e38:	2001      	movs	r0, #1
 8003e3a:	7550      	strb	r0, [r2, #21]
 8003e3c:	e7e1      	b.n	8003e02 <HAL_PCD_EP_ClrStall+0x30>
    return HAL_ERROR;
 8003e3e:	2001      	movs	r0, #1
}
 8003e40:	4770      	bx	lr
  __HAL_LOCK(hpcd);
 8003e42:	2002      	movs	r0, #2
 8003e44:	e7ed      	b.n	8003e22 <HAL_PCD_EP_ClrStall+0x50>

08003e46 <HAL_PCD_EP_Abort>:
{
 8003e46:	b508      	push	{r3, lr}
  if ((0x80U & ep_addr) == 0x80U)
 8003e48:	f011 0f80 	tst.w	r1, #128	@ 0x80
 8003e4c:	d10c      	bne.n	8003e68 <HAL_PCD_EP_Abort+0x22>
    ep = &hpcd->OUT_ep[ep_addr & EP_ADDR_MSK];
 8003e4e:	f001 010f 	and.w	r1, r1, #15
 8003e52:	eb01 01c1 	add.w	r1, r1, r1, lsl #3
 8003e56:	0089      	lsls	r1, r1, #2
 8003e58:	f501 7114 	add.w	r1, r1, #592	@ 0x250
 8003e5c:	4401      	add	r1, r0
 8003e5e:	3104      	adds	r1, #4
  ret = USB_EPStopXfer(hpcd->Instance, ep);
 8003e60:	6800      	ldr	r0, [r0, #0]
 8003e62:	f002 fe71 	bl	8006b48 <USB_EPStopXfer>
}
 8003e66:	bd08      	pop	{r3, pc}
    ep = &hpcd->IN_ep[ep_addr & EP_ADDR_MSK];
 8003e68:	f001 010f 	and.w	r1, r1, #15
 8003e6c:	eb01 01c1 	add.w	r1, r1, r1, lsl #3
 8003e70:	0089      	lsls	r1, r1, #2
 8003e72:	3110      	adds	r1, #16
 8003e74:	4401      	add	r1, r0
 8003e76:	3104      	adds	r1, #4
 8003e78:	e7f2      	b.n	8003e60 <HAL_PCD_EP_Abort+0x1a>

08003e7a <HAL_PCD_IRQHandler>:
{
 8003e7a:	e92d 4ff0 	stmdb	sp!, {r4, r5, r6, r7, r8, r9, sl, fp, lr}
 8003e7e:	b083      	sub	sp, #12
 8003e80:	4604      	mov	r4, r0
  USB_OTG_GlobalTypeDef *USBx = hpcd->Instance;
 8003e82:	6805      	ldr	r5, [r0, #0]
  if (USB_GetMode(hpcd->Instance) == USB_OTG_MODE_DEVICE)
 8003e84:	4628      	mov	r0, r5
 8003e86:	f003 f8d0 	bl	800702a <USB_GetMode>
 8003e8a:	b110      	cbz	r0, 8003e92 <HAL_PCD_IRQHandler+0x18>
}
 8003e8c:	b003      	add	sp, #12
 8003e8e:	e8bd 8ff0 	ldmia.w	sp!, {r4, r5, r6, r7, r8, r9, sl, fp, pc}
 8003e92:	4606      	mov	r6, r0
    if (__HAL_PCD_IS_INVALID_INTERRUPT(hpcd))
 8003e94:	6820      	ldr	r0, [r4, #0]
 8003e96:	f003 f899 	bl	8006fcc <USB_ReadInterrupts>
 8003e9a:	2800      	cmp	r0, #0
 8003e9c:	d0f6      	beq.n	8003e8c <HAL_PCD_IRQHandler+0x12>
    hpcd->FrameNumber = (USBx_DEVICE->DSTS & USB_OTG_DSTS_FNSOF_Msk) >> USB_OTG_DSTS_FNSOF_Pos;
 8003e9e:	f505 6700 	add.w	r7, r5, #2048	@ 0x800
 8003ea2:	68bb      	ldr	r3, [r7, #8]
 8003ea4:	f3c3 230d 	ubfx	r3, r3, #8, #14
 8003ea8:	f8c4 34d4 	str.w	r3, [r4, #1236]	@ 0x4d4
    if (__HAL_PCD_GET_FLAG(hpcd, USB_OTG_GINTSTS_MMIS))
 8003eac:	6820      	ldr	r0, [r4, #0]
 8003eae:	f003 f88d 	bl	8006fcc <USB_ReadInterrupts>
 8003eb2:	f010 0f02 	tst.w	r0, #2
 8003eb6:	d004      	beq.n	8003ec2 <HAL_PCD_IRQHandler+0x48>
      __HAL_PCD_CLEAR_FLAG(hpcd, USB_OTG_GINTSTS_MMIS);
 8003eb8:	6822      	ldr	r2, [r4, #0]
 8003eba:	6953      	ldr	r3, [r2, #20]
 8003ebc:	f003 0302 	and.w	r3, r3, #2
 8003ec0:	6153      	str	r3, [r2, #20]
    if (__HAL_PCD_GET_FLAG(hpcd, USB_OTG_GINTSTS_RXFLVL))
 8003ec2:	6820      	ldr	r0, [r4, #0]
 8003ec4:	f003 f882 	bl	8006fcc <USB_ReadInterrupts>
 8003ec8:	f010 0f10 	tst.w	r0, #16
 8003ecc:	d015      	beq.n	8003efa <HAL_PCD_IRQHandler+0x80>
      USB_MASK_INTERRUPT(hpcd->Instance, USB_OTG_GINTSTS_RXFLVL);
 8003ece:	6822      	ldr	r2, [r4, #0]
 8003ed0:	6993      	ldr	r3, [r2, #24]
 8003ed2:	f023 0310 	bic.w	r3, r3, #16
 8003ed6:	6193      	str	r3, [r2, #24]
      RegVal = USBx->GRXSTSP;
 8003ed8:	f8d5 8020 	ldr.w	r8, [r5, #32]
      ep = &hpcd->OUT_ep[RegVal & USB_OTG_GRXSTSP_EPNUM];
 8003edc:	f008 090f 	and.w	r9, r8, #15
      if (((RegVal & USB_OTG_GRXSTSP_PKTSTS) >> 17) ==  STS_DATA_UPDT)
 8003ee0:	f408 13f0 	and.w	r3, r8, #1966080	@ 0x1e0000
 8003ee4:	f5b3 2f80 	cmp.w	r3, #262144	@ 0x40000
 8003ee8:	d04c      	beq.n	8003f84 <HAL_PCD_IRQHandler+0x10a>
      else if (((RegVal & USB_OTG_GRXSTSP_PKTSTS) >> 17) == STS_SETUP_UPDT)
 8003eea:	f5b3 2f40 	cmp.w	r3, #786432	@ 0xc0000
 8003eee:	d06f      	beq.n	8003fd0 <HAL_PCD_IRQHandler+0x156>
      USB_UNMASK_INTERRUPT(hpcd->Instance, USB_OTG_GINTSTS_RXFLVL);
 8003ef0:	6822      	ldr	r2, [r4, #0]
 8003ef2:	6993      	ldr	r3, [r2, #24]
 8003ef4:	f043 0310 	orr.w	r3, r3, #16
 8003ef8:	6193      	str	r3, [r2, #24]
    if (__HAL_PCD_GET_FLAG(hpcd, USB_OTG_GINTSTS_OEPINT))
 8003efa:	6820      	ldr	r0, [r4, #0]
 8003efc:	f003 f866 	bl	8006fcc <USB_ReadInterrupts>
 8003f00:	f410 2f00 	tst.w	r0, #524288	@ 0x80000
 8003f04:	d176      	bne.n	8003ff4 <HAL_PCD_IRQHandler+0x17a>
    if (__HAL_PCD_GET_FLAG(hpcd, USB_OTG_GINTSTS_IEPINT))
 8003f06:	6820      	ldr	r0, [r4, #0]
 8003f08:	f003 f860 	bl	8006fcc <USB_ReadInterrupts>
 8003f0c:	f410 2f80 	tst.w	r0, #262144	@ 0x40000
 8003f10:	f040 80e0 	bne.w	80040d4 <HAL_PCD_IRQHandler+0x25a>
    if (__HAL_PCD_GET_FLAG(hpcd, USB_OTG_GINTSTS_WKUINT))
 8003f14:	6820      	ldr	r0, [r4, #0]
 8003f16:	f003 f859 	bl	8006fcc <USB_ReadInterrupts>
 8003f1a:	2800      	cmp	r0, #0
 8003f1c:	f2c0 8161 	blt.w	80041e2 <HAL_PCD_IRQHandler+0x368>
    if (__HAL_PCD_GET_FLAG(hpcd, USB_OTG_GINTSTS_USBSUSP))
 8003f20:	6820      	ldr	r0, [r4, #0]
 8003f22:	f003 f853 	bl	8006fcc <USB_ReadInterrupts>
 8003f26:	f410 6f00 	tst.w	r0, #2048	@ 0x800
 8003f2a:	d009      	beq.n	8003f40 <HAL_PCD_IRQHandler+0xc6>
      if ((USBx_DEVICE->DSTS & USB_OTG_DSTS_SUSPSTS) == USB_OTG_DSTS_SUSPSTS)
 8003f2c:	68bb      	ldr	r3, [r7, #8]
 8003f2e:	f013 0f01 	tst.w	r3, #1
 8003f32:	f040 816e 	bne.w	8004212 <HAL_PCD_IRQHandler+0x398>
      __HAL_PCD_CLEAR_FLAG(hpcd, USB_OTG_GINTSTS_USBSUSP);
 8003f36:	6822      	ldr	r2, [r4, #0]
 8003f38:	6953      	ldr	r3, [r2, #20]
 8003f3a:	f403 6300 	and.w	r3, r3, #2048	@ 0x800
 8003f3e:	6153      	str	r3, [r2, #20]
    if (__HAL_PCD_GET_FLAG(hpcd, USB_OTG_GINTSTS_USBRST))
 8003f40:	6820      	ldr	r0, [r4, #0]
 8003f42:	f003 f843 	bl	8006fcc <USB_ReadInterrupts>
 8003f46:	f410 5f80 	tst.w	r0, #4096	@ 0x1000
 8003f4a:	f040 8166 	bne.w	800421a <HAL_PCD_IRQHandler+0x3a0>
    if (__HAL_PCD_GET_FLAG(hpcd, USB_OTG_GINTSTS_ENUMDNE))
 8003f4e:	6820      	ldr	r0, [r4, #0]
 8003f50:	f003 f83c 	bl	8006fcc <USB_ReadInterrupts>
 8003f54:	f410 5f00 	tst.w	r0, #8192	@ 0x2000
 8003f58:	f040 81b3 	bne.w	80042c2 <HAL_PCD_IRQHandler+0x448>
    if (__HAL_PCD_GET_FLAG(hpcd, USB_OTG_GINTSTS_SOF))
 8003f5c:	6820      	ldr	r0, [r4, #0]
 8003f5e:	f003 f835 	bl	8006fcc <USB_ReadInterrupts>
 8003f62:	f010 0f08 	tst.w	r0, #8
 8003f66:	f040 81c4 	bne.w	80042f2 <HAL_PCD_IRQHandler+0x478>
    if (__HAL_PCD_GET_FLAG(hpcd, USB_OTG_GINTSTS_BOUTNAKEFF))
 8003f6a:	6820      	ldr	r0, [r4, #0]
 8003f6c:	f003 f82e 	bl	8006fcc <USB_ReadInterrupts>
 8003f70:	f010 0f80 	tst.w	r0, #128	@ 0x80
 8003f74:	f000 81d7 	beq.w	8004326 <HAL_PCD_IRQHandler+0x4ac>
      USBx->GINTMSK &= ~USB_OTG_GINTMSK_GONAKEFFM;
 8003f78:	69ab      	ldr	r3, [r5, #24]
 8003f7a:	f023 0380 	bic.w	r3, r3, #128	@ 0x80
 8003f7e:	61ab      	str	r3, [r5, #24]
      for (epnum = 1U; epnum < hpcd->Init.dev_endpoints; epnum++)
 8003f80:	2601      	movs	r6, #1
 8003f82:	e1c0      	b.n	8004306 <HAL_PCD_IRQHandler+0x48c>
        if ((RegVal & USB_OTG_GRXSTSP_BCNT) != 0U)
 8003f84:	f647 73f0 	movw	r3, #32752	@ 0x7ff0
 8003f88:	ea18 0f03 	tst.w	r8, r3
 8003f8c:	d0b0      	beq.n	8003ef0 <HAL_PCD_IRQHandler+0x76>
                               (uint16_t)((RegVal & USB_OTG_GRXSTSP_BCNT) >> 4));
 8003f8e:	ea4f 1a18 	mov.w	sl, r8, lsr #4
          (void)USB_ReadPacket(USBx, ep->xfer_buff,
 8003f92:	ea4f 03c9 	mov.w	r3, r9, lsl #3
 8003f96:	9301      	str	r3, [sp, #4]
 8003f98:	eb09 0bc9 	add.w	fp, r9, r9, lsl #3
 8003f9c:	eb04 0b8b 	add.w	fp, r4, fp, lsl #2
 8003fa0:	f3c8 120a 	ubfx	r2, r8, #4, #11
 8003fa4:	f8db 1260 	ldr.w	r1, [fp, #608]	@ 0x260
 8003fa8:	4628      	mov	r0, r5
 8003faa:	f002 ff65 	bl	8006e78 <USB_ReadPacket>
          ep->xfer_buff += (RegVal & USB_OTG_GRXSTSP_BCNT) >> 4;
 8003fae:	f8db 3260 	ldr.w	r3, [fp, #608]	@ 0x260
 8003fb2:	f3ca 0a0a 	ubfx	sl, sl, #0, #11
 8003fb6:	4453      	add	r3, sl
 8003fb8:	f8cb 3260 	str.w	r3, [fp, #608]	@ 0x260
          ep->xfer_count += (RegVal & USB_OTG_GRXSTSP_BCNT) >> 4;
 8003fbc:	f8db 3268 	ldr.w	r3, [fp, #616]	@ 0x268
 8003fc0:	9a01      	ldr	r2, [sp, #4]
 8003fc2:	444a      	add	r2, r9
 8003fc4:	eb04 0282 	add.w	r2, r4, r2, lsl #2
 8003fc8:	4453      	add	r3, sl
 8003fca:	f8c2 3268 	str.w	r3, [r2, #616]	@ 0x268
 8003fce:	e78f      	b.n	8003ef0 <HAL_PCD_IRQHandler+0x76>
        (void)USB_ReadPacket(USBx, (uint8_t *)hpcd->Setup, 8U);
 8003fd0:	2208      	movs	r2, #8
 8003fd2:	f204 419c 	addw	r1, r4, #1180	@ 0x49c
 8003fd6:	4628      	mov	r0, r5
 8003fd8:	f002 ff4e 	bl	8006e78 <USB_ReadPacket>
        ep->xfer_count += (RegVal & USB_OTG_GRXSTSP_BCNT) >> 4;
 8003fdc:	eb09 03c9 	add.w	r3, r9, r9, lsl #3
 8003fe0:	eb04 0383 	add.w	r3, r4, r3, lsl #2
 8003fe4:	f8d3 2268 	ldr.w	r2, [r3, #616]	@ 0x268
 8003fe8:	f3c8 180a 	ubfx	r8, r8, #4, #11
 8003fec:	4442      	add	r2, r8
 8003fee:	f8c3 2268 	str.w	r2, [r3, #616]	@ 0x268
 8003ff2:	e77d      	b.n	8003ef0 <HAL_PCD_IRQHandler+0x76>
      ep_intr = USB_ReadDevAllOutEpInterrupt(hpcd->Instance);
 8003ff4:	6820      	ldr	r0, [r4, #0]
 8003ff6:	f002 ffed 	bl	8006fd4 <USB_ReadDevAllOutEpInterrupt>
 8003ffa:	4680      	mov	r8, r0
      epnum = 0U;
 8003ffc:	46b1      	mov	r9, r6
      while (ep_intr != 0U)
 8003ffe:	e035      	b.n	800406c <HAL_PCD_IRQHandler+0x1f2>
            CLEAR_OUT_EP_INTR(epnum, USB_OTG_DOEPINT_XFRC);
 8004000:	eb05 1349 	add.w	r3, r5, r9, lsl #5
 8004004:	2201      	movs	r2, #1
 8004006:	f8c3 2b08 	str.w	r2, [r3, #2824]	@ 0xb08
            (void)PCD_EP_OutXfrComplete_int(hpcd, epnum);
 800400a:	4649      	mov	r1, r9
 800400c:	4620      	mov	r0, r4
 800400e:	f7ff fd0f 	bl	8003a30 <PCD_EP_OutXfrComplete_int>
 8004012:	e03c      	b.n	800408e <HAL_PCD_IRQHandler+0x214>
            CLEAR_OUT_EP_INTR(epnum, USB_OTG_DOEPINT_STUP);
 8004014:	eb05 1349 	add.w	r3, r5, r9, lsl #5
 8004018:	2208      	movs	r2, #8
 800401a:	f8c3 2b08 	str.w	r2, [r3, #2824]	@ 0xb08
            (void)PCD_EP_OutSetupPacket_int(hpcd, epnum);
 800401e:	4649      	mov	r1, r9
 8004020:	4620      	mov	r0, r4
 8004022:	f7ff fd87 	bl	8003b34 <PCD_EP_OutSetupPacket_int>
 8004026:	e035      	b.n	8004094 <HAL_PCD_IRQHandler+0x21a>
            if (ep->is_iso_incomplete == 1U)
 8004028:	eb09 03c9 	add.w	r3, r9, r9, lsl #3
 800402c:	eb04 0383 	add.w	r3, r4, r3, lsl #2
 8004030:	f893 3257 	ldrb.w	r3, [r3, #599]	@ 0x257
 8004034:	2b01      	cmp	r3, #1
 8004036:	d041      	beq.n	80040bc <HAL_PCD_IRQHandler+0x242>
            CLEAR_OUT_EP_INTR(epnum, USB_OTG_DOEPINT_EPDISD);
 8004038:	eb05 1349 	add.w	r3, r5, r9, lsl #5
 800403c:	2202      	movs	r2, #2
 800403e:	f8c3 2b08 	str.w	r2, [r3, #2824]	@ 0xb08
          if ((epint & USB_OTG_DOEPINT_OTEPSPR) == USB_OTG_DOEPINT_OTEPSPR)
 8004042:	f01a 0f20 	tst.w	sl, #32
 8004046:	d004      	beq.n	8004052 <HAL_PCD_IRQHandler+0x1d8>
            CLEAR_OUT_EP_INTR(epnum, USB_OTG_DOEPINT_OTEPSPR);
 8004048:	eb05 1349 	add.w	r3, r5, r9, lsl #5
 800404c:	2220      	movs	r2, #32
 800404e:	f8c3 2b08 	str.w	r2, [r3, #2824]	@ 0xb08
          if ((epint & USB_OTG_DOEPINT_NAK) == USB_OTG_DOEPINT_NAK)
 8004052:	f41a 5f00 	tst.w	sl, #8192	@ 0x2000
 8004056:	d005      	beq.n	8004064 <HAL_PCD_IRQHandler+0x1ea>
            CLEAR_OUT_EP_INTR(epnum, USB_OTG_DOEPINT_NAK);
 8004058:	eb05 1349 	add.w	r3, r5, r9, lsl #5
 800405c:	f44f 5200 	mov.w	r2, #8192	@ 0x2000
 8004060:	f8c3 2b08 	str.w	r2, [r3, #2824]	@ 0xb08
        epnum++;
 8004064:	f109 0901 	add.w	r9, r9, #1
        ep_intr >>= 1U;
 8004068:	ea4f 0858 	mov.w	r8, r8, lsr #1
      while (ep_intr != 0U)
 800406c:	f1b8 0f00 	cmp.w	r8, #0
 8004070:	f43f af49 	beq.w	8003f06 <HAL_PCD_IRQHandler+0x8c>
        if ((ep_intr & 0x1U) != 0U)
 8004074:	f018 0f01 	tst.w	r8, #1
 8004078:	d0f4      	beq.n	8004064 <HAL_PCD_IRQHandler+0x1ea>
          epint = USB_ReadDevOutEPInterrupt(hpcd->Instance, (uint8_t)epnum);
 800407a:	fa5f fb89 	uxtb.w	fp, r9
 800407e:	4659      	mov	r1, fp
 8004080:	6820      	ldr	r0, [r4, #0]
 8004082:	f002 ffb7 	bl	8006ff4 <USB_ReadDevOutEPInterrupt>
 8004086:	4682      	mov	sl, r0
          if ((epint & USB_OTG_DOEPINT_XFRC) == USB_OTG_DOEPINT_XFRC)
 8004088:	f010 0f01 	tst.w	r0, #1
 800408c:	d1b8      	bne.n	8004000 <HAL_PCD_IRQHandler+0x186>
          if ((epint & USB_OTG_DOEPINT_STUP) == USB_OTG_DOEPINT_STUP)
 800408e:	f01a 0f08 	tst.w	sl, #8
 8004092:	d1bf      	bne.n	8004014 <HAL_PCD_IRQHandler+0x19a>
          if ((epint & USB_OTG_DOEPINT_OTEPDIS) == USB_OTG_DOEPINT_OTEPDIS)
 8004094:	f01a 0f10 	tst.w	sl, #16
 8004098:	d004      	beq.n	80040a4 <HAL_PCD_IRQHandler+0x22a>
            CLEAR_OUT_EP_INTR(epnum, USB_OTG_DOEPINT_OTEPDIS);
 800409a:	eb05 1349 	add.w	r3, r5, r9, lsl #5
 800409e:	2210      	movs	r2, #16
 80040a0:	f8c3 2b08 	str.w	r2, [r3, #2824]	@ 0xb08
          if ((epint & USB_OTG_DOEPINT_EPDISD) == USB_OTG_DOEPINT_EPDISD)
 80040a4:	f01a 0f02 	tst.w	sl, #2
 80040a8:	d0cb      	beq.n	8004042 <HAL_PCD_IRQHandler+0x1c8>
            if ((USBx->GINTSTS & USB_OTG_GINTSTS_BOUTNAKEFF) == USB_OTG_GINTSTS_BOUTNAKEFF)
 80040aa:	696b      	ldr	r3, [r5, #20]
 80040ac:	f013 0f80 	tst.w	r3, #128	@ 0x80
 80040b0:	d0ba      	beq.n	8004028 <HAL_PCD_IRQHandler+0x1ae>
              USBx_DEVICE->DCTL |= USB_OTG_DCTL_CGONAK;
 80040b2:	687b      	ldr	r3, [r7, #4]
 80040b4:	f443 6380 	orr.w	r3, r3, #1024	@ 0x400
 80040b8:	607b      	str	r3, [r7, #4]
 80040ba:	e7b5      	b.n	8004028 <HAL_PCD_IRQHandler+0x1ae>
              ep->is_iso_incomplete = 0U;
 80040bc:	eb09 03c9 	add.w	r3, r9, r9, lsl #3
 80040c0:	eb04 0383 	add.w	r3, r4, r3, lsl #2
 80040c4:	2200      	movs	r2, #0
 80040c6:	f883 2257 	strb.w	r2, [r3, #599]	@ 0x257
              HAL_PCD_ISOOUTIncompleteCallback(hpcd, (uint8_t)epnum);
 80040ca:	4659      	mov	r1, fp
 80040cc:	4620      	mov	r0, r4
 80040ce:	f003 f8ef 	bl	80072b0 <HAL_PCD_ISOOUTIncompleteCallback>
 80040d2:	e7b1      	b.n	8004038 <HAL_PCD_IRQHandler+0x1be>
      ep_intr = USB_ReadDevAllInEpInterrupt(hpcd->Instance);
 80040d4:	6820      	ldr	r0, [r4, #0]
 80040d6:	f002 ff85 	bl	8006fe4 <USB_ReadDevAllInEpInterrupt>
 80040da:	4680      	mov	r8, r0
      epnum = 0U;
 80040dc:	46b1      	mov	r9, r6
      while (ep_intr != 0U)
 80040de:	e025      	b.n	800412c <HAL_PCD_IRQHandler+0x2b2>
            HAL_PCD_DataInStageCallback(hpcd, (uint8_t)epnum);
 80040e0:	4659      	mov	r1, fp
 80040e2:	4620      	mov	r0, r4
 80040e4:	f003 f8a0 	bl	8007228 <HAL_PCD_DataInStageCallback>
          if ((epint & USB_OTG_DIEPINT_TOC) == USB_OTG_DIEPINT_TOC)
 80040e8:	f01a 0f08 	tst.w	sl, #8
 80040ec:	d004      	beq.n	80040f8 <HAL_PCD_IRQHandler+0x27e>
            CLEAR_IN_EP_INTR(epnum, USB_OTG_DIEPINT_TOC);
 80040ee:	eb05 1349 	add.w	r3, r5, r9, lsl #5
 80040f2:	2208      	movs	r2, #8
 80040f4:	f8c3 2908 	str.w	r2, [r3, #2312]	@ 0x908
          if ((epint & USB_OTG_DIEPINT_ITTXFE) == USB_OTG_DIEPINT_ITTXFE)
 80040f8:	f01a 0f10 	tst.w	sl, #16
 80040fc:	d004      	beq.n	8004108 <HAL_PCD_IRQHandler+0x28e>
            CLEAR_IN_EP_INTR(epnum, USB_OTG_DIEPINT_ITTXFE);
 80040fe:	eb05 1349 	add.w	r3, r5, r9, lsl #5
 8004102:	2210      	movs	r2, #16
 8004104:	f8c3 2908 	str.w	r2, [r3, #2312]	@ 0x908
          if ((epint & USB_OTG_DIEPINT_INEPNE) == USB_OTG_DIEPINT_INEPNE)
 8004108:	f01a 0f40 	tst.w	sl, #64	@ 0x40
 800410c:	d004      	beq.n	8004118 <HAL_PCD_IRQHandler+0x29e>
            CLEAR_IN_EP_INTR(epnum, USB_OTG_DIEPINT_INEPNE);
 800410e:	eb05 1349 	add.w	r3, r5, r9, lsl #5
 8004112:	2240      	movs	r2, #64	@ 0x40
 8004114:	f8c3 2908 	str.w	r2, [r3, #2312]	@ 0x908
          if ((epint & USB_OTG_DIEPINT_EPDISD) == USB_OTG_DIEPINT_EPDISD)
 8004118:	f01a 0f02 	tst.w	sl, #2
 800411c:	d140      	bne.n	80041a0 <HAL_PCD_IRQHandler+0x326>
          if ((epint & USB_OTG_DIEPINT_TXFE) == USB_OTG_DIEPINT_TXFE)
 800411e:	f01a 0f80 	tst.w	sl, #128	@ 0x80
 8004122:	d159      	bne.n	80041d8 <HAL_PCD_IRQHandler+0x35e>
        epnum++;
 8004124:	f109 0901 	add.w	r9, r9, #1
        ep_intr >>= 1U;
 8004128:	ea4f 0858 	mov.w	r8, r8, lsr #1
      while (ep_intr != 0U)
 800412c:	f1b8 0f00 	cmp.w	r8, #0
 8004130:	f43f aef0 	beq.w	8003f14 <HAL_PCD_IRQHandler+0x9a>
        if ((ep_intr & 0x1U) != 0U) /* In ITR */
 8004134:	f018 0f01 	tst.w	r8, #1
 8004138:	d0f4      	beq.n	8004124 <HAL_PCD_IRQHandler+0x2aa>
          epint = USB_ReadDevInEPInterrupt(hpcd->Instance, (uint8_t)epnum);
 800413a:	fa5f fb89 	uxtb.w	fp, r9
 800413e:	4659      	mov	r1, fp
 8004140:	6820      	ldr	r0, [r4, #0]
 8004142:	f002 ff60 	bl	8007006 <USB_ReadDevInEPInterrupt>
 8004146:	4682      	mov	sl, r0
          if ((epint & USB_OTG_DIEPINT_XFRC) == USB_OTG_DIEPINT_XFRC)
 8004148:	f010 0f01 	tst.w	r0, #1
 800414c:	d0cc      	beq.n	80040e8 <HAL_PCD_IRQHandler+0x26e>
            fifoemptymsk = (uint32_t)(0x1UL << (epnum & EP_ADDR_MSK));
 800414e:	f009 020f 	and.w	r2, r9, #15
 8004152:	2101      	movs	r1, #1
 8004154:	fa01 f202 	lsl.w	r2, r1, r2
            USBx_DEVICE->DIEPEMPMSK &= ~fifoemptymsk;
 8004158:	6b7b      	ldr	r3, [r7, #52]	@ 0x34
 800415a:	ea23 0302 	bic.w	r3, r3, r2
 800415e:	637b      	str	r3, [r7, #52]	@ 0x34
            CLEAR_IN_EP_INTR(epnum, USB_OTG_DIEPINT_XFRC);
 8004160:	eb05 1349 	add.w	r3, r5, r9, lsl #5
 8004164:	f8c3 1908 	str.w	r1, [r3, #2312]	@ 0x908
            if (hpcd->Init.dma_enable == 1U)
 8004168:	79a3      	ldrb	r3, [r4, #6]
 800416a:	428b      	cmp	r3, r1
 800416c:	d1b8      	bne.n	80040e0 <HAL_PCD_IRQHandler+0x266>
              hpcd->IN_ep[epnum].xfer_buff += hpcd->IN_ep[epnum].maxpacket;
 800416e:	eb09 03c9 	add.w	r3, r9, r9, lsl #3
 8004172:	eb04 0383 	add.w	r3, r4, r3, lsl #2
 8004176:	6a1a      	ldr	r2, [r3, #32]
 8004178:	69d9      	ldr	r1, [r3, #28]
 800417a:	440a      	add	r2, r1
 800417c:	621a      	str	r2, [r3, #32]
              if ((epnum == 0U) && (hpcd->IN_ep[epnum].xfer_len == 0U))
 800417e:	f1b9 0f00 	cmp.w	r9, #0
 8004182:	d1ad      	bne.n	80040e0 <HAL_PCD_IRQHandler+0x266>
 8004184:	eb09 03c9 	add.w	r3, r9, r9, lsl #3
 8004188:	eb04 0383 	add.w	r3, r4, r3, lsl #2
 800418c:	6a5b      	ldr	r3, [r3, #36]	@ 0x24
 800418e:	2b00      	cmp	r3, #0
 8004190:	d1a6      	bne.n	80040e0 <HAL_PCD_IRQHandler+0x266>
                (void)USB_EP0_OutStart(hpcd->Instance, 1U, (uint8_t *)hpcd->Setup);
 8004192:	f204 429c 	addw	r2, r4, #1180	@ 0x49c
 8004196:	2101      	movs	r1, #1
 8004198:	6820      	ldr	r0, [r4, #0]
 800419a:	f002 ff89 	bl	80070b0 <USB_EP0_OutStart>
 800419e:	e79f      	b.n	80040e0 <HAL_PCD_IRQHandler+0x266>
            (void)USB_FlushTxFifo(USBx, epnum);
 80041a0:	4649      	mov	r1, r9
 80041a2:	4628      	mov	r0, r5
 80041a4:	f002 fae6 	bl	8006774 <USB_FlushTxFifo>
            if (ep->is_iso_incomplete == 1U)
 80041a8:	eb09 03c9 	add.w	r3, r9, r9, lsl #3
 80041ac:	eb04 0383 	add.w	r3, r4, r3, lsl #2
 80041b0:	7ddb      	ldrb	r3, [r3, #23]
 80041b2:	2b01      	cmp	r3, #1
 80041b4:	d005      	beq.n	80041c2 <HAL_PCD_IRQHandler+0x348>
            CLEAR_IN_EP_INTR(epnum, USB_OTG_DIEPINT_EPDISD);
 80041b6:	eb05 1349 	add.w	r3, r5, r9, lsl #5
 80041ba:	2202      	movs	r2, #2
 80041bc:	f8c3 2908 	str.w	r2, [r3, #2312]	@ 0x908
 80041c0:	e7ad      	b.n	800411e <HAL_PCD_IRQHandler+0x2a4>
              ep->is_iso_incomplete = 0U;
 80041c2:	eb09 03c9 	add.w	r3, r9, r9, lsl #3
 80041c6:	eb04 0383 	add.w	r3, r4, r3, lsl #2
 80041ca:	2200      	movs	r2, #0
 80041cc:	75da      	strb	r2, [r3, #23]
              HAL_PCD_ISOINIncompleteCallback(hpcd, (uint8_t)epnum);
 80041ce:	4659      	mov	r1, fp
 80041d0:	4620      	mov	r0, r4
 80041d2:	f003 f873 	bl	80072bc <HAL_PCD_ISOINIncompleteCallback>
 80041d6:	e7ee      	b.n	80041b6 <HAL_PCD_IRQHandler+0x33c>
            (void)PCD_WriteEmptyTxFifo(hpcd, epnum);
 80041d8:	4649      	mov	r1, r9
 80041da:	4620      	mov	r0, r4
 80041dc:	f7ff fb1c 	bl	8003818 <PCD_WriteEmptyTxFifo>
 80041e0:	e7a0      	b.n	8004124 <HAL_PCD_IRQHandler+0x2aa>
      USBx_DEVICE->DCTL &= ~USB_OTG_DCTL_RWUSIG;
 80041e2:	687b      	ldr	r3, [r7, #4]
 80041e4:	f023 0301 	bic.w	r3, r3, #1
 80041e8:	607b      	str	r3, [r7, #4]
      if (hpcd->LPM_State == LPM_L1)
 80041ea:	f894 34cc 	ldrb.w	r3, [r4, #1228]	@ 0x4cc
 80041ee:	2b01      	cmp	r3, #1
 80041f0:	d008      	beq.n	8004204 <HAL_PCD_IRQHandler+0x38a>
        HAL_PCD_ResumeCallback(hpcd);
 80041f2:	4620      	mov	r0, r4
 80041f4:	f003 f856 	bl	80072a4 <HAL_PCD_ResumeCallback>
      __HAL_PCD_CLEAR_FLAG(hpcd, USB_OTG_GINTSTS_WKUINT);
 80041f8:	6822      	ldr	r2, [r4, #0]
 80041fa:	6953      	ldr	r3, [r2, #20]
 80041fc:	f003 4300 	and.w	r3, r3, #2147483648	@ 0x80000000
 8004200:	6153      	str	r3, [r2, #20]
 8004202:	e68d      	b.n	8003f20 <HAL_PCD_IRQHandler+0xa6>
        hpcd->LPM_State = LPM_L0;
 8004204:	2100      	movs	r1, #0
 8004206:	f884 14cc 	strb.w	r1, [r4, #1228]	@ 0x4cc
        HAL_PCDEx_LPM_Callback(hpcd, PCD_LPM_L0_ACTIVE);
 800420a:	4620      	mov	r0, r4
 800420c:	f000 f959 	bl	80044c2 <HAL_PCDEx_LPM_Callback>
 8004210:	e7f2      	b.n	80041f8 <HAL_PCD_IRQHandler+0x37e>
        HAL_PCD_SuspendCallback(hpcd);
 8004212:	4620      	mov	r0, r4
 8004214:	f003 f82e 	bl	8007274 <HAL_PCD_SuspendCallback>
 8004218:	e68d      	b.n	8003f36 <HAL_PCD_IRQHandler+0xbc>
      USBx_DEVICE->DCTL &= ~USB_OTG_DCTL_RWUSIG;
 800421a:	687b      	ldr	r3, [r7, #4]
 800421c:	f023 0301 	bic.w	r3, r3, #1
 8004220:	607b      	str	r3, [r7, #4]
      (void)USB_FlushTxFifo(hpcd->Instance, 0x10U);
 8004222:	2110      	movs	r1, #16
 8004224:	6820      	ldr	r0, [r4, #0]
 8004226:	f002 faa5 	bl	8006774 <USB_FlushTxFifo>
      for (i = 0U; i < hpcd->Init.dev_endpoints; i++)
 800422a:	e01a      	b.n	8004262 <HAL_PCD_IRQHandler+0x3e8>
        USBx_INEP(i)->DIEPINT = 0xFB7FU;
 800422c:	eb05 1346 	add.w	r3, r5, r6, lsl #5
 8004230:	f64f 317f 	movw	r1, #64383	@ 0xfb7f
 8004234:	f8c3 1908 	str.w	r1, [r3, #2312]	@ 0x908
        USBx_INEP(i)->DIEPCTL &= ~USB_OTG_DIEPCTL_STALL;
 8004238:	f8d3 2900 	ldr.w	r2, [r3, #2304]	@ 0x900
 800423c:	f422 1200 	bic.w	r2, r2, #2097152	@ 0x200000
 8004240:	f8c3 2900 	str.w	r2, [r3, #2304]	@ 0x900
        USBx_OUTEP(i)->DOEPINT = 0xFB7FU;
 8004244:	f8c3 1b08 	str.w	r1, [r3, #2824]	@ 0xb08
        USBx_OUTEP(i)->DOEPCTL &= ~USB_OTG_DOEPCTL_STALL;
 8004248:	f8d3 2b00 	ldr.w	r2, [r3, #2816]	@ 0xb00
 800424c:	f422 1200 	bic.w	r2, r2, #2097152	@ 0x200000
 8004250:	f8c3 2b00 	str.w	r2, [r3, #2816]	@ 0xb00
        USBx_OUTEP(i)->DOEPCTL |= USB_OTG_DOEPCTL_SNAK;
 8004254:	f8d3 2b00 	ldr.w	r2, [r3, #2816]	@ 0xb00
 8004258:	f042 6200 	orr.w	r2, r2, #134217728	@ 0x8000000
 800425c:	f8c3 2b00 	str.w	r2, [r3, #2816]	@ 0xb00
      for (i = 0U; i < hpcd->Init.dev_endpoints; i++)
 8004260:	3601      	adds	r6, #1
 8004262:	7923      	ldrb	r3, [r4, #4]
 8004264:	42b3      	cmp	r3, r6
 8004266:	d8e1      	bhi.n	800422c <HAL_PCD_IRQHandler+0x3b2>
      USBx_DEVICE->DAINTMSK |= 0x10001U;
 8004268:	69fb      	ldr	r3, [r7, #28]
 800426a:	f043 1301 	orr.w	r3, r3, #65537	@ 0x10001
 800426e:	61fb      	str	r3, [r7, #28]
      if (hpcd->Init.use_dedicated_ep1 != 0U)
 8004270:	7be3      	ldrb	r3, [r4, #15]
 8004272:	b1db      	cbz	r3, 80042ac <HAL_PCD_IRQHandler+0x432>
        USBx_DEVICE->DOUTEP1MSK |= USB_OTG_DOEPMSK_STUPM |
 8004274:	f8d7 3084 	ldr.w	r3, [r7, #132]	@ 0x84
 8004278:	f043 030b 	orr.w	r3, r3, #11
 800427c:	f8c7 3084 	str.w	r3, [r7, #132]	@ 0x84
        USBx_DEVICE->DINEP1MSK |= USB_OTG_DIEPMSK_TOM |
 8004280:	6c7b      	ldr	r3, [r7, #68]	@ 0x44
 8004282:	f043 030b 	orr.w	r3, r3, #11
 8004286:	647b      	str	r3, [r7, #68]	@ 0x44
      USBx_DEVICE->DCFG &= ~USB_OTG_DCFG_DAD;
 8004288:	f8d5 3800 	ldr.w	r3, [r5, #2048]	@ 0x800
 800428c:	f423 63fe 	bic.w	r3, r3, #2032	@ 0x7f0
 8004290:	f8c5 3800 	str.w	r3, [r5, #2048]	@ 0x800
      (void)USB_EP0_OutStart(hpcd->Instance, (uint8_t)hpcd->Init.dma_enable,
 8004294:	f204 429c 	addw	r2, r4, #1180	@ 0x49c
 8004298:	79a1      	ldrb	r1, [r4, #6]
 800429a:	6820      	ldr	r0, [r4, #0]
 800429c:	f002 ff08 	bl	80070b0 <USB_EP0_OutStart>
      __HAL_PCD_CLEAR_FLAG(hpcd, USB_OTG_GINTSTS_USBRST);
 80042a0:	6822      	ldr	r2, [r4, #0]
 80042a2:	6953      	ldr	r3, [r2, #20]
 80042a4:	f403 5380 	and.w	r3, r3, #4096	@ 0x1000
 80042a8:	6153      	str	r3, [r2, #20]
 80042aa:	e650      	b.n	8003f4e <HAL_PCD_IRQHandler+0xd4>
        USBx_DEVICE->DOEPMSK |= USB_OTG_DOEPMSK_STUPM |
 80042ac:	697b      	ldr	r3, [r7, #20]
 80042ae:	f443 5300 	orr.w	r3, r3, #8192	@ 0x2000
 80042b2:	f043 032b 	orr.w	r3, r3, #43	@ 0x2b
 80042b6:	617b      	str	r3, [r7, #20]
        USBx_DEVICE->DIEPMSK |= USB_OTG_DIEPMSK_TOM |
 80042b8:	693b      	ldr	r3, [r7, #16]
 80042ba:	f043 030b 	orr.w	r3, r3, #11
 80042be:	613b      	str	r3, [r7, #16]
 80042c0:	e7e2      	b.n	8004288 <HAL_PCD_IRQHandler+0x40e>
      (void)USB_ActivateSetup(hpcd->Instance);
 80042c2:	6820      	ldr	r0, [r4, #0]
 80042c4:	f002 fee6 	bl	8007094 <USB_ActivateSetup>
      hpcd->Init.speed = USB_GetDevSpeed(hpcd->Instance);
 80042c8:	6820      	ldr	r0, [r4, #0]
 80042ca:	f002 fb6f 	bl	80069ac <USB_GetDevSpeed>
 80042ce:	71e0      	strb	r0, [r4, #7]
      (void)USB_SetTurnaroundTime(hpcd->Instance,
 80042d0:	6826      	ldr	r6, [r4, #0]
 80042d2:	f000 fc11 	bl	8004af8 <HAL_RCC_GetHCLKFreq>
 80042d6:	4601      	mov	r1, r0
 80042d8:	79e2      	ldrb	r2, [r4, #7]
 80042da:	4630      	mov	r0, r6
 80042dc:	f002 f9cc 	bl	8006678 <USB_SetTurnaroundTime>
      HAL_PCD_ResetCallback(hpcd);
 80042e0:	4620      	mov	r0, r4
 80042e2:	f002 ffb2 	bl	800724a <HAL_PCD_ResetCallback>
      __HAL_PCD_CLEAR_FLAG(hpcd, USB_OTG_GINTSTS_ENUMDNE);
 80042e6:	6822      	ldr	r2, [r4, #0]
 80042e8:	6953      	ldr	r3, [r2, #20]
 80042ea:	f403 5300 	and.w	r3, r3, #8192	@ 0x2000
 80042ee:	6153      	str	r3, [r2, #20]
 80042f0:	e634      	b.n	8003f5c <HAL_PCD_IRQHandler+0xe2>
      HAL_PCD_SOFCallback(hpcd);
 80042f2:	4620      	mov	r0, r4
 80042f4:	f002 ffa3 	bl	800723e <HAL_PCD_SOFCallback>
      __HAL_PCD_CLEAR_FLAG(hpcd, USB_OTG_GINTSTS_SOF);
 80042f8:	6822      	ldr	r2, [r4, #0]
 80042fa:	6953      	ldr	r3, [r2, #20]
 80042fc:	f003 0308 	and.w	r3, r3, #8
 8004300:	6153      	str	r3, [r2, #20]
 8004302:	e632      	b.n	8003f6a <HAL_PCD_IRQHandler+0xf0>
      for (epnum = 1U; epnum < hpcd->Init.dev_endpoints; epnum++)
 8004304:	3601      	adds	r6, #1
 8004306:	7923      	ldrb	r3, [r4, #4]
 8004308:	42b3      	cmp	r3, r6
 800430a:	d90c      	bls.n	8004326 <HAL_PCD_IRQHandler+0x4ac>
        if (hpcd->OUT_ep[epnum].is_iso_incomplete == 1U)
 800430c:	eb06 03c6 	add.w	r3, r6, r6, lsl #3
 8004310:	eb04 0383 	add.w	r3, r4, r3, lsl #2
 8004314:	f893 3257 	ldrb.w	r3, [r3, #599]	@ 0x257
 8004318:	2b01      	cmp	r3, #1
 800431a:	d1f3      	bne.n	8004304 <HAL_PCD_IRQHandler+0x48a>
          (void)HAL_PCD_EP_Abort(hpcd, (uint8_t)epnum);
 800431c:	b2f1      	uxtb	r1, r6
 800431e:	4620      	mov	r0, r4
 8004320:	f7ff fd91 	bl	8003e46 <HAL_PCD_EP_Abort>
 8004324:	e7ee      	b.n	8004304 <HAL_PCD_IRQHandler+0x48a>
    if (__HAL_PCD_GET_FLAG(hpcd, USB_OTG_GINTSTS_IISOIXFR))
 8004326:	6820      	ldr	r0, [r4, #0]
 8004328:	f002 fe50 	bl	8006fcc <USB_ReadInterrupts>
 800432c:	f410 1f80 	tst.w	r0, #1048576	@ 0x100000
 8004330:	d125      	bne.n	800437e <HAL_PCD_IRQHandler+0x504>
    if (__HAL_PCD_GET_FLAG(hpcd, USB_OTG_GINTSTS_PXFR_INCOMPISOOUT))
 8004332:	6820      	ldr	r0, [r4, #0]
 8004334:	f002 fe4a 	bl	8006fcc <USB_ReadInterrupts>
 8004338:	f410 1f00 	tst.w	r0, #2097152	@ 0x200000
 800433c:	d058      	beq.n	80043f0 <HAL_PCD_IRQHandler+0x576>
      for (epnum = 1U; epnum < hpcd->Init.dev_endpoints; epnum++)
 800433e:	2301      	movs	r3, #1
 8004340:	e026      	b.n	8004390 <HAL_PCD_IRQHandler+0x516>
      for (epnum = 1U; epnum < hpcd->Init.dev_endpoints; epnum++)
 8004342:	3601      	adds	r6, #1
 8004344:	7923      	ldrb	r3, [r4, #4]
 8004346:	42b3      	cmp	r3, r6
 8004348:	d91b      	bls.n	8004382 <HAL_PCD_IRQHandler+0x508>
        RegVal = USBx_INEP(epnum)->DIEPCTL;
 800434a:	eb05 1346 	add.w	r3, r5, r6, lsl #5
 800434e:	f8d3 2900 	ldr.w	r2, [r3, #2304]	@ 0x900
        if ((hpcd->IN_ep[epnum].type == EP_TYPE_ISOC) &&
 8004352:	eb06 03c6 	add.w	r3, r6, r6, lsl #3
 8004356:	eb04 0383 	add.w	r3, r4, r3, lsl #2
 800435a:	7e1b      	ldrb	r3, [r3, #24]
 800435c:	2b01      	cmp	r3, #1
 800435e:	d1f0      	bne.n	8004342 <HAL_PCD_IRQHandler+0x4c8>
 8004360:	2a00      	cmp	r2, #0
 8004362:	daee      	bge.n	8004342 <HAL_PCD_IRQHandler+0x4c8>
          hpcd->IN_ep[epnum].is_iso_incomplete = 1U;
 8004364:	eb06 03c6 	add.w	r3, r6, r6, lsl #3
 8004368:	eb04 0383 	add.w	r3, r4, r3, lsl #2
 800436c:	2201      	movs	r2, #1
 800436e:	75da      	strb	r2, [r3, #23]
          (void)HAL_PCD_EP_Abort(hpcd, (uint8_t)(epnum | 0x80U));
 8004370:	f066 017f 	orn	r1, r6, #127	@ 0x7f
 8004374:	b2c9      	uxtb	r1, r1
 8004376:	4620      	mov	r0, r4
 8004378:	f7ff fd65 	bl	8003e46 <HAL_PCD_EP_Abort>
 800437c:	e7e1      	b.n	8004342 <HAL_PCD_IRQHandler+0x4c8>
      for (epnum = 1U; epnum < hpcd->Init.dev_endpoints; epnum++)
 800437e:	2601      	movs	r6, #1
 8004380:	e7e0      	b.n	8004344 <HAL_PCD_IRQHandler+0x4ca>
      __HAL_PCD_CLEAR_FLAG(hpcd, USB_OTG_GINTSTS_IISOIXFR);
 8004382:	6822      	ldr	r2, [r4, #0]
 8004384:	6953      	ldr	r3, [r2, #20]
 8004386:	f403 1380 	and.w	r3, r3, #1048576	@ 0x100000
 800438a:	6153      	str	r3, [r2, #20]
 800438c:	e7d1      	b.n	8004332 <HAL_PCD_IRQHandler+0x4b8>
      for (epnum = 1U; epnum < hpcd->Init.dev_endpoints; epnum++)
 800438e:	3301      	adds	r3, #1
 8004390:	7922      	ldrb	r2, [r4, #4]
 8004392:	429a      	cmp	r2, r3
 8004394:	d927      	bls.n	80043e6 <HAL_PCD_IRQHandler+0x56c>
        RegVal = USBx_OUTEP(epnum)->DOEPCTL;
 8004396:	eb05 1243 	add.w	r2, r5, r3, lsl #5
 800439a:	f8d2 1b00 	ldr.w	r1, [r2, #2816]	@ 0xb00
        if ((hpcd->OUT_ep[epnum].type == EP_TYPE_ISOC) &&
 800439e:	eb03 02c3 	add.w	r2, r3, r3, lsl #3
 80043a2:	eb04 0282 	add.w	r2, r4, r2, lsl #2
 80043a6:	f892 2258 	ldrb.w	r2, [r2, #600]	@ 0x258
 80043aa:	2a01      	cmp	r2, #1
 80043ac:	d1ef      	bne.n	800438e <HAL_PCD_IRQHandler+0x514>
 80043ae:	2900      	cmp	r1, #0
 80043b0:	daed      	bge.n	800438e <HAL_PCD_IRQHandler+0x514>
            (((RegVal & (0x1U << 16)) >> 16U) == (hpcd->FrameNumber & 0x1U)))
 80043b2:	f8d4 24d4 	ldr.w	r2, [r4, #1236]	@ 0x4d4
 80043b6:	ea82 4211 	eor.w	r2, r2, r1, lsr #16
            ((RegVal & USB_OTG_DOEPCTL_EPENA) == USB_OTG_DOEPCTL_EPENA) &&
 80043ba:	f012 0f01 	tst.w	r2, #1
 80043be:	d1e6      	bne.n	800438e <HAL_PCD_IRQHandler+0x514>
          hpcd->OUT_ep[epnum].is_iso_incomplete = 1U;
 80043c0:	eb03 02c3 	add.w	r2, r3, r3, lsl #3
 80043c4:	eb04 0282 	add.w	r2, r4, r2, lsl #2
 80043c8:	2101      	movs	r1, #1
 80043ca:	f882 1257 	strb.w	r1, [r2, #599]	@ 0x257
          USBx->GINTMSK |= USB_OTG_GINTMSK_GONAKEFFM;
 80043ce:	69aa      	ldr	r2, [r5, #24]
 80043d0:	f042 0280 	orr.w	r2, r2, #128	@ 0x80
 80043d4:	61aa      	str	r2, [r5, #24]
          if ((USBx->GINTSTS & USB_OTG_GINTSTS_BOUTNAKEFF) == 0U)
 80043d6:	696a      	ldr	r2, [r5, #20]
 80043d8:	f012 0f80 	tst.w	r2, #128	@ 0x80
 80043dc:	d1d7      	bne.n	800438e <HAL_PCD_IRQHandler+0x514>
            USBx_DEVICE->DCTL |= USB_OTG_DCTL_SGONAK;
 80043de:	687b      	ldr	r3, [r7, #4]
 80043e0:	f443 7300 	orr.w	r3, r3, #512	@ 0x200
 80043e4:	607b      	str	r3, [r7, #4]
      __HAL_PCD_CLEAR_FLAG(hpcd, USB_OTG_GINTSTS_PXFR_INCOMPISOOUT);
 80043e6:	6822      	ldr	r2, [r4, #0]
 80043e8:	6953      	ldr	r3, [r2, #20]
 80043ea:	f403 1300 	and.w	r3, r3, #2097152	@ 0x200000
 80043ee:	6153      	str	r3, [r2, #20]
    if (__HAL_PCD_GET_FLAG(hpcd, USB_OTG_GINTSTS_SRQINT))
 80043f0:	6820      	ldr	r0, [r4, #0]
 80043f2:	f002 fdeb 	bl	8006fcc <USB_ReadInterrupts>
 80043f6:	f010 4f80 	tst.w	r0, #1073741824	@ 0x40000000
 80043fa:	d110      	bne.n	800441e <HAL_PCD_IRQHandler+0x5a4>
    if (__HAL_PCD_GET_FLAG(hpcd, USB_OTG_GINTSTS_OTGINT))
 80043fc:	6820      	ldr	r0, [r4, #0]
 80043fe:	f002 fde5 	bl	8006fcc <USB_ReadInterrupts>
 8004402:	f010 0f04 	tst.w	r0, #4
 8004406:	f43f ad41 	beq.w	8003e8c <HAL_PCD_IRQHandler+0x12>
      RegVal = hpcd->Instance->GOTGINT;
 800440a:	6823      	ldr	r3, [r4, #0]
 800440c:	685d      	ldr	r5, [r3, #4]
      if ((RegVal & USB_OTG_GOTGINT_SEDET) == USB_OTG_GOTGINT_SEDET)
 800440e:	f015 0f04 	tst.w	r5, #4
 8004412:	d10d      	bne.n	8004430 <HAL_PCD_IRQHandler+0x5b6>
      hpcd->Instance->GOTGINT |= RegVal;
 8004414:	6822      	ldr	r2, [r4, #0]
 8004416:	6853      	ldr	r3, [r2, #4]
 8004418:	432b      	orrs	r3, r5
 800441a:	6053      	str	r3, [r2, #4]
 800441c:	e536      	b.n	8003e8c <HAL_PCD_IRQHandler+0x12>
      HAL_PCD_ConnectCallback(hpcd);
 800441e:	4620      	mov	r0, r4
 8004420:	f002 ff52 	bl	80072c8 <HAL_PCD_ConnectCallback>
      __HAL_PCD_CLEAR_FLAG(hpcd, USB_OTG_GINTSTS_SRQINT);
 8004424:	6822      	ldr	r2, [r4, #0]
 8004426:	6953      	ldr	r3, [r2, #20]
 8004428:	f003 4380 	and.w	r3, r3, #1073741824	@ 0x40000000
 800442c:	6153      	str	r3, [r2, #20]
 800442e:	e7e5      	b.n	80043fc <HAL_PCD_IRQHandler+0x582>
        HAL_PCD_DisconnectCallback(hpcd);
 8004430:	4620      	mov	r0, r4
 8004432:	f002 ff4f 	bl	80072d4 <HAL_PCD_DisconnectCallback>
 8004436:	e7ed      	b.n	8004414 <HAL_PCD_IRQHandler+0x59a>

08004438 <HAL_PCD_EP_Flush>:
  __HAL_LOCK(hpcd);
 8004438:	f890 3494 	ldrb.w	r3, [r0, #1172]	@ 0x494
 800443c:	2b01      	cmp	r3, #1
 800443e:	d014      	beq.n	800446a <HAL_PCD_EP_Flush+0x32>
{
 8004440:	b510      	push	{r4, lr}
 8004442:	4604      	mov	r4, r0
  __HAL_LOCK(hpcd);
 8004444:	2301      	movs	r3, #1
 8004446:	f880 3494 	strb.w	r3, [r0, #1172]	@ 0x494
  if ((ep_addr & 0x80U) == 0x80U)
 800444a:	f011 0f80 	tst.w	r1, #128	@ 0x80
 800444e:	d106      	bne.n	800445e <HAL_PCD_EP_Flush+0x26>
    (void)USB_FlushRxFifo(hpcd->Instance);
 8004450:	6800      	ldr	r0, [r0, #0]
 8004452:	f002 f9b4 	bl	80067be <USB_FlushRxFifo>
  __HAL_UNLOCK(hpcd);
 8004456:	2000      	movs	r0, #0
 8004458:	f884 0494 	strb.w	r0, [r4, #1172]	@ 0x494
}
 800445c:	bd10      	pop	{r4, pc}
    (void)USB_FlushTxFifo(hpcd->Instance, (uint32_t)ep_addr & EP_ADDR_MSK);
 800445e:	f001 010f 	and.w	r1, r1, #15
 8004462:	6800      	ldr	r0, [r0, #0]
 8004464:	f002 f986 	bl	8006774 <USB_FlushTxFifo>
 8004468:	e7f5      	b.n	8004456 <HAL_PCD_EP_Flush+0x1e>
  __HAL_LOCK(hpcd);
 800446a:	2002      	movs	r0, #2
}
 800446c:	4770      	bx	lr

0800446e <HAL_PCDEx_SetTxFiFo>:
  * @param  fifo The number of Tx fifo
  * @param  size Fifo size
  * @retval HAL status
  */
HAL_StatusTypeDef HAL_PCDEx_SetTxFiFo(PCD_HandleTypeDef *hpcd, uint8_t fifo, uint16_t size)
{
 800446e:	b410      	push	{r4}
         --> Txn should be configured with the minimum space of 16 words
     The FIFO is used optimally when used TxFIFOs are allocated in the top
         of the FIFO.Ex: use EP1 and EP2 as IN instead of EP1 and EP3 as IN ones.
     When DMA is used 3n * FIFO locations should be reserved for internal DMA registers */

  Tx_Offset = hpcd->Instance->GRXFSIZ;
 8004470:	6804      	ldr	r4, [r0, #0]
 8004472:	6a60      	ldr	r0, [r4, #36]	@ 0x24

  if (fifo == 0U)
 8004474:	b931      	cbnz	r1, 8004484 <HAL_PCDEx_SetTxFiFo+0x16>
  {
    hpcd->Instance->DIEPTXF0_HNPTXFSIZ = ((uint32_t)size << 16) | Tx_Offset;
 8004476:	ea40 4002 	orr.w	r0, r0, r2, lsl #16
 800447a:	62a0      	str	r0, [r4, #40]	@ 0x28
    /* Multiply Tx_Size by 2 to get higher performance */
    hpcd->Instance->DIEPTXF[fifo - 1U] = ((uint32_t)size << 16) | Tx_Offset;
  }

  return HAL_OK;
}
 800447c:	2000      	movs	r0, #0
 800447e:	f85d 4b04 	ldr.w	r4, [sp], #4
 8004482:	4770      	bx	lr
 8004484:	468c      	mov	ip, r1
    Tx_Offset += (hpcd->Instance->DIEPTXF0_HNPTXFSIZ) >> 16;
 8004486:	6aa3      	ldr	r3, [r4, #40]	@ 0x28
 8004488:	eb00 4013 	add.w	r0, r0, r3, lsr #16
    for (i = 0U; i < (fifo - 1U); i++)
 800448c:	2300      	movs	r3, #0
 800448e:	e008      	b.n	80044a2 <HAL_PCDEx_SetTxFiFo+0x34>
      Tx_Offset += (hpcd->Instance->DIEPTXF[i] >> 16);
 8004490:	f103 0140 	add.w	r1, r3, #64	@ 0x40
 8004494:	eb04 0181 	add.w	r1, r4, r1, lsl #2
 8004498:	6849      	ldr	r1, [r1, #4]
 800449a:	eb00 4011 	add.w	r0, r0, r1, lsr #16
    for (i = 0U; i < (fifo - 1U); i++)
 800449e:	3301      	adds	r3, #1
 80044a0:	b2db      	uxtb	r3, r3
 80044a2:	f10c 31ff 	add.w	r1, ip, #4294967295
 80044a6:	428b      	cmp	r3, r1
 80044a8:	d3f2      	bcc.n	8004490 <HAL_PCDEx_SetTxFiFo+0x22>
    hpcd->Instance->DIEPTXF[fifo - 1U] = ((uint32_t)size << 16) | Tx_Offset;
 80044aa:	ea40 4002 	orr.w	r0, r0, r2, lsl #16
 80044ae:	f10c 013f 	add.w	r1, ip, #63	@ 0x3f
 80044b2:	eb04 0481 	add.w	r4, r4, r1, lsl #2
 80044b6:	6060      	str	r0, [r4, #4]
 80044b8:	e7e0      	b.n	800447c <HAL_PCDEx_SetTxFiFo+0xe>

080044ba <HAL_PCDEx_SetRxFiFo>:
  * @param  size Size of Rx fifo
  * @retval HAL status
  */
HAL_StatusTypeDef HAL_PCDEx_SetRxFiFo(PCD_HandleTypeDef *hpcd, uint16_t size)
{
  hpcd->Instance->GRXFSIZ = size;
 80044ba:	6803      	ldr	r3, [r0, #0]
 80044bc:	6259      	str	r1, [r3, #36]	@ 0x24

  return HAL_OK;
}
 80044be:	2000      	movs	r0, #0
 80044c0:	4770      	bx	lr

080044c2 <HAL_PCDEx_LPM_Callback>:
  UNUSED(msg);

  /* NOTE : This function should not be modified, when the callback is needed,
            the HAL_PCDEx_LPM_Callback could be implemented in the user file
   */
}
 80044c2:	4770      	bx	lr

080044c4 <HAL_RCC_OscConfig>:
__weak HAL_StatusTypeDef HAL_RCC_OscConfig(const RCC_OscInitTypeDef  *RCC_OscInitStruct)
{
  uint32_t tickstart;
  uint32_t pll_config;
  /* Check Null pointer */
  if (RCC_OscInitStruct == NULL)
 80044c4:	2800      	cmp	r0, #0
 80044c6:	f000 81e0 	beq.w	800488a <HAL_RCC_OscConfig+0x3c6>
{
 80044ca:	b570      	push	{r4, r5, r6, lr}
 80044cc:	b082      	sub	sp, #8
 80044ce:	4604      	mov	r4, r0
  }

  /* Check the parameters */
  assert_param(IS_RCC_OSCILLATORTYPE(RCC_OscInitStruct->OscillatorType));
  /*------------------------------- HSE Configuration ------------------------*/
  if (((RCC_OscInitStruct->OscillatorType) & RCC_OSCILLATORTYPE_HSE) == RCC_OSCILLATORTYPE_HSE)
 80044d0:	6803      	ldr	r3, [r0, #0]
 80044d2:	f013 0f01 	tst.w	r3, #1
 80044d6:	d03b      	beq.n	8004550 <HAL_RCC_OscConfig+0x8c>
  {
    /* Check the parameters */
    assert_param(IS_RCC_HSE(RCC_OscInitStruct->HSEState));
    /* When the HSE is used as system clock or clock source for PLL in these cases HSE will not disabled */
    if ((__HAL_RCC_GET_SYSCLK_SOURCE() == RCC_CFGR_SWS_HSE) || \
 80044d8:	4b9f      	ldr	r3, [pc, #636]	@ (8004758 <HAL_RCC_OscConfig+0x294>)
 80044da:	689b      	ldr	r3, [r3, #8]
 80044dc:	f003 030c 	and.w	r3, r3, #12
 80044e0:	2b04      	cmp	r3, #4
 80044e2:	d02c      	beq.n	800453e <HAL_RCC_OscConfig+0x7a>
        ((__HAL_RCC_GET_SYSCLK_SOURCE() == RCC_CFGR_SWS_PLL) && ((RCC->PLLCFGR & RCC_PLLCFGR_PLLSRC) == RCC_PLLCFGR_PLLSRC_HSE)))
 80044e4:	4b9c      	ldr	r3, [pc, #624]	@ (8004758 <HAL_RCC_OscConfig+0x294>)
 80044e6:	689b      	ldr	r3, [r3, #8]
 80044e8:	f003 030c 	and.w	r3, r3, #12
    if ((__HAL_RCC_GET_SYSCLK_SOURCE() == RCC_CFGR_SWS_HSE) || \
 80044ec:	2b08      	cmp	r3, #8
 80044ee:	d021      	beq.n	8004534 <HAL_RCC_OscConfig+0x70>
      }
    }
    else
    {
      /* Set the new HSE configuration ---------------------------------------*/
      __HAL_RCC_HSE_CONFIG(RCC_OscInitStruct->HSEState);
 80044f0:	6863      	ldr	r3, [r4, #4]
 80044f2:	f5b3 3f80 	cmp.w	r3, #65536	@ 0x10000
 80044f6:	d04f      	beq.n	8004598 <HAL_RCC_OscConfig+0xd4>
 80044f8:	f5b3 2fa0 	cmp.w	r3, #327680	@ 0x50000
 80044fc:	d052      	beq.n	80045a4 <HAL_RCC_OscConfig+0xe0>
 80044fe:	4b96      	ldr	r3, [pc, #600]	@ (8004758 <HAL_RCC_OscConfig+0x294>)
 8004500:	681a      	ldr	r2, [r3, #0]
 8004502:	f422 3280 	bic.w	r2, r2, #65536	@ 0x10000
 8004506:	601a      	str	r2, [r3, #0]
 8004508:	681a      	ldr	r2, [r3, #0]
 800450a:	f422 2280 	bic.w	r2, r2, #262144	@ 0x40000
 800450e:	601a      	str	r2, [r3, #0]

      /* Check the HSE State */
      if ((RCC_OscInitStruct->HSEState) != RCC_HSE_OFF)
 8004510:	6863      	ldr	r3, [r4, #4]
 8004512:	2b00      	cmp	r3, #0
 8004514:	d050      	beq.n	80045b8 <HAL_RCC_OscConfig+0xf4>
      {
        /* Get Start Tick */
        tickstart = HAL_GetTick();
 8004516:	f7fd fae9 	bl	8001aec <HAL_GetTick>
 800451a:	4605      	mov	r5, r0

        /* Wait till HSE is ready */
        while (__HAL_RCC_GET_FLAG(RCC_FLAG_HSERDY) == RESET)
 800451c:	4b8e      	ldr	r3, [pc, #568]	@ (8004758 <HAL_RCC_OscConfig+0x294>)
 800451e:	681b      	ldr	r3, [r3, #0]
 8004520:	f413 3f00 	tst.w	r3, #131072	@ 0x20000
 8004524:	d114      	bne.n	8004550 <HAL_RCC_OscConfig+0x8c>
        {
          if ((HAL_GetTick() - tickstart) > HSE_TIMEOUT_VALUE)
 8004526:	f7fd fae1 	bl	8001aec <HAL_GetTick>
 800452a:	1b40      	subs	r0, r0, r5
 800452c:	2864      	cmp	r0, #100	@ 0x64
 800452e:	d9f5      	bls.n	800451c <HAL_RCC_OscConfig+0x58>
          {
            return HAL_TIMEOUT;
 8004530:	2003      	movs	r0, #3
 8004532:	e1b1      	b.n	8004898 <HAL_RCC_OscConfig+0x3d4>
        ((__HAL_RCC_GET_SYSCLK_SOURCE() == RCC_CFGR_SWS_PLL) && ((RCC->PLLCFGR & RCC_PLLCFGR_PLLSRC) == RCC_PLLCFGR_PLLSRC_HSE)))
 8004534:	4b88      	ldr	r3, [pc, #544]	@ (8004758 <HAL_RCC_OscConfig+0x294>)
 8004536:	685b      	ldr	r3, [r3, #4]
 8004538:	f413 0f80 	tst.w	r3, #4194304	@ 0x400000
 800453c:	d0d8      	beq.n	80044f0 <HAL_RCC_OscConfig+0x2c>
      if ((__HAL_RCC_GET_FLAG(RCC_FLAG_HSERDY) != RESET) && (RCC_OscInitStruct->HSEState == RCC_HSE_OFF))
 800453e:	4b86      	ldr	r3, [pc, #536]	@ (8004758 <HAL_RCC_OscConfig+0x294>)
 8004540:	681b      	ldr	r3, [r3, #0]
 8004542:	f413 3f00 	tst.w	r3, #131072	@ 0x20000
 8004546:	d003      	beq.n	8004550 <HAL_RCC_OscConfig+0x8c>
 8004548:	6863      	ldr	r3, [r4, #4]
 800454a:	2b00      	cmp	r3, #0
 800454c:	f000 819f 	beq.w	800488e <HAL_RCC_OscConfig+0x3ca>
        }
      }
    }
  }
  /*----------------------------- HSI Configuration --------------------------*/
  if (((RCC_OscInitStruct->OscillatorType) & RCC_OSCILLATORTYPE_HSI) == RCC_OSCILLATORTYPE_HSI)
 8004550:	6823      	ldr	r3, [r4, #0]
 8004552:	f013 0f02 	tst.w	r3, #2
 8004556:	d054      	beq.n	8004602 <HAL_RCC_OscConfig+0x13e>
    /* Check the parameters */
    assert_param(IS_RCC_HSI(RCC_OscInitStruct->HSIState));
    assert_param(IS_RCC_CALIBRATION_VALUE(RCC_OscInitStruct->HSICalibrationValue));

    /* Check if HSI is used as system clock or as PLL source when PLL is selected as system clock */
    if ((__HAL_RCC_GET_SYSCLK_SOURCE() == RCC_CFGR_SWS_HSI) || \
 8004558:	4b7f      	ldr	r3, [pc, #508]	@ (8004758 <HAL_RCC_OscConfig+0x294>)
 800455a:	689b      	ldr	r3, [r3, #8]
 800455c:	f013 0f0c 	tst.w	r3, #12
 8004560:	d03e      	beq.n	80045e0 <HAL_RCC_OscConfig+0x11c>
        ((__HAL_RCC_GET_SYSCLK_SOURCE() == RCC_CFGR_SWS_PLL) && ((RCC->PLLCFGR & RCC_PLLCFGR_PLLSRC) == RCC_PLLCFGR_PLLSRC_HSI)))
 8004562:	4b7d      	ldr	r3, [pc, #500]	@ (8004758 <HAL_RCC_OscConfig+0x294>)
 8004564:	689b      	ldr	r3, [r3, #8]
 8004566:	f003 030c 	and.w	r3, r3, #12
    if ((__HAL_RCC_GET_SYSCLK_SOURCE() == RCC_CFGR_SWS_HSI) || \
 800456a:	2b08      	cmp	r3, #8
 800456c:	d033      	beq.n	80045d6 <HAL_RCC_OscConfig+0x112>
      }
    }
    else
    {
      /* Check the HSI State */
      if ((RCC_OscInitStruct->HSIState) != RCC_HSI_OFF)
 800456e:	68e3      	ldr	r3, [r4, #12]
 8004570:	2b00      	cmp	r3, #0
 8004572:	d068      	beq.n	8004646 <HAL_RCC_OscConfig+0x182>
      {
        /* Enable the Internal High Speed oscillator (HSI). */
        __HAL_RCC_HSI_ENABLE();
 8004574:	4b79      	ldr	r3, [pc, #484]	@ (800475c <HAL_RCC_OscConfig+0x298>)
 8004576:	2201      	movs	r2, #1
 8004578:	601a      	str	r2, [r3, #0]

        /* Get Start Tick*/
        tickstart = HAL_GetTick();
 800457a:	f7fd fab7 	bl	8001aec <HAL_GetTick>
 800457e:	4605      	mov	r5, r0

        /* Wait till HSI is ready */
        while (__HAL_RCC_GET_FLAG(RCC_FLAG_HSIRDY) == RESET)
 8004580:	4b75      	ldr	r3, [pc, #468]	@ (8004758 <HAL_RCC_OscConfig+0x294>)
 8004582:	681b      	ldr	r3, [r3, #0]
 8004584:	f013 0f02 	tst.w	r3, #2
 8004588:	d154      	bne.n	8004634 <HAL_RCC_OscConfig+0x170>
        {
          if ((HAL_GetTick() - tickstart) > HSI_TIMEOUT_VALUE)
 800458a:	f7fd faaf 	bl	8001aec <HAL_GetTick>
 800458e:	1b40      	subs	r0, r0, r5
 8004590:	2802      	cmp	r0, #2
 8004592:	d9f5      	bls.n	8004580 <HAL_RCC_OscConfig+0xbc>
          {
            return HAL_TIMEOUT;
 8004594:	2003      	movs	r0, #3
 8004596:	e17f      	b.n	8004898 <HAL_RCC_OscConfig+0x3d4>
      __HAL_RCC_HSE_CONFIG(RCC_OscInitStruct->HSEState);
 8004598:	4a6f      	ldr	r2, [pc, #444]	@ (8004758 <HAL_RCC_OscConfig+0x294>)
 800459a:	6813      	ldr	r3, [r2, #0]
 800459c:	f443 3380 	orr.w	r3, r3, #65536	@ 0x10000
 80045a0:	6013      	str	r3, [r2, #0]
 80045a2:	e7b5      	b.n	8004510 <HAL_RCC_OscConfig+0x4c>
 80045a4:	4b6c      	ldr	r3, [pc, #432]	@ (8004758 <HAL_RCC_OscConfig+0x294>)
 80045a6:	681a      	ldr	r2, [r3, #0]
 80045a8:	f442 2280 	orr.w	r2, r2, #262144	@ 0x40000
 80045ac:	601a      	str	r2, [r3, #0]
 80045ae:	681a      	ldr	r2, [r3, #0]
 80045b0:	f442 3280 	orr.w	r2, r2, #65536	@ 0x10000
 80045b4:	601a      	str	r2, [r3, #0]
 80045b6:	e7ab      	b.n	8004510 <HAL_RCC_OscConfig+0x4c>
        tickstart = HAL_GetTick();
 80045b8:	f7fd fa98 	bl	8001aec <HAL_GetTick>
 80045bc:	4605      	mov	r5, r0
        while (__HAL_RCC_GET_FLAG(RCC_FLAG_HSERDY) != RESET)
 80045be:	4b66      	ldr	r3, [pc, #408]	@ (8004758 <HAL_RCC_OscConfig+0x294>)
 80045c0:	681b      	ldr	r3, [r3, #0]
 80045c2:	f413 3f00 	tst.w	r3, #131072	@ 0x20000
 80045c6:	d0c3      	beq.n	8004550 <HAL_RCC_OscConfig+0x8c>
          if ((HAL_GetTick() - tickstart) > HSE_TIMEOUT_VALUE)
 80045c8:	f7fd fa90 	bl	8001aec <HAL_GetTick>
 80045cc:	1b40      	subs	r0, r0, r5
 80045ce:	2864      	cmp	r0, #100	@ 0x64
 80045d0:	d9f5      	bls.n	80045be <HAL_RCC_OscConfig+0xfa>
            return HAL_TIMEOUT;
 80045d2:	2003      	movs	r0, #3
 80045d4:	e160      	b.n	8004898 <HAL_RCC_OscConfig+0x3d4>
        ((__HAL_RCC_GET_SYSCLK_SOURCE() == RCC_CFGR_SWS_PLL) && ((RCC->PLLCFGR & RCC_PLLCFGR_PLLSRC) == RCC_PLLCFGR_PLLSRC_HSI)))
 80045d6:	4b60      	ldr	r3, [pc, #384]	@ (8004758 <HAL_RCC_OscConfig+0x294>)
 80045d8:	685b      	ldr	r3, [r3, #4]
 80045da:	f413 0f80 	tst.w	r3, #4194304	@ 0x400000
 80045de:	d1c6      	bne.n	800456e <HAL_RCC_OscConfig+0xaa>
      if ((__HAL_RCC_GET_FLAG(RCC_FLAG_HSIRDY) != RESET) && (RCC_OscInitStruct->HSIState != RCC_HSI_ON))
 80045e0:	4b5d      	ldr	r3, [pc, #372]	@ (8004758 <HAL_RCC_OscConfig+0x294>)
 80045e2:	681b      	ldr	r3, [r3, #0]
 80045e4:	f013 0f02 	tst.w	r3, #2
 80045e8:	d003      	beq.n	80045f2 <HAL_RCC_OscConfig+0x12e>
 80045ea:	68e3      	ldr	r3, [r4, #12]
 80045ec:	2b01      	cmp	r3, #1
 80045ee:	f040 8150 	bne.w	8004892 <HAL_RCC_OscConfig+0x3ce>
        __HAL_RCC_HSI_CALIBRATIONVALUE_ADJUST(RCC_OscInitStruct->HSICalibrationValue);
 80045f2:	4a59      	ldr	r2, [pc, #356]	@ (8004758 <HAL_RCC_OscConfig+0x294>)
 80045f4:	6813      	ldr	r3, [r2, #0]
 80045f6:	f023 03f8 	bic.w	r3, r3, #248	@ 0xf8
 80045fa:	6921      	ldr	r1, [r4, #16]
 80045fc:	ea43 03c1 	orr.w	r3, r3, r1, lsl #3
 8004600:	6013      	str	r3, [r2, #0]
        }
      }
    }
  }
  /*------------------------------ LSI Configuration -------------------------*/
  if (((RCC_OscInitStruct->OscillatorType) & RCC_OSCILLATORTYPE_LSI) == RCC_OSCILLATORTYPE_LSI)
 8004602:	6823      	ldr	r3, [r4, #0]
 8004604:	f013 0f08 	tst.w	r3, #8
 8004608:	d042      	beq.n	8004690 <HAL_RCC_OscConfig+0x1cc>
  {
    /* Check the parameters */
    assert_param(IS_RCC_LSI(RCC_OscInitStruct->LSIState));

    /* Check the LSI State */
    if ((RCC_OscInitStruct->LSIState) != RCC_LSI_OFF)
 800460a:	6963      	ldr	r3, [r4, #20]
 800460c:	b36b      	cbz	r3, 800466a <HAL_RCC_OscConfig+0x1a6>
    {
      /* Enable the Internal Low Speed oscillator (LSI). */
      __HAL_RCC_LSI_ENABLE();
 800460e:	4b53      	ldr	r3, [pc, #332]	@ (800475c <HAL_RCC_OscConfig+0x298>)
 8004610:	2201      	movs	r2, #1
 8004612:	f8c3 2e80 	str.w	r2, [r3, #3712]	@ 0xe80

      /* Get Start Tick*/
      tickstart = HAL_GetTick();
 8004616:	f7fd fa69 	bl	8001aec <HAL_GetTick>
 800461a:	4605      	mov	r5, r0

      /* Wait till LSI is ready */
      while (__HAL_RCC_GET_FLAG(RCC_FLAG_LSIRDY) == RESET)
 800461c:	4b4e      	ldr	r3, [pc, #312]	@ (8004758 <HAL_RCC_OscConfig+0x294>)
 800461e:	6f5b      	ldr	r3, [r3, #116]	@ 0x74
 8004620:	f013 0f02 	tst.w	r3, #2
 8004624:	d134      	bne.n	8004690 <HAL_RCC_OscConfig+0x1cc>
      {
        if ((HAL_GetTick() - tickstart) > LSI_TIMEOUT_VALUE)
 8004626:	f7fd fa61 	bl	8001aec <HAL_GetTick>
 800462a:	1b40      	subs	r0, r0, r5
 800462c:	2802      	cmp	r0, #2
 800462e:	d9f5      	bls.n	800461c <HAL_RCC_OscConfig+0x158>
        {
          return HAL_TIMEOUT;
 8004630:	2003      	movs	r0, #3
 8004632:	e131      	b.n	8004898 <HAL_RCC_OscConfig+0x3d4>
        __HAL_RCC_HSI_CALIBRATIONVALUE_ADJUST(RCC_OscInitStruct->HSICalibrationValue);
 8004634:	4a48      	ldr	r2, [pc, #288]	@ (8004758 <HAL_RCC_OscConfig+0x294>)
 8004636:	6813      	ldr	r3, [r2, #0]
 8004638:	f023 03f8 	bic.w	r3, r3, #248	@ 0xf8
 800463c:	6921      	ldr	r1, [r4, #16]
 800463e:	ea43 03c1 	orr.w	r3, r3, r1, lsl #3
 8004642:	6013      	str	r3, [r2, #0]
 8004644:	e7dd      	b.n	8004602 <HAL_RCC_OscConfig+0x13e>
        __HAL_RCC_HSI_DISABLE();
 8004646:	4b45      	ldr	r3, [pc, #276]	@ (800475c <HAL_RCC_OscConfig+0x298>)
 8004648:	2200      	movs	r2, #0
 800464a:	601a      	str	r2, [r3, #0]
        tickstart = HAL_GetTick();
 800464c:	f7fd fa4e 	bl	8001aec <HAL_GetTick>
 8004650:	4605      	mov	r5, r0
        while (__HAL_RCC_GET_FLAG(RCC_FLAG_HSIRDY) != RESET)
 8004652:	4b41      	ldr	r3, [pc, #260]	@ (8004758 <HAL_RCC_OscConfig+0x294>)
 8004654:	681b      	ldr	r3, [r3, #0]
 8004656:	f013 0f02 	tst.w	r3, #2
 800465a:	d0d2      	beq.n	8004602 <HAL_RCC_OscConfig+0x13e>
          if ((HAL_GetTick() - tickstart) > HSI_TIMEOUT_VALUE)
 800465c:	f7fd fa46 	bl	8001aec <HAL_GetTick>
 8004660:	1b40      	subs	r0, r0, r5
 8004662:	2802      	cmp	r0, #2
 8004664:	d9f5      	bls.n	8004652 <HAL_RCC_OscConfig+0x18e>
            return HAL_TIMEOUT;
 8004666:	2003      	movs	r0, #3
 8004668:	e116      	b.n	8004898 <HAL_RCC_OscConfig+0x3d4>
      }
    }
    else
    {
      /* Disable the Internal Low Speed oscillator (LSI). */
      __HAL_RCC_LSI_DISABLE();
 800466a:	4b3c      	ldr	r3, [pc, #240]	@ (800475c <HAL_RCC_OscConfig+0x298>)
 800466c:	2200      	movs	r2, #0
 800466e:	f8c3 2e80 	str.w	r2, [r3, #3712]	@ 0xe80

      /* Get Start Tick */
      tickstart = HAL_GetTick();
 8004672:	f7fd fa3b 	bl	8001aec <HAL_GetTick>
 8004676:	4605      	mov	r5, r0

      /* Wait till LSI is ready */
      while (__HAL_RCC_GET_FLAG(RCC_FLAG_LSIRDY) != RESET)
 8004678:	4b37      	ldr	r3, [pc, #220]	@ (8004758 <HAL_RCC_OscConfig+0x294>)
 800467a:	6f5b      	ldr	r3, [r3, #116]	@ 0x74
 800467c:	f013 0f02 	tst.w	r3, #2
 8004680:	d006      	beq.n	8004690 <HAL_RCC_OscConfig+0x1cc>
      {
        if ((HAL_GetTick() - tickstart) > LSI_TIMEOUT_VALUE)
 8004682:	f7fd fa33 	bl	8001aec <HAL_GetTick>
 8004686:	1b40      	subs	r0, r0, r5
 8004688:	2802      	cmp	r0, #2
 800468a:	d9f5      	bls.n	8004678 <HAL_RCC_OscConfig+0x1b4>
        {
          return HAL_TIMEOUT;
 800468c:	2003      	movs	r0, #3
 800468e:	e103      	b.n	8004898 <HAL_RCC_OscConfig+0x3d4>
        }
      }
    }
  }
  /*------------------------------ LSE Configuration -------------------------*/
  if (((RCC_OscInitStruct->OscillatorType) & RCC_OSCILLATORTYPE_LSE) == RCC_OSCILLATORTYPE_LSE)
 8004690:	6823      	ldr	r3, [r4, #0]
 8004692:	f013 0f04 	tst.w	r3, #4
 8004696:	d077      	beq.n	8004788 <HAL_RCC_OscConfig+0x2c4>
    /* Check the parameters */
    assert_param(IS_RCC_LSE(RCC_OscInitStruct->LSEState));

    /* Update LSE configuration in Backup Domain control register    */
    /* Requires to enable write access to Backup Domain of necessary */
    if (__HAL_RCC_PWR_IS_CLK_DISABLED())
 8004698:	4b2f      	ldr	r3, [pc, #188]	@ (8004758 <HAL_RCC_OscConfig+0x294>)
 800469a:	6c1b      	ldr	r3, [r3, #64]	@ 0x40
 800469c:	f013 5f80 	tst.w	r3, #268435456	@ 0x10000000
 80046a0:	d133      	bne.n	800470a <HAL_RCC_OscConfig+0x246>
    {
      __HAL_RCC_PWR_CLK_ENABLE();
 80046a2:	2300      	movs	r3, #0
 80046a4:	9301      	str	r3, [sp, #4]
 80046a6:	4b2c      	ldr	r3, [pc, #176]	@ (8004758 <HAL_RCC_OscConfig+0x294>)
 80046a8:	6c1a      	ldr	r2, [r3, #64]	@ 0x40
 80046aa:	f042 5280 	orr.w	r2, r2, #268435456	@ 0x10000000
 80046ae:	641a      	str	r2, [r3, #64]	@ 0x40
 80046b0:	6c1b      	ldr	r3, [r3, #64]	@ 0x40
 80046b2:	f003 5380 	and.w	r3, r3, #268435456	@ 0x10000000
 80046b6:	9301      	str	r3, [sp, #4]
 80046b8:	9b01      	ldr	r3, [sp, #4]
      pwrclkchanged = SET;
 80046ba:	2501      	movs	r5, #1
    }

    if (HAL_IS_BIT_CLR(PWR->CR, PWR_CR_DBP))
 80046bc:	4b28      	ldr	r3, [pc, #160]	@ (8004760 <HAL_RCC_OscConfig+0x29c>)
 80046be:	681b      	ldr	r3, [r3, #0]
 80046c0:	f413 7f80 	tst.w	r3, #256	@ 0x100
 80046c4:	d023      	beq.n	800470e <HAL_RCC_OscConfig+0x24a>
        }
      }
    }

    /* Set the new LSE configuration -----------------------------------------*/
    __HAL_RCC_LSE_CONFIG(RCC_OscInitStruct->LSEState);
 80046c6:	68a3      	ldr	r3, [r4, #8]
 80046c8:	2b01      	cmp	r3, #1
 80046ca:	d034      	beq.n	8004736 <HAL_RCC_OscConfig+0x272>
 80046cc:	2b05      	cmp	r3, #5
 80046ce:	d038      	beq.n	8004742 <HAL_RCC_OscConfig+0x27e>
 80046d0:	4b21      	ldr	r3, [pc, #132]	@ (8004758 <HAL_RCC_OscConfig+0x294>)
 80046d2:	6f1a      	ldr	r2, [r3, #112]	@ 0x70
 80046d4:	f022 0201 	bic.w	r2, r2, #1
 80046d8:	671a      	str	r2, [r3, #112]	@ 0x70
 80046da:	6f1a      	ldr	r2, [r3, #112]	@ 0x70
 80046dc:	f022 0204 	bic.w	r2, r2, #4
 80046e0:	671a      	str	r2, [r3, #112]	@ 0x70
    /* Check the LSE State */
    if ((RCC_OscInitStruct->LSEState) != RCC_LSE_OFF)
 80046e2:	68a3      	ldr	r3, [r4, #8]
 80046e4:	2b00      	cmp	r3, #0
 80046e6:	d03d      	beq.n	8004764 <HAL_RCC_OscConfig+0x2a0>
    {
      /* Get Start Tick*/
      tickstart = HAL_GetTick();
 80046e8:	f7fd fa00 	bl	8001aec <HAL_GetTick>
 80046ec:	4606      	mov	r6, r0

      /* Wait till LSE is ready */
      while (__HAL_RCC_GET_FLAG(RCC_FLAG_LSERDY) == RESET)
 80046ee:	4b1a      	ldr	r3, [pc, #104]	@ (8004758 <HAL_RCC_OscConfig+0x294>)
 80046f0:	6f1b      	ldr	r3, [r3, #112]	@ 0x70
 80046f2:	f013 0f02 	tst.w	r3, #2
 80046f6:	d146      	bne.n	8004786 <HAL_RCC_OscConfig+0x2c2>
      {
        if ((HAL_GetTick() - tickstart) > RCC_LSE_TIMEOUT_VALUE)
 80046f8:	f7fd f9f8 	bl	8001aec <HAL_GetTick>
 80046fc:	1b80      	subs	r0, r0, r6
 80046fe:	f241 3388 	movw	r3, #5000	@ 0x1388
 8004702:	4298      	cmp	r0, r3
 8004704:	d9f3      	bls.n	80046ee <HAL_RCC_OscConfig+0x22a>
        {
          return HAL_TIMEOUT;
 8004706:	2003      	movs	r0, #3
 8004708:	e0c6      	b.n	8004898 <HAL_RCC_OscConfig+0x3d4>
    FlagStatus       pwrclkchanged = RESET;
 800470a:	2500      	movs	r5, #0
 800470c:	e7d6      	b.n	80046bc <HAL_RCC_OscConfig+0x1f8>
      SET_BIT(PWR->CR, PWR_CR_DBP);
 800470e:	4a14      	ldr	r2, [pc, #80]	@ (8004760 <HAL_RCC_OscConfig+0x29c>)
 8004710:	6813      	ldr	r3, [r2, #0]
 8004712:	f443 7380 	orr.w	r3, r3, #256	@ 0x100
 8004716:	6013      	str	r3, [r2, #0]
      tickstart = HAL_GetTick();
 8004718:	f7fd f9e8 	bl	8001aec <HAL_GetTick>
 800471c:	4606      	mov	r6, r0
      while (HAL_IS_BIT_CLR(PWR->CR, PWR_CR_DBP))
 800471e:	4b10      	ldr	r3, [pc, #64]	@ (8004760 <HAL_RCC_OscConfig+0x29c>)
 8004720:	681b      	ldr	r3, [r3, #0]
 8004722:	f413 7f80 	tst.w	r3, #256	@ 0x100
 8004726:	d1ce      	bne.n	80046c6 <HAL_RCC_OscConfig+0x202>
        if ((HAL_GetTick() - tickstart) > RCC_DBP_TIMEOUT_VALUE)
 8004728:	f7fd f9e0 	bl	8001aec <HAL_GetTick>
 800472c:	1b80      	subs	r0, r0, r6
 800472e:	2802      	cmp	r0, #2
 8004730:	d9f5      	bls.n	800471e <HAL_RCC_OscConfig+0x25a>
          return HAL_TIMEOUT;
 8004732:	2003      	movs	r0, #3
 8004734:	e0b0      	b.n	8004898 <HAL_RCC_OscConfig+0x3d4>
    __HAL_RCC_LSE_CONFIG(RCC_OscInitStruct->LSEState);
 8004736:	4a08      	ldr	r2, [pc, #32]	@ (8004758 <HAL_RCC_OscConfig+0x294>)
 8004738:	6f13      	ldr	r3, [r2, #112]	@ 0x70
 800473a:	f043 0301 	orr.w	r3, r3, #1
 800473e:	6713      	str	r3, [r2, #112]	@ 0x70
 8004740:	e7cf      	b.n	80046e2 <HAL_RCC_OscConfig+0x21e>
 8004742:	4b05      	ldr	r3, [pc, #20]	@ (8004758 <HAL_RCC_OscConfig+0x294>)
 8004744:	6f1a      	ldr	r2, [r3, #112]	@ 0x70
 8004746:	f042 0204 	orr.w	r2, r2, #4
 800474a:	671a      	str	r2, [r3, #112]	@ 0x70
 800474c:	6f1a      	ldr	r2, [r3, #112]	@ 0x70
 800474e:	f042 0201 	orr.w	r2, r2, #1
 8004752:	671a      	str	r2, [r3, #112]	@ 0x70
 8004754:	e7c5      	b.n	80046e2 <HAL_RCC_OscConfig+0x21e>
 8004756:	bf00      	nop
 8004758:	40023800 	.word	0x40023800
 800475c:	42470000 	.word	0x42470000
 8004760:	40007000 	.word	0x40007000
      }
    }
    else
    {
      /* Get Start Tick */
      tickstart = HAL_GetTick();
 8004764:	f7fd f9c2 	bl	8001aec <HAL_GetTick>
 8004768:	4606      	mov	r6, r0

      /* Wait till LSE is ready */
      while (__HAL_RCC_GET_FLAG(RCC_FLAG_LSERDY) != RESET)
 800476a:	4b52      	ldr	r3, [pc, #328]	@ (80048b4 <HAL_RCC_OscConfig+0x3f0>)
 800476c:	6f1b      	ldr	r3, [r3, #112]	@ 0x70
 800476e:	f013 0f02 	tst.w	r3, #2
 8004772:	d008      	beq.n	8004786 <HAL_RCC_OscConfig+0x2c2>
      {
        if ((HAL_GetTick() - tickstart) > RCC_LSE_TIMEOUT_VALUE)
 8004774:	f7fd f9ba 	bl	8001aec <HAL_GetTick>
 8004778:	1b80      	subs	r0, r0, r6
 800477a:	f241 3388 	movw	r3, #5000	@ 0x1388
 800477e:	4298      	cmp	r0, r3
 8004780:	d9f3      	bls.n	800476a <HAL_RCC_OscConfig+0x2a6>
        {
          return HAL_TIMEOUT;
 8004782:	2003      	movs	r0, #3
 8004784:	e088      	b.n	8004898 <HAL_RCC_OscConfig+0x3d4>
        }
      }
    }

    /* Restore clock configuration if changed */
    if (pwrclkchanged == SET)
 8004786:	b9ed      	cbnz	r5, 80047c4 <HAL_RCC_OscConfig+0x300>
    }
  }
  /*-------------------------------- PLL Configuration -----------------------*/
  /* Check the parameters */
  assert_param(IS_RCC_PLL(RCC_OscInitStruct->PLL.PLLState));
  if ((RCC_OscInitStruct->PLL.PLLState) != RCC_PLL_NONE)
 8004788:	69a3      	ldr	r3, [r4, #24]
 800478a:	2b00      	cmp	r3, #0
 800478c:	f000 8083 	beq.w	8004896 <HAL_RCC_OscConfig+0x3d2>
  {
    /* Check if the PLL is used as system clock or not */
    if (__HAL_RCC_GET_SYSCLK_SOURCE() != RCC_CFGR_SWS_PLL)
 8004790:	4a48      	ldr	r2, [pc, #288]	@ (80048b4 <HAL_RCC_OscConfig+0x3f0>)
 8004792:	6892      	ldr	r2, [r2, #8]
 8004794:	f002 020c 	and.w	r2, r2, #12
 8004798:	2a08      	cmp	r2, #8
 800479a:	d051      	beq.n	8004840 <HAL_RCC_OscConfig+0x37c>
    {
      if ((RCC_OscInitStruct->PLL.PLLState) == RCC_PLL_ON)
 800479c:	2b02      	cmp	r3, #2
 800479e:	d017      	beq.n	80047d0 <HAL_RCC_OscConfig+0x30c>
        }
      }
      else
      {
        /* Disable the main PLL. */
        __HAL_RCC_PLL_DISABLE();
 80047a0:	4b45      	ldr	r3, [pc, #276]	@ (80048b8 <HAL_RCC_OscConfig+0x3f4>)
 80047a2:	2200      	movs	r2, #0
 80047a4:	661a      	str	r2, [r3, #96]	@ 0x60

        /* Get Start Tick */
        tickstart = HAL_GetTick();
 80047a6:	f7fd f9a1 	bl	8001aec <HAL_GetTick>
 80047aa:	4604      	mov	r4, r0

        /* Wait till PLL is disabled */
        while (__HAL_RCC_GET_FLAG(RCC_FLAG_PLLRDY) != RESET)
 80047ac:	4b41      	ldr	r3, [pc, #260]	@ (80048b4 <HAL_RCC_OscConfig+0x3f0>)
 80047ae:	681b      	ldr	r3, [r3, #0]
 80047b0:	f013 7f00 	tst.w	r3, #33554432	@ 0x2000000
 80047b4:	d042      	beq.n	800483c <HAL_RCC_OscConfig+0x378>
        {
          if ((HAL_GetTick() - tickstart) > PLL_TIMEOUT_VALUE)
 80047b6:	f7fd f999 	bl	8001aec <HAL_GetTick>
 80047ba:	1b00      	subs	r0, r0, r4
 80047bc:	2802      	cmp	r0, #2
 80047be:	d9f5      	bls.n	80047ac <HAL_RCC_OscConfig+0x2e8>
          {
            return HAL_TIMEOUT;
 80047c0:	2003      	movs	r0, #3
 80047c2:	e069      	b.n	8004898 <HAL_RCC_OscConfig+0x3d4>
      __HAL_RCC_PWR_CLK_DISABLE();
 80047c4:	4a3b      	ldr	r2, [pc, #236]	@ (80048b4 <HAL_RCC_OscConfig+0x3f0>)
 80047c6:	6c13      	ldr	r3, [r2, #64]	@ 0x40
 80047c8:	f023 5380 	bic.w	r3, r3, #268435456	@ 0x10000000
 80047cc:	6413      	str	r3, [r2, #64]	@ 0x40
 80047ce:	e7db      	b.n	8004788 <HAL_RCC_OscConfig+0x2c4>
        __HAL_RCC_PLL_DISABLE();
 80047d0:	4b39      	ldr	r3, [pc, #228]	@ (80048b8 <HAL_RCC_OscConfig+0x3f4>)
 80047d2:	2200      	movs	r2, #0
 80047d4:	661a      	str	r2, [r3, #96]	@ 0x60
        tickstart = HAL_GetTick();
 80047d6:	f7fd f989 	bl	8001aec <HAL_GetTick>
 80047da:	4605      	mov	r5, r0
        while (__HAL_RCC_GET_FLAG(RCC_FLAG_PLLRDY) != RESET)
 80047dc:	4b35      	ldr	r3, [pc, #212]	@ (80048b4 <HAL_RCC_OscConfig+0x3f0>)
 80047de:	681b      	ldr	r3, [r3, #0]
 80047e0:	f013 7f00 	tst.w	r3, #33554432	@ 0x2000000
 80047e4:	d006      	beq.n	80047f4 <HAL_RCC_OscConfig+0x330>
          if ((HAL_GetTick() - tickstart) > PLL_TIMEOUT_VALUE)
 80047e6:	f7fd f981 	bl	8001aec <HAL_GetTick>
 80047ea:	1b40      	subs	r0, r0, r5
 80047ec:	2802      	cmp	r0, #2
 80047ee:	d9f5      	bls.n	80047dc <HAL_RCC_OscConfig+0x318>
            return HAL_TIMEOUT;
 80047f0:	2003      	movs	r0, #3
 80047f2:	e051      	b.n	8004898 <HAL_RCC_OscConfig+0x3d4>
        WRITE_REG(RCC->PLLCFGR, (RCC_OscInitStruct->PLL.PLLSource                                            | \
 80047f4:	69e3      	ldr	r3, [r4, #28]
 80047f6:	6a22      	ldr	r2, [r4, #32]
 80047f8:	4313      	orrs	r3, r2
 80047fa:	6a62      	ldr	r2, [r4, #36]	@ 0x24
 80047fc:	ea43 1382 	orr.w	r3, r3, r2, lsl #6
 8004800:	6aa2      	ldr	r2, [r4, #40]	@ 0x28
 8004802:	0852      	lsrs	r2, r2, #1
 8004804:	3a01      	subs	r2, #1
 8004806:	ea43 4302 	orr.w	r3, r3, r2, lsl #16
 800480a:	6ae2      	ldr	r2, [r4, #44]	@ 0x2c
 800480c:	ea43 6302 	orr.w	r3, r3, r2, lsl #24
 8004810:	4a28      	ldr	r2, [pc, #160]	@ (80048b4 <HAL_RCC_OscConfig+0x3f0>)
 8004812:	6053      	str	r3, [r2, #4]
        __HAL_RCC_PLL_ENABLE();
 8004814:	4b28      	ldr	r3, [pc, #160]	@ (80048b8 <HAL_RCC_OscConfig+0x3f4>)
 8004816:	2201      	movs	r2, #1
 8004818:	661a      	str	r2, [r3, #96]	@ 0x60
        tickstart = HAL_GetTick();
 800481a:	f7fd f967 	bl	8001aec <HAL_GetTick>
 800481e:	4604      	mov	r4, r0
        while (__HAL_RCC_GET_FLAG(RCC_FLAG_PLLRDY) == RESET)
 8004820:	4b24      	ldr	r3, [pc, #144]	@ (80048b4 <HAL_RCC_OscConfig+0x3f0>)
 8004822:	681b      	ldr	r3, [r3, #0]
 8004824:	f013 7f00 	tst.w	r3, #33554432	@ 0x2000000
 8004828:	d106      	bne.n	8004838 <HAL_RCC_OscConfig+0x374>
          if ((HAL_GetTick() - tickstart) > PLL_TIMEOUT_VALUE)
 800482a:	f7fd f95f 	bl	8001aec <HAL_GetTick>
 800482e:	1b00      	subs	r0, r0, r4
 8004830:	2802      	cmp	r0, #2
 8004832:	d9f5      	bls.n	8004820 <HAL_RCC_OscConfig+0x35c>
            return HAL_TIMEOUT;
 8004834:	2003      	movs	r0, #3
 8004836:	e02f      	b.n	8004898 <HAL_RCC_OscConfig+0x3d4>
          return HAL_ERROR;
        }
      }
    }
  }
  return HAL_OK;
 8004838:	2000      	movs	r0, #0
 800483a:	e02d      	b.n	8004898 <HAL_RCC_OscConfig+0x3d4>
 800483c:	2000      	movs	r0, #0
 800483e:	e02b      	b.n	8004898 <HAL_RCC_OscConfig+0x3d4>
      if ((RCC_OscInitStruct->PLL.PLLState) == RCC_PLL_OFF)
 8004840:	2b01      	cmp	r3, #1
 8004842:	d02b      	beq.n	800489c <HAL_RCC_OscConfig+0x3d8>
        pll_config = RCC->PLLCFGR;
 8004844:	4b1b      	ldr	r3, [pc, #108]	@ (80048b4 <HAL_RCC_OscConfig+0x3f0>)
 8004846:	685b      	ldr	r3, [r3, #4]
            (READ_BIT(pll_config, RCC_PLLCFGR_PLLSRC) != RCC_OscInitStruct->PLL.PLLSource) ||
 8004848:	f403 0180 	and.w	r1, r3, #4194304	@ 0x400000
 800484c:	69e2      	ldr	r2, [r4, #28]
        if (((RCC_OscInitStruct->PLL.PLLState) == RCC_PLL_OFF) ||
 800484e:	4291      	cmp	r1, r2
 8004850:	d126      	bne.n	80048a0 <HAL_RCC_OscConfig+0x3dc>
            (READ_BIT(pll_config, RCC_PLLCFGR_PLLM) != (RCC_OscInitStruct->PLL.PLLM) << RCC_PLLCFGR_PLLM_Pos) ||
 8004852:	f003 023f 	and.w	r2, r3, #63	@ 0x3f
 8004856:	6a21      	ldr	r1, [r4, #32]
            (READ_BIT(pll_config, RCC_PLLCFGR_PLLSRC) != RCC_OscInitStruct->PLL.PLLSource) ||
 8004858:	428a      	cmp	r2, r1
 800485a:	d123      	bne.n	80048a4 <HAL_RCC_OscConfig+0x3e0>
            (READ_BIT(pll_config, RCC_PLLCFGR_PLLN) != (RCC_OscInitStruct->PLL.PLLN) << RCC_PLLCFGR_PLLN_Pos) ||
 800485c:	6a61      	ldr	r1, [r4, #36]	@ 0x24
            (READ_BIT(pll_config, RCC_PLLCFGR_PLLM) != (RCC_OscInitStruct->PLL.PLLM) << RCC_PLLCFGR_PLLM_Pos) ||
 800485e:	f647 72c0 	movw	r2, #32704	@ 0x7fc0
 8004862:	401a      	ands	r2, r3
 8004864:	ebb2 1f81 	cmp.w	r2, r1, lsl #6
 8004868:	d11e      	bne.n	80048a8 <HAL_RCC_OscConfig+0x3e4>
            (READ_BIT(pll_config, RCC_PLLCFGR_PLLP) != (((RCC_OscInitStruct->PLL.PLLP >> 1U) - 1U)) << RCC_PLLCFGR_PLLP_Pos) ||
 800486a:	f403 3140 	and.w	r1, r3, #196608	@ 0x30000
 800486e:	6aa2      	ldr	r2, [r4, #40]	@ 0x28
 8004870:	0852      	lsrs	r2, r2, #1
 8004872:	3a01      	subs	r2, #1
            (READ_BIT(pll_config, RCC_PLLCFGR_PLLN) != (RCC_OscInitStruct->PLL.PLLN) << RCC_PLLCFGR_PLLN_Pos) ||
 8004874:	ebb1 4f02 	cmp.w	r1, r2, lsl #16
 8004878:	d118      	bne.n	80048ac <HAL_RCC_OscConfig+0x3e8>
            (READ_BIT(pll_config, RCC_PLLCFGR_PLLQ) != (RCC_OscInitStruct->PLL.PLLQ << RCC_PLLCFGR_PLLQ_Pos)))
 800487a:	f003 6370 	and.w	r3, r3, #251658240	@ 0xf000000
 800487e:	6ae2      	ldr	r2, [r4, #44]	@ 0x2c
            (READ_BIT(pll_config, RCC_PLLCFGR_PLLP) != (((RCC_OscInitStruct->PLL.PLLP >> 1U) - 1U)) << RCC_PLLCFGR_PLLP_Pos) ||
 8004880:	ebb3 6f02 	cmp.w	r3, r2, lsl #24
 8004884:	d114      	bne.n	80048b0 <HAL_RCC_OscConfig+0x3ec>
  return HAL_OK;
 8004886:	2000      	movs	r0, #0
 8004888:	e006      	b.n	8004898 <HAL_RCC_OscConfig+0x3d4>
    return HAL_ERROR;
 800488a:	2001      	movs	r0, #1
}
 800488c:	4770      	bx	lr
        return HAL_ERROR;
 800488e:	2001      	movs	r0, #1
 8004890:	e002      	b.n	8004898 <HAL_RCC_OscConfig+0x3d4>
        return HAL_ERROR;
 8004892:	2001      	movs	r0, #1
 8004894:	e000      	b.n	8004898 <HAL_RCC_OscConfig+0x3d4>
  return HAL_OK;
 8004896:	2000      	movs	r0, #0
}
 8004898:	b002      	add	sp, #8
 800489a:	bd70      	pop	{r4, r5, r6, pc}
        return HAL_ERROR;
 800489c:	2001      	movs	r0, #1
 800489e:	e7fb      	b.n	8004898 <HAL_RCC_OscConfig+0x3d4>
          return HAL_ERROR;
 80048a0:	2001      	movs	r0, #1
 80048a2:	e7f9      	b.n	8004898 <HAL_RCC_OscConfig+0x3d4>
 80048a4:	2001      	movs	r0, #1
 80048a6:	e7f7      	b.n	8004898 <HAL_RCC_OscConfig+0x3d4>
 80048a8:	2001      	movs	r0, #1
 80048aa:	e7f5      	b.n	8004898 <HAL_RCC_OscConfig+0x3d4>
 80048ac:	2001      	movs	r0, #1
 80048ae:	e7f3      	b.n	8004898 <HAL_RCC_OscConfig+0x3d4>
 80048b0:	2001      	movs	r0, #1
 80048b2:	e7f1      	b.n	8004898 <HAL_RCC_OscConfig+0x3d4>
 80048b4:	40023800 	.word	0x40023800
 80048b8:	42470000 	.word	0x42470000

080048bc <HAL_RCC_GetSysClockFreq>:
  *
  *
  * @retval SYSCLK frequency
  */
__weak uint32_t HAL_RCC_GetSysClockFreq(void)
{
 80048bc:	b508      	push	{r3, lr}
  uint32_t pllvco = 0U;
  uint32_t pllp = 0U;
  uint32_t sysclockfreq = 0U;

  /* Get SYSCLK source -------------------------------------------------------*/
  switch (RCC->CFGR & RCC_CFGR_SWS)
 80048be:	4b33      	ldr	r3, [pc, #204]	@ (800498c <HAL_RCC_GetSysClockFreq+0xd0>)
 80048c0:	689b      	ldr	r3, [r3, #8]
 80048c2:	f003 030c 	and.w	r3, r3, #12
 80048c6:	2b04      	cmp	r3, #4
 80048c8:	d05b      	beq.n	8004982 <HAL_RCC_GetSysClockFreq+0xc6>
 80048ca:	2b08      	cmp	r3, #8
 80048cc:	d15b      	bne.n	8004986 <HAL_RCC_GetSysClockFreq+0xca>
    }
    case RCC_CFGR_SWS_PLL:  /* PLL used as system clock  source */
    {
      /* PLL_VCO = (HSE_VALUE or HSI_VALUE / PLLM) * PLLN
      SYSCLK = PLL_VCO / PLLP */
      pllm = RCC->PLLCFGR & RCC_PLLCFGR_PLLM;
 80048ce:	4b2f      	ldr	r3, [pc, #188]	@ (800498c <HAL_RCC_GetSysClockFreq+0xd0>)
 80048d0:	685a      	ldr	r2, [r3, #4]
 80048d2:	f002 023f 	and.w	r2, r2, #63	@ 0x3f
      if (__HAL_RCC_GET_PLL_OSCSOURCE() != RCC_PLLSOURCE_HSI)
 80048d6:	685b      	ldr	r3, [r3, #4]
 80048d8:	f413 0f80 	tst.w	r3, #4194304	@ 0x400000
 80048dc:	d02c      	beq.n	8004938 <HAL_RCC_GetSysClockFreq+0x7c>
      {
        /* HSE used as PLL clock source */
        pllvco = (uint32_t)((((uint64_t) HSE_VALUE * ((uint64_t)((RCC->PLLCFGR & RCC_PLLCFGR_PLLN) >> RCC_PLLCFGR_PLLN_Pos)))) / (uint64_t)pllm);
 80048de:	4b2b      	ldr	r3, [pc, #172]	@ (800498c <HAL_RCC_GetSysClockFreq+0xd0>)
 80048e0:	6858      	ldr	r0, [r3, #4]
 80048e2:	f3c0 1088 	ubfx	r0, r0, #6, #9
 80048e6:	ea4f 1c40 	mov.w	ip, r0, lsl #5
 80048ea:	ebbc 0c00 	subs.w	ip, ip, r0
 80048ee:	eb6e 0e0e 	sbc.w	lr, lr, lr
 80048f2:	ea4f 138e 	mov.w	r3, lr, lsl #6
 80048f6:	ea43 639c 	orr.w	r3, r3, ip, lsr #26
 80048fa:	ea4f 118c 	mov.w	r1, ip, lsl #6
 80048fe:	ebb1 010c 	subs.w	r1, r1, ip
 8004902:	eb63 030e 	sbc.w	r3, r3, lr
 8004906:	00db      	lsls	r3, r3, #3
 8004908:	ea43 7351 	orr.w	r3, r3, r1, lsr #29
 800490c:	00c9      	lsls	r1, r1, #3
 800490e:	eb11 0c00 	adds.w	ip, r1, r0
 8004912:	f143 0300 	adc.w	r3, r3, #0
 8004916:	0259      	lsls	r1, r3, #9
 8004918:	2300      	movs	r3, #0
 800491a:	ea4f 204c 	mov.w	r0, ip, lsl #9
 800491e:	ea41 51dc 	orr.w	r1, r1, ip, lsr #23
 8004922:	f7fb fc31 	bl	8000188 <__aeabi_uldivmod>
      else
      {
        /* HSI used as PLL clock source */
        pllvco = (uint32_t)((((uint64_t) HSI_VALUE * ((uint64_t)((RCC->PLLCFGR & RCC_PLLCFGR_PLLN) >> RCC_PLLCFGR_PLLN_Pos)))) / (uint64_t)pllm);
      }
      pllp = ((((RCC->PLLCFGR & RCC_PLLCFGR_PLLP) >> RCC_PLLCFGR_PLLP_Pos) + 1U) * 2U);
 8004926:	4b19      	ldr	r3, [pc, #100]	@ (800498c <HAL_RCC_GetSysClockFreq+0xd0>)
 8004928:	685b      	ldr	r3, [r3, #4]
 800492a:	f3c3 4301 	ubfx	r3, r3, #16, #2
 800492e:	3301      	adds	r3, #1
 8004930:	005b      	lsls	r3, r3, #1

      sysclockfreq = pllvco / pllp;
 8004932:	fbb0 f0f3 	udiv	r0, r0, r3
      sysclockfreq = HSI_VALUE;
      break;
    }
  }
  return sysclockfreq;
}
 8004936:	bd08      	pop	{r3, pc}
        pllvco = (uint32_t)((((uint64_t) HSI_VALUE * ((uint64_t)((RCC->PLLCFGR & RCC_PLLCFGR_PLLN) >> RCC_PLLCFGR_PLLN_Pos)))) / (uint64_t)pllm);
 8004938:	4b14      	ldr	r3, [pc, #80]	@ (800498c <HAL_RCC_GetSysClockFreq+0xd0>)
 800493a:	6858      	ldr	r0, [r3, #4]
 800493c:	f3c0 1088 	ubfx	r0, r0, #6, #9
 8004940:	ea4f 1c40 	mov.w	ip, r0, lsl #5
 8004944:	ebbc 0c00 	subs.w	ip, ip, r0
 8004948:	eb6e 0e0e 	sbc.w	lr, lr, lr
 800494c:	ea4f 138e 	mov.w	r3, lr, lsl #6
 8004950:	ea43 639c 	orr.w	r3, r3, ip, lsr #26
 8004954:	ea4f 118c 	mov.w	r1, ip, lsl #6
 8004958:	ebb1 010c 	subs.w	r1, r1, ip
 800495c:	eb63 030e 	sbc.w	r3, r3, lr
 8004960:	00db      	lsls	r3, r3, #3
 8004962:	ea43 7351 	orr.w	r3, r3, r1, lsr #29
 8004966:	00c9      	lsls	r1, r1, #3
 8004968:	eb11 0c00 	adds.w	ip, r1, r0
 800496c:	f143 0300 	adc.w	r3, r3, #0
 8004970:	0299      	lsls	r1, r3, #10
 8004972:	2300      	movs	r3, #0
 8004974:	ea4f 208c 	mov.w	r0, ip, lsl #10
 8004978:	ea41 519c 	orr.w	r1, r1, ip, lsr #22
 800497c:	f7fb fc04 	bl	8000188 <__aeabi_uldivmod>
 8004980:	e7d1      	b.n	8004926 <HAL_RCC_GetSysClockFreq+0x6a>
      sysclockfreq = HSE_VALUE;
 8004982:	4803      	ldr	r0, [pc, #12]	@ (8004990 <HAL_RCC_GetSysClockFreq+0xd4>)
 8004984:	e7d7      	b.n	8004936 <HAL_RCC_GetSysClockFreq+0x7a>
  switch (RCC->CFGR & RCC_CFGR_SWS)
 8004986:	4803      	ldr	r0, [pc, #12]	@ (8004994 <HAL_RCC_GetSysClockFreq+0xd8>)
  return sysclockfreq;
 8004988:	e7d5      	b.n	8004936 <HAL_RCC_GetSysClockFreq+0x7a>
 800498a:	bf00      	nop
 800498c:	40023800 	.word	0x40023800
 8004990:	007a1200 	.word	0x007a1200
 8004994:	00f42400 	.word	0x00f42400

08004998 <HAL_RCC_ClockConfig>:
  if (RCC_ClkInitStruct == NULL)
 8004998:	2800      	cmp	r0, #0
 800499a:	f000 809b 	beq.w	8004ad4 <HAL_RCC_ClockConfig+0x13c>
{
 800499e:	b570      	push	{r4, r5, r6, lr}
 80049a0:	460d      	mov	r5, r1
 80049a2:	4604      	mov	r4, r0
  if (FLatency > __HAL_FLASH_GET_LATENCY())
 80049a4:	4b4f      	ldr	r3, [pc, #316]	@ (8004ae4 <HAL_RCC_ClockConfig+0x14c>)
 80049a6:	681b      	ldr	r3, [r3, #0]
 80049a8:	f003 0307 	and.w	r3, r3, #7
 80049ac:	428b      	cmp	r3, r1
 80049ae:	d208      	bcs.n	80049c2 <HAL_RCC_ClockConfig+0x2a>
    __HAL_FLASH_SET_LATENCY(FLatency);
 80049b0:	b2cb      	uxtb	r3, r1
 80049b2:	4a4c      	ldr	r2, [pc, #304]	@ (8004ae4 <HAL_RCC_ClockConfig+0x14c>)
 80049b4:	7013      	strb	r3, [r2, #0]
    if (__HAL_FLASH_GET_LATENCY() != FLatency)
 80049b6:	6813      	ldr	r3, [r2, #0]
 80049b8:	f003 0307 	and.w	r3, r3, #7
 80049bc:	428b      	cmp	r3, r1
 80049be:	f040 808b 	bne.w	8004ad8 <HAL_RCC_ClockConfig+0x140>
  if (((RCC_ClkInitStruct->ClockType) & RCC_CLOCKTYPE_HCLK) == RCC_CLOCKTYPE_HCLK)
 80049c2:	6823      	ldr	r3, [r4, #0]
 80049c4:	f013 0f02 	tst.w	r3, #2
 80049c8:	d017      	beq.n	80049fa <HAL_RCC_ClockConfig+0x62>
    if (((RCC_ClkInitStruct->ClockType) & RCC_CLOCKTYPE_PCLK1) == RCC_CLOCKTYPE_PCLK1)
 80049ca:	f013 0f04 	tst.w	r3, #4
 80049ce:	d004      	beq.n	80049da <HAL_RCC_ClockConfig+0x42>
      MODIFY_REG(RCC->CFGR, RCC_CFGR_PPRE1, RCC_HCLK_DIV16);
 80049d0:	4a45      	ldr	r2, [pc, #276]	@ (8004ae8 <HAL_RCC_ClockConfig+0x150>)
 80049d2:	6893      	ldr	r3, [r2, #8]
 80049d4:	f443 53e0 	orr.w	r3, r3, #7168	@ 0x1c00
 80049d8:	6093      	str	r3, [r2, #8]
    if (((RCC_ClkInitStruct->ClockType) & RCC_CLOCKTYPE_PCLK2) == RCC_CLOCKTYPE_PCLK2)
 80049da:	6823      	ldr	r3, [r4, #0]
 80049dc:	f013 0f08 	tst.w	r3, #8
 80049e0:	d004      	beq.n	80049ec <HAL_RCC_ClockConfig+0x54>
      MODIFY_REG(RCC->CFGR, RCC_CFGR_PPRE2, (RCC_HCLK_DIV16 << 3));
 80049e2:	4a41      	ldr	r2, [pc, #260]	@ (8004ae8 <HAL_RCC_ClockConfig+0x150>)
 80049e4:	6893      	ldr	r3, [r2, #8]
 80049e6:	f443 4360 	orr.w	r3, r3, #57344	@ 0xe000
 80049ea:	6093      	str	r3, [r2, #8]
    MODIFY_REG(RCC->CFGR, RCC_CFGR_HPRE, RCC_ClkInitStruct->AHBCLKDivider);
 80049ec:	4a3e      	ldr	r2, [pc, #248]	@ (8004ae8 <HAL_RCC_ClockConfig+0x150>)
 80049ee:	6893      	ldr	r3, [r2, #8]
 80049f0:	f023 03f0 	bic.w	r3, r3, #240	@ 0xf0
 80049f4:	68a1      	ldr	r1, [r4, #8]
 80049f6:	430b      	orrs	r3, r1
 80049f8:	6093      	str	r3, [r2, #8]
  if (((RCC_ClkInitStruct->ClockType) & RCC_CLOCKTYPE_SYSCLK) == RCC_CLOCKTYPE_SYSCLK)
 80049fa:	6823      	ldr	r3, [r4, #0]
 80049fc:	f013 0f01 	tst.w	r3, #1
 8004a00:	d032      	beq.n	8004a68 <HAL_RCC_ClockConfig+0xd0>
    if (RCC_ClkInitStruct->SYSCLKSource == RCC_SYSCLKSOURCE_HSE)
 8004a02:	6863      	ldr	r3, [r4, #4]
 8004a04:	2b01      	cmp	r3, #1
 8004a06:	d021      	beq.n	8004a4c <HAL_RCC_ClockConfig+0xb4>
    else if ((RCC_ClkInitStruct->SYSCLKSource == RCC_SYSCLKSOURCE_PLLCLK)   ||
 8004a08:	1e9a      	subs	r2, r3, #2
 8004a0a:	2a01      	cmp	r2, #1
 8004a0c:	d925      	bls.n	8004a5a <HAL_RCC_ClockConfig+0xc2>
      if (__HAL_RCC_GET_FLAG(RCC_FLAG_HSIRDY) == RESET)
 8004a0e:	4a36      	ldr	r2, [pc, #216]	@ (8004ae8 <HAL_RCC_ClockConfig+0x150>)
 8004a10:	6812      	ldr	r2, [r2, #0]
 8004a12:	f012 0f02 	tst.w	r2, #2
 8004a16:	d061      	beq.n	8004adc <HAL_RCC_ClockConfig+0x144>
    __HAL_RCC_SYSCLK_CONFIG(RCC_ClkInitStruct->SYSCLKSource);
 8004a18:	4933      	ldr	r1, [pc, #204]	@ (8004ae8 <HAL_RCC_ClockConfig+0x150>)
 8004a1a:	688a      	ldr	r2, [r1, #8]
 8004a1c:	f022 0203 	bic.w	r2, r2, #3
 8004a20:	4313      	orrs	r3, r2
 8004a22:	608b      	str	r3, [r1, #8]
    tickstart = HAL_GetTick();
 8004a24:	f7fd f862 	bl	8001aec <HAL_GetTick>
 8004a28:	4606      	mov	r6, r0
    while (__HAL_RCC_GET_SYSCLK_SOURCE() != (RCC_ClkInitStruct->SYSCLKSource << RCC_CFGR_SWS_Pos))
 8004a2a:	4b2f      	ldr	r3, [pc, #188]	@ (8004ae8 <HAL_RCC_ClockConfig+0x150>)
 8004a2c:	689b      	ldr	r3, [r3, #8]
 8004a2e:	f003 030c 	and.w	r3, r3, #12
 8004a32:	6862      	ldr	r2, [r4, #4]
 8004a34:	ebb3 0f82 	cmp.w	r3, r2, lsl #2
 8004a38:	d016      	beq.n	8004a68 <HAL_RCC_ClockConfig+0xd0>
      if ((HAL_GetTick() - tickstart) > CLOCKSWITCH_TIMEOUT_VALUE)
 8004a3a:	f7fd f857 	bl	8001aec <HAL_GetTick>
 8004a3e:	1b80      	subs	r0, r0, r6
 8004a40:	f241 3388 	movw	r3, #5000	@ 0x1388
 8004a44:	4298      	cmp	r0, r3
 8004a46:	d9f0      	bls.n	8004a2a <HAL_RCC_ClockConfig+0x92>
        return HAL_TIMEOUT;
 8004a48:	2003      	movs	r0, #3
 8004a4a:	e042      	b.n	8004ad2 <HAL_RCC_ClockConfig+0x13a>
      if (__HAL_RCC_GET_FLAG(RCC_FLAG_HSERDY) == RESET)
 8004a4c:	4a26      	ldr	r2, [pc, #152]	@ (8004ae8 <HAL_RCC_ClockConfig+0x150>)
 8004a4e:	6812      	ldr	r2, [r2, #0]
 8004a50:	f412 3f00 	tst.w	r2, #131072	@ 0x20000
 8004a54:	d1e0      	bne.n	8004a18 <HAL_RCC_ClockConfig+0x80>
        return HAL_ERROR;
 8004a56:	2001      	movs	r0, #1
 8004a58:	e03b      	b.n	8004ad2 <HAL_RCC_ClockConfig+0x13a>
      if (__HAL_RCC_GET_FLAG(RCC_FLAG_PLLRDY) == RESET)
 8004a5a:	4a23      	ldr	r2, [pc, #140]	@ (8004ae8 <HAL_RCC_ClockConfig+0x150>)
 8004a5c:	6812      	ldr	r2, [r2, #0]
 8004a5e:	f012 7f00 	tst.w	r2, #33554432	@ 0x2000000
 8004a62:	d1d9      	bne.n	8004a18 <HAL_RCC_ClockConfig+0x80>
        return HAL_ERROR;
 8004a64:	2001      	movs	r0, #1
 8004a66:	e034      	b.n	8004ad2 <HAL_RCC_ClockConfig+0x13a>
  if (FLatency < __HAL_FLASH_GET_LATENCY())
 8004a68:	4b1e      	ldr	r3, [pc, #120]	@ (8004ae4 <HAL_RCC_ClockConfig+0x14c>)
 8004a6a:	681b      	ldr	r3, [r3, #0]
 8004a6c:	f003 0307 	and.w	r3, r3, #7
 8004a70:	42ab      	cmp	r3, r5
 8004a72:	d907      	bls.n	8004a84 <HAL_RCC_ClockConfig+0xec>
    __HAL_FLASH_SET_LATENCY(FLatency);
 8004a74:	b2ea      	uxtb	r2, r5
 8004a76:	4b1b      	ldr	r3, [pc, #108]	@ (8004ae4 <HAL_RCC_ClockConfig+0x14c>)
 8004a78:	701a      	strb	r2, [r3, #0]
    if (__HAL_FLASH_GET_LATENCY() != FLatency)
 8004a7a:	681b      	ldr	r3, [r3, #0]
 8004a7c:	f003 0307 	and.w	r3, r3, #7
 8004a80:	42ab      	cmp	r3, r5
 8004a82:	d12d      	bne.n	8004ae0 <HAL_RCC_ClockConfig+0x148>
  if (((RCC_ClkInitStruct->ClockType) & RCC_CLOCKTYPE_PCLK1) == RCC_CLOCKTYPE_PCLK1)
 8004a84:	6823      	ldr	r3, [r4, #0]
 8004a86:	f013 0f04 	tst.w	r3, #4
 8004a8a:	d006      	beq.n	8004a9a <HAL_RCC_ClockConfig+0x102>
    MODIFY_REG(RCC->CFGR, RCC_CFGR_PPRE1, RCC_ClkInitStruct->APB1CLKDivider);
 8004a8c:	4a16      	ldr	r2, [pc, #88]	@ (8004ae8 <HAL_RCC_ClockConfig+0x150>)
 8004a8e:	6893      	ldr	r3, [r2, #8]
 8004a90:	f423 53e0 	bic.w	r3, r3, #7168	@ 0x1c00
 8004a94:	68e1      	ldr	r1, [r4, #12]
 8004a96:	430b      	orrs	r3, r1
 8004a98:	6093      	str	r3, [r2, #8]
  if (((RCC_ClkInitStruct->ClockType) & RCC_CLOCKTYPE_PCLK2) == RCC_CLOCKTYPE_PCLK2)
 8004a9a:	6823      	ldr	r3, [r4, #0]
 8004a9c:	f013 0f08 	tst.w	r3, #8
 8004aa0:	d007      	beq.n	8004ab2 <HAL_RCC_ClockConfig+0x11a>
    MODIFY_REG(RCC->CFGR, RCC_CFGR_PPRE2, ((RCC_ClkInitStruct->APB2CLKDivider) << 3U));
 8004aa2:	4a11      	ldr	r2, [pc, #68]	@ (8004ae8 <HAL_RCC_ClockConfig+0x150>)
 8004aa4:	6893      	ldr	r3, [r2, #8]
 8004aa6:	f423 4360 	bic.w	r3, r3, #57344	@ 0xe000
 8004aaa:	6921      	ldr	r1, [r4, #16]
 8004aac:	ea43 03c1 	orr.w	r3, r3, r1, lsl #3
 8004ab0:	6093      	str	r3, [r2, #8]
  SystemCoreClock = HAL_RCC_GetSysClockFreq() >> AHBPrescTable[(RCC->CFGR & RCC_CFGR_HPRE) >> RCC_CFGR_HPRE_Pos];
 8004ab2:	f7ff ff03 	bl	80048bc <HAL_RCC_GetSysClockFreq>
 8004ab6:	4b0c      	ldr	r3, [pc, #48]	@ (8004ae8 <HAL_RCC_ClockConfig+0x150>)
 8004ab8:	689b      	ldr	r3, [r3, #8]
 8004aba:	f3c3 1303 	ubfx	r3, r3, #4, #4
 8004abe:	4a0b      	ldr	r2, [pc, #44]	@ (8004aec <HAL_RCC_ClockConfig+0x154>)
 8004ac0:	5cd3      	ldrb	r3, [r2, r3]
 8004ac2:	40d8      	lsrs	r0, r3
 8004ac4:	4b0a      	ldr	r3, [pc, #40]	@ (8004af0 <HAL_RCC_ClockConfig+0x158>)
 8004ac6:	6018      	str	r0, [r3, #0]
  HAL_InitTick(uwTickPrio);
 8004ac8:	4b0a      	ldr	r3, [pc, #40]	@ (8004af4 <HAL_RCC_ClockConfig+0x15c>)
 8004aca:	6818      	ldr	r0, [r3, #0]
 8004acc:	f7fc ffc2 	bl	8001a54 <HAL_InitTick>
  return HAL_OK;
 8004ad0:	2000      	movs	r0, #0
}
 8004ad2:	bd70      	pop	{r4, r5, r6, pc}
    return HAL_ERROR;
 8004ad4:	2001      	movs	r0, #1
}
 8004ad6:	4770      	bx	lr
      return HAL_ERROR;
 8004ad8:	2001      	movs	r0, #1
 8004ada:	e7fa      	b.n	8004ad2 <HAL_RCC_ClockConfig+0x13a>
        return HAL_ERROR;
 8004adc:	2001      	movs	r0, #1
 8004ade:	e7f8      	b.n	8004ad2 <HAL_RCC_ClockConfig+0x13a>
      return HAL_ERROR;
 8004ae0:	2001      	movs	r0, #1
 8004ae2:	e7f6      	b.n	8004ad2 <HAL_RCC_ClockConfig+0x13a>
 8004ae4:	40023c00 	.word	0x40023c00
 8004ae8:	40023800 	.word	0x40023800
 8004aec:	08009aa4 	.word	0x08009aa4
 8004af0:	20000008 	.word	0x20000008
 8004af4:	20000004 	.word	0x20000004

08004af8 <HAL_RCC_GetHCLKFreq>:
  * @retval HCLK frequency
  */
uint32_t HAL_RCC_GetHCLKFreq(void)
{
  return SystemCoreClock;
}
 8004af8:	4b01      	ldr	r3, [pc, #4]	@ (8004b00 <HAL_RCC_GetHCLKFreq+0x8>)
 8004afa:	6818      	ldr	r0, [r3, #0]
 8004afc:	4770      	bx	lr
 8004afe:	bf00      	nop
 8004b00:	20000008 	.word	0x20000008

08004b04 <HAL_RCC_GetPCLK1Freq>:
  * @note   Each time PCLK1 changes, this function must be called to update the
  *         right PCLK1 value. Otherwise, any configuration based on this function will be incorrect.
  * @retval PCLK1 frequency
  */
uint32_t HAL_RCC_GetPCLK1Freq(void)
{
 8004b04:	b508      	push	{r3, lr}
  /* Get HCLK source and Compute PCLK1 frequency ---------------------------*/
  return (HAL_RCC_GetHCLKFreq() >> APBPrescTable[(RCC->CFGR & RCC_CFGR_PPRE1) >> RCC_CFGR_PPRE1_Pos]);
 8004b06:	f7ff fff7 	bl	8004af8 <HAL_RCC_GetHCLKFreq>
 8004b0a:	4b04      	ldr	r3, [pc, #16]	@ (8004b1c <HAL_RCC_GetPCLK1Freq+0x18>)
 8004b0c:	689b      	ldr	r3, [r3, #8]
 8004b0e:	f3c3 2382 	ubfx	r3, r3, #10, #3
 8004b12:	4a03      	ldr	r2, [pc, #12]	@ (8004b20 <HAL_RCC_GetPCLK1Freq+0x1c>)
 8004b14:	5cd3      	ldrb	r3, [r2, r3]
}
 8004b16:	40d8      	lsrs	r0, r3
 8004b18:	bd08      	pop	{r3, pc}
 8004b1a:	bf00      	nop
 8004b1c:	40023800 	.word	0x40023800
 8004b20:	08009a9c 	.word	0x08009a9c

08004b24 <HAL_RCC_GetPCLK2Freq>:
  * @note   Each time PCLK2 changes, this function must be called to update the
  *         right PCLK2 value. Otherwise, any configuration based on this function will be incorrect.
  * @retval PCLK2 frequency
  */
uint32_t HAL_RCC_GetPCLK2Freq(void)
{
 8004b24:	b508      	push	{r3, lr}
  /* Get HCLK source and Compute PCLK2 frequency ---------------------------*/
  return (HAL_RCC_GetHCLKFreq() >> APBPrescTable[(RCC->CFGR & RCC_CFGR_PPRE2) >> RCC_CFGR_PPRE2_Pos]);
 8004b26:	f7ff ffe7 	bl	8004af8 <HAL_RCC_GetHCLKFreq>
 8004b2a:	4b04      	ldr	r3, [pc, #16]	@ (8004b3c <HAL_RCC_GetPCLK2Freq+0x18>)
 8004b2c:	689b      	ldr	r3, [r3, #8]
 8004b2e:	f3c3 3342 	ubfx	r3, r3, #13, #3
 8004b32:	4a03      	ldr	r2, [pc, #12]	@ (8004b40 <HAL_RCC_GetPCLK2Freq+0x1c>)
 8004b34:	5cd3      	ldrb	r3, [r2, r3]
}
 8004b36:	40d8      	lsrs	r0, r3
 8004b38:	bd08      	pop	{r3, pc}
 8004b3a:	bf00      	nop
 8004b3c:	40023800 	.word	0x40023800
 8004b40:	08009a9c 	.word	0x08009a9c

08004b44 <HAL_RCCEx_PeriphCLKConfig>:
  *        domain (RTC and RCC_BDCR register expect BKPSRAM) will be reset
  *
  * @retval HAL status
  */
HAL_StatusTypeDef HAL_RCCEx_PeriphCLKConfig(RCC_PeriphCLKInitTypeDef  *PeriphClkInit)
{
 8004b44:	b530      	push	{r4, r5, lr}
 8004b46:	b083      	sub	sp, #12
 8004b48:	4604      	mov	r4, r0

  /* Check the parameters */
  assert_param(IS_RCC_PERIPHCLOCK(PeriphClkInit->PeriphClockSelection));

  /*---------------------------- I2S configuration ---------------------------*/
  if ((((PeriphClkInit->PeriphClockSelection) & RCC_PERIPHCLK_I2S) == RCC_PERIPHCLK_I2S) ||
 8004b4a:	6803      	ldr	r3, [r0, #0]
 8004b4c:	f013 0f05 	tst.w	r3, #5
 8004b50:	d106      	bne.n	8004b60 <HAL_RCCEx_PeriphCLKConfig+0x1c>
      }
    }
  }

  /*---------------------------- RTC configuration ---------------------------*/
  if (((PeriphClkInit->PeriphClockSelection) & RCC_PERIPHCLK_RTC) == (RCC_PERIPHCLK_RTC))
 8004b52:	6823      	ldr	r3, [r4, #0]
 8004b54:	f013 0f02 	tst.w	r3, #2
 8004b58:	d12e      	bne.n	8004bb8 <HAL_RCCEx_PeriphCLKConfig+0x74>
  if (((PeriphClkInit->PeriphClockSelection) & RCC_PERIPHCLK_TIM) == (RCC_PERIPHCLK_TIM))
  {
    __HAL_RCC_TIMCLKPRESCALER(PeriphClkInit->TIMPresSelection);
  }
#endif /* STM32F401xC || STM32F401xE || STM32F411xE */
  return HAL_OK;
 8004b5a:	2000      	movs	r0, #0
}
 8004b5c:	b003      	add	sp, #12
 8004b5e:	bd30      	pop	{r4, r5, pc}
    __HAL_RCC_PLLI2S_DISABLE();
 8004b60:	4b4a      	ldr	r3, [pc, #296]	@ (8004c8c <HAL_RCCEx_PeriphCLKConfig+0x148>)
 8004b62:	2200      	movs	r2, #0
 8004b64:	669a      	str	r2, [r3, #104]	@ 0x68
    tickstart = HAL_GetTick();
 8004b66:	f7fc ffc1 	bl	8001aec <HAL_GetTick>
 8004b6a:	4605      	mov	r5, r0
    while (__HAL_RCC_GET_FLAG(RCC_FLAG_PLLI2SRDY)  != RESET)
 8004b6c:	4b48      	ldr	r3, [pc, #288]	@ (8004c90 <HAL_RCCEx_PeriphCLKConfig+0x14c>)
 8004b6e:	681b      	ldr	r3, [r3, #0]
 8004b70:	f013 6f00 	tst.w	r3, #134217728	@ 0x8000000
 8004b74:	d006      	beq.n	8004b84 <HAL_RCCEx_PeriphCLKConfig+0x40>
      if ((HAL_GetTick() - tickstart) > PLLI2S_TIMEOUT_VALUE)
 8004b76:	f7fc ffb9 	bl	8001aec <HAL_GetTick>
 8004b7a:	1b43      	subs	r3, r0, r5
 8004b7c:	2b02      	cmp	r3, #2
 8004b7e:	d9f5      	bls.n	8004b6c <HAL_RCCEx_PeriphCLKConfig+0x28>
        return HAL_TIMEOUT;
 8004b80:	2003      	movs	r0, #3
 8004b82:	e7eb      	b.n	8004b5c <HAL_RCCEx_PeriphCLKConfig+0x18>
    __HAL_RCC_PLLI2S_CONFIG(PeriphClkInit->PLLI2S.PLLI2SN, PeriphClkInit->PLLI2S.PLLI2SR);
 8004b84:	6862      	ldr	r2, [r4, #4]
 8004b86:	68a3      	ldr	r3, [r4, #8]
 8004b88:	071b      	lsls	r3, r3, #28
 8004b8a:	ea43 1382 	orr.w	r3, r3, r2, lsl #6
 8004b8e:	4a40      	ldr	r2, [pc, #256]	@ (8004c90 <HAL_RCCEx_PeriphCLKConfig+0x14c>)
 8004b90:	f8c2 3084 	str.w	r3, [r2, #132]	@ 0x84
    __HAL_RCC_PLLI2S_ENABLE();
 8004b94:	4b3d      	ldr	r3, [pc, #244]	@ (8004c8c <HAL_RCCEx_PeriphCLKConfig+0x148>)
 8004b96:	2201      	movs	r2, #1
 8004b98:	669a      	str	r2, [r3, #104]	@ 0x68
    tickstart = HAL_GetTick();
 8004b9a:	f7fc ffa7 	bl	8001aec <HAL_GetTick>
 8004b9e:	4605      	mov	r5, r0
    while (__HAL_RCC_GET_FLAG(RCC_FLAG_PLLI2SRDY)  == RESET)
 8004ba0:	4b3b      	ldr	r3, [pc, #236]	@ (8004c90 <HAL_RCCEx_PeriphCLKConfig+0x14c>)
 8004ba2:	681b      	ldr	r3, [r3, #0]
 8004ba4:	f013 6f00 	tst.w	r3, #134217728	@ 0x8000000
 8004ba8:	d1d3      	bne.n	8004b52 <HAL_RCCEx_PeriphCLKConfig+0xe>
      if ((HAL_GetTick() - tickstart) > PLLI2S_TIMEOUT_VALUE)
 8004baa:	f7fc ff9f 	bl	8001aec <HAL_GetTick>
 8004bae:	1b43      	subs	r3, r0, r5
 8004bb0:	2b02      	cmp	r3, #2
 8004bb2:	d9f5      	bls.n	8004ba0 <HAL_RCCEx_PeriphCLKConfig+0x5c>
        return HAL_TIMEOUT;
 8004bb4:	2003      	movs	r0, #3
 8004bb6:	e7d1      	b.n	8004b5c <HAL_RCCEx_PeriphCLKConfig+0x18>
    __HAL_RCC_PWR_CLK_ENABLE();
 8004bb8:	2300      	movs	r3, #0
 8004bba:	9301      	str	r3, [sp, #4]
 8004bbc:	4b34      	ldr	r3, [pc, #208]	@ (8004c90 <HAL_RCCEx_PeriphCLKConfig+0x14c>)
 8004bbe:	6c1a      	ldr	r2, [r3, #64]	@ 0x40
 8004bc0:	f042 5280 	orr.w	r2, r2, #268435456	@ 0x10000000
 8004bc4:	641a      	str	r2, [r3, #64]	@ 0x40
 8004bc6:	6c1b      	ldr	r3, [r3, #64]	@ 0x40
 8004bc8:	f003 5380 	and.w	r3, r3, #268435456	@ 0x10000000
 8004bcc:	9301      	str	r3, [sp, #4]
 8004bce:	9b01      	ldr	r3, [sp, #4]
    PWR->CR |= PWR_CR_DBP;
 8004bd0:	4a30      	ldr	r2, [pc, #192]	@ (8004c94 <HAL_RCCEx_PeriphCLKConfig+0x150>)
 8004bd2:	6813      	ldr	r3, [r2, #0]
 8004bd4:	f443 7380 	orr.w	r3, r3, #256	@ 0x100
 8004bd8:	6013      	str	r3, [r2, #0]
    tickstart = HAL_GetTick();
 8004bda:	f7fc ff87 	bl	8001aec <HAL_GetTick>
 8004bde:	4605      	mov	r5, r0
    while ((PWR->CR & PWR_CR_DBP) == RESET)
 8004be0:	4b2c      	ldr	r3, [pc, #176]	@ (8004c94 <HAL_RCCEx_PeriphCLKConfig+0x150>)
 8004be2:	681b      	ldr	r3, [r3, #0]
 8004be4:	f413 7f80 	tst.w	r3, #256	@ 0x100
 8004be8:	d106      	bne.n	8004bf8 <HAL_RCCEx_PeriphCLKConfig+0xb4>
      if ((HAL_GetTick() - tickstart) > RCC_DBP_TIMEOUT_VALUE)
 8004bea:	f7fc ff7f 	bl	8001aec <HAL_GetTick>
 8004bee:	1b43      	subs	r3, r0, r5
 8004bf0:	2b02      	cmp	r3, #2
 8004bf2:	d9f5      	bls.n	8004be0 <HAL_RCCEx_PeriphCLKConfig+0x9c>
        return HAL_TIMEOUT;
 8004bf4:	2003      	movs	r0, #3
 8004bf6:	e7b1      	b.n	8004b5c <HAL_RCCEx_PeriphCLKConfig+0x18>
    tmpreg1 = (RCC->BDCR & RCC_BDCR_RTCSEL);
 8004bf8:	4b25      	ldr	r3, [pc, #148]	@ (8004c90 <HAL_RCCEx_PeriphCLKConfig+0x14c>)
 8004bfa:	6f1b      	ldr	r3, [r3, #112]	@ 0x70
    if ((tmpreg1 != 0x00000000U) && ((tmpreg1) != (PeriphClkInit->RTCClockSelection & RCC_BDCR_RTCSEL)))
 8004bfc:	f413 7340 	ands.w	r3, r3, #768	@ 0x300
 8004c00:	d014      	beq.n	8004c2c <HAL_RCCEx_PeriphCLKConfig+0xe8>
 8004c02:	68e2      	ldr	r2, [r4, #12]
 8004c04:	f402 7240 	and.w	r2, r2, #768	@ 0x300
 8004c08:	429a      	cmp	r2, r3
 8004c0a:	d00f      	beq.n	8004c2c <HAL_RCCEx_PeriphCLKConfig+0xe8>
      tmpreg1 = (RCC->BDCR & ~(RCC_BDCR_RTCSEL));
 8004c0c:	4b20      	ldr	r3, [pc, #128]	@ (8004c90 <HAL_RCCEx_PeriphCLKConfig+0x14c>)
 8004c0e:	6f1a      	ldr	r2, [r3, #112]	@ 0x70
 8004c10:	f422 7240 	bic.w	r2, r2, #768	@ 0x300
      __HAL_RCC_BACKUPRESET_FORCE();
 8004c14:	491d      	ldr	r1, [pc, #116]	@ (8004c8c <HAL_RCCEx_PeriphCLKConfig+0x148>)
 8004c16:	2001      	movs	r0, #1
 8004c18:	f8c1 0e40 	str.w	r0, [r1, #3648]	@ 0xe40
      __HAL_RCC_BACKUPRESET_RELEASE();
 8004c1c:	2000      	movs	r0, #0
 8004c1e:	f8c1 0e40 	str.w	r0, [r1, #3648]	@ 0xe40
      RCC->BDCR = tmpreg1;
 8004c22:	671a      	str	r2, [r3, #112]	@ 0x70
      if (HAL_IS_BIT_SET(RCC->BDCR, RCC_BDCR_LSEON))
 8004c24:	6f1b      	ldr	r3, [r3, #112]	@ 0x70
 8004c26:	f013 0f01 	tst.w	r3, #1
 8004c2a:	d113      	bne.n	8004c54 <HAL_RCCEx_PeriphCLKConfig+0x110>
    __HAL_RCC_RTC_CONFIG(PeriphClkInit->RTCClockSelection);
 8004c2c:	68e3      	ldr	r3, [r4, #12]
 8004c2e:	f403 7240 	and.w	r2, r3, #768	@ 0x300
 8004c32:	f5b2 7f40 	cmp.w	r2, #768	@ 0x300
 8004c36:	d01e      	beq.n	8004c76 <HAL_RCCEx_PeriphCLKConfig+0x132>
 8004c38:	4a15      	ldr	r2, [pc, #84]	@ (8004c90 <HAL_RCCEx_PeriphCLKConfig+0x14c>)
 8004c3a:	6893      	ldr	r3, [r2, #8]
 8004c3c:	f423 13f8 	bic.w	r3, r3, #2031616	@ 0x1f0000
 8004c40:	6093      	str	r3, [r2, #8]
 8004c42:	4913      	ldr	r1, [pc, #76]	@ (8004c90 <HAL_RCCEx_PeriphCLKConfig+0x14c>)
 8004c44:	6f0b      	ldr	r3, [r1, #112]	@ 0x70
 8004c46:	68e2      	ldr	r2, [r4, #12]
 8004c48:	f3c2 020b 	ubfx	r2, r2, #0, #12
 8004c4c:	4313      	orrs	r3, r2
 8004c4e:	670b      	str	r3, [r1, #112]	@ 0x70
  return HAL_OK;
 8004c50:	2000      	movs	r0, #0
 8004c52:	e783      	b.n	8004b5c <HAL_RCCEx_PeriphCLKConfig+0x18>
        tickstart = HAL_GetTick();
 8004c54:	f7fc ff4a 	bl	8001aec <HAL_GetTick>
 8004c58:	4605      	mov	r5, r0
        while (__HAL_RCC_GET_FLAG(RCC_FLAG_LSERDY) == RESET)
 8004c5a:	4b0d      	ldr	r3, [pc, #52]	@ (8004c90 <HAL_RCCEx_PeriphCLKConfig+0x14c>)
 8004c5c:	6f1b      	ldr	r3, [r3, #112]	@ 0x70
 8004c5e:	f013 0f02 	tst.w	r3, #2
 8004c62:	d1e3      	bne.n	8004c2c <HAL_RCCEx_PeriphCLKConfig+0xe8>
          if ((HAL_GetTick() - tickstart) > RCC_LSE_TIMEOUT_VALUE)
 8004c64:	f7fc ff42 	bl	8001aec <HAL_GetTick>
 8004c68:	1b40      	subs	r0, r0, r5
 8004c6a:	f241 3388 	movw	r3, #5000	@ 0x1388
 8004c6e:	4298      	cmp	r0, r3
 8004c70:	d9f3      	bls.n	8004c5a <HAL_RCCEx_PeriphCLKConfig+0x116>
            return HAL_TIMEOUT;
 8004c72:	2003      	movs	r0, #3
 8004c74:	e772      	b.n	8004b5c <HAL_RCCEx_PeriphCLKConfig+0x18>
    __HAL_RCC_RTC_CONFIG(PeriphClkInit->RTCClockSelection);
 8004c76:	4906      	ldr	r1, [pc, #24]	@ (8004c90 <HAL_RCCEx_PeriphCLKConfig+0x14c>)
 8004c78:	688a      	ldr	r2, [r1, #8]
 8004c7a:	f422 12f8 	bic.w	r2, r2, #2031616	@ 0x1f0000
 8004c7e:	f023 4370 	bic.w	r3, r3, #4026531840	@ 0xf0000000
 8004c82:	f423 7340 	bic.w	r3, r3, #768	@ 0x300
 8004c86:	4313      	orrs	r3, r2
 8004c88:	608b      	str	r3, [r1, #8]
 8004c8a:	e7da      	b.n	8004c42 <HAL_RCCEx_PeriphCLKConfig+0xfe>
 8004c8c:	42470000 	.word	0x42470000
 8004c90:	40023800 	.word	0x40023800
 8004c94:	40007000 	.word	0x40007000

08004c98 <HAL_RTC_WaitForSynchro>:
  * @param  hrtc pointer to a RTC_HandleTypeDef structure that contains
  *                the configuration information for RTC.
  * @retval HAL status
  */
HAL_StatusTypeDef HAL_RTC_WaitForSynchro(RTC_HandleTypeDef *hrtc)
{
 8004c98:	b538      	push	{r3, r4, r5, lr}
 8004c9a:	4604      	mov	r4, r0
  uint32_t tickstart = 0U;

  /* Clear RSF flag, keep reserved bits at reset values (setting other flags has no effect) */
  hrtc->Instance->ISR = ((uint32_t)(RTC_RSF_MASK & RTC_ISR_RESERVED_MASK));
 8004c9c:	6803      	ldr	r3, [r0, #0]
 8004c9e:	4a0a      	ldr	r2, [pc, #40]	@ (8004cc8 <HAL_RTC_WaitForSynchro+0x30>)
 8004ca0:	60da      	str	r2, [r3, #12]

  /* Get tick */
  tickstart = HAL_GetTick();
 8004ca2:	f7fc ff23 	bl	8001aec <HAL_GetTick>
 8004ca6:	4605      	mov	r5, r0

  /* Wait the registers to be synchronised */
  while ((hrtc->Instance->ISR & RTC_ISR_RSF) == 0U)
 8004ca8:	6823      	ldr	r3, [r4, #0]
 8004caa:	68db      	ldr	r3, [r3, #12]
 8004cac:	f013 0f20 	tst.w	r3, #32
 8004cb0:	d107      	bne.n	8004cc2 <HAL_RTC_WaitForSynchro+0x2a>
  {
    if ((HAL_GetTick() - tickstart) > RTC_TIMEOUT_VALUE)
 8004cb2:	f7fc ff1b 	bl	8001aec <HAL_GetTick>
 8004cb6:	1b40      	subs	r0, r0, r5
 8004cb8:	f5b0 7f7a 	cmp.w	r0, #1000	@ 0x3e8
 8004cbc:	d9f4      	bls.n	8004ca8 <HAL_RTC_WaitForSynchro+0x10>
    {
      return HAL_TIMEOUT;
 8004cbe:	2003      	movs	r0, #3
 8004cc0:	e000      	b.n	8004cc4 <HAL_RTC_WaitForSynchro+0x2c>
    }
  }

  return HAL_OK;
 8004cc2:	2000      	movs	r0, #0
}
 8004cc4:	bd38      	pop	{r3, r4, r5, pc}
 8004cc6:	bf00      	nop
 8004cc8:	00017f5f 	.word	0x00017f5f

08004ccc <RTC_EnterInitMode>:
  * @param  hrtc pointer to a RTC_HandleTypeDef structure that contains
  *                the configuration information for RTC.
  * @retval HAL status
  */
HAL_StatusTypeDef RTC_EnterInitMode(RTC_HandleTypeDef *hrtc)
{
 8004ccc:	b570      	push	{r4, r5, r6, lr}
  uint32_t tickstart = 0U;
  HAL_StatusTypeDef status = HAL_OK;

  /* Check that Initialization mode is not already set */
  if (READ_BIT(hrtc->Instance->ISR, RTC_ISR_INITF) == 0U)
 8004cce:	6803      	ldr	r3, [r0, #0]
 8004cd0:	68da      	ldr	r2, [r3, #12]
 8004cd2:	f012 0f40 	tst.w	r2, #64	@ 0x40
 8004cd6:	d002      	beq.n	8004cde <RTC_EnterInitMode+0x12>
  HAL_StatusTypeDef status = HAL_OK;
 8004cd8:	2500      	movs	r5, #0
      }
    }
  }

  return status;
}
 8004cda:	4628      	mov	r0, r5
 8004cdc:	bd70      	pop	{r4, r5, r6, pc}
 8004cde:	4604      	mov	r4, r0
    SET_BIT(hrtc->Instance->ISR, RTC_ISR_INIT);
 8004ce0:	68da      	ldr	r2, [r3, #12]
 8004ce2:	f042 0280 	orr.w	r2, r2, #128	@ 0x80
 8004ce6:	60da      	str	r2, [r3, #12]
    tickstart = HAL_GetTick();
 8004ce8:	f7fc ff00 	bl	8001aec <HAL_GetTick>
 8004cec:	4606      	mov	r6, r0
  HAL_StatusTypeDef status = HAL_OK;
 8004cee:	2500      	movs	r5, #0
    while ((READ_BIT(hrtc->Instance->ISR, RTC_ISR_INITF) == 0U) && (status != HAL_ERROR))
 8004cf0:	6823      	ldr	r3, [r4, #0]
 8004cf2:	68db      	ldr	r3, [r3, #12]
 8004cf4:	f013 0f40 	tst.w	r3, #64	@ 0x40
 8004cf8:	d1ef      	bne.n	8004cda <RTC_EnterInitMode+0xe>
 8004cfa:	2d00      	cmp	r5, #0
 8004cfc:	d1ed      	bne.n	8004cda <RTC_EnterInitMode+0xe>
      if ((HAL_GetTick() - tickstart) > RTC_TIMEOUT_VALUE)
 8004cfe:	f7fc fef5 	bl	8001aec <HAL_GetTick>
 8004d02:	1b83      	subs	r3, r0, r6
 8004d04:	f5b3 7f7a 	cmp.w	r3, #1000	@ 0x3e8
 8004d08:	d9f2      	bls.n	8004cf0 <RTC_EnterInitMode+0x24>
        hrtc->State = HAL_RTC_STATE_ERROR;
 8004d0a:	2304      	movs	r3, #4
 8004d0c:	7763      	strb	r3, [r4, #29]
        status = HAL_ERROR;
 8004d0e:	2501      	movs	r5, #1
 8004d10:	e7ee      	b.n	8004cf0 <RTC_EnterInitMode+0x24>

08004d12 <RTC_ExitInitMode>:
HAL_StatusTypeDef RTC_ExitInitMode(RTC_HandleTypeDef *hrtc)
{
  HAL_StatusTypeDef status = HAL_OK;

  /* Clear INIT bit to exit Initialization mode */
  CLEAR_BIT(hrtc->Instance->ISR, RTC_ISR_INIT);
 8004d12:	6802      	ldr	r2, [r0, #0]
 8004d14:	68d3      	ldr	r3, [r2, #12]
 8004d16:	f023 0380 	bic.w	r3, r3, #128	@ 0x80
 8004d1a:	60d3      	str	r3, [r2, #12]

  /* If CR_BYPSHAD bit = 0, wait for synchro */
  if (READ_BIT(hrtc->Instance->CR, RTC_CR_BYPSHAD) == 0U)
 8004d1c:	6803      	ldr	r3, [r0, #0]
 8004d1e:	689b      	ldr	r3, [r3, #8]
 8004d20:	f013 0f20 	tst.w	r3, #32
 8004d24:	d001      	beq.n	8004d2a <RTC_ExitInitMode+0x18>
  HAL_StatusTypeDef status = HAL_OK;
 8004d26:	2000      	movs	r0, #0
      status = HAL_ERROR;
    }
  }

  return status;
}
 8004d28:	4770      	bx	lr
{
 8004d2a:	b510      	push	{r4, lr}
 8004d2c:	4604      	mov	r4, r0
    if (HAL_RTC_WaitForSynchro(hrtc) != HAL_OK)
 8004d2e:	f7ff ffb3 	bl	8004c98 <HAL_RTC_WaitForSynchro>
 8004d32:	b110      	cbz	r0, 8004d3a <RTC_ExitInitMode+0x28>
      hrtc->State = HAL_RTC_STATE_ERROR;
 8004d34:	2304      	movs	r3, #4
 8004d36:	7763      	strb	r3, [r4, #29]
      status = HAL_ERROR;
 8004d38:	2001      	movs	r0, #1
}
 8004d3a:	bd10      	pop	{r4, pc}

08004d3c <HAL_RTC_Init>:
  if (hrtc == NULL)
 8004d3c:	2800      	cmp	r0, #0
 8004d3e:	d04a      	beq.n	8004dd6 <HAL_RTC_Init+0x9a>
{
 8004d40:	b510      	push	{r4, lr}
 8004d42:	4604      	mov	r4, r0
  if (hrtc->State == HAL_RTC_STATE_RESET)
 8004d44:	7f43      	ldrb	r3, [r0, #29]
 8004d46:	b153      	cbz	r3, 8004d5e <HAL_RTC_Init+0x22>
  hrtc->State = HAL_RTC_STATE_BUSY;
 8004d48:	2302      	movs	r3, #2
 8004d4a:	7763      	strb	r3, [r4, #29]
  if (__HAL_RTC_IS_CALENDAR_INITIALIZED(hrtc) == 0U)
 8004d4c:	6823      	ldr	r3, [r4, #0]
 8004d4e:	68da      	ldr	r2, [r3, #12]
 8004d50:	f012 0f10 	tst.w	r2, #16
 8004d54:	d007      	beq.n	8004d66 <HAL_RTC_Init+0x2a>
    status = HAL_OK;
 8004d56:	2000      	movs	r0, #0
    hrtc->State = HAL_RTC_STATE_READY;
 8004d58:	2301      	movs	r3, #1
 8004d5a:	7763      	strb	r3, [r4, #29]
}
 8004d5c:	bd10      	pop	{r4, pc}
    hrtc->Lock = HAL_UNLOCKED;
 8004d5e:	7703      	strb	r3, [r0, #28]
    HAL_RTC_MspInit(hrtc);
 8004d60:	f7fe fb82 	bl	8003468 <HAL_RTC_MspInit>
 8004d64:	e7f0      	b.n	8004d48 <HAL_RTC_Init+0xc>
    __HAL_RTC_WRITEPROTECTION_DISABLE(hrtc);
 8004d66:	22ca      	movs	r2, #202	@ 0xca
 8004d68:	625a      	str	r2, [r3, #36]	@ 0x24
 8004d6a:	6823      	ldr	r3, [r4, #0]
 8004d6c:	2253      	movs	r2, #83	@ 0x53
 8004d6e:	625a      	str	r2, [r3, #36]	@ 0x24
    status = RTC_EnterInitMode(hrtc);
 8004d70:	4620      	mov	r0, r4
 8004d72:	f7ff ffab 	bl	8004ccc <RTC_EnterInitMode>
    if (status == HAL_OK)
 8004d76:	b128      	cbz	r0, 8004d84 <HAL_RTC_Init+0x48>
    __HAL_RTC_WRITEPROTECTION_ENABLE(hrtc);
 8004d78:	6823      	ldr	r3, [r4, #0]
 8004d7a:	22ff      	movs	r2, #255	@ 0xff
 8004d7c:	625a      	str	r2, [r3, #36]	@ 0x24
  if (status == HAL_OK)
 8004d7e:	2800      	cmp	r0, #0
 8004d80:	d1ec      	bne.n	8004d5c <HAL_RTC_Init+0x20>
 8004d82:	e7e9      	b.n	8004d58 <HAL_RTC_Init+0x1c>
      hrtc->Instance->CR &= ((uint32_t)~(RTC_CR_FMT | RTC_CR_OSEL | RTC_CR_POL));
 8004d84:	6822      	ldr	r2, [r4, #0]
 8004d86:	6893      	ldr	r3, [r2, #8]
 8004d88:	f423 03e0 	bic.w	r3, r3, #7340032	@ 0x700000
 8004d8c:	f023 0340 	bic.w	r3, r3, #64	@ 0x40
 8004d90:	6093      	str	r3, [r2, #8]
      hrtc->Instance->CR |= (uint32_t)(hrtc->Init.HourFormat | hrtc->Init.OutPut | hrtc->Init.OutPutPolarity);
 8004d92:	6821      	ldr	r1, [r4, #0]
 8004d94:	688a      	ldr	r2, [r1, #8]
 8004d96:	6863      	ldr	r3, [r4, #4]
 8004d98:	6920      	ldr	r0, [r4, #16]
 8004d9a:	4303      	orrs	r3, r0
 8004d9c:	6960      	ldr	r0, [r4, #20]
 8004d9e:	4303      	orrs	r3, r0
 8004da0:	4313      	orrs	r3, r2
 8004da2:	608b      	str	r3, [r1, #8]
      hrtc->Instance->PRER = (uint32_t)(hrtc->Init.SynchPrediv);
 8004da4:	6823      	ldr	r3, [r4, #0]
 8004da6:	68e2      	ldr	r2, [r4, #12]
 8004da8:	611a      	str	r2, [r3, #16]
      hrtc->Instance->PRER |= (uint32_t)(hrtc->Init.AsynchPrediv << RTC_PRER_PREDIV_A_Pos);
 8004daa:	6822      	ldr	r2, [r4, #0]
 8004dac:	6913      	ldr	r3, [r2, #16]
 8004dae:	68a1      	ldr	r1, [r4, #8]
 8004db0:	ea43 4301 	orr.w	r3, r3, r1, lsl #16
 8004db4:	6113      	str	r3, [r2, #16]
      status = RTC_ExitInitMode(hrtc);
 8004db6:	4620      	mov	r0, r4
 8004db8:	f7ff ffab 	bl	8004d12 <RTC_ExitInitMode>
    if (status == HAL_OK)
 8004dbc:	2800      	cmp	r0, #0
 8004dbe:	d1db      	bne.n	8004d78 <HAL_RTC_Init+0x3c>
      hrtc->Instance->TAFCR &= (uint32_t)~RTC_OUTPUT_TYPE_PUSHPULL;
 8004dc0:	6822      	ldr	r2, [r4, #0]
 8004dc2:	6c13      	ldr	r3, [r2, #64]	@ 0x40
 8004dc4:	f423 2380 	bic.w	r3, r3, #262144	@ 0x40000
 8004dc8:	6413      	str	r3, [r2, #64]	@ 0x40
      hrtc->Instance->TAFCR |= (uint32_t)(hrtc->Init.OutPutType);
 8004dca:	6822      	ldr	r2, [r4, #0]
 8004dcc:	6c13      	ldr	r3, [r2, #64]	@ 0x40
 8004dce:	69a1      	ldr	r1, [r4, #24]
 8004dd0:	430b      	orrs	r3, r1
 8004dd2:	6413      	str	r3, [r2, #64]	@ 0x40
 8004dd4:	e7d0      	b.n	8004d78 <HAL_RTC_Init+0x3c>
    return HAL_ERROR;
 8004dd6:	2001      	movs	r0, #1
}
 8004dd8:	4770      	bx	lr
	...

08004ddc <SPI_WaitFlagStateUntilTimeout>:
  * @param  Tickstart tick start value
  * @retval HAL status
  */
static HAL_StatusTypeDef SPI_WaitFlagStateUntilTimeout(SPI_HandleTypeDef *hspi, uint32_t Flag, FlagStatus State,
                                                       uint32_t Timeout, uint32_t Tickstart)
{
 8004ddc:	e92d 47f0 	stmdb	sp!, {r4, r5, r6, r7, r8, r9, sl, lr}
 8004de0:	b082      	sub	sp, #8
 8004de2:	4605      	mov	r5, r0
 8004de4:	4688      	mov	r8, r1
 8004de6:	4617      	mov	r7, r2
 8004de8:	461e      	mov	r6, r3
  __IO uint32_t count;
  uint32_t tmp_timeout;
  uint32_t tmp_tickstart;

  /* Adjust Timeout value  in case of end of transfer */
  tmp_timeout   = Timeout - (HAL_GetTick() - Tickstart);
 8004dea:	f7fc fe7f 	bl	8001aec <HAL_GetTick>
 8004dee:	9b0a      	ldr	r3, [sp, #40]	@ 0x28
 8004df0:	1a1b      	subs	r3, r3, r0
 8004df2:	eb03 0906 	add.w	r9, r3, r6
  tmp_tickstart = HAL_GetTick();
 8004df6:	f7fc fe79 	bl	8001aec <HAL_GetTick>
 8004dfa:	4682      	mov	sl, r0

  /* Calculate Timeout based on a software loop to avoid blocking issue if Systick is disabled */
  count = tmp_timeout * ((SystemCoreClock * 32U) >> 20U);
 8004dfc:	4b28      	ldr	r3, [pc, #160]	@ (8004ea0 <SPI_WaitFlagStateUntilTimeout+0xc4>)
 8004dfe:	681b      	ldr	r3, [r3, #0]
 8004e00:	f3c3 33cb 	ubfx	r3, r3, #15, #12
 8004e04:	fb09 f303 	mul.w	r3, r9, r3
 8004e08:	9301      	str	r3, [sp, #4]

  while ((__HAL_SPI_GET_FLAG(hspi, Flag) ? SET : RESET) != State)
 8004e0a:	682b      	ldr	r3, [r5, #0]
 8004e0c:	689c      	ldr	r4, [r3, #8]
 8004e0e:	ea38 0404 	bics.w	r4, r8, r4
 8004e12:	bf0c      	ite	eq
 8004e14:	2301      	moveq	r3, #1
 8004e16:	2300      	movne	r3, #0
 8004e18:	42bb      	cmp	r3, r7
 8004e1a:	d03d      	beq.n	8004e98 <SPI_WaitFlagStateUntilTimeout+0xbc>
  {
    if (Timeout != HAL_MAX_DELAY)
 8004e1c:	f1b6 3fff 	cmp.w	r6, #4294967295
 8004e20:	d0f3      	beq.n	8004e0a <SPI_WaitFlagStateUntilTimeout+0x2e>
    {
      if (((HAL_GetTick() - tmp_tickstart) >= tmp_timeout) || (tmp_timeout == 0U))
 8004e22:	f7fc fe63 	bl	8001aec <HAL_GetTick>
 8004e26:	eba0 000a 	sub.w	r0, r0, sl
 8004e2a:	4548      	cmp	r0, r9
 8004e2c:	d203      	bcs.n	8004e36 <SPI_WaitFlagStateUntilTimeout+0x5a>
        __HAL_UNLOCK(hspi);

        return HAL_TIMEOUT;
      }
      /* If Systick is disabled or not incremented, deactivate timeout to go in disable loop procedure */
      if (count == 0U)
 8004e2e:	9b01      	ldr	r3, [sp, #4]
 8004e30:	bb73      	cbnz	r3, 8004e90 <SPI_WaitFlagStateUntilTimeout+0xb4>
      {
        tmp_timeout = 0U;
 8004e32:	4699      	mov	r9, r3
 8004e34:	e7e9      	b.n	8004e0a <SPI_WaitFlagStateUntilTimeout+0x2e>
        __HAL_SPI_DISABLE_IT(hspi, (SPI_IT_TXE | SPI_IT_RXNE | SPI_IT_ERR));
 8004e36:	682a      	ldr	r2, [r5, #0]
 8004e38:	6853      	ldr	r3, [r2, #4]
 8004e3a:	f023 03e0 	bic.w	r3, r3, #224	@ 0xe0
 8004e3e:	6053      	str	r3, [r2, #4]
        if ((hspi->Init.Mode == SPI_MODE_MASTER) && ((hspi->Init.Direction == SPI_DIRECTION_1LINE)
 8004e40:	686b      	ldr	r3, [r5, #4]
 8004e42:	f5b3 7f82 	cmp.w	r3, #260	@ 0x104
 8004e46:	d00b      	beq.n	8004e60 <SPI_WaitFlagStateUntilTimeout+0x84>
        if (hspi->Init.CRCCalculation == SPI_CRCCALCULATION_ENABLE)
 8004e48:	6aab      	ldr	r3, [r5, #40]	@ 0x28
 8004e4a:	f5b3 5f00 	cmp.w	r3, #8192	@ 0x2000
 8004e4e:	d014      	beq.n	8004e7a <SPI_WaitFlagStateUntilTimeout+0x9e>
        hspi->State = HAL_SPI_STATE_READY;
 8004e50:	2301      	movs	r3, #1
 8004e52:	f885 3051 	strb.w	r3, [r5, #81]	@ 0x51
        __HAL_UNLOCK(hspi);
 8004e56:	2300      	movs	r3, #0
 8004e58:	f885 3050 	strb.w	r3, [r5, #80]	@ 0x50
        return HAL_TIMEOUT;
 8004e5c:	2003      	movs	r0, #3
 8004e5e:	e01c      	b.n	8004e9a <SPI_WaitFlagStateUntilTimeout+0xbe>
        if ((hspi->Init.Mode == SPI_MODE_MASTER) && ((hspi->Init.Direction == SPI_DIRECTION_1LINE)
 8004e60:	68ab      	ldr	r3, [r5, #8]
 8004e62:	f5b3 4f00 	cmp.w	r3, #32768	@ 0x8000
 8004e66:	d002      	beq.n	8004e6e <SPI_WaitFlagStateUntilTimeout+0x92>
                                                     || (hspi->Init.Direction == SPI_DIRECTION_2LINES_RXONLY)))
 8004e68:	f5b3 6f80 	cmp.w	r3, #1024	@ 0x400
 8004e6c:	d1ec      	bne.n	8004e48 <SPI_WaitFlagStateUntilTimeout+0x6c>
          __HAL_SPI_DISABLE(hspi);
 8004e6e:	682a      	ldr	r2, [r5, #0]
 8004e70:	6813      	ldr	r3, [r2, #0]
 8004e72:	f023 0340 	bic.w	r3, r3, #64	@ 0x40
 8004e76:	6013      	str	r3, [r2, #0]
 8004e78:	e7e6      	b.n	8004e48 <SPI_WaitFlagStateUntilTimeout+0x6c>
          SPI_RESET_CRC(hspi);
 8004e7a:	682a      	ldr	r2, [r5, #0]
 8004e7c:	6813      	ldr	r3, [r2, #0]
 8004e7e:	f423 5300 	bic.w	r3, r3, #8192	@ 0x2000
 8004e82:	6013      	str	r3, [r2, #0]
 8004e84:	682a      	ldr	r2, [r5, #0]
 8004e86:	6813      	ldr	r3, [r2, #0]
 8004e88:	f443 5300 	orr.w	r3, r3, #8192	@ 0x2000
 8004e8c:	6013      	str	r3, [r2, #0]
 8004e8e:	e7df      	b.n	8004e50 <SPI_WaitFlagStateUntilTimeout+0x74>
      }
      else
      {
        count--;
 8004e90:	9b01      	ldr	r3, [sp, #4]
 8004e92:	3b01      	subs	r3, #1
 8004e94:	9301      	str	r3, [sp, #4]
 8004e96:	e7b8      	b.n	8004e0a <SPI_WaitFlagStateUntilTimeout+0x2e>
      }
    }
  }

  return HAL_OK;
 8004e98:	2000      	movs	r0, #0
}
 8004e9a:	b002      	add	sp, #8
 8004e9c:	e8bd 87f0 	ldmia.w	sp!, {r4, r5, r6, r7, r8, r9, sl, pc}
 8004ea0:	20000008 	.word	0x20000008

08004ea4 <SPI_EndRxTxTransaction>:
  * @param  Timeout Timeout duration
  * @param  Tickstart tick start value
  * @retval HAL status
  */
static HAL_StatusTypeDef SPI_EndRxTxTransaction(SPI_HandleTypeDef *hspi, uint32_t Timeout, uint32_t Tickstart)
{
 8004ea4:	b570      	push	{r4, r5, r6, lr}
 8004ea6:	b084      	sub	sp, #16
 8004ea8:	4604      	mov	r4, r0
 8004eaa:	460d      	mov	r5, r1
 8004eac:	4616      	mov	r6, r2
  __IO uint32_t count;

  /* Wait until TXE flag */
  if (SPI_WaitFlagStateUntilTimeout(hspi, SPI_FLAG_TXE, SET, Timeout, Tickstart) != HAL_OK)
 8004eae:	9200      	str	r2, [sp, #0]
 8004eb0:	460b      	mov	r3, r1
 8004eb2:	2201      	movs	r2, #1
 8004eb4:	2102      	movs	r1, #2
 8004eb6:	f7ff ff91 	bl	8004ddc <SPI_WaitFlagStateUntilTimeout>
 8004eba:	b9d0      	cbnz	r0, 8004ef2 <SPI_EndRxTxTransaction+0x4e>
    SET_BIT(hspi->ErrorCode, HAL_SPI_ERROR_FLAG);
    return HAL_TIMEOUT;
  }

  /* Timeout in us */
  count = SPI_BSY_FLAG_WORKAROUND_TIMEOUT * (SystemCoreClock / 24U / 1000000U);
 8004ebc:	4b17      	ldr	r3, [pc, #92]	@ (8004f1c <SPI_EndRxTxTransaction+0x78>)
 8004ebe:	681b      	ldr	r3, [r3, #0]
 8004ec0:	4a17      	ldr	r2, [pc, #92]	@ (8004f20 <SPI_EndRxTxTransaction+0x7c>)
 8004ec2:	fba2 2303 	umull	r2, r3, r2, r3
 8004ec6:	0d5b      	lsrs	r3, r3, #21
 8004ec8:	f44f 727a 	mov.w	r2, #1000	@ 0x3e8
 8004ecc:	fb02 f303 	mul.w	r3, r2, r3
 8004ed0:	9303      	str	r3, [sp, #12]
  /* Erratasheet: BSY bit may stay high at the end of a data transfer in Slave mode */
  if (hspi->Init.Mode == SPI_MODE_MASTER)
 8004ed2:	6863      	ldr	r3, [r4, #4]
 8004ed4:	f5b3 7f82 	cmp.w	r3, #260	@ 0x104
 8004ed8:	d011      	beq.n	8004efe <SPI_EndRxTxTransaction+0x5a>
    * User have to calculate the timeout value to fit with the time of 1 byte transfer.
    * This time is directly link with the SPI clock from Master device.
    */
    do
    {
      if (count == 0U)
 8004eda:	9b03      	ldr	r3, [sp, #12]
 8004edc:	b13b      	cbz	r3, 8004eee <SPI_EndRxTxTransaction+0x4a>
      {
        break;
      }
      count--;
 8004ede:	9b03      	ldr	r3, [sp, #12]
 8004ee0:	3b01      	subs	r3, #1
 8004ee2:	9303      	str	r3, [sp, #12]
    } while (__HAL_SPI_GET_FLAG(hspi, SPI_FLAG_BSY) != RESET);
 8004ee4:	6823      	ldr	r3, [r4, #0]
 8004ee6:	689b      	ldr	r3, [r3, #8]
 8004ee8:	f013 0f80 	tst.w	r3, #128	@ 0x80
 8004eec:	d1f5      	bne.n	8004eda <SPI_EndRxTxTransaction+0x36>
  }

  return HAL_OK;
}
 8004eee:	b004      	add	sp, #16
 8004ef0:	bd70      	pop	{r4, r5, r6, pc}
    SET_BIT(hspi->ErrorCode, HAL_SPI_ERROR_FLAG);
 8004ef2:	6d63      	ldr	r3, [r4, #84]	@ 0x54
 8004ef4:	f043 0320 	orr.w	r3, r3, #32
 8004ef8:	6563      	str	r3, [r4, #84]	@ 0x54
    return HAL_TIMEOUT;
 8004efa:	2003      	movs	r0, #3
 8004efc:	e7f7      	b.n	8004eee <SPI_EndRxTxTransaction+0x4a>
    if (SPI_WaitFlagStateUntilTimeout(hspi, SPI_FLAG_BSY, RESET, Timeout, Tickstart) != HAL_OK)
 8004efe:	9600      	str	r6, [sp, #0]
 8004f00:	462b      	mov	r3, r5
 8004f02:	2200      	movs	r2, #0
 8004f04:	2180      	movs	r1, #128	@ 0x80
 8004f06:	4620      	mov	r0, r4
 8004f08:	f7ff ff68 	bl	8004ddc <SPI_WaitFlagStateUntilTimeout>
 8004f0c:	2800      	cmp	r0, #0
 8004f0e:	d0ee      	beq.n	8004eee <SPI_EndRxTxTransaction+0x4a>
      SET_BIT(hspi->ErrorCode, HAL_SPI_ERROR_FLAG);
 8004f10:	6d63      	ldr	r3, [r4, #84]	@ 0x54
 8004f12:	f043 0320 	orr.w	r3, r3, #32
 8004f16:	6563      	str	r3, [r4, #84]	@ 0x54
      return HAL_TIMEOUT;
 8004f18:	2003      	movs	r0, #3
 8004f1a:	e7e8      	b.n	8004eee <SPI_EndRxTxTransaction+0x4a>
 8004f1c:	20000008 	.word	0x20000008
 8004f20:	165e9f81 	.word	0x165e9f81

08004f24 <SPI_EndRxTransaction>:
{
 8004f24:	b510      	push	{r4, lr}
 8004f26:	b082      	sub	sp, #8
 8004f28:	4604      	mov	r4, r0
 8004f2a:	460b      	mov	r3, r1
  if ((hspi->Init.Mode == SPI_MODE_MASTER) && ((hspi->Init.Direction == SPI_DIRECTION_1LINE)
 8004f2c:	6841      	ldr	r1, [r0, #4]
 8004f2e:	f5b1 7f82 	cmp.w	r1, #260	@ 0x104
 8004f32:	d014      	beq.n	8004f5e <SPI_EndRxTransaction+0x3a>
  if (hspi->Init.Mode == SPI_MODE_MASTER)
 8004f34:	6861      	ldr	r1, [r4, #4]
 8004f36:	f5b1 7f82 	cmp.w	r1, #260	@ 0x104
 8004f3a:	d12a      	bne.n	8004f92 <SPI_EndRxTransaction+0x6e>
    if (hspi->Init.Direction != SPI_DIRECTION_2LINES_RXONLY)
 8004f3c:	68a1      	ldr	r1, [r4, #8]
 8004f3e:	f5b1 6f80 	cmp.w	r1, #1024	@ 0x400
 8004f42:	d019      	beq.n	8004f78 <SPI_EndRxTransaction+0x54>
      if (SPI_WaitFlagStateUntilTimeout(hspi, SPI_FLAG_BSY, RESET, Timeout, Tickstart) != HAL_OK)
 8004f44:	9200      	str	r2, [sp, #0]
 8004f46:	2200      	movs	r2, #0
 8004f48:	2180      	movs	r1, #128	@ 0x80
 8004f4a:	4620      	mov	r0, r4
 8004f4c:	f7ff ff46 	bl	8004ddc <SPI_WaitFlagStateUntilTimeout>
 8004f50:	b330      	cbz	r0, 8004fa0 <SPI_EndRxTransaction+0x7c>
        SET_BIT(hspi->ErrorCode, HAL_SPI_ERROR_FLAG);
 8004f52:	6d63      	ldr	r3, [r4, #84]	@ 0x54
 8004f54:	f043 0320 	orr.w	r3, r3, #32
 8004f58:	6563      	str	r3, [r4, #84]	@ 0x54
        return HAL_TIMEOUT;
 8004f5a:	2003      	movs	r0, #3
 8004f5c:	e020      	b.n	8004fa0 <SPI_EndRxTransaction+0x7c>
  if ((hspi->Init.Mode == SPI_MODE_MASTER) && ((hspi->Init.Direction == SPI_DIRECTION_1LINE)
 8004f5e:	6881      	ldr	r1, [r0, #8]
 8004f60:	f5b1 4f00 	cmp.w	r1, #32768	@ 0x8000
 8004f64:	d002      	beq.n	8004f6c <SPI_EndRxTransaction+0x48>
                                               || (hspi->Init.Direction == SPI_DIRECTION_2LINES_RXONLY)))
 8004f66:	f5b1 6f80 	cmp.w	r1, #1024	@ 0x400
 8004f6a:	d1e3      	bne.n	8004f34 <SPI_EndRxTransaction+0x10>
    __HAL_SPI_DISABLE(hspi);
 8004f6c:	6820      	ldr	r0, [r4, #0]
 8004f6e:	6801      	ldr	r1, [r0, #0]
 8004f70:	f021 0140 	bic.w	r1, r1, #64	@ 0x40
 8004f74:	6001      	str	r1, [r0, #0]
 8004f76:	e7dd      	b.n	8004f34 <SPI_EndRxTransaction+0x10>
      if (SPI_WaitFlagStateUntilTimeout(hspi, SPI_FLAG_RXNE, RESET, Timeout, Tickstart) != HAL_OK)
 8004f78:	9200      	str	r2, [sp, #0]
 8004f7a:	2200      	movs	r2, #0
 8004f7c:	2101      	movs	r1, #1
 8004f7e:	4620      	mov	r0, r4
 8004f80:	f7ff ff2c 	bl	8004ddc <SPI_WaitFlagStateUntilTimeout>
 8004f84:	b160      	cbz	r0, 8004fa0 <SPI_EndRxTransaction+0x7c>
        SET_BIT(hspi->ErrorCode, HAL_SPI_ERROR_FLAG);
 8004f86:	6d63      	ldr	r3, [r4, #84]	@ 0x54
 8004f88:	f043 0320 	orr.w	r3, r3, #32
 8004f8c:	6563      	str	r3, [r4, #84]	@ 0x54
        return HAL_TIMEOUT;
 8004f8e:	2003      	movs	r0, #3
 8004f90:	e006      	b.n	8004fa0 <SPI_EndRxTransaction+0x7c>
    if (SPI_WaitFlagStateUntilTimeout(hspi, SPI_FLAG_RXNE, RESET, Timeout, Tickstart) != HAL_OK)
 8004f92:	9200      	str	r2, [sp, #0]
 8004f94:	2200      	movs	r2, #0
 8004f96:	2101      	movs	r1, #1
 8004f98:	4620      	mov	r0, r4
 8004f9a:	f7ff ff1f 	bl	8004ddc <SPI_WaitFlagStateUntilTimeout>
 8004f9e:	b908      	cbnz	r0, 8004fa4 <SPI_EndRxTransaction+0x80>
}
 8004fa0:	b002      	add	sp, #8
 8004fa2:	bd10      	pop	{r4, pc}
      SET_BIT(hspi->ErrorCode, HAL_SPI_ERROR_FLAG);
 8004fa4:	6d63      	ldr	r3, [r4, #84]	@ 0x54
 8004fa6:	f043 0320 	orr.w	r3, r3, #32
 8004faa:	6563      	str	r3, [r4, #84]	@ 0x54
      return HAL_TIMEOUT;
 8004fac:	2003      	movs	r0, #3
 8004fae:	e7f7      	b.n	8004fa0 <SPI_EndRxTransaction+0x7c>

08004fb0 <HAL_SPI_Init>:
  if (hspi == NULL)
 8004fb0:	2800      	cmp	r0, #0
 8004fb2:	d05a      	beq.n	800506a <HAL_SPI_Init+0xba>
{
 8004fb4:	b510      	push	{r4, lr}
 8004fb6:	4604      	mov	r4, r0
  if (hspi->Init.TIMode == SPI_TIMODE_DISABLE)
 8004fb8:	6a43      	ldr	r3, [r0, #36]	@ 0x24
 8004fba:	b933      	cbnz	r3, 8004fca <HAL_SPI_Init+0x1a>
    if (hspi->Init.Mode == SPI_MODE_MASTER)
 8004fbc:	6843      	ldr	r3, [r0, #4]
 8004fbe:	f5b3 7f82 	cmp.w	r3, #260	@ 0x104
 8004fc2:	d005      	beq.n	8004fd0 <HAL_SPI_Init+0x20>
      hspi->Init.BaudRatePrescaler = SPI_BAUDRATEPRESCALER_2;
 8004fc4:	2300      	movs	r3, #0
 8004fc6:	61c3      	str	r3, [r0, #28]
 8004fc8:	e002      	b.n	8004fd0 <HAL_SPI_Init+0x20>
    hspi->Init.CLKPolarity = SPI_POLARITY_LOW;
 8004fca:	2300      	movs	r3, #0
 8004fcc:	6103      	str	r3, [r0, #16]
    hspi->Init.CLKPhase    = SPI_PHASE_1EDGE;
 8004fce:	6143      	str	r3, [r0, #20]
  hspi->Init.CRCCalculation = SPI_CRCCALCULATION_DISABLE;
 8004fd0:	2300      	movs	r3, #0
 8004fd2:	62a3      	str	r3, [r4, #40]	@ 0x28
  if (hspi->State == HAL_SPI_STATE_RESET)
 8004fd4:	f894 3051 	ldrb.w	r3, [r4, #81]	@ 0x51
 8004fd8:	2b00      	cmp	r3, #0
 8004fda:	d040      	beq.n	800505e <HAL_SPI_Init+0xae>
  hspi->State = HAL_SPI_STATE_BUSY;
 8004fdc:	2302      	movs	r3, #2
 8004fde:	f884 3051 	strb.w	r3, [r4, #81]	@ 0x51
  __HAL_SPI_DISABLE(hspi);
 8004fe2:	6822      	ldr	r2, [r4, #0]
 8004fe4:	6813      	ldr	r3, [r2, #0]
 8004fe6:	f023 0340 	bic.w	r3, r3, #64	@ 0x40
 8004fea:	6013      	str	r3, [r2, #0]
  WRITE_REG(hspi->Instance->CR1, ((hspi->Init.Mode & (SPI_CR1_MSTR | SPI_CR1_SSI)) |
 8004fec:	6863      	ldr	r3, [r4, #4]
 8004fee:	f403 7382 	and.w	r3, r3, #260	@ 0x104
 8004ff2:	68a2      	ldr	r2, [r4, #8]
 8004ff4:	f402 4204 	and.w	r2, r2, #33792	@ 0x8400
 8004ff8:	4313      	orrs	r3, r2
 8004ffa:	68e2      	ldr	r2, [r4, #12]
 8004ffc:	f402 6200 	and.w	r2, r2, #2048	@ 0x800
 8005000:	4313      	orrs	r3, r2
 8005002:	6922      	ldr	r2, [r4, #16]
 8005004:	f002 0202 	and.w	r2, r2, #2
 8005008:	4313      	orrs	r3, r2
 800500a:	6962      	ldr	r2, [r4, #20]
 800500c:	f002 0201 	and.w	r2, r2, #1
 8005010:	4313      	orrs	r3, r2
 8005012:	69a2      	ldr	r2, [r4, #24]
 8005014:	f402 7200 	and.w	r2, r2, #512	@ 0x200
 8005018:	4313      	orrs	r3, r2
 800501a:	69e2      	ldr	r2, [r4, #28]
 800501c:	f002 0238 	and.w	r2, r2, #56	@ 0x38
 8005020:	4313      	orrs	r3, r2
 8005022:	6a22      	ldr	r2, [r4, #32]
 8005024:	f002 0280 	and.w	r2, r2, #128	@ 0x80
 8005028:	4313      	orrs	r3, r2
 800502a:	6aa2      	ldr	r2, [r4, #40]	@ 0x28
 800502c:	f402 5200 	and.w	r2, r2, #8192	@ 0x2000
 8005030:	6821      	ldr	r1, [r4, #0]
 8005032:	4313      	orrs	r3, r2
 8005034:	600b      	str	r3, [r1, #0]
  WRITE_REG(hspi->Instance->CR2, (((hspi->Init.NSS >> 16U) & SPI_CR2_SSOE) | (hspi->Init.TIMode & SPI_CR2_FRF)));
 8005036:	8b63      	ldrh	r3, [r4, #26]
 8005038:	f003 0304 	and.w	r3, r3, #4
 800503c:	6a62      	ldr	r2, [r4, #36]	@ 0x24
 800503e:	f002 0210 	and.w	r2, r2, #16
 8005042:	6821      	ldr	r1, [r4, #0]
 8005044:	4313      	orrs	r3, r2
 8005046:	604b      	str	r3, [r1, #4]
  CLEAR_BIT(hspi->Instance->I2SCFGR, SPI_I2SCFGR_I2SMOD);
 8005048:	6822      	ldr	r2, [r4, #0]
 800504a:	69d3      	ldr	r3, [r2, #28]
 800504c:	f423 6300 	bic.w	r3, r3, #2048	@ 0x800
 8005050:	61d3      	str	r3, [r2, #28]
  hspi->ErrorCode = HAL_SPI_ERROR_NONE;
 8005052:	2000      	movs	r0, #0
 8005054:	6560      	str	r0, [r4, #84]	@ 0x54
  hspi->State     = HAL_SPI_STATE_READY;
 8005056:	2301      	movs	r3, #1
 8005058:	f884 3051 	strb.w	r3, [r4, #81]	@ 0x51
}
 800505c:	bd10      	pop	{r4, pc}
    hspi->Lock = HAL_UNLOCKED;
 800505e:	f884 3050 	strb.w	r3, [r4, #80]	@ 0x50
    HAL_SPI_MspInit(hspi);
 8005062:	4620      	mov	r0, r4
 8005064:	f7fe fa24 	bl	80034b0 <HAL_SPI_MspInit>
 8005068:	e7b8      	b.n	8004fdc <HAL_SPI_Init+0x2c>
    return HAL_ERROR;
 800506a:	2001      	movs	r0, #1
}
 800506c:	4770      	bx	lr

0800506e <HAL_SPI_Transmit>:
{
 800506e:	e92d 43f0 	stmdb	sp!, {r4, r5, r6, r7, r8, r9, lr}
 8005072:	b083      	sub	sp, #12
 8005074:	4604      	mov	r4, r0
 8005076:	4689      	mov	r9, r1
 8005078:	4690      	mov	r8, r2
 800507a:	461d      	mov	r5, r3
  tickstart = HAL_GetTick();
 800507c:	f7fc fd36 	bl	8001aec <HAL_GetTick>
  if (hspi->State != HAL_SPI_STATE_READY)
 8005080:	f894 3051 	ldrb.w	r3, [r4, #81]	@ 0x51
 8005084:	2b01      	cmp	r3, #1
 8005086:	f040 80cd 	bne.w	8005224 <HAL_SPI_Transmit+0x1b6>
 800508a:	4606      	mov	r6, r0
 800508c:	b2df      	uxtb	r7, r3
  if ((pData == NULL) || (Size == 0U))
 800508e:	f1b9 0f00 	cmp.w	r9, #0
 8005092:	f000 80c8 	beq.w	8005226 <HAL_SPI_Transmit+0x1b8>
 8005096:	f1b8 0f00 	cmp.w	r8, #0
 800509a:	f000 80c4 	beq.w	8005226 <HAL_SPI_Transmit+0x1b8>
  __HAL_LOCK(hspi);
 800509e:	f894 3050 	ldrb.w	r3, [r4, #80]	@ 0x50
 80050a2:	2b01      	cmp	r3, #1
 80050a4:	f000 80c3 	beq.w	800522e <HAL_SPI_Transmit+0x1c0>
 80050a8:	2301      	movs	r3, #1
 80050aa:	f884 3050 	strb.w	r3, [r4, #80]	@ 0x50
  hspi->State       = HAL_SPI_STATE_BUSY_TX;
 80050ae:	2303      	movs	r3, #3
 80050b0:	f884 3051 	strb.w	r3, [r4, #81]	@ 0x51
  hspi->ErrorCode   = HAL_SPI_ERROR_NONE;
 80050b4:	2300      	movs	r3, #0
 80050b6:	6563      	str	r3, [r4, #84]	@ 0x54
  hspi->pTxBuffPtr  = (const uint8_t *)pData;
 80050b8:	f8c4 9030 	str.w	r9, [r4, #48]	@ 0x30
  hspi->TxXferSize  = Size;
 80050bc:	f8a4 8034 	strh.w	r8, [r4, #52]	@ 0x34
  hspi->TxXferCount = Size;
 80050c0:	f8a4 8036 	strh.w	r8, [r4, #54]	@ 0x36
  hspi->pRxBuffPtr  = (uint8_t *)NULL;
 80050c4:	63a3      	str	r3, [r4, #56]	@ 0x38
  hspi->RxXferSize  = 0U;
 80050c6:	87a3      	strh	r3, [r4, #60]	@ 0x3c
  hspi->RxXferCount = 0U;
 80050c8:	87e3      	strh	r3, [r4, #62]	@ 0x3e
  hspi->TxISR       = NULL;
 80050ca:	6463      	str	r3, [r4, #68]	@ 0x44
  hspi->RxISR       = NULL;
 80050cc:	6423      	str	r3, [r4, #64]	@ 0x40
  if (hspi->Init.Direction == SPI_DIRECTION_1LINE)
 80050ce:	68a3      	ldr	r3, [r4, #8]
 80050d0:	f5b3 4f00 	cmp.w	r3, #32768	@ 0x8000
 80050d4:	d01e      	beq.n	8005114 <HAL_SPI_Transmit+0xa6>
  if ((hspi->Instance->CR1 & SPI_CR1_SPE) != SPI_CR1_SPE)
 80050d6:	6823      	ldr	r3, [r4, #0]
 80050d8:	681a      	ldr	r2, [r3, #0]
 80050da:	f012 0f40 	tst.w	r2, #64	@ 0x40
 80050de:	d103      	bne.n	80050e8 <HAL_SPI_Transmit+0x7a>
    __HAL_SPI_ENABLE(hspi);
 80050e0:	681a      	ldr	r2, [r3, #0]
 80050e2:	f042 0240 	orr.w	r2, r2, #64	@ 0x40
 80050e6:	601a      	str	r2, [r3, #0]
  if (hspi->Init.DataSize == SPI_DATASIZE_16BIT)
 80050e8:	68e3      	ldr	r3, [r4, #12]
 80050ea:	f5b3 6f00 	cmp.w	r3, #2048	@ 0x800
 80050ee:	d01c      	beq.n	800512a <HAL_SPI_Transmit+0xbc>
    if ((hspi->Init.Mode == SPI_MODE_SLAVE) || (initial_TxXferCount == 0x01U))
 80050f0:	6863      	ldr	r3, [r4, #4]
 80050f2:	b113      	cbz	r3, 80050fa <HAL_SPI_Transmit+0x8c>
 80050f4:	f1b8 0f01 	cmp.w	r8, #1
 80050f8:	d15f      	bne.n	80051ba <HAL_SPI_Transmit+0x14c>
      *((__IO uint8_t *)&hspi->Instance->DR) = *((const uint8_t *)hspi->pTxBuffPtr);
 80050fa:	6b22      	ldr	r2, [r4, #48]	@ 0x30
 80050fc:	6823      	ldr	r3, [r4, #0]
 80050fe:	7812      	ldrb	r2, [r2, #0]
 8005100:	731a      	strb	r2, [r3, #12]
      hspi->pTxBuffPtr += sizeof(uint8_t);
 8005102:	6b23      	ldr	r3, [r4, #48]	@ 0x30
 8005104:	3301      	adds	r3, #1
 8005106:	6323      	str	r3, [r4, #48]	@ 0x30
      hspi->TxXferCount--;
 8005108:	8ee3      	ldrh	r3, [r4, #54]	@ 0x36
 800510a:	b29b      	uxth	r3, r3
 800510c:	3b01      	subs	r3, #1
 800510e:	b29b      	uxth	r3, r3
 8005110:	86e3      	strh	r3, [r4, #54]	@ 0x36
 8005112:	e052      	b.n	80051ba <HAL_SPI_Transmit+0x14c>
    __HAL_SPI_DISABLE(hspi);
 8005114:	6822      	ldr	r2, [r4, #0]
 8005116:	6813      	ldr	r3, [r2, #0]
 8005118:	f023 0340 	bic.w	r3, r3, #64	@ 0x40
 800511c:	6013      	str	r3, [r2, #0]
    SPI_1LINE_TX(hspi);
 800511e:	6822      	ldr	r2, [r4, #0]
 8005120:	6813      	ldr	r3, [r2, #0]
 8005122:	f443 4380 	orr.w	r3, r3, #16384	@ 0x4000
 8005126:	6013      	str	r3, [r2, #0]
 8005128:	e7d5      	b.n	80050d6 <HAL_SPI_Transmit+0x68>
    if ((hspi->Init.Mode == SPI_MODE_SLAVE) || (initial_TxXferCount == 0x01U))
 800512a:	6863      	ldr	r3, [r4, #4]
 800512c:	b113      	cbz	r3, 8005134 <HAL_SPI_Transmit+0xc6>
 800512e:	f1b8 0f01 	cmp.w	r8, #1
 8005132:	d115      	bne.n	8005160 <HAL_SPI_Transmit+0xf2>
      hspi->Instance->DR = *((const uint16_t *)hspi->pTxBuffPtr);
 8005134:	6b22      	ldr	r2, [r4, #48]	@ 0x30
 8005136:	6823      	ldr	r3, [r4, #0]
 8005138:	8812      	ldrh	r2, [r2, #0]
 800513a:	60da      	str	r2, [r3, #12]
      hspi->pTxBuffPtr += sizeof(uint16_t);
 800513c:	6b23      	ldr	r3, [r4, #48]	@ 0x30
 800513e:	3302      	adds	r3, #2
 8005140:	6323      	str	r3, [r4, #48]	@ 0x30
      hspi->TxXferCount--;
 8005142:	8ee3      	ldrh	r3, [r4, #54]	@ 0x36
 8005144:	b29b      	uxth	r3, r3
 8005146:	3b01      	subs	r3, #1
 8005148:	b29b      	uxth	r3, r3
 800514a:	86e3      	strh	r3, [r4, #54]	@ 0x36
 800514c:	e008      	b.n	8005160 <HAL_SPI_Transmit+0xf2>
        if ((((HAL_GetTick() - tickstart) >=  Timeout) && (Timeout != HAL_MAX_DELAY)) || (Timeout == 0U))
 800514e:	f7fc fccd 	bl	8001aec <HAL_GetTick>
 8005152:	1b80      	subs	r0, r0, r6
 8005154:	42a8      	cmp	r0, r5
 8005156:	d302      	bcc.n	800515e <HAL_SPI_Transmit+0xf0>
 8005158:	f1b5 3fff 	cmp.w	r5, #4294967295
 800515c:	d115      	bne.n	800518a <HAL_SPI_Transmit+0x11c>
 800515e:	b1a5      	cbz	r5, 800518a <HAL_SPI_Transmit+0x11c>
    while (hspi->TxXferCount > 0U)
 8005160:	8ee3      	ldrh	r3, [r4, #54]	@ 0x36
 8005162:	b29b      	uxth	r3, r3
 8005164:	2b00      	cmp	r3, #0
 8005166:	d042      	beq.n	80051ee <HAL_SPI_Transmit+0x180>
      if (__HAL_SPI_GET_FLAG(hspi, SPI_FLAG_TXE))
 8005168:	6823      	ldr	r3, [r4, #0]
 800516a:	689a      	ldr	r2, [r3, #8]
 800516c:	f012 0f02 	tst.w	r2, #2
 8005170:	d0ed      	beq.n	800514e <HAL_SPI_Transmit+0xe0>
        hspi->Instance->DR = *((const uint16_t *)hspi->pTxBuffPtr);
 8005172:	6b22      	ldr	r2, [r4, #48]	@ 0x30
 8005174:	8812      	ldrh	r2, [r2, #0]
 8005176:	60da      	str	r2, [r3, #12]
        hspi->pTxBuffPtr += sizeof(uint16_t);
 8005178:	6b23      	ldr	r3, [r4, #48]	@ 0x30
 800517a:	3302      	adds	r3, #2
 800517c:	6323      	str	r3, [r4, #48]	@ 0x30
        hspi->TxXferCount--;
 800517e:	8ee3      	ldrh	r3, [r4, #54]	@ 0x36
 8005180:	b29b      	uxth	r3, r3
 8005182:	3b01      	subs	r3, #1
 8005184:	b29b      	uxth	r3, r3
 8005186:	86e3      	strh	r3, [r4, #54]	@ 0x36
 8005188:	e7ea      	b.n	8005160 <HAL_SPI_Transmit+0xf2>
          hspi->State = HAL_SPI_STATE_READY;
 800518a:	2301      	movs	r3, #1
 800518c:	f884 3051 	strb.w	r3, [r4, #81]	@ 0x51
          __HAL_UNLOCK(hspi);
 8005190:	2300      	movs	r3, #0
 8005192:	f884 3050 	strb.w	r3, [r4, #80]	@ 0x50
          return HAL_TIMEOUT;
 8005196:	2703      	movs	r7, #3
 8005198:	e045      	b.n	8005226 <HAL_SPI_Transmit+0x1b8>
        *((__IO uint8_t *)&hspi->Instance->DR) = *((const uint8_t *)hspi->pTxBuffPtr);
 800519a:	6b22      	ldr	r2, [r4, #48]	@ 0x30
 800519c:	7812      	ldrb	r2, [r2, #0]
 800519e:	731a      	strb	r2, [r3, #12]
        hspi->pTxBuffPtr += sizeof(uint8_t);
 80051a0:	6b23      	ldr	r3, [r4, #48]	@ 0x30
 80051a2:	3301      	adds	r3, #1
 80051a4:	6323      	str	r3, [r4, #48]	@ 0x30
        hspi->TxXferCount--;
 80051a6:	f8b4 c036 	ldrh.w	ip, [r4, #54]	@ 0x36
 80051aa:	fa1f fc8c 	uxth.w	ip, ip
 80051ae:	f10c 3cff 	add.w	ip, ip, #4294967295
 80051b2:	fa1f fc8c 	uxth.w	ip, ip
 80051b6:	f8a4 c036 	strh.w	ip, [r4, #54]	@ 0x36
    while (hspi->TxXferCount > 0U)
 80051ba:	8ee3      	ldrh	r3, [r4, #54]	@ 0x36
 80051bc:	b29b      	uxth	r3, r3
 80051be:	b1b3      	cbz	r3, 80051ee <HAL_SPI_Transmit+0x180>
      if (__HAL_SPI_GET_FLAG(hspi, SPI_FLAG_TXE))
 80051c0:	6823      	ldr	r3, [r4, #0]
 80051c2:	689a      	ldr	r2, [r3, #8]
 80051c4:	f012 0f02 	tst.w	r2, #2
 80051c8:	d1e7      	bne.n	800519a <HAL_SPI_Transmit+0x12c>
        if ((((HAL_GetTick() - tickstart) >=  Timeout) && (Timeout != HAL_MAX_DELAY)) || (Timeout == 0U))
 80051ca:	f7fc fc8f 	bl	8001aec <HAL_GetTick>
 80051ce:	1b80      	subs	r0, r0, r6
 80051d0:	42a8      	cmp	r0, r5
 80051d2:	d302      	bcc.n	80051da <HAL_SPI_Transmit+0x16c>
 80051d4:	f1b5 3fff 	cmp.w	r5, #4294967295
 80051d8:	d101      	bne.n	80051de <HAL_SPI_Transmit+0x170>
 80051da:	2d00      	cmp	r5, #0
 80051dc:	d1ed      	bne.n	80051ba <HAL_SPI_Transmit+0x14c>
          hspi->State = HAL_SPI_STATE_READY;
 80051de:	2301      	movs	r3, #1
 80051e0:	f884 3051 	strb.w	r3, [r4, #81]	@ 0x51
          __HAL_UNLOCK(hspi);
 80051e4:	2300      	movs	r3, #0
 80051e6:	f884 3050 	strb.w	r3, [r4, #80]	@ 0x50
          return HAL_TIMEOUT;
 80051ea:	2703      	movs	r7, #3
 80051ec:	e01b      	b.n	8005226 <HAL_SPI_Transmit+0x1b8>
  if (SPI_EndRxTxTransaction(hspi, Timeout, tickstart) != HAL_OK)
 80051ee:	4632      	mov	r2, r6
 80051f0:	4629      	mov	r1, r5
 80051f2:	4620      	mov	r0, r4
 80051f4:	f7ff fe56 	bl	8004ea4 <SPI_EndRxTxTransaction>
 80051f8:	b108      	cbz	r0, 80051fe <HAL_SPI_Transmit+0x190>
    hspi->ErrorCode = HAL_SPI_ERROR_FLAG;
 80051fa:	2320      	movs	r3, #32
 80051fc:	6563      	str	r3, [r4, #84]	@ 0x54
  if (hspi->Init.Direction == SPI_DIRECTION_2LINES)
 80051fe:	68a3      	ldr	r3, [r4, #8]
 8005200:	b933      	cbnz	r3, 8005210 <HAL_SPI_Transmit+0x1a2>
    __HAL_SPI_CLEAR_OVRFLAG(hspi);
 8005202:	9301      	str	r3, [sp, #4]
 8005204:	6823      	ldr	r3, [r4, #0]
 8005206:	68da      	ldr	r2, [r3, #12]
 8005208:	9201      	str	r2, [sp, #4]
 800520a:	689b      	ldr	r3, [r3, #8]
 800520c:	9301      	str	r3, [sp, #4]
 800520e:	9b01      	ldr	r3, [sp, #4]
  hspi->State = HAL_SPI_STATE_READY;
 8005210:	2301      	movs	r3, #1
 8005212:	f884 3051 	strb.w	r3, [r4, #81]	@ 0x51
  __HAL_UNLOCK(hspi);
 8005216:	2300      	movs	r3, #0
 8005218:	f884 3050 	strb.w	r3, [r4, #80]	@ 0x50
  if (hspi->ErrorCode != HAL_SPI_ERROR_NONE)
 800521c:	6d63      	ldr	r3, [r4, #84]	@ 0x54
 800521e:	b913      	cbnz	r3, 8005226 <HAL_SPI_Transmit+0x1b8>
    return HAL_OK;
 8005220:	2700      	movs	r7, #0
 8005222:	e000      	b.n	8005226 <HAL_SPI_Transmit+0x1b8>
    return HAL_BUSY;
 8005224:	2702      	movs	r7, #2
}
 8005226:	4638      	mov	r0, r7
 8005228:	b003      	add	sp, #12
 800522a:	e8bd 83f0 	ldmia.w	sp!, {r4, r5, r6, r7, r8, r9, pc}
  __HAL_LOCK(hspi);
 800522e:	2702      	movs	r7, #2
 8005230:	e7f9      	b.n	8005226 <HAL_SPI_Transmit+0x1b8>

08005232 <HAL_SPI_TransmitReceive>:
{
 8005232:	e92d 43f0 	stmdb	sp!, {r4, r5, r6, r7, r8, r9, lr}
 8005236:	b083      	sub	sp, #12
 8005238:	4604      	mov	r4, r0
 800523a:	4688      	mov	r8, r1
 800523c:	4691      	mov	r9, r2
 800523e:	461f      	mov	r7, r3
 8005240:	9d0a      	ldr	r5, [sp, #40]	@ 0x28
  tickstart = HAL_GetTick();
 8005242:	f7fc fc53 	bl	8001aec <HAL_GetTick>
 8005246:	4606      	mov	r6, r0
  tmp_state           = hspi->State;
 8005248:	f894 3051 	ldrb.w	r3, [r4, #81]	@ 0x51
  tmp_mode            = hspi->Init.Mode;
 800524c:	6862      	ldr	r2, [r4, #4]
  if (!((tmp_state == HAL_SPI_STATE_READY) || \
 800524e:	2b01      	cmp	r3, #1
 8005250:	d00b      	beq.n	800526a <HAL_SPI_TransmitReceive+0x38>
 8005252:	b2d9      	uxtb	r1, r3
 8005254:	f5b2 7f82 	cmp.w	r2, #260	@ 0x104
 8005258:	f040 8104 	bne.w	8005464 <HAL_SPI_TransmitReceive+0x232>
        ((tmp_mode == SPI_MODE_MASTER) && (hspi->Init.Direction == SPI_DIRECTION_2LINES) &&
 800525c:	68a3      	ldr	r3, [r4, #8]
 800525e:	2b00      	cmp	r3, #0
 8005260:	f040 8104 	bne.w	800546c <HAL_SPI_TransmitReceive+0x23a>
 8005264:	2904      	cmp	r1, #4
 8005266:	f040 8103 	bne.w	8005470 <HAL_SPI_TransmitReceive+0x23e>
  if ((pTxData == NULL) || (pRxData == NULL) || (Size == 0U))
 800526a:	f1b8 0f00 	cmp.w	r8, #0
 800526e:	f000 8101 	beq.w	8005474 <HAL_SPI_TransmitReceive+0x242>
 8005272:	f1b9 0f00 	cmp.w	r9, #0
 8005276:	f000 80ff 	beq.w	8005478 <HAL_SPI_TransmitReceive+0x246>
 800527a:	2f00      	cmp	r7, #0
 800527c:	f000 80fe 	beq.w	800547c <HAL_SPI_TransmitReceive+0x24a>
  __HAL_LOCK(hspi);
 8005280:	f894 3050 	ldrb.w	r3, [r4, #80]	@ 0x50
 8005284:	2b01      	cmp	r3, #1
 8005286:	f000 80fb 	beq.w	8005480 <HAL_SPI_TransmitReceive+0x24e>
 800528a:	2301      	movs	r3, #1
 800528c:	f884 3050 	strb.w	r3, [r4, #80]	@ 0x50
  if (hspi->State != HAL_SPI_STATE_BUSY_RX)
 8005290:	f894 3051 	ldrb.w	r3, [r4, #81]	@ 0x51
 8005294:	2b04      	cmp	r3, #4
 8005296:	d002      	beq.n	800529e <HAL_SPI_TransmitReceive+0x6c>
    hspi->State = HAL_SPI_STATE_BUSY_TX_RX;
 8005298:	2305      	movs	r3, #5
 800529a:	f884 3051 	strb.w	r3, [r4, #81]	@ 0x51
  hspi->ErrorCode   = HAL_SPI_ERROR_NONE;
 800529e:	2300      	movs	r3, #0
 80052a0:	6563      	str	r3, [r4, #84]	@ 0x54
  hspi->pRxBuffPtr  = (uint8_t *)pRxData;
 80052a2:	f8c4 9038 	str.w	r9, [r4, #56]	@ 0x38
  hspi->RxXferCount = Size;
 80052a6:	87e7      	strh	r7, [r4, #62]	@ 0x3e
  hspi->RxXferSize  = Size;
 80052a8:	87a7      	strh	r7, [r4, #60]	@ 0x3c
  hspi->pTxBuffPtr  = (const uint8_t *)pTxData;
 80052aa:	f8c4 8030 	str.w	r8, [r4, #48]	@ 0x30
  hspi->TxXferCount = Size;
 80052ae:	86e7      	strh	r7, [r4, #54]	@ 0x36
  hspi->TxXferSize  = Size;
 80052b0:	86a7      	strh	r7, [r4, #52]	@ 0x34
  hspi->RxISR       = NULL;
 80052b2:	6423      	str	r3, [r4, #64]	@ 0x40
  hspi->TxISR       = NULL;
 80052b4:	6463      	str	r3, [r4, #68]	@ 0x44
  if ((hspi->Instance->CR1 & SPI_CR1_SPE) != SPI_CR1_SPE)
 80052b6:	6823      	ldr	r3, [r4, #0]
 80052b8:	681a      	ldr	r2, [r3, #0]
 80052ba:	f012 0f40 	tst.w	r2, #64	@ 0x40
 80052be:	d103      	bne.n	80052c8 <HAL_SPI_TransmitReceive+0x96>
    __HAL_SPI_ENABLE(hspi);
 80052c0:	681a      	ldr	r2, [r3, #0]
 80052c2:	f042 0240 	orr.w	r2, r2, #64	@ 0x40
 80052c6:	601a      	str	r2, [r3, #0]
  if (hspi->Init.DataSize == SPI_DATASIZE_16BIT)
 80052c8:	68e3      	ldr	r3, [r4, #12]
 80052ca:	f5b3 6f00 	cmp.w	r3, #2048	@ 0x800
 80052ce:	d011      	beq.n	80052f4 <HAL_SPI_TransmitReceive+0xc2>
    if ((hspi->Init.Mode == SPI_MODE_SLAVE) || (initial_TxXferCount == 0x01U))
 80052d0:	6863      	ldr	r3, [r4, #4]
 80052d2:	b10b      	cbz	r3, 80052d8 <HAL_SPI_TransmitReceive+0xa6>
 80052d4:	2f01      	cmp	r7, #1
 80052d6:	d10b      	bne.n	80052f0 <HAL_SPI_TransmitReceive+0xbe>
      *((__IO uint8_t *)&hspi->Instance->DR) = *((const uint8_t *)hspi->pTxBuffPtr);
 80052d8:	6b22      	ldr	r2, [r4, #48]	@ 0x30
 80052da:	6823      	ldr	r3, [r4, #0]
 80052dc:	7812      	ldrb	r2, [r2, #0]
 80052de:	731a      	strb	r2, [r3, #12]
      hspi->pTxBuffPtr += sizeof(uint8_t);
 80052e0:	6b23      	ldr	r3, [r4, #48]	@ 0x30
 80052e2:	3301      	adds	r3, #1
 80052e4:	6323      	str	r3, [r4, #48]	@ 0x30
      hspi->TxXferCount--;
 80052e6:	8ee3      	ldrh	r3, [r4, #54]	@ 0x36
 80052e8:	b29b      	uxth	r3, r3
 80052ea:	3b01      	subs	r3, #1
 80052ec:	b29b      	uxth	r3, r3
 80052ee:	86e3      	strh	r3, [r4, #54]	@ 0x36
        txallowed = 1U;
 80052f0:	2701      	movs	r7, #1
 80052f2:	e071      	b.n	80053d8 <HAL_SPI_TransmitReceive+0x1a6>
    if ((hspi->Init.Mode == SPI_MODE_SLAVE) || (initial_TxXferCount == 0x01U))
 80052f4:	6863      	ldr	r3, [r4, #4]
 80052f6:	b10b      	cbz	r3, 80052fc <HAL_SPI_TransmitReceive+0xca>
 80052f8:	2f01      	cmp	r7, #1
 80052fa:	d10b      	bne.n	8005314 <HAL_SPI_TransmitReceive+0xe2>
      hspi->Instance->DR = *((const uint16_t *)hspi->pTxBuffPtr);
 80052fc:	6b22      	ldr	r2, [r4, #48]	@ 0x30
 80052fe:	6823      	ldr	r3, [r4, #0]
 8005300:	8812      	ldrh	r2, [r2, #0]
 8005302:	60da      	str	r2, [r3, #12]
      hspi->pTxBuffPtr += sizeof(uint16_t);
 8005304:	6b23      	ldr	r3, [r4, #48]	@ 0x30
 8005306:	3302      	adds	r3, #2
 8005308:	6323      	str	r3, [r4, #48]	@ 0x30
      hspi->TxXferCount--;
 800530a:	8ee3      	ldrh	r3, [r4, #54]	@ 0x36
 800530c:	b29b      	uxth	r3, r3
 800530e:	3b01      	subs	r3, #1
 8005310:	b29b      	uxth	r3, r3
 8005312:	86e3      	strh	r3, [r4, #54]	@ 0x36
        txallowed = 1U;
 8005314:	2701      	movs	r7, #1
 8005316:	e01b      	b.n	8005350 <HAL_SPI_TransmitReceive+0x11e>
      if ((__HAL_SPI_GET_FLAG(hspi, SPI_FLAG_RXNE)) && (hspi->RxXferCount > 0U))
 8005318:	6823      	ldr	r3, [r4, #0]
 800531a:	689a      	ldr	r2, [r3, #8]
 800531c:	f012 0f01 	tst.w	r2, #1
 8005320:	d00e      	beq.n	8005340 <HAL_SPI_TransmitReceive+0x10e>
 8005322:	8fe2      	ldrh	r2, [r4, #62]	@ 0x3e
 8005324:	b292      	uxth	r2, r2
 8005326:	b15a      	cbz	r2, 8005340 <HAL_SPI_TransmitReceive+0x10e>
        *((uint16_t *)hspi->pRxBuffPtr) = (uint16_t)hspi->Instance->DR;
 8005328:	68da      	ldr	r2, [r3, #12]
 800532a:	6ba3      	ldr	r3, [r4, #56]	@ 0x38
 800532c:	801a      	strh	r2, [r3, #0]
        hspi->pRxBuffPtr += sizeof(uint16_t);
 800532e:	6ba3      	ldr	r3, [r4, #56]	@ 0x38
 8005330:	3302      	adds	r3, #2
 8005332:	63a3      	str	r3, [r4, #56]	@ 0x38
        hspi->RxXferCount--;
 8005334:	8fe3      	ldrh	r3, [r4, #62]	@ 0x3e
 8005336:	b29b      	uxth	r3, r3
 8005338:	3b01      	subs	r3, #1
 800533a:	b29b      	uxth	r3, r3
 800533c:	87e3      	strh	r3, [r4, #62]	@ 0x3e
        txallowed = 1U;
 800533e:	2701      	movs	r7, #1
      if (((HAL_GetTick() - tickstart) >=  Timeout) && (Timeout != HAL_MAX_DELAY))
 8005340:	f7fc fbd4 	bl	8001aec <HAL_GetTick>
 8005344:	1b80      	subs	r0, r0, r6
 8005346:	42a8      	cmp	r0, r5
 8005348:	d302      	bcc.n	8005350 <HAL_SPI_TransmitReceive+0x11e>
 800534a:	f1b5 3fff 	cmp.w	r5, #4294967295
 800534e:	d11e      	bne.n	800538e <HAL_SPI_TransmitReceive+0x15c>
    while ((hspi->TxXferCount > 0U) || (hspi->RxXferCount > 0U))
 8005350:	8ee3      	ldrh	r3, [r4, #54]	@ 0x36
 8005352:	b29b      	uxth	r3, r3
 8005354:	b91b      	cbnz	r3, 800535e <HAL_SPI_TransmitReceive+0x12c>
 8005356:	8fe3      	ldrh	r3, [r4, #62]	@ 0x3e
 8005358:	b29b      	uxth	r3, r3
 800535a:	2b00      	cmp	r3, #0
 800535c:	d062      	beq.n	8005424 <HAL_SPI_TransmitReceive+0x1f2>
      if ((__HAL_SPI_GET_FLAG(hspi, SPI_FLAG_TXE)) && (hspi->TxXferCount > 0U) && (txallowed == 1U))
 800535e:	6823      	ldr	r3, [r4, #0]
 8005360:	689a      	ldr	r2, [r3, #8]
 8005362:	f012 0f02 	tst.w	r2, #2
 8005366:	d0d7      	beq.n	8005318 <HAL_SPI_TransmitReceive+0xe6>
 8005368:	8ee2      	ldrh	r2, [r4, #54]	@ 0x36
 800536a:	b292      	uxth	r2, r2
 800536c:	2a00      	cmp	r2, #0
 800536e:	d0d3      	beq.n	8005318 <HAL_SPI_TransmitReceive+0xe6>
 8005370:	2f00      	cmp	r7, #0
 8005372:	d0d1      	beq.n	8005318 <HAL_SPI_TransmitReceive+0xe6>
        hspi->Instance->DR = *((const uint16_t *)hspi->pTxBuffPtr);
 8005374:	6b22      	ldr	r2, [r4, #48]	@ 0x30
 8005376:	8812      	ldrh	r2, [r2, #0]
 8005378:	60da      	str	r2, [r3, #12]
        hspi->pTxBuffPtr += sizeof(uint16_t);
 800537a:	6b23      	ldr	r3, [r4, #48]	@ 0x30
 800537c:	3302      	adds	r3, #2
 800537e:	6323      	str	r3, [r4, #48]	@ 0x30
        hspi->TxXferCount--;
 8005380:	8ee3      	ldrh	r3, [r4, #54]	@ 0x36
 8005382:	b29b      	uxth	r3, r3
 8005384:	3b01      	subs	r3, #1
 8005386:	b29b      	uxth	r3, r3
 8005388:	86e3      	strh	r3, [r4, #54]	@ 0x36
        txallowed = 0U;
 800538a:	2700      	movs	r7, #0
 800538c:	e7c4      	b.n	8005318 <HAL_SPI_TransmitReceive+0xe6>
        hspi->State = HAL_SPI_STATE_READY;
 800538e:	2301      	movs	r3, #1
 8005390:	f884 3051 	strb.w	r3, [r4, #81]	@ 0x51
        __HAL_UNLOCK(hspi);
 8005394:	2300      	movs	r3, #0
 8005396:	f884 3050 	strb.w	r3, [r4, #80]	@ 0x50
        return HAL_TIMEOUT;
 800539a:	2003      	movs	r0, #3
 800539c:	e063      	b.n	8005466 <HAL_SPI_TransmitReceive+0x234>
      if ((__HAL_SPI_GET_FLAG(hspi, SPI_FLAG_RXNE)) && (hspi->RxXferCount > 0U))
 800539e:	6823      	ldr	r3, [r4, #0]
 80053a0:	689a      	ldr	r2, [r3, #8]
 80053a2:	f012 0f01 	tst.w	r2, #1
 80053a6:	d00e      	beq.n	80053c6 <HAL_SPI_TransmitReceive+0x194>
 80053a8:	8fe2      	ldrh	r2, [r4, #62]	@ 0x3e
 80053aa:	b292      	uxth	r2, r2
 80053ac:	b15a      	cbz	r2, 80053c6 <HAL_SPI_TransmitReceive+0x194>
        (*(uint8_t *)hspi->pRxBuffPtr) = hspi->Instance->DR;
 80053ae:	68da      	ldr	r2, [r3, #12]
 80053b0:	6ba3      	ldr	r3, [r4, #56]	@ 0x38
 80053b2:	701a      	strb	r2, [r3, #0]
        hspi->pRxBuffPtr++;
 80053b4:	6ba3      	ldr	r3, [r4, #56]	@ 0x38
 80053b6:	3301      	adds	r3, #1
 80053b8:	63a3      	str	r3, [r4, #56]	@ 0x38
        hspi->RxXferCount--;
 80053ba:	8fe3      	ldrh	r3, [r4, #62]	@ 0x3e
 80053bc:	b29b      	uxth	r3, r3
 80053be:	3b01      	subs	r3, #1
 80053c0:	b29b      	uxth	r3, r3
 80053c2:	87e3      	strh	r3, [r4, #62]	@ 0x3e
        txallowed = 1U;
 80053c4:	2701      	movs	r7, #1
      if ((((HAL_GetTick() - tickstart) >=  Timeout) && ((Timeout != HAL_MAX_DELAY))) || (Timeout == 0U))
 80053c6:	f7fc fb91 	bl	8001aec <HAL_GetTick>
 80053ca:	1b83      	subs	r3, r0, r6
 80053cc:	42ab      	cmp	r3, r5
 80053ce:	d302      	bcc.n	80053d6 <HAL_SPI_TransmitReceive+0x1a4>
 80053d0:	f1b5 3fff 	cmp.w	r5, #4294967295
 80053d4:	d11e      	bne.n	8005414 <HAL_SPI_TransmitReceive+0x1e2>
 80053d6:	b1ed      	cbz	r5, 8005414 <HAL_SPI_TransmitReceive+0x1e2>
    while ((hspi->TxXferCount > 0U) || (hspi->RxXferCount > 0U))
 80053d8:	8ee3      	ldrh	r3, [r4, #54]	@ 0x36
 80053da:	b29b      	uxth	r3, r3
 80053dc:	b913      	cbnz	r3, 80053e4 <HAL_SPI_TransmitReceive+0x1b2>
 80053de:	8fe3      	ldrh	r3, [r4, #62]	@ 0x3e
 80053e0:	b29b      	uxth	r3, r3
 80053e2:	b1fb      	cbz	r3, 8005424 <HAL_SPI_TransmitReceive+0x1f2>
      if ((__HAL_SPI_GET_FLAG(hspi, SPI_FLAG_TXE)) && (hspi->TxXferCount > 0U) && (txallowed == 1U))
 80053e4:	6823      	ldr	r3, [r4, #0]
 80053e6:	689a      	ldr	r2, [r3, #8]
 80053e8:	f012 0f02 	tst.w	r2, #2
 80053ec:	d0d7      	beq.n	800539e <HAL_SPI_TransmitReceive+0x16c>
 80053ee:	8ee2      	ldrh	r2, [r4, #54]	@ 0x36
 80053f0:	b292      	uxth	r2, r2
 80053f2:	2a00      	cmp	r2, #0
 80053f4:	d0d3      	beq.n	800539e <HAL_SPI_TransmitReceive+0x16c>
 80053f6:	2f00      	cmp	r7, #0
 80053f8:	d0d1      	beq.n	800539e <HAL_SPI_TransmitReceive+0x16c>
        *(__IO uint8_t *)&hspi->Instance->DR = *((const uint8_t *)hspi->pTxBuffPtr);
 80053fa:	6b22      	ldr	r2, [r4, #48]	@ 0x30
 80053fc:	7812      	ldrb	r2, [r2, #0]
 80053fe:	731a      	strb	r2, [r3, #12]
        hspi->pTxBuffPtr++;
 8005400:	6b23      	ldr	r3, [r4, #48]	@ 0x30
 8005402:	3301      	adds	r3, #1
 8005404:	6323      	str	r3, [r4, #48]	@ 0x30
        hspi->TxXferCount--;
 8005406:	8ee3      	ldrh	r3, [r4, #54]	@ 0x36
 8005408:	b29b      	uxth	r3, r3
 800540a:	3b01      	subs	r3, #1
 800540c:	b29b      	uxth	r3, r3
 800540e:	86e3      	strh	r3, [r4, #54]	@ 0x36
        txallowed = 0U;
 8005410:	2700      	movs	r7, #0
 8005412:	e7c4      	b.n	800539e <HAL_SPI_TransmitReceive+0x16c>
        hspi->State = HAL_SPI_STATE_READY;
 8005414:	2301      	movs	r3, #1
 8005416:	f884 3051 	strb.w	r3, [r4, #81]	@ 0x51
        __HAL_UNLOCK(hspi);
 800541a:	2300      	movs	r3, #0
 800541c:	f884 3050 	strb.w	r3, [r4, #80]	@ 0x50
        return HAL_TIMEOUT;
 8005420:	2003      	movs	r0, #3
 8005422:	e020      	b.n	8005466 <HAL_SPI_TransmitReceive+0x234>
  if (SPI_EndRxTxTransaction(hspi, Timeout, tickstart) != HAL_OK)
 8005424:	4632      	mov	r2, r6
 8005426:	4629      	mov	r1, r5
 8005428:	4620      	mov	r0, r4
 800542a:	f7ff fd3b 	bl	8004ea4 <SPI_EndRxTxTransaction>
 800542e:	b990      	cbnz	r0, 8005456 <HAL_SPI_TransmitReceive+0x224>
  if (hspi->Init.Direction == SPI_DIRECTION_2LINES)
 8005430:	68a3      	ldr	r3, [r4, #8]
 8005432:	b933      	cbnz	r3, 8005442 <HAL_SPI_TransmitReceive+0x210>
    __HAL_SPI_CLEAR_OVRFLAG(hspi);
 8005434:	9301      	str	r3, [sp, #4]
 8005436:	6823      	ldr	r3, [r4, #0]
 8005438:	68da      	ldr	r2, [r3, #12]
 800543a:	9201      	str	r2, [sp, #4]
 800543c:	689b      	ldr	r3, [r3, #8]
 800543e:	9301      	str	r3, [sp, #4]
 8005440:	9b01      	ldr	r3, [sp, #4]
  hspi->State = HAL_SPI_STATE_READY;
 8005442:	2301      	movs	r3, #1
 8005444:	f884 3051 	strb.w	r3, [r4, #81]	@ 0x51
  __HAL_UNLOCK(hspi);
 8005448:	2300      	movs	r3, #0
 800544a:	f884 3050 	strb.w	r3, [r4, #80]	@ 0x50
  if (hspi->ErrorCode != HAL_SPI_ERROR_NONE)
 800544e:	6d63      	ldr	r3, [r4, #84]	@ 0x54
 8005450:	b14b      	cbz	r3, 8005466 <HAL_SPI_TransmitReceive+0x234>
    return HAL_ERROR;
 8005452:	2001      	movs	r0, #1
 8005454:	e007      	b.n	8005466 <HAL_SPI_TransmitReceive+0x234>
    hspi->ErrorCode = HAL_SPI_ERROR_FLAG;
 8005456:	2320      	movs	r3, #32
 8005458:	6563      	str	r3, [r4, #84]	@ 0x54
    __HAL_UNLOCK(hspi);
 800545a:	2300      	movs	r3, #0
 800545c:	f884 3050 	strb.w	r3, [r4, #80]	@ 0x50
    return HAL_ERROR;
 8005460:	2001      	movs	r0, #1
 8005462:	e000      	b.n	8005466 <HAL_SPI_TransmitReceive+0x234>
    return HAL_BUSY;
 8005464:	2002      	movs	r0, #2
}
 8005466:	b003      	add	sp, #12
 8005468:	e8bd 83f0 	ldmia.w	sp!, {r4, r5, r6, r7, r8, r9, pc}
    return HAL_BUSY;
 800546c:	2002      	movs	r0, #2
 800546e:	e7fa      	b.n	8005466 <HAL_SPI_TransmitReceive+0x234>
 8005470:	2002      	movs	r0, #2
 8005472:	e7f8      	b.n	8005466 <HAL_SPI_TransmitReceive+0x234>
    return HAL_ERROR;
 8005474:	2001      	movs	r0, #1
 8005476:	e7f6      	b.n	8005466 <HAL_SPI_TransmitReceive+0x234>
 8005478:	2001      	movs	r0, #1
 800547a:	e7f4      	b.n	8005466 <HAL_SPI_TransmitReceive+0x234>
 800547c:	2001      	movs	r0, #1
 800547e:	e7f2      	b.n	8005466 <HAL_SPI_TransmitReceive+0x234>
  __HAL_LOCK(hspi);
 8005480:	2002      	movs	r0, #2
 8005482:	e7f0      	b.n	8005466 <HAL_SPI_TransmitReceive+0x234>

08005484 <HAL_SPI_Receive>:
{
 8005484:	e92d 43f0 	stmdb	sp!, {r4, r5, r6, r7, r8, r9, lr}
 8005488:	b083      	sub	sp, #12
 800548a:	461d      	mov	r5, r3
  if (hspi->State != HAL_SPI_STATE_READY)
 800548c:	f890 3051 	ldrb.w	r3, [r0, #81]	@ 0x51
 8005490:	2b01      	cmp	r3, #1
 8005492:	f040 80b2 	bne.w	80055fa <HAL_SPI_Receive+0x176>
 8005496:	4604      	mov	r4, r0
 8005498:	4689      	mov	r9, r1
 800549a:	4690      	mov	r8, r2
 800549c:	b2df      	uxtb	r7, r3
  if ((pData == NULL) || (Size == 0U))
 800549e:	2900      	cmp	r1, #0
 80054a0:	f000 80ac 	beq.w	80055fc <HAL_SPI_Receive+0x178>
 80054a4:	2a00      	cmp	r2, #0
 80054a6:	f000 80a9 	beq.w	80055fc <HAL_SPI_Receive+0x178>
  if ((hspi->Init.Mode == SPI_MODE_MASTER) && (hspi->Init.Direction == SPI_DIRECTION_2LINES))
 80054aa:	6843      	ldr	r3, [r0, #4]
 80054ac:	f5b3 7f82 	cmp.w	r3, #260	@ 0x104
 80054b0:	d101      	bne.n	80054b6 <HAL_SPI_Receive+0x32>
 80054b2:	6883      	ldr	r3, [r0, #8]
 80054b4:	b353      	cbz	r3, 800550c <HAL_SPI_Receive+0x88>
  tickstart = HAL_GetTick();
 80054b6:	f7fc fb19 	bl	8001aec <HAL_GetTick>
 80054ba:	4606      	mov	r6, r0
  __HAL_LOCK(hspi);
 80054bc:	f894 3050 	ldrb.w	r3, [r4, #80]	@ 0x50
 80054c0:	2b01      	cmp	r3, #1
 80054c2:	f000 809f 	beq.w	8005604 <HAL_SPI_Receive+0x180>
 80054c6:	2301      	movs	r3, #1
 80054c8:	f884 3050 	strb.w	r3, [r4, #80]	@ 0x50
  hspi->State       = HAL_SPI_STATE_BUSY_RX;
 80054cc:	2304      	movs	r3, #4
 80054ce:	f884 3051 	strb.w	r3, [r4, #81]	@ 0x51
  hspi->ErrorCode   = HAL_SPI_ERROR_NONE;
 80054d2:	2300      	movs	r3, #0
 80054d4:	6563      	str	r3, [r4, #84]	@ 0x54
  hspi->pRxBuffPtr  = (uint8_t *)pData;
 80054d6:	f8c4 9038 	str.w	r9, [r4, #56]	@ 0x38
  hspi->RxXferSize  = Size;
 80054da:	f8a4 803c 	strh.w	r8, [r4, #60]	@ 0x3c
  hspi->RxXferCount = Size;
 80054de:	f8a4 803e 	strh.w	r8, [r4, #62]	@ 0x3e
  hspi->pTxBuffPtr  = (uint8_t *)NULL;
 80054e2:	6323      	str	r3, [r4, #48]	@ 0x30
  hspi->TxXferSize  = 0U;
 80054e4:	86a3      	strh	r3, [r4, #52]	@ 0x34
  hspi->TxXferCount = 0U;
 80054e6:	86e3      	strh	r3, [r4, #54]	@ 0x36
  hspi->RxISR       = NULL;
 80054e8:	6423      	str	r3, [r4, #64]	@ 0x40
  hspi->TxISR       = NULL;
 80054ea:	6463      	str	r3, [r4, #68]	@ 0x44
  if (hspi->Init.Direction == SPI_DIRECTION_1LINE)
 80054ec:	68a3      	ldr	r3, [r4, #8]
 80054ee:	f5b3 4f00 	cmp.w	r3, #32768	@ 0x8000
 80054f2:	d015      	beq.n	8005520 <HAL_SPI_Receive+0x9c>
  if ((hspi->Instance->CR1 & SPI_CR1_SPE) != SPI_CR1_SPE)
 80054f4:	6823      	ldr	r3, [r4, #0]
 80054f6:	681a      	ldr	r2, [r3, #0]
 80054f8:	f012 0f40 	tst.w	r2, #64	@ 0x40
 80054fc:	d103      	bne.n	8005506 <HAL_SPI_Receive+0x82>
    __HAL_SPI_ENABLE(hspi);
 80054fe:	681a      	ldr	r2, [r3, #0]
 8005500:	f042 0240 	orr.w	r2, r2, #64	@ 0x40
 8005504:	601a      	str	r2, [r3, #0]
  if (hspi->Init.DataSize == SPI_DATASIZE_8BIT)
 8005506:	68e3      	ldr	r3, [r4, #12]
 8005508:	b1f3      	cbz	r3, 8005548 <HAL_SPI_Receive+0xc4>
 800550a:	e043      	b.n	8005594 <HAL_SPI_Receive+0x110>
    hspi->State = HAL_SPI_STATE_BUSY_RX;
 800550c:	2304      	movs	r3, #4
 800550e:	f880 3051 	strb.w	r3, [r0, #81]	@ 0x51
    return HAL_SPI_TransmitReceive(hspi, pData, pData, Size, Timeout);
 8005512:	9500      	str	r5, [sp, #0]
 8005514:	4613      	mov	r3, r2
 8005516:	460a      	mov	r2, r1
 8005518:	f7ff fe8b 	bl	8005232 <HAL_SPI_TransmitReceive>
 800551c:	4607      	mov	r7, r0
 800551e:	e06d      	b.n	80055fc <HAL_SPI_Receive+0x178>
    __HAL_SPI_DISABLE(hspi);
 8005520:	6822      	ldr	r2, [r4, #0]
 8005522:	6813      	ldr	r3, [r2, #0]
 8005524:	f023 0340 	bic.w	r3, r3, #64	@ 0x40
 8005528:	6013      	str	r3, [r2, #0]
    SPI_1LINE_RX(hspi);
 800552a:	6822      	ldr	r2, [r4, #0]
 800552c:	6813      	ldr	r3, [r2, #0]
 800552e:	f423 4380 	bic.w	r3, r3, #16384	@ 0x4000
 8005532:	6013      	str	r3, [r2, #0]
 8005534:	e7de      	b.n	80054f4 <HAL_SPI_Receive+0x70>
        if ((((HAL_GetTick() - tickstart) >=  Timeout) && (Timeout != HAL_MAX_DELAY)) || (Timeout == 0U))
 8005536:	f7fc fad9 	bl	8001aec <HAL_GetTick>
 800553a:	1b80      	subs	r0, r0, r6
 800553c:	42a8      	cmp	r0, r5
 800553e:	d302      	bcc.n	8005546 <HAL_SPI_Receive+0xc2>
 8005540:	f1b5 3fff 	cmp.w	r5, #4294967295
 8005544:	d115      	bne.n	8005572 <HAL_SPI_Receive+0xee>
 8005546:	b1a5      	cbz	r5, 8005572 <HAL_SPI_Receive+0xee>
    while (hspi->RxXferCount > 0U)
 8005548:	8fe3      	ldrh	r3, [r4, #62]	@ 0x3e
 800554a:	b29b      	uxth	r3, r3
 800554c:	2b00      	cmp	r3, #0
 800554e:	d042      	beq.n	80055d6 <HAL_SPI_Receive+0x152>
      if (__HAL_SPI_GET_FLAG(hspi, SPI_FLAG_RXNE))
 8005550:	6823      	ldr	r3, [r4, #0]
 8005552:	689a      	ldr	r2, [r3, #8]
 8005554:	f012 0f01 	tst.w	r2, #1
 8005558:	d0ed      	beq.n	8005536 <HAL_SPI_Receive+0xb2>
        (* (uint8_t *)hspi->pRxBuffPtr) = *(__IO uint8_t *)&hspi->Instance->DR;
 800555a:	6ba2      	ldr	r2, [r4, #56]	@ 0x38
 800555c:	7b1b      	ldrb	r3, [r3, #12]
 800555e:	7013      	strb	r3, [r2, #0]
        hspi->pRxBuffPtr += sizeof(uint8_t);
 8005560:	6ba3      	ldr	r3, [r4, #56]	@ 0x38
 8005562:	3301      	adds	r3, #1
 8005564:	63a3      	str	r3, [r4, #56]	@ 0x38
        hspi->RxXferCount--;
 8005566:	8fe3      	ldrh	r3, [r4, #62]	@ 0x3e
 8005568:	b29b      	uxth	r3, r3
 800556a:	3b01      	subs	r3, #1
 800556c:	b29b      	uxth	r3, r3
 800556e:	87e3      	strh	r3, [r4, #62]	@ 0x3e
 8005570:	e7ea      	b.n	8005548 <HAL_SPI_Receive+0xc4>
          hspi->State = HAL_SPI_STATE_READY;
 8005572:	2301      	movs	r3, #1
 8005574:	f884 3051 	strb.w	r3, [r4, #81]	@ 0x51
          __HAL_UNLOCK(hspi);
 8005578:	2300      	movs	r3, #0
 800557a:	f884 3050 	strb.w	r3, [r4, #80]	@ 0x50
          return HAL_TIMEOUT;
 800557e:	2703      	movs	r7, #3
 8005580:	e03c      	b.n	80055fc <HAL_SPI_Receive+0x178>
        if ((((HAL_GetTick() - tickstart) >=  Timeout) && (Timeout != HAL_MAX_DELAY)) || (Timeout == 0U))
 8005582:	f7fc fab3 	bl	8001aec <HAL_GetTick>
 8005586:	1b80      	subs	r0, r0, r6
 8005588:	42a8      	cmp	r0, r5
 800558a:	d302      	bcc.n	8005592 <HAL_SPI_Receive+0x10e>
 800558c:	f1b5 3fff 	cmp.w	r5, #4294967295
 8005590:	d119      	bne.n	80055c6 <HAL_SPI_Receive+0x142>
 8005592:	b1c5      	cbz	r5, 80055c6 <HAL_SPI_Receive+0x142>
    while (hspi->RxXferCount > 0U)
 8005594:	8fe3      	ldrh	r3, [r4, #62]	@ 0x3e
 8005596:	b29b      	uxth	r3, r3
 8005598:	b1eb      	cbz	r3, 80055d6 <HAL_SPI_Receive+0x152>
      if (__HAL_SPI_GET_FLAG(hspi, SPI_FLAG_RXNE))
 800559a:	6823      	ldr	r3, [r4, #0]
 800559c:	689a      	ldr	r2, [r3, #8]
 800559e:	f012 0f01 	tst.w	r2, #1
 80055a2:	d0ee      	beq.n	8005582 <HAL_SPI_Receive+0xfe>
        *((uint16_t *)hspi->pRxBuffPtr) = (uint16_t)hspi->Instance->DR;
 80055a4:	68da      	ldr	r2, [r3, #12]
 80055a6:	6ba3      	ldr	r3, [r4, #56]	@ 0x38
 80055a8:	801a      	strh	r2, [r3, #0]
        hspi->pRxBuffPtr += sizeof(uint16_t);
 80055aa:	6ba3      	ldr	r3, [r4, #56]	@ 0x38
 80055ac:	3302      	adds	r3, #2
 80055ae:	63a3      	str	r3, [r4, #56]	@ 0x38
        hspi->RxXferCount--;
 80055b0:	f8b4 c03e 	ldrh.w	ip, [r4, #62]	@ 0x3e
 80055b4:	fa1f fc8c 	uxth.w	ip, ip
 80055b8:	f10c 3cff 	add.w	ip, ip, #4294967295
 80055bc:	fa1f fc8c 	uxth.w	ip, ip
 80055c0:	f8a4 c03e 	strh.w	ip, [r4, #62]	@ 0x3e
 80055c4:	e7e6      	b.n	8005594 <HAL_SPI_Receive+0x110>
          hspi->State = HAL_SPI_STATE_READY;
 80055c6:	2301      	movs	r3, #1
 80055c8:	f884 3051 	strb.w	r3, [r4, #81]	@ 0x51
          __HAL_UNLOCK(hspi);
 80055cc:	2300      	movs	r3, #0
 80055ce:	f884 3050 	strb.w	r3, [r4, #80]	@ 0x50
          return HAL_TIMEOUT;
 80055d2:	2703      	movs	r7, #3
 80055d4:	e012      	b.n	80055fc <HAL_SPI_Receive+0x178>
  if (SPI_EndRxTransaction(hspi, Timeout, tickstart) != HAL_OK)
 80055d6:	4632      	mov	r2, r6
 80055d8:	4629      	mov	r1, r5
 80055da:	4620      	mov	r0, r4
 80055dc:	f7ff fca2 	bl	8004f24 <SPI_EndRxTransaction>
 80055e0:	b108      	cbz	r0, 80055e6 <HAL_SPI_Receive+0x162>
    hspi->ErrorCode = HAL_SPI_ERROR_FLAG;
 80055e2:	2320      	movs	r3, #32
 80055e4:	6563      	str	r3, [r4, #84]	@ 0x54
  hspi->State = HAL_SPI_STATE_READY;
 80055e6:	2301      	movs	r3, #1
 80055e8:	f884 3051 	strb.w	r3, [r4, #81]	@ 0x51
  __HAL_UNLOCK(hspi);
 80055ec:	2300      	movs	r3, #0
 80055ee:	f884 3050 	strb.w	r3, [r4, #80]	@ 0x50
  if (hspi->ErrorCode != HAL_SPI_ERROR_NONE)
 80055f2:	6d63      	ldr	r3, [r4, #84]	@ 0x54
 80055f4:	b913      	cbnz	r3, 80055fc <HAL_SPI_Receive+0x178>
    return HAL_OK;
 80055f6:	2700      	movs	r7, #0
 80055f8:	e000      	b.n	80055fc <HAL_SPI_Receive+0x178>
    return HAL_BUSY;
 80055fa:	2702      	movs	r7, #2
}
 80055fc:	4638      	mov	r0, r7
 80055fe:	b003      	add	sp, #12
 8005600:	e8bd 83f0 	ldmia.w	sp!, {r4, r5, r6, r7, r8, r9, pc}
  __HAL_LOCK(hspi);
 8005604:	2702      	movs	r7, #2
 8005606:	e7f9      	b.n	80055fc <HAL_SPI_Receive+0x178>

08005608 <TIM_OC1_SetConfig>:
  * @param  TIMx to select the TIM peripheral
  * @param  OC_Config The output configuration structure
  * @retval None
  */
static void TIM_OC1_SetConfig(TIM_TypeDef *TIMx, const TIM_OC_InitTypeDef *OC_Config)
{
 8005608:	b430      	push	{r4, r5}
  uint32_t tmpccmrx;
  uint32_t tmpccer;
  uint32_t tmpcr2;

  /* Get the TIMx CCER register value */
  tmpccer = TIMx->CCER;
 800560a:	6a03      	ldr	r3, [r0, #32]

  /* Disable the Channel 1: Reset the CC1E Bit */
  TIMx->CCER &= ~TIM_CCER_CC1E;
 800560c:	6a02      	ldr	r2, [r0, #32]
 800560e:	f022 0201 	bic.w	r2, r2, #1
 8005612:	6202      	str	r2, [r0, #32]

  /* Get the TIMx CR2 register value */
  tmpcr2 =  TIMx->CR2;
 8005614:	6842      	ldr	r2, [r0, #4]

  /* Get the TIMx CCMR1 register value */
  tmpccmrx = TIMx->CCMR1;
 8005616:	6984      	ldr	r4, [r0, #24]

  /* Reset the Output Compare Mode Bits */
  tmpccmrx &= ~TIM_CCMR1_OC1M;
  tmpccmrx &= ~TIM_CCMR1_CC1S;
 8005618:	f024 0c73 	bic.w	ip, r4, #115	@ 0x73
  /* Select the Output Compare Mode */
  tmpccmrx |= OC_Config->OCMode;
 800561c:	680c      	ldr	r4, [r1, #0]
 800561e:	ea44 040c 	orr.w	r4, r4, ip

  /* Reset the Output Polarity level */
  tmpccer &= ~TIM_CCER_CC1P;
 8005622:	f023 0c02 	bic.w	ip, r3, #2
  /* Set the Output Compare Polarity */
  tmpccer |= OC_Config->OCPolarity;
 8005626:	688b      	ldr	r3, [r1, #8]
 8005628:	ea43 030c 	orr.w	r3, r3, ip

  if (IS_TIM_CCXN_INSTANCE(TIMx, TIM_CHANNEL_1))
 800562c:	4d11      	ldr	r5, [pc, #68]	@ (8005674 <TIM_OC1_SetConfig+0x6c>)
 800562e:	42a8      	cmp	r0, r5
 8005630:	d003      	beq.n	800563a <TIM_OC1_SetConfig+0x32>
 8005632:	f505 6580 	add.w	r5, r5, #1024	@ 0x400
 8005636:	42a8      	cmp	r0, r5
 8005638:	d105      	bne.n	8005646 <TIM_OC1_SetConfig+0x3e>
  {
    /* Check parameters */
    assert_param(IS_TIM_OCN_POLARITY(OC_Config->OCNPolarity));

    /* Reset the Output N Polarity level */
    tmpccer &= ~TIM_CCER_CC1NP;
 800563a:	f023 0308 	bic.w	r3, r3, #8
    /* Set the Output N Polarity */
    tmpccer |= OC_Config->OCNPolarity;
 800563e:	68cd      	ldr	r5, [r1, #12]
 8005640:	432b      	orrs	r3, r5
    /* Reset the Output N State */
    tmpccer &= ~TIM_CCER_CC1NE;
 8005642:	f023 0304 	bic.w	r3, r3, #4
  }

  if (IS_TIM_BREAK_INSTANCE(TIMx))
 8005646:	4d0b      	ldr	r5, [pc, #44]	@ (8005674 <TIM_OC1_SetConfig+0x6c>)
 8005648:	42a8      	cmp	r0, r5
 800564a:	d003      	beq.n	8005654 <TIM_OC1_SetConfig+0x4c>
 800564c:	f505 6580 	add.w	r5, r5, #1024	@ 0x400
 8005650:	42a8      	cmp	r0, r5
 8005652:	d107      	bne.n	8005664 <TIM_OC1_SetConfig+0x5c>
    assert_param(IS_TIM_OCNIDLE_STATE(OC_Config->OCNIdleState));
    assert_param(IS_TIM_OCIDLE_STATE(OC_Config->OCIdleState));

    /* Reset the Output Compare and Output Compare N IDLE State */
    tmpcr2 &= ~TIM_CR2_OIS1;
    tmpcr2 &= ~TIM_CR2_OIS1N;
 8005654:	f422 7240 	bic.w	r2, r2, #768	@ 0x300
    /* Set the Output Idle state */
    tmpcr2 |= OC_Config->OCIdleState;
 8005658:	694d      	ldr	r5, [r1, #20]
 800565a:	ea45 0c02 	orr.w	ip, r5, r2
    /* Set the Output N Idle state */
    tmpcr2 |= OC_Config->OCNIdleState;
 800565e:	698a      	ldr	r2, [r1, #24]
 8005660:	ea42 020c 	orr.w	r2, r2, ip
  }

  /* Write to TIMx CR2 */
  TIMx->CR2 = tmpcr2;
 8005664:	6042      	str	r2, [r0, #4]

  /* Write to TIMx CCMR1 */
  TIMx->CCMR1 = tmpccmrx;
 8005666:	6184      	str	r4, [r0, #24]

  /* Set the Capture Compare Register value */
  TIMx->CCR1 = OC_Config->Pulse;
 8005668:	684a      	ldr	r2, [r1, #4]
 800566a:	6342      	str	r2, [r0, #52]	@ 0x34

  /* Write to TIMx CCER */
  TIMx->CCER = tmpccer;
 800566c:	6203      	str	r3, [r0, #32]
}
 800566e:	bc30      	pop	{r4, r5}
 8005670:	4770      	bx	lr
 8005672:	bf00      	nop
 8005674:	40010000 	.word	0x40010000

08005678 <TIM_OC3_SetConfig>:
  * @param  TIMx to select the TIM peripheral
  * @param  OC_Config The output configuration structure
  * @retval None
  */
static void TIM_OC3_SetConfig(TIM_TypeDef *TIMx, const TIM_OC_InitTypeDef *OC_Config)
{
 8005678:	b430      	push	{r4, r5}
  uint32_t tmpccmrx;
  uint32_t tmpccer;
  uint32_t tmpcr2;

  /* Get the TIMx CCER register value */
  tmpccer = TIMx->CCER;
 800567a:	6a03      	ldr	r3, [r0, #32]

  /* Disable the Channel 3: Reset the CC2E Bit */
  TIMx->CCER &= ~TIM_CCER_CC3E;
 800567c:	6a02      	ldr	r2, [r0, #32]
 800567e:	f422 7280 	bic.w	r2, r2, #256	@ 0x100
 8005682:	6202      	str	r2, [r0, #32]

  /* Get the TIMx CR2 register value */
  tmpcr2 =  TIMx->CR2;
 8005684:	6842      	ldr	r2, [r0, #4]

  /* Get the TIMx CCMR2 register value */
  tmpccmrx = TIMx->CCMR2;
 8005686:	69c4      	ldr	r4, [r0, #28]

  /* Reset the Output Compare mode and Capture/Compare selection Bits */
  tmpccmrx &= ~TIM_CCMR2_OC3M;
  tmpccmrx &= ~TIM_CCMR2_CC3S;
 8005688:	f024 0c73 	bic.w	ip, r4, #115	@ 0x73
  /* Select the Output Compare Mode */
  tmpccmrx |= OC_Config->OCMode;
 800568c:	680c      	ldr	r4, [r1, #0]
 800568e:	ea44 050c 	orr.w	r5, r4, ip

  /* Reset the Output Polarity level */
  tmpccer &= ~TIM_CCER_CC3P;
 8005692:	f423 7300 	bic.w	r3, r3, #512	@ 0x200
  /* Set the Output Compare Polarity */
  tmpccer |= (OC_Config->OCPolarity << 8U);
 8005696:	688c      	ldr	r4, [r1, #8]
 8005698:	ea43 2304 	orr.w	r3, r3, r4, lsl #8

  if (IS_TIM_CCXN_INSTANCE(TIMx, TIM_CHANNEL_3))
 800569c:	4c11      	ldr	r4, [pc, #68]	@ (80056e4 <TIM_OC3_SetConfig+0x6c>)
 800569e:	42a0      	cmp	r0, r4
 80056a0:	d003      	beq.n	80056aa <TIM_OC3_SetConfig+0x32>
 80056a2:	f504 6480 	add.w	r4, r4, #1024	@ 0x400
 80056a6:	42a0      	cmp	r0, r4
 80056a8:	d106      	bne.n	80056b8 <TIM_OC3_SetConfig+0x40>
  {
    assert_param(IS_TIM_OCN_POLARITY(OC_Config->OCNPolarity));

    /* Reset the Output N Polarity level */
    tmpccer &= ~TIM_CCER_CC3NP;
 80056aa:	f423 6300 	bic.w	r3, r3, #2048	@ 0x800
    /* Set the Output N Polarity */
    tmpccer |= (OC_Config->OCNPolarity << 8U);
 80056ae:	68cc      	ldr	r4, [r1, #12]
 80056b0:	ea43 2304 	orr.w	r3, r3, r4, lsl #8
    /* Reset the Output N State */
    tmpccer &= ~TIM_CCER_CC3NE;
 80056b4:	f423 6380 	bic.w	r3, r3, #1024	@ 0x400
  }

  if (IS_TIM_BREAK_INSTANCE(TIMx))
 80056b8:	4c0a      	ldr	r4, [pc, #40]	@ (80056e4 <TIM_OC3_SetConfig+0x6c>)
 80056ba:	42a0      	cmp	r0, r4
 80056bc:	d003      	beq.n	80056c6 <TIM_OC3_SetConfig+0x4e>
 80056be:	f504 6480 	add.w	r4, r4, #1024	@ 0x400
 80056c2:	42a0      	cmp	r0, r4
 80056c4:	d107      	bne.n	80056d6 <TIM_OC3_SetConfig+0x5e>
    assert_param(IS_TIM_OCNIDLE_STATE(OC_Config->OCNIdleState));
    assert_param(IS_TIM_OCIDLE_STATE(OC_Config->OCIdleState));

    /* Reset the Output Compare and Output Compare N IDLE State */
    tmpcr2 &= ~TIM_CR2_OIS3;
    tmpcr2 &= ~TIM_CR2_OIS3N;
 80056c6:	f422 5240 	bic.w	r2, r2, #12288	@ 0x3000
    /* Set the Output Idle state */
    tmpcr2 |= (OC_Config->OCIdleState << 4U);
 80056ca:	694c      	ldr	r4, [r1, #20]
 80056cc:	ea42 1204 	orr.w	r2, r2, r4, lsl #4
    /* Set the Output N Idle state */
    tmpcr2 |= (OC_Config->OCNIdleState << 4U);
 80056d0:	698c      	ldr	r4, [r1, #24]
 80056d2:	ea42 1204 	orr.w	r2, r2, r4, lsl #4
  }

  /* Write to TIMx CR2 */
  TIMx->CR2 = tmpcr2;
 80056d6:	6042      	str	r2, [r0, #4]

  /* Write to TIMx CCMR2 */
  TIMx->CCMR2 = tmpccmrx;
 80056d8:	61c5      	str	r5, [r0, #28]

  /* Set the Capture Compare Register value */
  TIMx->CCR3 = OC_Config->Pulse;
 80056da:	684a      	ldr	r2, [r1, #4]
 80056dc:	63c2      	str	r2, [r0, #60]	@ 0x3c

  /* Write to TIMx CCER */
  TIMx->CCER = tmpccer;
 80056de:	6203      	str	r3, [r0, #32]
}
 80056e0:	bc30      	pop	{r4, r5}
 80056e2:	4770      	bx	lr
 80056e4:	40010000 	.word	0x40010000

080056e8 <TIM_OC4_SetConfig>:
  * @param  TIMx to select the TIM peripheral
  * @param  OC_Config The output configuration structure
  * @retval None
  */
static void TIM_OC4_SetConfig(TIM_TypeDef *TIMx, const TIM_OC_InitTypeDef *OC_Config)
{
 80056e8:	b430      	push	{r4, r5}
  uint32_t tmpccmrx;
  uint32_t tmpccer;
  uint32_t tmpcr2;

  /* Get the TIMx CCER register value */
  tmpccer = TIMx->CCER;
 80056ea:	6a03      	ldr	r3, [r0, #32]

  /* Disable the Channel 4: Reset the CC4E Bit */
  TIMx->CCER &= ~TIM_CCER_CC4E;
 80056ec:	6a02      	ldr	r2, [r0, #32]
 80056ee:	f422 5280 	bic.w	r2, r2, #4096	@ 0x1000
 80056f2:	6202      	str	r2, [r0, #32]

  /* Get the TIMx CR2 register value */
  tmpcr2 =  TIMx->CR2;
 80056f4:	6844      	ldr	r4, [r0, #4]

  /* Get the TIMx CCMR2 register value */
  tmpccmrx = TIMx->CCMR2;
 80056f6:	69c2      	ldr	r2, [r0, #28]

  /* Reset the Output Compare mode and Capture/Compare selection Bits */
  tmpccmrx &= ~TIM_CCMR2_OC4M;
  tmpccmrx &= ~TIM_CCMR2_CC4S;
 80056f8:	f422 42e6 	bic.w	r2, r2, #29440	@ 0x7300

  /* Select the Output Compare Mode */
  tmpccmrx |= (OC_Config->OCMode << 8U);
 80056fc:	680d      	ldr	r5, [r1, #0]
 80056fe:	ea42 2205 	orr.w	r2, r2, r5, lsl #8

  /* Reset the Output Polarity level */
  tmpccer &= ~TIM_CCER_CC4P;
 8005702:	f423 5300 	bic.w	r3, r3, #8192	@ 0x2000
  /* Set the Output Compare Polarity */
  tmpccer |= (OC_Config->OCPolarity << 12U);
 8005706:	688d      	ldr	r5, [r1, #8]
 8005708:	ea43 3305 	orr.w	r3, r3, r5, lsl #12

  if (IS_TIM_BREAK_INSTANCE(TIMx))
 800570c:	4d09      	ldr	r5, [pc, #36]	@ (8005734 <TIM_OC4_SetConfig+0x4c>)
 800570e:	42a8      	cmp	r0, r5
 8005710:	d003      	beq.n	800571a <TIM_OC4_SetConfig+0x32>
 8005712:	f505 6580 	add.w	r5, r5, #1024	@ 0x400
 8005716:	42a8      	cmp	r0, r5
 8005718:	d104      	bne.n	8005724 <TIM_OC4_SetConfig+0x3c>
  {
    /* Check parameters */
    assert_param(IS_TIM_OCIDLE_STATE(OC_Config->OCIdleState));

    /* Reset the Output Compare IDLE State */
    tmpcr2 &= ~TIM_CR2_OIS4;
 800571a:	f424 4480 	bic.w	r4, r4, #16384	@ 0x4000

    /* Set the Output Idle state */
    tmpcr2 |= (OC_Config->OCIdleState << 6U);
 800571e:	694d      	ldr	r5, [r1, #20]
 8005720:	ea44 1485 	orr.w	r4, r4, r5, lsl #6
  }

  /* Write to TIMx CR2 */
  TIMx->CR2 = tmpcr2;
 8005724:	6044      	str	r4, [r0, #4]

  /* Write to TIMx CCMR2 */
  TIMx->CCMR2 = tmpccmrx;
 8005726:	61c2      	str	r2, [r0, #28]

  /* Set the Capture Compare Register value */
  TIMx->CCR4 = OC_Config->Pulse;
 8005728:	684a      	ldr	r2, [r1, #4]
 800572a:	6402      	str	r2, [r0, #64]	@ 0x40

  /* Write to TIMx CCER */
  TIMx->CCER = tmpccer;
 800572c:	6203      	str	r3, [r0, #32]
}
 800572e:	bc30      	pop	{r4, r5}
 8005730:	4770      	bx	lr
 8005732:	bf00      	nop
 8005734:	40010000 	.word	0x40010000

08005738 <TIM_TI1_ConfigInputStage>:
  * @param  TIM_ICFilter Specifies the Input Capture Filter.
  *          This parameter must be a value between 0x00 and 0x0F.
  * @retval None
  */
static void TIM_TI1_ConfigInputStage(TIM_TypeDef *TIMx, uint32_t TIM_ICPolarity, uint32_t TIM_ICFilter)
{
 8005738:	b410      	push	{r4}
  uint32_t tmpccmr1;
  uint32_t tmpccer;

  /* Disable the Channel 1: Reset the CC1E Bit */
  tmpccer = TIMx->CCER;
 800573a:	6a03      	ldr	r3, [r0, #32]
  TIMx->CCER &= ~TIM_CCER_CC1E;
 800573c:	6a04      	ldr	r4, [r0, #32]
 800573e:	f024 0401 	bic.w	r4, r4, #1
 8005742:	6204      	str	r4, [r0, #32]
  tmpccmr1 = TIMx->CCMR1;
 8005744:	6984      	ldr	r4, [r0, #24]

  /* Set the filter */
  tmpccmr1 &= ~TIM_CCMR1_IC1F;
 8005746:	f024 0cf0 	bic.w	ip, r4, #240	@ 0xf0
  tmpccmr1 |= (TIM_ICFilter << 4U);
 800574a:	ea4c 1202 	orr.w	r2, ip, r2, lsl #4

  /* Select the Polarity and set the CC1E Bit */
  tmpccer &= ~(TIM_CCER_CC1P | TIM_CCER_CC1NP);
 800574e:	f023 030a 	bic.w	r3, r3, #10
  tmpccer |= TIM_ICPolarity;
 8005752:	430b      	orrs	r3, r1

  /* Write to TIMx CCMR1 and CCER registers */
  TIMx->CCMR1 = tmpccmr1;
 8005754:	6182      	str	r2, [r0, #24]
  TIMx->CCER = tmpccer;
 8005756:	6203      	str	r3, [r0, #32]
}
 8005758:	f85d 4b04 	ldr.w	r4, [sp], #4
 800575c:	4770      	bx	lr

0800575e <TIM_TI2_ConfigInputStage>:
  * @param  TIM_ICFilter Specifies the Input Capture Filter.
  *          This parameter must be a value between 0x00 and 0x0F.
  * @retval None
  */
static void TIM_TI2_ConfigInputStage(TIM_TypeDef *TIMx, uint32_t TIM_ICPolarity, uint32_t TIM_ICFilter)
{
 800575e:	b410      	push	{r4}
  uint32_t tmpccmr1;
  uint32_t tmpccer;

  /* Disable the Channel 2: Reset the CC2E Bit */
  tmpccer = TIMx->CCER;
 8005760:	6a03      	ldr	r3, [r0, #32]
  TIMx->CCER &= ~TIM_CCER_CC2E;
 8005762:	6a04      	ldr	r4, [r0, #32]
 8005764:	f024 0410 	bic.w	r4, r4, #16
 8005768:	6204      	str	r4, [r0, #32]
  tmpccmr1 = TIMx->CCMR1;
 800576a:	6984      	ldr	r4, [r0, #24]

  /* Set the filter */
  tmpccmr1 &= ~TIM_CCMR1_IC2F;
 800576c:	f424 4c70 	bic.w	ip, r4, #61440	@ 0xf000
  tmpccmr1 |= (TIM_ICFilter << 12U);
 8005770:	ea4c 3202 	orr.w	r2, ip, r2, lsl #12

  /* Select the Polarity and set the CC2E Bit */
  tmpccer &= ~(TIM_CCER_CC2P | TIM_CCER_CC2NP);
 8005774:	f023 03a0 	bic.w	r3, r3, #160	@ 0xa0
  tmpccer |= (TIM_ICPolarity << 4U);
 8005778:	ea43 1301 	orr.w	r3, r3, r1, lsl #4

  /* Write to TIMx CCMR1 and CCER registers */
  TIMx->CCMR1 = tmpccmr1 ;
 800577c:	6182      	str	r2, [r0, #24]
  TIMx->CCER = tmpccer;
 800577e:	6203      	str	r3, [r0, #32]
}
 8005780:	f85d 4b04 	ldr.w	r4, [sp], #4
 8005784:	4770      	bx	lr

08005786 <TIM_ITRx_SetConfig>:
static void TIM_ITRx_SetConfig(TIM_TypeDef *TIMx, uint32_t InputTriggerSource)
{
  uint32_t tmpsmcr;

  /* Get the TIMx SMCR register value */
  tmpsmcr = TIMx->SMCR;
 8005786:	6883      	ldr	r3, [r0, #8]
  /* Reset the TS Bits */
  tmpsmcr &= ~TIM_SMCR_TS;
 8005788:	f023 0370 	bic.w	r3, r3, #112	@ 0x70
  /* Set the Input Trigger source and the slave mode*/
  tmpsmcr |= (InputTriggerSource | TIM_SLAVEMODE_EXTERNAL1);
 800578c:	430b      	orrs	r3, r1
 800578e:	f043 0307 	orr.w	r3, r3, #7
  /* Write to TIMx SMCR */
  TIMx->SMCR = tmpsmcr;
 8005792:	6083      	str	r3, [r0, #8]
}
 8005794:	4770      	bx	lr

08005796 <HAL_TIM_OC_MspInit>:
}
 8005796:	4770      	bx	lr

08005798 <HAL_TIM_PWM_MspInit>:
}
 8005798:	4770      	bx	lr

0800579a <HAL_TIM_PeriodElapsedCallback>:
}
 800579a:	4770      	bx	lr

0800579c <HAL_TIM_OC_DelayElapsedCallback>:
}
 800579c:	4770      	bx	lr

0800579e <HAL_TIM_IC_CaptureCallback>:
}
 800579e:	4770      	bx	lr

080057a0 <TIM_DMADelayPulseCplt>:
{
 80057a0:	b510      	push	{r4, lr}
  TIM_HandleTypeDef *htim = (TIM_HandleTypeDef *)((DMA_HandleTypeDef *)hdma)->Parent;
 80057a2:	6b84      	ldr	r4, [r0, #56]	@ 0x38
  if (hdma == htim->hdma[TIM_DMA_ID_CC1])
 80057a4:	6a63      	ldr	r3, [r4, #36]	@ 0x24
 80057a6:	4283      	cmp	r3, r0
 80057a8:	d00e      	beq.n	80057c8 <TIM_DMADelayPulseCplt+0x28>
  else if (hdma == htim->hdma[TIM_DMA_ID_CC2])
 80057aa:	6aa3      	ldr	r3, [r4, #40]	@ 0x28
 80057ac:	4283      	cmp	r3, r0
 80057ae:	d014      	beq.n	80057da <TIM_DMADelayPulseCplt+0x3a>
  else if (hdma == htim->hdma[TIM_DMA_ID_CC3])
 80057b0:	6ae3      	ldr	r3, [r4, #44]	@ 0x2c
 80057b2:	4283      	cmp	r3, r0
 80057b4:	d01a      	beq.n	80057ec <TIM_DMADelayPulseCplt+0x4c>
  else if (hdma == htim->hdma[TIM_DMA_ID_CC4])
 80057b6:	6b23      	ldr	r3, [r4, #48]	@ 0x30
 80057b8:	4283      	cmp	r3, r0
 80057ba:	d020      	beq.n	80057fe <TIM_DMADelayPulseCplt+0x5e>
  HAL_TIM_PWM_PulseFinishedCallback(htim);
 80057bc:	4620      	mov	r0, r4
 80057be:	f7fc f905 	bl	80019cc <HAL_TIM_PWM_PulseFinishedCallback>
  htim->Channel = HAL_TIM_ACTIVE_CHANNEL_CLEARED;
 80057c2:	2300      	movs	r3, #0
 80057c4:	7723      	strb	r3, [r4, #28]
}
 80057c6:	bd10      	pop	{r4, pc}
    htim->Channel = HAL_TIM_ACTIVE_CHANNEL_1;
 80057c8:	2301      	movs	r3, #1
 80057ca:	7723      	strb	r3, [r4, #28]
    if (hdma->Init.Mode == DMA_NORMAL)
 80057cc:	69c3      	ldr	r3, [r0, #28]
 80057ce:	2b00      	cmp	r3, #0
 80057d0:	d1f4      	bne.n	80057bc <TIM_DMADelayPulseCplt+0x1c>
      TIM_CHANNEL_STATE_SET(htim, TIM_CHANNEL_1, HAL_TIM_CHANNEL_STATE_READY);
 80057d2:	2301      	movs	r3, #1
 80057d4:	f884 303e 	strb.w	r3, [r4, #62]	@ 0x3e
 80057d8:	e7f0      	b.n	80057bc <TIM_DMADelayPulseCplt+0x1c>
    htim->Channel = HAL_TIM_ACTIVE_CHANNEL_2;
 80057da:	2302      	movs	r3, #2
 80057dc:	7723      	strb	r3, [r4, #28]
    if (hdma->Init.Mode == DMA_NORMAL)
 80057de:	69c3      	ldr	r3, [r0, #28]
 80057e0:	2b00      	cmp	r3, #0
 80057e2:	d1eb      	bne.n	80057bc <TIM_DMADelayPulseCplt+0x1c>
      TIM_CHANNEL_STATE_SET(htim, TIM_CHANNEL_2, HAL_TIM_CHANNEL_STATE_READY);
 80057e4:	2301      	movs	r3, #1
 80057e6:	f884 303f 	strb.w	r3, [r4, #63]	@ 0x3f
 80057ea:	e7e7      	b.n	80057bc <TIM_DMADelayPulseCplt+0x1c>
    htim->Channel = HAL_TIM_ACTIVE_CHANNEL_3;
 80057ec:	2304      	movs	r3, #4
 80057ee:	7723      	strb	r3, [r4, #28]
    if (hdma->Init.Mode == DMA_NORMAL)
 80057f0:	69c3      	ldr	r3, [r0, #28]
 80057f2:	2b00      	cmp	r3, #0
 80057f4:	d1e2      	bne.n	80057bc <TIM_DMADelayPulseCplt+0x1c>
      TIM_CHANNEL_STATE_SET(htim, TIM_CHANNEL_3, HAL_TIM_CHANNEL_STATE_READY);
 80057f6:	2301      	movs	r3, #1
 80057f8:	f884 3040 	strb.w	r3, [r4, #64]	@ 0x40
 80057fc:	e7de      	b.n	80057bc <TIM_DMADelayPulseCplt+0x1c>
    htim->Channel = HAL_TIM_ACTIVE_CHANNEL_4;
 80057fe:	2308      	movs	r3, #8
 8005800:	7723      	strb	r3, [r4, #28]
    if (hdma->Init.Mode == DMA_NORMAL)
 8005802:	69c3      	ldr	r3, [r0, #28]
 8005804:	2b00      	cmp	r3, #0
 8005806:	d1d9      	bne.n	80057bc <TIM_DMADelayPulseCplt+0x1c>
      TIM_CHANNEL_STATE_SET(htim, TIM_CHANNEL_4, HAL_TIM_CHANNEL_STATE_READY);
 8005808:	2301      	movs	r3, #1
 800580a:	f884 3041 	strb.w	r3, [r4, #65]	@ 0x41
 800580e:	e7d5      	b.n	80057bc <TIM_DMADelayPulseCplt+0x1c>

08005810 <HAL_TIM_PWM_PulseFinishedHalfCpltCallback>:
}
 8005810:	4770      	bx	lr

08005812 <TIM_DMADelayPulseHalfCplt>:
{
 8005812:	b510      	push	{r4, lr}
  TIM_HandleTypeDef *htim = (TIM_HandleTypeDef *)((DMA_HandleTypeDef *)hdma)->Parent;
 8005814:	6b84      	ldr	r4, [r0, #56]	@ 0x38
  if (hdma == htim->hdma[TIM_DMA_ID_CC1])
 8005816:	6a63      	ldr	r3, [r4, #36]	@ 0x24
 8005818:	4283      	cmp	r3, r0
 800581a:	d00b      	beq.n	8005834 <TIM_DMADelayPulseHalfCplt+0x22>
  else if (hdma == htim->hdma[TIM_DMA_ID_CC2])
 800581c:	6aa3      	ldr	r3, [r4, #40]	@ 0x28
 800581e:	4283      	cmp	r3, r0
 8005820:	d010      	beq.n	8005844 <TIM_DMADelayPulseHalfCplt+0x32>
  else if (hdma == htim->hdma[TIM_DMA_ID_CC3])
 8005822:	6ae3      	ldr	r3, [r4, #44]	@ 0x2c
 8005824:	4283      	cmp	r3, r0
 8005826:	d010      	beq.n	800584a <TIM_DMADelayPulseHalfCplt+0x38>
  else if (hdma == htim->hdma[TIM_DMA_ID_CC4])
 8005828:	6b23      	ldr	r3, [r4, #48]	@ 0x30
 800582a:	4283      	cmp	r3, r0
 800582c:	d104      	bne.n	8005838 <TIM_DMADelayPulseHalfCplt+0x26>
    htim->Channel = HAL_TIM_ACTIVE_CHANNEL_4;
 800582e:	2308      	movs	r3, #8
 8005830:	7723      	strb	r3, [r4, #28]
 8005832:	e001      	b.n	8005838 <TIM_DMADelayPulseHalfCplt+0x26>
    htim->Channel = HAL_TIM_ACTIVE_CHANNEL_1;
 8005834:	2301      	movs	r3, #1
 8005836:	7723      	strb	r3, [r4, #28]
  HAL_TIM_PWM_PulseFinishedHalfCpltCallback(htim);
 8005838:	4620      	mov	r0, r4
 800583a:	f7ff ffe9 	bl	8005810 <HAL_TIM_PWM_PulseFinishedHalfCpltCallback>
  htim->Channel = HAL_TIM_ACTIVE_CHANNEL_CLEARED;
 800583e:	2300      	movs	r3, #0
 8005840:	7723      	strb	r3, [r4, #28]
}
 8005842:	bd10      	pop	{r4, pc}
    htim->Channel = HAL_TIM_ACTIVE_CHANNEL_2;
 8005844:	2302      	movs	r3, #2
 8005846:	7723      	strb	r3, [r4, #28]
 8005848:	e7f6      	b.n	8005838 <TIM_DMADelayPulseHalfCplt+0x26>
    htim->Channel = HAL_TIM_ACTIVE_CHANNEL_3;
 800584a:	2304      	movs	r3, #4
 800584c:	7723      	strb	r3, [r4, #28]
 800584e:	e7f3      	b.n	8005838 <TIM_DMADelayPulseHalfCplt+0x26>

08005850 <HAL_TIM_TriggerCallback>:
}
 8005850:	4770      	bx	lr

08005852 <HAL_TIM_IRQHandler>:
{
 8005852:	b570      	push	{r4, r5, r6, lr}
 8005854:	4604      	mov	r4, r0
  uint32_t itsource = htim->Instance->DIER;
 8005856:	6803      	ldr	r3, [r0, #0]
 8005858:	68de      	ldr	r6, [r3, #12]
  uint32_t itflag   = htim->Instance->SR;
 800585a:	691d      	ldr	r5, [r3, #16]
  if ((itflag & (TIM_FLAG_CC1)) == (TIM_FLAG_CC1))
 800585c:	f015 0f02 	tst.w	r5, #2
 8005860:	d010      	beq.n	8005884 <HAL_TIM_IRQHandler+0x32>
    if ((itsource & (TIM_IT_CC1)) == (TIM_IT_CC1))
 8005862:	f016 0f02 	tst.w	r6, #2
 8005866:	d00d      	beq.n	8005884 <HAL_TIM_IRQHandler+0x32>
        __HAL_TIM_CLEAR_FLAG(htim, TIM_FLAG_CC1);
 8005868:	f06f 0202 	mvn.w	r2, #2
 800586c:	611a      	str	r2, [r3, #16]
        htim->Channel = HAL_TIM_ACTIVE_CHANNEL_1;
 800586e:	2301      	movs	r3, #1
 8005870:	7703      	strb	r3, [r0, #28]
        if ((htim->Instance->CCMR1 & TIM_CCMR1_CC1S) != 0x00U)
 8005872:	6803      	ldr	r3, [r0, #0]
 8005874:	699b      	ldr	r3, [r3, #24]
 8005876:	f013 0f03 	tst.w	r3, #3
 800587a:	d05e      	beq.n	800593a <HAL_TIM_IRQHandler+0xe8>
          HAL_TIM_IC_CaptureCallback(htim);
 800587c:	f7ff ff8f 	bl	800579e <HAL_TIM_IC_CaptureCallback>
        htim->Channel = HAL_TIM_ACTIVE_CHANNEL_CLEARED;
 8005880:	2300      	movs	r3, #0
 8005882:	7723      	strb	r3, [r4, #28]
  if ((itflag & (TIM_FLAG_CC2)) == (TIM_FLAG_CC2))
 8005884:	f015 0f04 	tst.w	r5, #4
 8005888:	d012      	beq.n	80058b0 <HAL_TIM_IRQHandler+0x5e>
    if ((itsource & (TIM_IT_CC2)) == (TIM_IT_CC2))
 800588a:	f016 0f04 	tst.w	r6, #4
 800588e:	d00f      	beq.n	80058b0 <HAL_TIM_IRQHandler+0x5e>
      __HAL_TIM_CLEAR_FLAG(htim, TIM_FLAG_CC2);
 8005890:	6823      	ldr	r3, [r4, #0]
 8005892:	f06f 0204 	mvn.w	r2, #4
 8005896:	611a      	str	r2, [r3, #16]
      htim->Channel = HAL_TIM_ACTIVE_CHANNEL_2;
 8005898:	2302      	movs	r3, #2
 800589a:	7723      	strb	r3, [r4, #28]
      if ((htim->Instance->CCMR1 & TIM_CCMR1_CC2S) != 0x00U)
 800589c:	6823      	ldr	r3, [r4, #0]
 800589e:	699b      	ldr	r3, [r3, #24]
 80058a0:	f413 7f40 	tst.w	r3, #768	@ 0x300
 80058a4:	d04f      	beq.n	8005946 <HAL_TIM_IRQHandler+0xf4>
        HAL_TIM_IC_CaptureCallback(htim);
 80058a6:	4620      	mov	r0, r4
 80058a8:	f7ff ff79 	bl	800579e <HAL_TIM_IC_CaptureCallback>
      htim->Channel = HAL_TIM_ACTIVE_CHANNEL_CLEARED;
 80058ac:	2300      	movs	r3, #0
 80058ae:	7723      	strb	r3, [r4, #28]
  if ((itflag & (TIM_FLAG_CC3)) == (TIM_FLAG_CC3))
 80058b0:	f015 0f08 	tst.w	r5, #8
 80058b4:	d012      	beq.n	80058dc <HAL_TIM_IRQHandler+0x8a>
    if ((itsource & (TIM_IT_CC3)) == (TIM_IT_CC3))
 80058b6:	f016 0f08 	tst.w	r6, #8
 80058ba:	d00f      	beq.n	80058dc <HAL_TIM_IRQHandler+0x8a>
      __HAL_TIM_CLEAR_FLAG(htim, TIM_FLAG_CC3);
 80058bc:	6823      	ldr	r3, [r4, #0]
 80058be:	f06f 0208 	mvn.w	r2, #8
 80058c2:	611a      	str	r2, [r3, #16]
      htim->Channel = HAL_TIM_ACTIVE_CHANNEL_3;
 80058c4:	2304      	movs	r3, #4
 80058c6:	7723      	strb	r3, [r4, #28]
      if ((htim->Instance->CCMR2 & TIM_CCMR2_CC3S) != 0x00U)
 80058c8:	6823      	ldr	r3, [r4, #0]
 80058ca:	69db      	ldr	r3, [r3, #28]
 80058cc:	f013 0f03 	tst.w	r3, #3
 80058d0:	d040      	beq.n	8005954 <HAL_TIM_IRQHandler+0x102>
        HAL_TIM_IC_CaptureCallback(htim);
 80058d2:	4620      	mov	r0, r4
 80058d4:	f7ff ff63 	bl	800579e <HAL_TIM_IC_CaptureCallback>
      htim->Channel = HAL_TIM_ACTIVE_CHANNEL_CLEARED;
 80058d8:	2300      	movs	r3, #0
 80058da:	7723      	strb	r3, [r4, #28]
  if ((itflag & (TIM_FLAG_CC4)) == (TIM_FLAG_CC4))
 80058dc:	f015 0f10 	tst.w	r5, #16
 80058e0:	d012      	beq.n	8005908 <HAL_TIM_IRQHandler+0xb6>
    if ((itsource & (TIM_IT_CC4)) == (TIM_IT_CC4))
 80058e2:	f016 0f10 	tst.w	r6, #16
 80058e6:	d00f      	beq.n	8005908 <HAL_TIM_IRQHandler+0xb6>
      __HAL_TIM_CLEAR_FLAG(htim, TIM_FLAG_CC4);
 80058e8:	6823      	ldr	r3, [r4, #0]
 80058ea:	f06f 0210 	mvn.w	r2, #16
 80058ee:	611a      	str	r2, [r3, #16]
      htim->Channel = HAL_TIM_ACTIVE_CHANNEL_4;
 80058f0:	2308      	movs	r3, #8
 80058f2:	7723      	strb	r3, [r4, #28]
      if ((htim->Instance->CCMR2 & TIM_CCMR2_CC4S) != 0x00U)
 80058f4:	6823      	ldr	r3, [r4, #0]
 80058f6:	69db      	ldr	r3, [r3, #28]
 80058f8:	f413 7f40 	tst.w	r3, #768	@ 0x300
 80058fc:	d031      	beq.n	8005962 <HAL_TIM_IRQHandler+0x110>
        HAL_TIM_IC_CaptureCallback(htim);
 80058fe:	4620      	mov	r0, r4
 8005900:	f7ff ff4d 	bl	800579e <HAL_TIM_IC_CaptureCallback>
      htim->Channel = HAL_TIM_ACTIVE_CHANNEL_CLEARED;
 8005904:	2300      	movs	r3, #0
 8005906:	7723      	strb	r3, [r4, #28]
  if ((itflag & (TIM_FLAG_UPDATE)) == (TIM_FLAG_UPDATE))
 8005908:	f015 0f01 	tst.w	r5, #1
 800590c:	d002      	beq.n	8005914 <HAL_TIM_IRQHandler+0xc2>
    if ((itsource & (TIM_IT_UPDATE)) == (TIM_IT_UPDATE))
 800590e:	f016 0f01 	tst.w	r6, #1
 8005912:	d12d      	bne.n	8005970 <HAL_TIM_IRQHandler+0x11e>
  if ((itflag & (TIM_FLAG_BREAK)) == (TIM_FLAG_BREAK))
 8005914:	f015 0f80 	tst.w	r5, #128	@ 0x80
 8005918:	d002      	beq.n	8005920 <HAL_TIM_IRQHandler+0xce>
    if ((itsource & (TIM_IT_BREAK)) == (TIM_IT_BREAK))
 800591a:	f016 0f80 	tst.w	r6, #128	@ 0x80
 800591e:	d12f      	bne.n	8005980 <HAL_TIM_IRQHandler+0x12e>
  if ((itflag & (TIM_FLAG_TRIGGER)) == (TIM_FLAG_TRIGGER))
 8005920:	f015 0f40 	tst.w	r5, #64	@ 0x40
 8005924:	d002      	beq.n	800592c <HAL_TIM_IRQHandler+0xda>
    if ((itsource & (TIM_IT_TRIGGER)) == (TIM_IT_TRIGGER))
 8005926:	f016 0f40 	tst.w	r6, #64	@ 0x40
 800592a:	d131      	bne.n	8005990 <HAL_TIM_IRQHandler+0x13e>
  if ((itflag & (TIM_FLAG_COM)) == (TIM_FLAG_COM))
 800592c:	f015 0f20 	tst.w	r5, #32
 8005930:	d002      	beq.n	8005938 <HAL_TIM_IRQHandler+0xe6>
    if ((itsource & (TIM_IT_COM)) == (TIM_IT_COM))
 8005932:	f016 0f20 	tst.w	r6, #32
 8005936:	d133      	bne.n	80059a0 <HAL_TIM_IRQHandler+0x14e>
}
 8005938:	bd70      	pop	{r4, r5, r6, pc}
          HAL_TIM_OC_DelayElapsedCallback(htim);
 800593a:	f7ff ff2f 	bl	800579c <HAL_TIM_OC_DelayElapsedCallback>
          HAL_TIM_PWM_PulseFinishedCallback(htim);
 800593e:	4620      	mov	r0, r4
 8005940:	f7fc f844 	bl	80019cc <HAL_TIM_PWM_PulseFinishedCallback>
 8005944:	e79c      	b.n	8005880 <HAL_TIM_IRQHandler+0x2e>
        HAL_TIM_OC_DelayElapsedCallback(htim);
 8005946:	4620      	mov	r0, r4
 8005948:	f7ff ff28 	bl	800579c <HAL_TIM_OC_DelayElapsedCallback>
        HAL_TIM_PWM_PulseFinishedCallback(htim);
 800594c:	4620      	mov	r0, r4
 800594e:	f7fc f83d 	bl	80019cc <HAL_TIM_PWM_PulseFinishedCallback>
 8005952:	e7ab      	b.n	80058ac <HAL_TIM_IRQHandler+0x5a>
        HAL_TIM_OC_DelayElapsedCallback(htim);
 8005954:	4620      	mov	r0, r4
 8005956:	f7ff ff21 	bl	800579c <HAL_TIM_OC_DelayElapsedCallback>
        HAL_TIM_PWM_PulseFinishedCallback(htim);
 800595a:	4620      	mov	r0, r4
 800595c:	f7fc f836 	bl	80019cc <HAL_TIM_PWM_PulseFinishedCallback>
 8005960:	e7ba      	b.n	80058d8 <HAL_TIM_IRQHandler+0x86>
        HAL_TIM_OC_DelayElapsedCallback(htim);
 8005962:	4620      	mov	r0, r4
 8005964:	f7ff ff1a 	bl	800579c <HAL_TIM_OC_DelayElapsedCallback>
        HAL_TIM_PWM_PulseFinishedCallback(htim);
 8005968:	4620      	mov	r0, r4
 800596a:	f7fc f82f 	bl	80019cc <HAL_TIM_PWM_PulseFinishedCallback>
 800596e:	e7c9      	b.n	8005904 <HAL_TIM_IRQHandler+0xb2>
      __HAL_TIM_CLEAR_FLAG(htim, TIM_FLAG_UPDATE);
 8005970:	6823      	ldr	r3, [r4, #0]
 8005972:	f06f 0201 	mvn.w	r2, #1
 8005976:	611a      	str	r2, [r3, #16]
      HAL_TIM_PeriodElapsedCallback(htim);
 8005978:	4620      	mov	r0, r4
 800597a:	f7ff ff0e 	bl	800579a <HAL_TIM_PeriodElapsedCallback>
 800597e:	e7c9      	b.n	8005914 <HAL_TIM_IRQHandler+0xc2>
      __HAL_TIM_CLEAR_FLAG(htim, TIM_FLAG_BREAK);
 8005980:	6823      	ldr	r3, [r4, #0]
 8005982:	f06f 0280 	mvn.w	r2, #128	@ 0x80
 8005986:	611a      	str	r2, [r3, #16]
      HAL_TIMEx_BreakCallback(htim);
 8005988:	4620      	mov	r0, r4
 800598a:	f000 fd22 	bl	80063d2 <HAL_TIMEx_BreakCallback>
 800598e:	e7c7      	b.n	8005920 <HAL_TIM_IRQHandler+0xce>
      __HAL_TIM_CLEAR_FLAG(htim, TIM_FLAG_TRIGGER);
 8005990:	6823      	ldr	r3, [r4, #0]
 8005992:	f06f 0240 	mvn.w	r2, #64	@ 0x40
 8005996:	611a      	str	r2, [r3, #16]
      HAL_TIM_TriggerCallback(htim);
 8005998:	4620      	mov	r0, r4
 800599a:	f7ff ff59 	bl	8005850 <HAL_TIM_TriggerCallback>
 800599e:	e7c5      	b.n	800592c <HAL_TIM_IRQHandler+0xda>
      __HAL_TIM_CLEAR_FLAG(htim, TIM_FLAG_COM);
 80059a0:	6823      	ldr	r3, [r4, #0]
 80059a2:	f06f 0220 	mvn.w	r2, #32
 80059a6:	611a      	str	r2, [r3, #16]
      HAL_TIMEx_CommutCallback(htim);
 80059a8:	4620      	mov	r0, r4
 80059aa:	f000 fd11 	bl	80063d0 <HAL_TIMEx_CommutCallback>
}
 80059ae:	e7c3      	b.n	8005938 <HAL_TIM_IRQHandler+0xe6>

080059b0 <HAL_TIM_ErrorCallback>:
}
 80059b0:	4770      	bx	lr

080059b2 <TIM_DMAError>:
{
 80059b2:	b510      	push	{r4, lr}
  TIM_HandleTypeDef *htim = (TIM_HandleTypeDef *)((DMA_HandleTypeDef *)hdma)->Parent;
 80059b4:	6b84      	ldr	r4, [r0, #56]	@ 0x38
  if (hdma == htim->hdma[TIM_DMA_ID_CC1])
 80059b6:	6a63      	ldr	r3, [r4, #36]	@ 0x24
 80059b8:	4283      	cmp	r3, r0
 80059ba:	d00c      	beq.n	80059d6 <TIM_DMAError+0x24>
  else if (hdma == htim->hdma[TIM_DMA_ID_CC2])
 80059bc:	6aa3      	ldr	r3, [r4, #40]	@ 0x28
 80059be:	4283      	cmp	r3, r0
 80059c0:	d013      	beq.n	80059ea <TIM_DMAError+0x38>
  else if (hdma == htim->hdma[TIM_DMA_ID_CC3])
 80059c2:	6ae3      	ldr	r3, [r4, #44]	@ 0x2c
 80059c4:	4283      	cmp	r3, r0
 80059c6:	d016      	beq.n	80059f6 <TIM_DMAError+0x44>
  else if (hdma == htim->hdma[TIM_DMA_ID_CC4])
 80059c8:	6b23      	ldr	r3, [r4, #48]	@ 0x30
 80059ca:	4283      	cmp	r3, r0
 80059cc:	d019      	beq.n	8005a02 <TIM_DMAError+0x50>
    htim->State = HAL_TIM_STATE_READY;
 80059ce:	2301      	movs	r3, #1
 80059d0:	f884 303d 	strb.w	r3, [r4, #61]	@ 0x3d
 80059d4:	e003      	b.n	80059de <TIM_DMAError+0x2c>
    htim->Channel = HAL_TIM_ACTIVE_CHANNEL_1;
 80059d6:	2301      	movs	r3, #1
 80059d8:	7723      	strb	r3, [r4, #28]
    TIM_CHANNEL_STATE_SET(htim, TIM_CHANNEL_1, HAL_TIM_CHANNEL_STATE_READY);
 80059da:	f884 303e 	strb.w	r3, [r4, #62]	@ 0x3e
  HAL_TIM_ErrorCallback(htim);
 80059de:	4620      	mov	r0, r4
 80059e0:	f7ff ffe6 	bl	80059b0 <HAL_TIM_ErrorCallback>
  htim->Channel = HAL_TIM_ACTIVE_CHANNEL_CLEARED;
 80059e4:	2300      	movs	r3, #0
 80059e6:	7723      	strb	r3, [r4, #28]
}
 80059e8:	bd10      	pop	{r4, pc}
    htim->Channel = HAL_TIM_ACTIVE_CHANNEL_2;
 80059ea:	2302      	movs	r3, #2
 80059ec:	7723      	strb	r3, [r4, #28]
    TIM_CHANNEL_STATE_SET(htim, TIM_CHANNEL_2, HAL_TIM_CHANNEL_STATE_READY);
 80059ee:	2301      	movs	r3, #1
 80059f0:	f884 303f 	strb.w	r3, [r4, #63]	@ 0x3f
 80059f4:	e7f3      	b.n	80059de <TIM_DMAError+0x2c>
    htim->Channel = HAL_TIM_ACTIVE_CHANNEL_3;
 80059f6:	2304      	movs	r3, #4
 80059f8:	7723      	strb	r3, [r4, #28]
    TIM_CHANNEL_STATE_SET(htim, TIM_CHANNEL_3, HAL_TIM_CHANNEL_STATE_READY);
 80059fa:	2301      	movs	r3, #1
 80059fc:	f884 3040 	strb.w	r3, [r4, #64]	@ 0x40
 8005a00:	e7ed      	b.n	80059de <TIM_DMAError+0x2c>
    htim->Channel = HAL_TIM_ACTIVE_CHANNEL_4;
 8005a02:	2308      	movs	r3, #8
 8005a04:	7723      	strb	r3, [r4, #28]
    TIM_CHANNEL_STATE_SET(htim, TIM_CHANNEL_4, HAL_TIM_CHANNEL_STATE_READY);
 8005a06:	2301      	movs	r3, #1
 8005a08:	f884 3041 	strb.w	r3, [r4, #65]	@ 0x41
 8005a0c:	e7e7      	b.n	80059de <TIM_DMAError+0x2c>
	...

08005a10 <TIM_Base_SetConfig>:
  tmpcr1 = TIMx->CR1;
 8005a10:	6803      	ldr	r3, [r0, #0]
  if (IS_TIM_COUNTER_MODE_SELECT_INSTANCE(TIMx))
 8005a12:	4a32      	ldr	r2, [pc, #200]	@ (8005adc <TIM_Base_SetConfig+0xcc>)
 8005a14:	4290      	cmp	r0, r2
 8005a16:	d012      	beq.n	8005a3e <TIM_Base_SetConfig+0x2e>
 8005a18:	f1b0 4f80 	cmp.w	r0, #1073741824	@ 0x40000000
 8005a1c:	d00f      	beq.n	8005a3e <TIM_Base_SetConfig+0x2e>
 8005a1e:	f5a2 427c 	sub.w	r2, r2, #64512	@ 0xfc00
 8005a22:	4290      	cmp	r0, r2
 8005a24:	d00b      	beq.n	8005a3e <TIM_Base_SetConfig+0x2e>
 8005a26:	f502 6280 	add.w	r2, r2, #1024	@ 0x400
 8005a2a:	4290      	cmp	r0, r2
 8005a2c:	d007      	beq.n	8005a3e <TIM_Base_SetConfig+0x2e>
 8005a2e:	f502 6280 	add.w	r2, r2, #1024	@ 0x400
 8005a32:	4290      	cmp	r0, r2
 8005a34:	d003      	beq.n	8005a3e <TIM_Base_SetConfig+0x2e>
 8005a36:	f502 4278 	add.w	r2, r2, #63488	@ 0xf800
 8005a3a:	4290      	cmp	r0, r2
 8005a3c:	d103      	bne.n	8005a46 <TIM_Base_SetConfig+0x36>
    tmpcr1 &= ~(TIM_CR1_DIR | TIM_CR1_CMS);
 8005a3e:	f023 0370 	bic.w	r3, r3, #112	@ 0x70
    tmpcr1 |= Structure->CounterMode;
 8005a42:	684a      	ldr	r2, [r1, #4]
 8005a44:	4313      	orrs	r3, r2
  if (IS_TIM_CLOCK_DIVISION_INSTANCE(TIMx))
 8005a46:	4a25      	ldr	r2, [pc, #148]	@ (8005adc <TIM_Base_SetConfig+0xcc>)
 8005a48:	4290      	cmp	r0, r2
 8005a4a:	d02a      	beq.n	8005aa2 <TIM_Base_SetConfig+0x92>
 8005a4c:	f1b0 4f80 	cmp.w	r0, #1073741824	@ 0x40000000
 8005a50:	d027      	beq.n	8005aa2 <TIM_Base_SetConfig+0x92>
 8005a52:	f5a2 427c 	sub.w	r2, r2, #64512	@ 0xfc00
 8005a56:	4290      	cmp	r0, r2
 8005a58:	d023      	beq.n	8005aa2 <TIM_Base_SetConfig+0x92>
 8005a5a:	f502 6280 	add.w	r2, r2, #1024	@ 0x400
 8005a5e:	4290      	cmp	r0, r2
 8005a60:	d01f      	beq.n	8005aa2 <TIM_Base_SetConfig+0x92>
 8005a62:	f502 6280 	add.w	r2, r2, #1024	@ 0x400
 8005a66:	4290      	cmp	r0, r2
 8005a68:	d01b      	beq.n	8005aa2 <TIM_Base_SetConfig+0x92>
 8005a6a:	f502 4278 	add.w	r2, r2, #63488	@ 0xf800
 8005a6e:	4290      	cmp	r0, r2
 8005a70:	d017      	beq.n	8005aa2 <TIM_Base_SetConfig+0x92>
 8005a72:	f502 5270 	add.w	r2, r2, #15360	@ 0x3c00
 8005a76:	4290      	cmp	r0, r2
 8005a78:	d013      	beq.n	8005aa2 <TIM_Base_SetConfig+0x92>
 8005a7a:	f502 6280 	add.w	r2, r2, #1024	@ 0x400
 8005a7e:	4290      	cmp	r0, r2
 8005a80:	d00f      	beq.n	8005aa2 <TIM_Base_SetConfig+0x92>
 8005a82:	f502 6280 	add.w	r2, r2, #1024	@ 0x400
 8005a86:	4290      	cmp	r0, r2
 8005a88:	d00b      	beq.n	8005aa2 <TIM_Base_SetConfig+0x92>
 8005a8a:	f5a2 3298 	sub.w	r2, r2, #77824	@ 0x13000
 8005a8e:	4290      	cmp	r0, r2
 8005a90:	d007      	beq.n	8005aa2 <TIM_Base_SetConfig+0x92>
 8005a92:	f502 6280 	add.w	r2, r2, #1024	@ 0x400
 8005a96:	4290      	cmp	r0, r2
 8005a98:	d003      	beq.n	8005aa2 <TIM_Base_SetConfig+0x92>
 8005a9a:	f502 6280 	add.w	r2, r2, #1024	@ 0x400
 8005a9e:	4290      	cmp	r0, r2
 8005aa0:	d103      	bne.n	8005aaa <TIM_Base_SetConfig+0x9a>
    tmpcr1 &= ~TIM_CR1_CKD;
 8005aa2:	f423 7340 	bic.w	r3, r3, #768	@ 0x300
    tmpcr1 |= (uint32_t)Structure->ClockDivision;
 8005aa6:	68ca      	ldr	r2, [r1, #12]
 8005aa8:	4313      	orrs	r3, r2
  MODIFY_REG(tmpcr1, TIM_CR1_ARPE, Structure->AutoReloadPreload);
 8005aaa:	f023 0380 	bic.w	r3, r3, #128	@ 0x80
 8005aae:	694a      	ldr	r2, [r1, #20]
 8005ab0:	4313      	orrs	r3, r2
  TIMx->ARR = (uint32_t)Structure->Period ;
 8005ab2:	688a      	ldr	r2, [r1, #8]
 8005ab4:	62c2      	str	r2, [r0, #44]	@ 0x2c
  TIMx->PSC = Structure->Prescaler;
 8005ab6:	680a      	ldr	r2, [r1, #0]
 8005ab8:	6282      	str	r2, [r0, #40]	@ 0x28
  if (IS_TIM_REPETITION_COUNTER_INSTANCE(TIMx))
 8005aba:	4a08      	ldr	r2, [pc, #32]	@ (8005adc <TIM_Base_SetConfig+0xcc>)
 8005abc:	4290      	cmp	r0, r2
 8005abe:	d003      	beq.n	8005ac8 <TIM_Base_SetConfig+0xb8>
 8005ac0:	f502 6280 	add.w	r2, r2, #1024	@ 0x400
 8005ac4:	4290      	cmp	r0, r2
 8005ac6:	d101      	bne.n	8005acc <TIM_Base_SetConfig+0xbc>
    TIMx->RCR = Structure->RepetitionCounter;
 8005ac8:	690a      	ldr	r2, [r1, #16]
 8005aca:	6302      	str	r2, [r0, #48]	@ 0x30
  SET_BIT(TIMx->CR1, TIM_CR1_URS);
 8005acc:	6802      	ldr	r2, [r0, #0]
 8005ace:	f042 0204 	orr.w	r2, r2, #4
 8005ad2:	6002      	str	r2, [r0, #0]
  TIMx->EGR = TIM_EGR_UG;
 8005ad4:	2201      	movs	r2, #1
 8005ad6:	6142      	str	r2, [r0, #20]
  TIMx->CR1 = tmpcr1;
 8005ad8:	6003      	str	r3, [r0, #0]
}
 8005ada:	4770      	bx	lr
 8005adc:	40010000 	.word	0x40010000

08005ae0 <HAL_TIM_Base_Init>:
  if (htim == NULL)
 8005ae0:	b340      	cbz	r0, 8005b34 <HAL_TIM_Base_Init+0x54>
{
 8005ae2:	b510      	push	{r4, lr}
 8005ae4:	4604      	mov	r4, r0
  if (htim->State == HAL_TIM_STATE_RESET)
 8005ae6:	f890 303d 	ldrb.w	r3, [r0, #61]	@ 0x3d
 8005aea:	b1f3      	cbz	r3, 8005b2a <HAL_TIM_Base_Init+0x4a>
  htim->State = HAL_TIM_STATE_BUSY;
 8005aec:	2302      	movs	r3, #2
 8005aee:	f884 303d 	strb.w	r3, [r4, #61]	@ 0x3d
  TIM_Base_SetConfig(htim->Instance, &htim->Init);
 8005af2:	4621      	mov	r1, r4
 8005af4:	f851 0b04 	ldr.w	r0, [r1], #4
 8005af8:	f7ff ff8a 	bl	8005a10 <TIM_Base_SetConfig>
  htim->DMABurstState = HAL_DMA_BURST_STATE_READY;
 8005afc:	2301      	movs	r3, #1
 8005afe:	f884 3046 	strb.w	r3, [r4, #70]	@ 0x46
  TIM_CHANNEL_STATE_SET_ALL(htim, HAL_TIM_CHANNEL_STATE_READY);
 8005b02:	f884 303e 	strb.w	r3, [r4, #62]	@ 0x3e
 8005b06:	f884 303f 	strb.w	r3, [r4, #63]	@ 0x3f
 8005b0a:	f884 3040 	strb.w	r3, [r4, #64]	@ 0x40
 8005b0e:	f884 3041 	strb.w	r3, [r4, #65]	@ 0x41
  TIM_CHANNEL_N_STATE_SET_ALL(htim, HAL_TIM_CHANNEL_STATE_READY);
 8005b12:	f884 3042 	strb.w	r3, [r4, #66]	@ 0x42
 8005b16:	f884 3043 	strb.w	r3, [r4, #67]	@ 0x43
 8005b1a:	f884 3044 	strb.w	r3, [r4, #68]	@ 0x44
 8005b1e:	f884 3045 	strb.w	r3, [r4, #69]	@ 0x45
  htim->State = HAL_TIM_STATE_READY;
 8005b22:	f884 303d 	strb.w	r3, [r4, #61]	@ 0x3d
  return HAL_OK;
 8005b26:	2000      	movs	r0, #0
}
 8005b28:	bd10      	pop	{r4, pc}
    htim->Lock = HAL_UNLOCKED;
 8005b2a:	f880 303c 	strb.w	r3, [r0, #60]	@ 0x3c
    HAL_TIM_Base_MspInit(htim);
 8005b2e:	f7fd fd67 	bl	8003600 <HAL_TIM_Base_MspInit>
 8005b32:	e7db      	b.n	8005aec <HAL_TIM_Base_Init+0xc>
    return HAL_ERROR;
 8005b34:	2001      	movs	r0, #1
}
 8005b36:	4770      	bx	lr

08005b38 <HAL_TIM_OC_Init>:
  if (htim == NULL)
 8005b38:	b340      	cbz	r0, 8005b8c <HAL_TIM_OC_Init+0x54>
{
 8005b3a:	b510      	push	{r4, lr}
 8005b3c:	4604      	mov	r4, r0
  if (htim->State == HAL_TIM_STATE_RESET)
 8005b3e:	f890 303d 	ldrb.w	r3, [r0, #61]	@ 0x3d
 8005b42:	b1f3      	cbz	r3, 8005b82 <HAL_TIM_OC_Init+0x4a>
  htim->State = HAL_TIM_STATE_BUSY;
 8005b44:	2302      	movs	r3, #2
 8005b46:	f884 303d 	strb.w	r3, [r4, #61]	@ 0x3d
  TIM_Base_SetConfig(htim->Instance,  &htim->Init);
 8005b4a:	4621      	mov	r1, r4
 8005b4c:	f851 0b04 	ldr.w	r0, [r1], #4
 8005b50:	f7ff ff5e 	bl	8005a10 <TIM_Base_SetConfig>
  htim->DMABurstState = HAL_DMA_BURST_STATE_READY;
 8005b54:	2301      	movs	r3, #1
 8005b56:	f884 3046 	strb.w	r3, [r4, #70]	@ 0x46
  TIM_CHANNEL_STATE_SET_ALL(htim, HAL_TIM_CHANNEL_STATE_READY);
 8005b5a:	f884 303e 	strb.w	r3, [r4, #62]	@ 0x3e
 8005b5e:	f884 303f 	strb.w	r3, [r4, #63]	@ 0x3f
 8005b62:	f884 3040 	strb.w	r3, [r4, #64]	@ 0x40
 8005b66:	f884 3041 	strb.w	r3, [r4, #65]	@ 0x41
  TIM_CHANNEL_N_STATE_SET_ALL(htim, HAL_TIM_CHANNEL_STATE_READY);
 8005b6a:	f884 3042 	strb.w	r3, [r4, #66]	@ 0x42
 8005b6e:	f884 3043 	strb.w	r3, [r4, #67]	@ 0x43
 8005b72:	f884 3044 	strb.w	r3, [r4, #68]	@ 0x44
 8005b76:	f884 3045 	strb.w	r3, [r4, #69]	@ 0x45
  htim->State = HAL_TIM_STATE_READY;
 8005b7a:	f884 303d 	strb.w	r3, [r4, #61]	@ 0x3d
  return HAL_OK;
 8005b7e:	2000      	movs	r0, #0
}
 8005b80:	bd10      	pop	{r4, pc}
    htim->Lock = HAL_UNLOCKED;
 8005b82:	f880 303c 	strb.w	r3, [r0, #60]	@ 0x3c
    HAL_TIM_OC_MspInit(htim);
 8005b86:	f7ff fe06 	bl	8005796 <HAL_TIM_OC_MspInit>
 8005b8a:	e7db      	b.n	8005b44 <HAL_TIM_OC_Init+0xc>
    return HAL_ERROR;
 8005b8c:	2001      	movs	r0, #1
}
 8005b8e:	4770      	bx	lr

08005b90 <HAL_TIM_PWM_Init>:
  if (htim == NULL)
 8005b90:	b340      	cbz	r0, 8005be4 <HAL_TIM_PWM_Init+0x54>
{
 8005b92:	b510      	push	{r4, lr}
 8005b94:	4604      	mov	r4, r0
  if (htim->State == HAL_TIM_STATE_RESET)
 8005b96:	f890 303d 	ldrb.w	r3, [r0, #61]	@ 0x3d
 8005b9a:	b1f3      	cbz	r3, 8005bda <HAL_TIM_PWM_Init+0x4a>
  htim->State = HAL_TIM_STATE_BUSY;
 8005b9c:	2302      	movs	r3, #2
 8005b9e:	f884 303d 	strb.w	r3, [r4, #61]	@ 0x3d
  TIM_Base_SetConfig(htim->Instance, &htim->Init);
 8005ba2:	4621      	mov	r1, r4
 8005ba4:	f851 0b04 	ldr.w	r0, [r1], #4
 8005ba8:	f7ff ff32 	bl	8005a10 <TIM_Base_SetConfig>
  htim->DMABurstState = HAL_DMA_BURST_STATE_READY;
 8005bac:	2301      	movs	r3, #1
 8005bae:	f884 3046 	strb.w	r3, [r4, #70]	@ 0x46
  TIM_CHANNEL_STATE_SET_ALL(htim, HAL_TIM_CHANNEL_STATE_READY);
 8005bb2:	f884 303e 	strb.w	r3, [r4, #62]	@ 0x3e
 8005bb6:	f884 303f 	strb.w	r3, [r4, #63]	@ 0x3f
 8005bba:	f884 3040 	strb.w	r3, [r4, #64]	@ 0x40
 8005bbe:	f884 3041 	strb.w	r3, [r4, #65]	@ 0x41
  TIM_CHANNEL_N_STATE_SET_ALL(htim, HAL_TIM_CHANNEL_STATE_READY);
 8005bc2:	f884 3042 	strb.w	r3, [r4, #66]	@ 0x42
 8005bc6:	f884 3043 	strb.w	r3, [r4, #67]	@ 0x43
 8005bca:	f884 3044 	strb.w	r3, [r4, #68]	@ 0x44
 8005bce:	f884 3045 	strb.w	r3, [r4, #69]	@ 0x45
  htim->State = HAL_TIM_STATE_READY;
 8005bd2:	f884 303d 	strb.w	r3, [r4, #61]	@ 0x3d
  return HAL_OK;
 8005bd6:	2000      	movs	r0, #0
}
 8005bd8:	bd10      	pop	{r4, pc}
    htim->Lock = HAL_UNLOCKED;
 8005bda:	f880 303c 	strb.w	r3, [r0, #60]	@ 0x3c
    HAL_TIM_PWM_MspInit(htim);
 8005bde:	f7ff fddb 	bl	8005798 <HAL_TIM_PWM_MspInit>
 8005be2:	e7db      	b.n	8005b9c <HAL_TIM_PWM_Init+0xc>
    return HAL_ERROR;
 8005be4:	2001      	movs	r0, #1
}
 8005be6:	4770      	bx	lr

08005be8 <TIM_OC2_SetConfig>:
{
 8005be8:	b430      	push	{r4, r5}
  tmpccer = TIMx->CCER;
 8005bea:	6a03      	ldr	r3, [r0, #32]
  TIMx->CCER &= ~TIM_CCER_CC2E;
 8005bec:	6a02      	ldr	r2, [r0, #32]
 8005bee:	f022 0210 	bic.w	r2, r2, #16
 8005bf2:	6202      	str	r2, [r0, #32]
  tmpcr2 =  TIMx->CR2;
 8005bf4:	6844      	ldr	r4, [r0, #4]
  tmpccmrx = TIMx->CCMR1;
 8005bf6:	6982      	ldr	r2, [r0, #24]
  tmpccmrx &= ~TIM_CCMR1_CC2S;
 8005bf8:	f422 42e6 	bic.w	r2, r2, #29440	@ 0x7300
  tmpccmrx |= (OC_Config->OCMode << 8U);
 8005bfc:	680d      	ldr	r5, [r1, #0]
 8005bfe:	ea42 2205 	orr.w	r2, r2, r5, lsl #8
  tmpccer &= ~TIM_CCER_CC2P;
 8005c02:	f023 0320 	bic.w	r3, r3, #32
  tmpccer |= (OC_Config->OCPolarity << 4U);
 8005c06:	688d      	ldr	r5, [r1, #8]
 8005c08:	ea43 1305 	orr.w	r3, r3, r5, lsl #4
  if (IS_TIM_CCXN_INSTANCE(TIMx, TIM_CHANNEL_2))
 8005c0c:	4d11      	ldr	r5, [pc, #68]	@ (8005c54 <TIM_OC2_SetConfig+0x6c>)
 8005c0e:	42a8      	cmp	r0, r5
 8005c10:	d003      	beq.n	8005c1a <TIM_OC2_SetConfig+0x32>
 8005c12:	f505 6580 	add.w	r5, r5, #1024	@ 0x400
 8005c16:	42a8      	cmp	r0, r5
 8005c18:	d106      	bne.n	8005c28 <TIM_OC2_SetConfig+0x40>
    tmpccer &= ~TIM_CCER_CC2NP;
 8005c1a:	f023 0380 	bic.w	r3, r3, #128	@ 0x80
    tmpccer |= (OC_Config->OCNPolarity << 4U);
 8005c1e:	68cd      	ldr	r5, [r1, #12]
 8005c20:	ea43 1305 	orr.w	r3, r3, r5, lsl #4
    tmpccer &= ~TIM_CCER_CC2NE;
 8005c24:	f023 0340 	bic.w	r3, r3, #64	@ 0x40
  if (IS_TIM_BREAK_INSTANCE(TIMx))
 8005c28:	4d0a      	ldr	r5, [pc, #40]	@ (8005c54 <TIM_OC2_SetConfig+0x6c>)
 8005c2a:	42a8      	cmp	r0, r5
 8005c2c:	d003      	beq.n	8005c36 <TIM_OC2_SetConfig+0x4e>
 8005c2e:	f505 6580 	add.w	r5, r5, #1024	@ 0x400
 8005c32:	42a8      	cmp	r0, r5
 8005c34:	d107      	bne.n	8005c46 <TIM_OC2_SetConfig+0x5e>
    tmpcr2 &= ~TIM_CR2_OIS2N;
 8005c36:	f424 6440 	bic.w	r4, r4, #3072	@ 0xc00
    tmpcr2 |= (OC_Config->OCIdleState << 2U);
 8005c3a:	694d      	ldr	r5, [r1, #20]
 8005c3c:	ea44 0485 	orr.w	r4, r4, r5, lsl #2
    tmpcr2 |= (OC_Config->OCNIdleState << 2U);
 8005c40:	698d      	ldr	r5, [r1, #24]
 8005c42:	ea44 0485 	orr.w	r4, r4, r5, lsl #2
  TIMx->CR2 = tmpcr2;
 8005c46:	6044      	str	r4, [r0, #4]
  TIMx->CCMR1 = tmpccmrx;
 8005c48:	6182      	str	r2, [r0, #24]
  TIMx->CCR2 = OC_Config->Pulse;
 8005c4a:	684a      	ldr	r2, [r1, #4]
 8005c4c:	6382      	str	r2, [r0, #56]	@ 0x38
  TIMx->CCER = tmpccer;
 8005c4e:	6203      	str	r3, [r0, #32]
}
 8005c50:	bc30      	pop	{r4, r5}
 8005c52:	4770      	bx	lr
 8005c54:	40010000 	.word	0x40010000

08005c58 <HAL_TIM_OC_ConfigChannel>:
  __HAL_LOCK(htim);
 8005c58:	f890 303c 	ldrb.w	r3, [r0, #60]	@ 0x3c
 8005c5c:	2b01      	cmp	r3, #1
 8005c5e:	d028      	beq.n	8005cb2 <HAL_TIM_OC_ConfigChannel+0x5a>
{
 8005c60:	b510      	push	{r4, lr}
 8005c62:	4604      	mov	r4, r0
  __HAL_LOCK(htim);
 8005c64:	2301      	movs	r3, #1
 8005c66:	f880 303c 	strb.w	r3, [r0, #60]	@ 0x3c
  switch (Channel)
 8005c6a:	2a0c      	cmp	r2, #12
 8005c6c:	d81c      	bhi.n	8005ca8 <HAL_TIM_OC_ConfigChannel+0x50>
 8005c6e:	e8df f002 	tbb	[pc, r2]
 8005c72:	1b07      	.short	0x1b07
 8005c74:	1b0c1b1b 	.word	0x1b0c1b1b
 8005c78:	1b111b1b 	.word	0x1b111b1b
 8005c7c:	1b1b      	.short	0x1b1b
 8005c7e:	16          	.byte	0x16
 8005c7f:	00          	.byte	0x00
      TIM_OC1_SetConfig(htim->Instance, sConfig);
 8005c80:	6800      	ldr	r0, [r0, #0]
 8005c82:	f7ff fcc1 	bl	8005608 <TIM_OC1_SetConfig>
  HAL_StatusTypeDef status = HAL_OK;
 8005c86:	2000      	movs	r0, #0
      break;
 8005c88:	e00f      	b.n	8005caa <HAL_TIM_OC_ConfigChannel+0x52>
      TIM_OC2_SetConfig(htim->Instance, sConfig);
 8005c8a:	6800      	ldr	r0, [r0, #0]
 8005c8c:	f7ff ffac 	bl	8005be8 <TIM_OC2_SetConfig>
  HAL_StatusTypeDef status = HAL_OK;
 8005c90:	2000      	movs	r0, #0
      break;
 8005c92:	e00a      	b.n	8005caa <HAL_TIM_OC_ConfigChannel+0x52>
      TIM_OC3_SetConfig(htim->Instance, sConfig);
 8005c94:	6800      	ldr	r0, [r0, #0]
 8005c96:	f7ff fcef 	bl	8005678 <TIM_OC3_SetConfig>
  HAL_StatusTypeDef status = HAL_OK;
 8005c9a:	2000      	movs	r0, #0
      break;
 8005c9c:	e005      	b.n	8005caa <HAL_TIM_OC_ConfigChannel+0x52>
      TIM_OC4_SetConfig(htim->Instance, sConfig);
 8005c9e:	6800      	ldr	r0, [r0, #0]
 8005ca0:	f7ff fd22 	bl	80056e8 <TIM_OC4_SetConfig>
  HAL_StatusTypeDef status = HAL_OK;
 8005ca4:	2000      	movs	r0, #0
      break;
 8005ca6:	e000      	b.n	8005caa <HAL_TIM_OC_ConfigChannel+0x52>
  switch (Channel)
 8005ca8:	2001      	movs	r0, #1
  __HAL_UNLOCK(htim);
 8005caa:	2300      	movs	r3, #0
 8005cac:	f884 303c 	strb.w	r3, [r4, #60]	@ 0x3c
}
 8005cb0:	bd10      	pop	{r4, pc}
  __HAL_LOCK(htim);
 8005cb2:	2002      	movs	r0, #2
}
 8005cb4:	4770      	bx	lr

08005cb6 <HAL_TIM_PWM_ConfigChannel>:
{
 8005cb6:	b538      	push	{r3, r4, r5, lr}
  __HAL_LOCK(htim);
 8005cb8:	f890 303c 	ldrb.w	r3, [r0, #60]	@ 0x3c
 8005cbc:	2b01      	cmp	r3, #1
 8005cbe:	d066      	beq.n	8005d8e <HAL_TIM_PWM_ConfigChannel+0xd8>
 8005cc0:	4604      	mov	r4, r0
 8005cc2:	460d      	mov	r5, r1
 8005cc4:	2301      	movs	r3, #1
 8005cc6:	f880 303c 	strb.w	r3, [r0, #60]	@ 0x3c
  switch (Channel)
 8005cca:	2a0c      	cmp	r2, #12
 8005ccc:	d85a      	bhi.n	8005d84 <HAL_TIM_PWM_ConfigChannel+0xce>
 8005cce:	e8df f002 	tbb	[pc, r2]
 8005cd2:	5907      	.short	0x5907
 8005cd4:	591b5959 	.word	0x591b5959
 8005cd8:	59305959 	.word	0x59305959
 8005cdc:	5959      	.short	0x5959
 8005cde:	44          	.byte	0x44
 8005cdf:	00          	.byte	0x00
      TIM_OC1_SetConfig(htim->Instance, sConfig);
 8005ce0:	6800      	ldr	r0, [r0, #0]
 8005ce2:	f7ff fc91 	bl	8005608 <TIM_OC1_SetConfig>
      htim->Instance->CCMR1 |= TIM_CCMR1_OC1PE;
 8005ce6:	6822      	ldr	r2, [r4, #0]
 8005ce8:	6993      	ldr	r3, [r2, #24]
 8005cea:	f043 0308 	orr.w	r3, r3, #8
 8005cee:	6193      	str	r3, [r2, #24]
      htim->Instance->CCMR1 &= ~TIM_CCMR1_OC1FE;
 8005cf0:	6822      	ldr	r2, [r4, #0]
 8005cf2:	6993      	ldr	r3, [r2, #24]
 8005cf4:	f023 0304 	bic.w	r3, r3, #4
 8005cf8:	6193      	str	r3, [r2, #24]
      htim->Instance->CCMR1 |= sConfig->OCFastMode;
 8005cfa:	6822      	ldr	r2, [r4, #0]
 8005cfc:	6993      	ldr	r3, [r2, #24]
 8005cfe:	6929      	ldr	r1, [r5, #16]
 8005d00:	430b      	orrs	r3, r1
 8005d02:	6193      	str	r3, [r2, #24]
  HAL_StatusTypeDef status = HAL_OK;
 8005d04:	2000      	movs	r0, #0
      break;
 8005d06:	e03e      	b.n	8005d86 <HAL_TIM_PWM_ConfigChannel+0xd0>
      TIM_OC2_SetConfig(htim->Instance, sConfig);
 8005d08:	6800      	ldr	r0, [r0, #0]
 8005d0a:	f7ff ff6d 	bl	8005be8 <TIM_OC2_SetConfig>
      htim->Instance->CCMR1 |= TIM_CCMR1_OC2PE;
 8005d0e:	6822      	ldr	r2, [r4, #0]
 8005d10:	6993      	ldr	r3, [r2, #24]
 8005d12:	f443 6300 	orr.w	r3, r3, #2048	@ 0x800
 8005d16:	6193      	str	r3, [r2, #24]
      htim->Instance->CCMR1 &= ~TIM_CCMR1_OC2FE;
 8005d18:	6822      	ldr	r2, [r4, #0]
 8005d1a:	6993      	ldr	r3, [r2, #24]
 8005d1c:	f423 6380 	bic.w	r3, r3, #1024	@ 0x400
 8005d20:	6193      	str	r3, [r2, #24]
      htim->Instance->CCMR1 |= sConfig->OCFastMode << 8U;
 8005d22:	6822      	ldr	r2, [r4, #0]
 8005d24:	6993      	ldr	r3, [r2, #24]
 8005d26:	6929      	ldr	r1, [r5, #16]
 8005d28:	ea43 2301 	orr.w	r3, r3, r1, lsl #8
 8005d2c:	6193      	str	r3, [r2, #24]
  HAL_StatusTypeDef status = HAL_OK;
 8005d2e:	2000      	movs	r0, #0
      break;
 8005d30:	e029      	b.n	8005d86 <HAL_TIM_PWM_ConfigChannel+0xd0>
      TIM_OC3_SetConfig(htim->Instance, sConfig);
 8005d32:	6800      	ldr	r0, [r0, #0]
 8005d34:	f7ff fca0 	bl	8005678 <TIM_OC3_SetConfig>
      htim->Instance->CCMR2 |= TIM_CCMR2_OC3PE;
 8005d38:	6822      	ldr	r2, [r4, #0]
 8005d3a:	69d3      	ldr	r3, [r2, #28]
 8005d3c:	f043 0308 	orr.w	r3, r3, #8
 8005d40:	61d3      	str	r3, [r2, #28]
      htim->Instance->CCMR2 &= ~TIM_CCMR2_OC3FE;
 8005d42:	6822      	ldr	r2, [r4, #0]
 8005d44:	69d3      	ldr	r3, [r2, #28]
 8005d46:	f023 0304 	bic.w	r3, r3, #4
 8005d4a:	61d3      	str	r3, [r2, #28]
      htim->Instance->CCMR2 |= sConfig->OCFastMode;
 8005d4c:	6822      	ldr	r2, [r4, #0]
 8005d4e:	69d3      	ldr	r3, [r2, #28]
 8005d50:	6929      	ldr	r1, [r5, #16]
 8005d52:	430b      	orrs	r3, r1
 8005d54:	61d3      	str	r3, [r2, #28]
  HAL_StatusTypeDef status = HAL_OK;
 8005d56:	2000      	movs	r0, #0
      break;
 8005d58:	e015      	b.n	8005d86 <HAL_TIM_PWM_ConfigChannel+0xd0>
      TIM_OC4_SetConfig(htim->Instance, sConfig);
 8005d5a:	6800      	ldr	r0, [r0, #0]
 8005d5c:	f7ff fcc4 	bl	80056e8 <TIM_OC4_SetConfig>
      htim->Instance->CCMR2 |= TIM_CCMR2_OC4PE;
 8005d60:	6822      	ldr	r2, [r4, #0]
 8005d62:	69d3      	ldr	r3, [r2, #28]
 8005d64:	f443 6300 	orr.w	r3, r3, #2048	@ 0x800
 8005d68:	61d3      	str	r3, [r2, #28]
      htim->Instance->CCMR2 &= ~TIM_CCMR2_OC4FE;
 8005d6a:	6822      	ldr	r2, [r4, #0]
 8005d6c:	69d3      	ldr	r3, [r2, #28]
 8005d6e:	f423 6380 	bic.w	r3, r3, #1024	@ 0x400
 8005d72:	61d3      	str	r3, [r2, #28]
      htim->Instance->CCMR2 |= sConfig->OCFastMode << 8U;
 8005d74:	6822      	ldr	r2, [r4, #0]
 8005d76:	69d3      	ldr	r3, [r2, #28]
 8005d78:	6929      	ldr	r1, [r5, #16]
 8005d7a:	ea43 2301 	orr.w	r3, r3, r1, lsl #8
 8005d7e:	61d3      	str	r3, [r2, #28]
  HAL_StatusTypeDef status = HAL_OK;
 8005d80:	2000      	movs	r0, #0
      break;
 8005d82:	e000      	b.n	8005d86 <HAL_TIM_PWM_ConfigChannel+0xd0>
  switch (Channel)
 8005d84:	2001      	movs	r0, #1
  __HAL_UNLOCK(htim);
 8005d86:	2300      	movs	r3, #0
 8005d88:	f884 303c 	strb.w	r3, [r4, #60]	@ 0x3c
}
 8005d8c:	bd38      	pop	{r3, r4, r5, pc}
  __HAL_LOCK(htim);
 8005d8e:	2002      	movs	r0, #2
 8005d90:	e7fc      	b.n	8005d8c <HAL_TIM_PWM_ConfigChannel+0xd6>

08005d92 <TIM_ETR_SetConfig>:
  *          This parameter must be a value between 0x00 and 0x0F
  * @retval None
  */
void TIM_ETR_SetConfig(TIM_TypeDef *TIMx, uint32_t TIM_ExtTRGPrescaler,
                       uint32_t TIM_ExtTRGPolarity, uint32_t ExtTRGFilter)
{
 8005d92:	b410      	push	{r4}
  uint32_t tmpsmcr;

  tmpsmcr = TIMx->SMCR;
 8005d94:	6884      	ldr	r4, [r0, #8]

  /* Reset the ETR Bits */
  tmpsmcr &= ~(TIM_SMCR_ETF | TIM_SMCR_ETPS | TIM_SMCR_ECE | TIM_SMCR_ETP);
 8005d96:	f424 4c7f 	bic.w	ip, r4, #65280	@ 0xff00

  /* Set the Prescaler, the Filter value and the Polarity */
  tmpsmcr |= (uint32_t)(TIM_ExtTRGPrescaler | (TIM_ExtTRGPolarity | (ExtTRGFilter << 8U)));
 8005d9a:	ea42 2203 	orr.w	r2, r2, r3, lsl #8
 8005d9e:	430a      	orrs	r2, r1
 8005da0:	ea42 020c 	orr.w	r2, r2, ip

  /* Write to TIMx SMCR */
  TIMx->SMCR = tmpsmcr;
 8005da4:	6082      	str	r2, [r0, #8]
}
 8005da6:	f85d 4b04 	ldr.w	r4, [sp], #4
 8005daa:	4770      	bx	lr

08005dac <HAL_TIM_ConfigClockSource>:
  __HAL_LOCK(htim);
 8005dac:	f890 303c 	ldrb.w	r3, [r0, #60]	@ 0x3c
 8005db0:	2b01      	cmp	r3, #1
 8005db2:	d078      	beq.n	8005ea6 <HAL_TIM_ConfigClockSource+0xfa>
{
 8005db4:	b510      	push	{r4, lr}
 8005db6:	4604      	mov	r4, r0
  __HAL_LOCK(htim);
 8005db8:	2301      	movs	r3, #1
 8005dba:	f880 303c 	strb.w	r3, [r0, #60]	@ 0x3c
  htim->State = HAL_TIM_STATE_BUSY;
 8005dbe:	2302      	movs	r3, #2
 8005dc0:	f880 303d 	strb.w	r3, [r0, #61]	@ 0x3d
  tmpsmcr = htim->Instance->SMCR;
 8005dc4:	6802      	ldr	r2, [r0, #0]
 8005dc6:	6893      	ldr	r3, [r2, #8]
  tmpsmcr &= ~(TIM_SMCR_ETF | TIM_SMCR_ETPS | TIM_SMCR_ECE | TIM_SMCR_ETP);
 8005dc8:	f423 437f 	bic.w	r3, r3, #65280	@ 0xff00
 8005dcc:	f023 0377 	bic.w	r3, r3, #119	@ 0x77
  htim->Instance->SMCR = tmpsmcr;
 8005dd0:	6093      	str	r3, [r2, #8]
  switch (sClockSourceConfig->ClockSource)
 8005dd2:	680b      	ldr	r3, [r1, #0]
 8005dd4:	2b60      	cmp	r3, #96	@ 0x60
 8005dd6:	d04c      	beq.n	8005e72 <HAL_TIM_ConfigClockSource+0xc6>
 8005dd8:	d823      	bhi.n	8005e22 <HAL_TIM_ConfigClockSource+0x76>
 8005dda:	2b40      	cmp	r3, #64	@ 0x40
 8005ddc:	d054      	beq.n	8005e88 <HAL_TIM_ConfigClockSource+0xdc>
 8005dde:	d811      	bhi.n	8005e04 <HAL_TIM_ConfigClockSource+0x58>
 8005de0:	2b20      	cmp	r3, #32
 8005de2:	d003      	beq.n	8005dec <HAL_TIM_ConfigClockSource+0x40>
 8005de4:	d80a      	bhi.n	8005dfc <HAL_TIM_ConfigClockSource+0x50>
 8005de6:	b10b      	cbz	r3, 8005dec <HAL_TIM_ConfigClockSource+0x40>
 8005de8:	2b10      	cmp	r3, #16
 8005dea:	d105      	bne.n	8005df8 <HAL_TIM_ConfigClockSource+0x4c>
      TIM_ITRx_SetConfig(htim->Instance, sClockSourceConfig->ClockSource);
 8005dec:	4619      	mov	r1, r3
 8005dee:	6820      	ldr	r0, [r4, #0]
 8005df0:	f7ff fcc9 	bl	8005786 <TIM_ITRx_SetConfig>
  HAL_StatusTypeDef status = HAL_OK;
 8005df4:	2000      	movs	r0, #0
      break;
 8005df6:	e028      	b.n	8005e4a <HAL_TIM_ConfigClockSource+0x9e>
      status = HAL_ERROR;
 8005df8:	2001      	movs	r0, #1
 8005dfa:	e026      	b.n	8005e4a <HAL_TIM_ConfigClockSource+0x9e>
  switch (sClockSourceConfig->ClockSource)
 8005dfc:	2b30      	cmp	r3, #48	@ 0x30
 8005dfe:	d0f5      	beq.n	8005dec <HAL_TIM_ConfigClockSource+0x40>
      status = HAL_ERROR;
 8005e00:	2001      	movs	r0, #1
 8005e02:	e022      	b.n	8005e4a <HAL_TIM_ConfigClockSource+0x9e>
  switch (sClockSourceConfig->ClockSource)
 8005e04:	2b50      	cmp	r3, #80	@ 0x50
 8005e06:	d10a      	bne.n	8005e1e <HAL_TIM_ConfigClockSource+0x72>
      TIM_TI1_ConfigInputStage(htim->Instance,
 8005e08:	68ca      	ldr	r2, [r1, #12]
 8005e0a:	6849      	ldr	r1, [r1, #4]
 8005e0c:	6800      	ldr	r0, [r0, #0]
 8005e0e:	f7ff fc93 	bl	8005738 <TIM_TI1_ConfigInputStage>
      TIM_ITRx_SetConfig(htim->Instance, TIM_CLOCKSOURCE_TI1);
 8005e12:	2150      	movs	r1, #80	@ 0x50
 8005e14:	6820      	ldr	r0, [r4, #0]
 8005e16:	f7ff fcb6 	bl	8005786 <TIM_ITRx_SetConfig>
  HAL_StatusTypeDef status = HAL_OK;
 8005e1a:	2000      	movs	r0, #0
      break;
 8005e1c:	e015      	b.n	8005e4a <HAL_TIM_ConfigClockSource+0x9e>
      status = HAL_ERROR;
 8005e1e:	2001      	movs	r0, #1
 8005e20:	e013      	b.n	8005e4a <HAL_TIM_ConfigClockSource+0x9e>
  switch (sClockSourceConfig->ClockSource)
 8005e22:	f5b3 5f80 	cmp.w	r3, #4096	@ 0x1000
 8005e26:	d03a      	beq.n	8005e9e <HAL_TIM_ConfigClockSource+0xf2>
 8005e28:	f5b3 5f00 	cmp.w	r3, #8192	@ 0x2000
 8005e2c:	d014      	beq.n	8005e58 <HAL_TIM_ConfigClockSource+0xac>
 8005e2e:	2b70      	cmp	r3, #112	@ 0x70
 8005e30:	d137      	bne.n	8005ea2 <HAL_TIM_ConfigClockSource+0xf6>
      TIM_ETR_SetConfig(htim->Instance,
 8005e32:	68cb      	ldr	r3, [r1, #12]
 8005e34:	684a      	ldr	r2, [r1, #4]
 8005e36:	6889      	ldr	r1, [r1, #8]
 8005e38:	6800      	ldr	r0, [r0, #0]
 8005e3a:	f7ff ffaa 	bl	8005d92 <TIM_ETR_SetConfig>
      tmpsmcr = htim->Instance->SMCR;
 8005e3e:	6822      	ldr	r2, [r4, #0]
 8005e40:	6893      	ldr	r3, [r2, #8]
      tmpsmcr |= (TIM_SLAVEMODE_EXTERNAL1 | TIM_CLOCKSOURCE_ETRMODE1);
 8005e42:	f043 0377 	orr.w	r3, r3, #119	@ 0x77
      htim->Instance->SMCR = tmpsmcr;
 8005e46:	6093      	str	r3, [r2, #8]
  HAL_StatusTypeDef status = HAL_OK;
 8005e48:	2000      	movs	r0, #0
  htim->State = HAL_TIM_STATE_READY;
 8005e4a:	2301      	movs	r3, #1
 8005e4c:	f884 303d 	strb.w	r3, [r4, #61]	@ 0x3d
  __HAL_UNLOCK(htim);
 8005e50:	2300      	movs	r3, #0
 8005e52:	f884 303c 	strb.w	r3, [r4, #60]	@ 0x3c
}
 8005e56:	bd10      	pop	{r4, pc}
      TIM_ETR_SetConfig(htim->Instance,
 8005e58:	68cb      	ldr	r3, [r1, #12]
 8005e5a:	684a      	ldr	r2, [r1, #4]
 8005e5c:	6889      	ldr	r1, [r1, #8]
 8005e5e:	6800      	ldr	r0, [r0, #0]
 8005e60:	f7ff ff97 	bl	8005d92 <TIM_ETR_SetConfig>
      htim->Instance->SMCR |= TIM_SMCR_ECE;
 8005e64:	6822      	ldr	r2, [r4, #0]
 8005e66:	6893      	ldr	r3, [r2, #8]
 8005e68:	f443 4380 	orr.w	r3, r3, #16384	@ 0x4000
 8005e6c:	6093      	str	r3, [r2, #8]
  HAL_StatusTypeDef status = HAL_OK;
 8005e6e:	2000      	movs	r0, #0
      break;
 8005e70:	e7eb      	b.n	8005e4a <HAL_TIM_ConfigClockSource+0x9e>
      TIM_TI2_ConfigInputStage(htim->Instance,
 8005e72:	68ca      	ldr	r2, [r1, #12]
 8005e74:	6849      	ldr	r1, [r1, #4]
 8005e76:	6800      	ldr	r0, [r0, #0]
 8005e78:	f7ff fc71 	bl	800575e <TIM_TI2_ConfigInputStage>
      TIM_ITRx_SetConfig(htim->Instance, TIM_CLOCKSOURCE_TI2);
 8005e7c:	2160      	movs	r1, #96	@ 0x60
 8005e7e:	6820      	ldr	r0, [r4, #0]
 8005e80:	f7ff fc81 	bl	8005786 <TIM_ITRx_SetConfig>
  HAL_StatusTypeDef status = HAL_OK;
 8005e84:	2000      	movs	r0, #0
      break;
 8005e86:	e7e0      	b.n	8005e4a <HAL_TIM_ConfigClockSource+0x9e>
      TIM_TI1_ConfigInputStage(htim->Instance,
 8005e88:	68ca      	ldr	r2, [r1, #12]
 8005e8a:	6849      	ldr	r1, [r1, #4]
 8005e8c:	6800      	ldr	r0, [r0, #0]
 8005e8e:	f7ff fc53 	bl	8005738 <TIM_TI1_ConfigInputStage>
      TIM_ITRx_SetConfig(htim->Instance, TIM_CLOCKSOURCE_TI1ED);
 8005e92:	2140      	movs	r1, #64	@ 0x40
 8005e94:	6820      	ldr	r0, [r4, #0]
 8005e96:	f7ff fc76 	bl	8005786 <TIM_ITRx_SetConfig>
  HAL_StatusTypeDef status = HAL_OK;
 8005e9a:	2000      	movs	r0, #0
      break;
 8005e9c:	e7d5      	b.n	8005e4a <HAL_TIM_ConfigClockSource+0x9e>
  switch (sClockSourceConfig->ClockSource)
 8005e9e:	2000      	movs	r0, #0
 8005ea0:	e7d3      	b.n	8005e4a <HAL_TIM_ConfigClockSource+0x9e>
      status = HAL_ERROR;
 8005ea2:	2001      	movs	r0, #1
 8005ea4:	e7d1      	b.n	8005e4a <HAL_TIM_ConfigClockSource+0x9e>
  __HAL_LOCK(htim);
 8005ea6:	2002      	movs	r0, #2
}
 8005ea8:	4770      	bx	lr

08005eaa <TIM_CCxChannelCmd>:

  /* Check the parameters */
  assert_param(IS_TIM_CC1_INSTANCE(TIMx));
  assert_param(IS_TIM_CHANNELS(Channel));

  tmp = TIM_CCER_CC1E << (Channel & 0x1FU); /* 0x1FU = 31 bits max shift */
 8005eaa:	f001 011f 	and.w	r1, r1, #31
 8005eae:	f04f 0c01 	mov.w	ip, #1
 8005eb2:	fa0c fc01 	lsl.w	ip, ip, r1

  /* Reset the CCxE Bit */
  TIMx->CCER &= ~tmp;
 8005eb6:	6a03      	ldr	r3, [r0, #32]
 8005eb8:	ea23 030c 	bic.w	r3, r3, ip
 8005ebc:	6203      	str	r3, [r0, #32]

  /* Set or reset the CCxE Bit */
  TIMx->CCER |= (uint32_t)(ChannelState << (Channel & 0x1FU)); /* 0x1FU = 31 bits max shift */
 8005ebe:	6a03      	ldr	r3, [r0, #32]
 8005ec0:	408a      	lsls	r2, r1
 8005ec2:	4313      	orrs	r3, r2
 8005ec4:	6203      	str	r3, [r0, #32]
}
 8005ec6:	4770      	bx	lr

08005ec8 <HAL_TIM_PWM_Start>:
{
 8005ec8:	b510      	push	{r4, lr}
 8005eca:	4604      	mov	r4, r0
  if (TIM_CHANNEL_STATE_GET(htim, Channel) != HAL_TIM_CHANNEL_STATE_READY)
 8005ecc:	4608      	mov	r0, r1
 8005ece:	2900      	cmp	r1, #0
 8005ed0:	d141      	bne.n	8005f56 <HAL_TIM_PWM_Start+0x8e>
 8005ed2:	f894 303e 	ldrb.w	r3, [r4, #62]	@ 0x3e
 8005ed6:	3b01      	subs	r3, #1
 8005ed8:	bf18      	it	ne
 8005eda:	2301      	movne	r3, #1
 8005edc:	2b00      	cmp	r3, #0
 8005ede:	d16b      	bne.n	8005fb8 <HAL_TIM_PWM_Start+0xf0>
  TIM_CHANNEL_STATE_SET(htim, Channel, HAL_TIM_CHANNEL_STATE_BUSY);
 8005ee0:	2800      	cmp	r0, #0
 8005ee2:	d14e      	bne.n	8005f82 <HAL_TIM_PWM_Start+0xba>
 8005ee4:	2302      	movs	r3, #2
 8005ee6:	f884 303e 	strb.w	r3, [r4, #62]	@ 0x3e
  TIM_CCxChannelCmd(htim->Instance, Channel, TIM_CCx_ENABLE);
 8005eea:	2201      	movs	r2, #1
 8005eec:	4601      	mov	r1, r0
 8005eee:	6820      	ldr	r0, [r4, #0]
 8005ef0:	f7ff ffdb 	bl	8005eaa <TIM_CCxChannelCmd>
  if (IS_TIM_BREAK_INSTANCE(htim->Instance) != RESET)
 8005ef4:	6823      	ldr	r3, [r4, #0]
 8005ef6:	4a32      	ldr	r2, [pc, #200]	@ (8005fc0 <HAL_TIM_PWM_Start+0xf8>)
 8005ef8:	4293      	cmp	r3, r2
 8005efa:	d003      	beq.n	8005f04 <HAL_TIM_PWM_Start+0x3c>
 8005efc:	f502 6280 	add.w	r2, r2, #1024	@ 0x400
 8005f00:	4293      	cmp	r3, r2
 8005f02:	d103      	bne.n	8005f0c <HAL_TIM_PWM_Start+0x44>
    __HAL_TIM_MOE_ENABLE(htim);
 8005f04:	6c5a      	ldr	r2, [r3, #68]	@ 0x44
 8005f06:	f442 4200 	orr.w	r2, r2, #32768	@ 0x8000
 8005f0a:	645a      	str	r2, [r3, #68]	@ 0x44
  if (IS_TIM_SLAVE_INSTANCE(htim->Instance))
 8005f0c:	6823      	ldr	r3, [r4, #0]
 8005f0e:	4a2c      	ldr	r2, [pc, #176]	@ (8005fc0 <HAL_TIM_PWM_Start+0xf8>)
 8005f10:	4293      	cmp	r3, r2
 8005f12:	d046      	beq.n	8005fa2 <HAL_TIM_PWM_Start+0xda>
 8005f14:	f1b3 4f80 	cmp.w	r3, #1073741824	@ 0x40000000
 8005f18:	d043      	beq.n	8005fa2 <HAL_TIM_PWM_Start+0xda>
 8005f1a:	f5a2 427c 	sub.w	r2, r2, #64512	@ 0xfc00
 8005f1e:	4293      	cmp	r3, r2
 8005f20:	d03f      	beq.n	8005fa2 <HAL_TIM_PWM_Start+0xda>
 8005f22:	f502 6280 	add.w	r2, r2, #1024	@ 0x400
 8005f26:	4293      	cmp	r3, r2
 8005f28:	d03b      	beq.n	8005fa2 <HAL_TIM_PWM_Start+0xda>
 8005f2a:	f502 6280 	add.w	r2, r2, #1024	@ 0x400
 8005f2e:	4293      	cmp	r3, r2
 8005f30:	d037      	beq.n	8005fa2 <HAL_TIM_PWM_Start+0xda>
 8005f32:	f502 4278 	add.w	r2, r2, #63488	@ 0xf800
 8005f36:	4293      	cmp	r3, r2
 8005f38:	d033      	beq.n	8005fa2 <HAL_TIM_PWM_Start+0xda>
 8005f3a:	f502 5270 	add.w	r2, r2, #15360	@ 0x3c00
 8005f3e:	4293      	cmp	r3, r2
 8005f40:	d02f      	beq.n	8005fa2 <HAL_TIM_PWM_Start+0xda>
 8005f42:	f5a2 3294 	sub.w	r2, r2, #75776	@ 0x12800
 8005f46:	4293      	cmp	r3, r2
 8005f48:	d02b      	beq.n	8005fa2 <HAL_TIM_PWM_Start+0xda>
    __HAL_TIM_ENABLE(htim);
 8005f4a:	681a      	ldr	r2, [r3, #0]
 8005f4c:	f042 0201 	orr.w	r2, r2, #1
 8005f50:	601a      	str	r2, [r3, #0]
  return HAL_OK;
 8005f52:	2000      	movs	r0, #0
 8005f54:	e02f      	b.n	8005fb6 <HAL_TIM_PWM_Start+0xee>
  if (TIM_CHANNEL_STATE_GET(htim, Channel) != HAL_TIM_CHANNEL_STATE_READY)
 8005f56:	2904      	cmp	r1, #4
 8005f58:	d007      	beq.n	8005f6a <HAL_TIM_PWM_Start+0xa2>
 8005f5a:	2908      	cmp	r1, #8
 8005f5c:	d00b      	beq.n	8005f76 <HAL_TIM_PWM_Start+0xae>
 8005f5e:	f894 3041 	ldrb.w	r3, [r4, #65]	@ 0x41
 8005f62:	3b01      	subs	r3, #1
 8005f64:	bf18      	it	ne
 8005f66:	2301      	movne	r3, #1
 8005f68:	e7b8      	b.n	8005edc <HAL_TIM_PWM_Start+0x14>
 8005f6a:	f894 303f 	ldrb.w	r3, [r4, #63]	@ 0x3f
 8005f6e:	3b01      	subs	r3, #1
 8005f70:	bf18      	it	ne
 8005f72:	2301      	movne	r3, #1
 8005f74:	e7b2      	b.n	8005edc <HAL_TIM_PWM_Start+0x14>
 8005f76:	f894 3040 	ldrb.w	r3, [r4, #64]	@ 0x40
 8005f7a:	3b01      	subs	r3, #1
 8005f7c:	bf18      	it	ne
 8005f7e:	2301      	movne	r3, #1
 8005f80:	e7ac      	b.n	8005edc <HAL_TIM_PWM_Start+0x14>
  TIM_CHANNEL_STATE_SET(htim, Channel, HAL_TIM_CHANNEL_STATE_BUSY);
 8005f82:	2804      	cmp	r0, #4
 8005f84:	d005      	beq.n	8005f92 <HAL_TIM_PWM_Start+0xca>
 8005f86:	2808      	cmp	r0, #8
 8005f88:	d007      	beq.n	8005f9a <HAL_TIM_PWM_Start+0xd2>
 8005f8a:	2302      	movs	r3, #2
 8005f8c:	f884 3041 	strb.w	r3, [r4, #65]	@ 0x41
 8005f90:	e7ab      	b.n	8005eea <HAL_TIM_PWM_Start+0x22>
 8005f92:	2302      	movs	r3, #2
 8005f94:	f884 303f 	strb.w	r3, [r4, #63]	@ 0x3f
 8005f98:	e7a7      	b.n	8005eea <HAL_TIM_PWM_Start+0x22>
 8005f9a:	2302      	movs	r3, #2
 8005f9c:	f884 3040 	strb.w	r3, [r4, #64]	@ 0x40
 8005fa0:	e7a3      	b.n	8005eea <HAL_TIM_PWM_Start+0x22>
    tmpsmcr = htim->Instance->SMCR & TIM_SMCR_SMS;
 8005fa2:	689a      	ldr	r2, [r3, #8]
 8005fa4:	f002 0207 	and.w	r2, r2, #7
    if (!IS_TIM_SLAVEMODE_TRIGGER_ENABLED(tmpsmcr))
 8005fa8:	2a06      	cmp	r2, #6
 8005faa:	d007      	beq.n	8005fbc <HAL_TIM_PWM_Start+0xf4>
      __HAL_TIM_ENABLE(htim);
 8005fac:	681a      	ldr	r2, [r3, #0]
 8005fae:	f042 0201 	orr.w	r2, r2, #1
 8005fb2:	601a      	str	r2, [r3, #0]
  return HAL_OK;
 8005fb4:	2000      	movs	r0, #0
}
 8005fb6:	bd10      	pop	{r4, pc}
    return HAL_ERROR;
 8005fb8:	2001      	movs	r0, #1
 8005fba:	e7fc      	b.n	8005fb6 <HAL_TIM_PWM_Start+0xee>
  return HAL_OK;
 8005fbc:	2000      	movs	r0, #0
 8005fbe:	e7fa      	b.n	8005fb6 <HAL_TIM_PWM_Start+0xee>
 8005fc0:	40010000 	.word	0x40010000

08005fc4 <HAL_TIM_PWM_Start_DMA>:
{
 8005fc4:	b570      	push	{r4, r5, r6, lr}
 8005fc6:	4604      	mov	r4, r0
 8005fc8:	4616      	mov	r6, r2
  if (TIM_CHANNEL_STATE_GET(htim, Channel) == HAL_TIM_CHANNEL_STATE_BUSY)
 8005fca:	460d      	mov	r5, r1
 8005fcc:	2900      	cmp	r1, #0
 8005fce:	d175      	bne.n	80060bc <HAL_TIM_PWM_Start_DMA+0xf8>
 8005fd0:	f890 003e 	ldrb.w	r0, [r0, #62]	@ 0x3e
 8005fd4:	2802      	cmp	r0, #2
 8005fd6:	bf14      	ite	ne
 8005fd8:	2000      	movne	r0, #0
 8005fda:	2001      	moveq	r0, #1
 8005fdc:	2800      	cmp	r0, #0
 8005fde:	f040 811a 	bne.w	8006216 <HAL_TIM_PWM_Start_DMA+0x252>
  else if (TIM_CHANNEL_STATE_GET(htim, Channel) == HAL_TIM_CHANNEL_STATE_READY)
 8005fe2:	2d00      	cmp	r5, #0
 8005fe4:	f040 8083 	bne.w	80060ee <HAL_TIM_PWM_Start_DMA+0x12a>
 8005fe8:	f894 203e 	ldrb.w	r2, [r4, #62]	@ 0x3e
 8005fec:	2a01      	cmp	r2, #1
 8005fee:	bf14      	ite	ne
 8005ff0:	2200      	movne	r2, #0
 8005ff2:	2201      	moveq	r2, #1
 8005ff4:	2a00      	cmp	r2, #0
 8005ff6:	f000 8110 	beq.w	800621a <HAL_TIM_PWM_Start_DMA+0x256>
    if ((pData == NULL) || (Length == 0U))
 8005ffa:	2e00      	cmp	r6, #0
 8005ffc:	f000 810f 	beq.w	800621e <HAL_TIM_PWM_Start_DMA+0x25a>
 8006000:	2b00      	cmp	r3, #0
 8006002:	f000 810e 	beq.w	8006222 <HAL_TIM_PWM_Start_DMA+0x25e>
      TIM_CHANNEL_STATE_SET(htim, Channel, HAL_TIM_CHANNEL_STATE_BUSY);
 8006006:	2d00      	cmp	r5, #0
 8006008:	f040 808a 	bne.w	8006120 <HAL_TIM_PWM_Start_DMA+0x15c>
 800600c:	2202      	movs	r2, #2
 800600e:	f884 203e 	strb.w	r2, [r4, #62]	@ 0x3e
      htim->hdma[TIM_DMA_ID_CC1]->XferCpltCallback = TIM_DMADelayPulseCplt;
 8006012:	6a62      	ldr	r2, [r4, #36]	@ 0x24
 8006014:	498a      	ldr	r1, [pc, #552]	@ (8006240 <HAL_TIM_PWM_Start_DMA+0x27c>)
 8006016:	63d1      	str	r1, [r2, #60]	@ 0x3c
      htim->hdma[TIM_DMA_ID_CC1]->XferHalfCpltCallback = TIM_DMADelayPulseHalfCplt;
 8006018:	6a62      	ldr	r2, [r4, #36]	@ 0x24
 800601a:	498a      	ldr	r1, [pc, #552]	@ (8006244 <HAL_TIM_PWM_Start_DMA+0x280>)
 800601c:	6411      	str	r1, [r2, #64]	@ 0x40
      htim->hdma[TIM_DMA_ID_CC1]->XferErrorCallback = TIM_DMAError ;
 800601e:	6a62      	ldr	r2, [r4, #36]	@ 0x24
 8006020:	4989      	ldr	r1, [pc, #548]	@ (8006248 <HAL_TIM_PWM_Start_DMA+0x284>)
 8006022:	64d1      	str	r1, [r2, #76]	@ 0x4c
      if (HAL_DMA_Start_IT(htim->hdma[TIM_DMA_ID_CC1], (uint32_t)pData, (uint32_t)&htim->Instance->CCR1,
 8006024:	6822      	ldr	r2, [r4, #0]
 8006026:	3234      	adds	r2, #52	@ 0x34
 8006028:	4631      	mov	r1, r6
 800602a:	6a60      	ldr	r0, [r4, #36]	@ 0x24
 800602c:	f7fc f876 	bl	800211c <HAL_DMA_Start_IT>
 8006030:	2800      	cmp	r0, #0
 8006032:	f040 80fa 	bne.w	800622a <HAL_TIM_PWM_Start_DMA+0x266>
      __HAL_TIM_ENABLE_DMA(htim, TIM_DMA_CC1);
 8006036:	6822      	ldr	r2, [r4, #0]
 8006038:	68d3      	ldr	r3, [r2, #12]
 800603a:	f443 7300 	orr.w	r3, r3, #512	@ 0x200
 800603e:	60d3      	str	r3, [r2, #12]
    TIM_CCxChannelCmd(htim->Instance, Channel, TIM_CCx_ENABLE);
 8006040:	2201      	movs	r2, #1
 8006042:	4629      	mov	r1, r5
 8006044:	6820      	ldr	r0, [r4, #0]
 8006046:	f7ff ff30 	bl	8005eaa <TIM_CCxChannelCmd>
    if (IS_TIM_BREAK_INSTANCE(htim->Instance) != RESET)
 800604a:	6823      	ldr	r3, [r4, #0]
 800604c:	4a7f      	ldr	r2, [pc, #508]	@ (800624c <HAL_TIM_PWM_Start_DMA+0x288>)
 800604e:	4293      	cmp	r3, r2
 8006050:	d003      	beq.n	800605a <HAL_TIM_PWM_Start_DMA+0x96>
 8006052:	f502 6280 	add.w	r2, r2, #1024	@ 0x400
 8006056:	4293      	cmp	r3, r2
 8006058:	d103      	bne.n	8006062 <HAL_TIM_PWM_Start_DMA+0x9e>
      __HAL_TIM_MOE_ENABLE(htim);
 800605a:	6c5a      	ldr	r2, [r3, #68]	@ 0x44
 800605c:	f442 4200 	orr.w	r2, r2, #32768	@ 0x8000
 8006060:	645a      	str	r2, [r3, #68]	@ 0x44
    if (IS_TIM_SLAVE_INSTANCE(htim->Instance))
 8006062:	6823      	ldr	r3, [r4, #0]
 8006064:	4a79      	ldr	r2, [pc, #484]	@ (800624c <HAL_TIM_PWM_Start_DMA+0x288>)
 8006066:	4293      	cmp	r3, r2
 8006068:	f000 80ca 	beq.w	8006200 <HAL_TIM_PWM_Start_DMA+0x23c>
 800606c:	f1b3 4f80 	cmp.w	r3, #1073741824	@ 0x40000000
 8006070:	f000 80c6 	beq.w	8006200 <HAL_TIM_PWM_Start_DMA+0x23c>
 8006074:	f5a2 427c 	sub.w	r2, r2, #64512	@ 0xfc00
 8006078:	4293      	cmp	r3, r2
 800607a:	f000 80c1 	beq.w	8006200 <HAL_TIM_PWM_Start_DMA+0x23c>
 800607e:	f502 6280 	add.w	r2, r2, #1024	@ 0x400
 8006082:	4293      	cmp	r3, r2
 8006084:	f000 80bc 	beq.w	8006200 <HAL_TIM_PWM_Start_DMA+0x23c>
 8006088:	f502 6280 	add.w	r2, r2, #1024	@ 0x400
 800608c:	4293      	cmp	r3, r2
 800608e:	f000 80b7 	beq.w	8006200 <HAL_TIM_PWM_Start_DMA+0x23c>
 8006092:	f502 4278 	add.w	r2, r2, #63488	@ 0xf800
 8006096:	4293      	cmp	r3, r2
 8006098:	f000 80b2 	beq.w	8006200 <HAL_TIM_PWM_Start_DMA+0x23c>
 800609c:	f502 5270 	add.w	r2, r2, #15360	@ 0x3c00
 80060a0:	4293      	cmp	r3, r2
 80060a2:	f000 80ad 	beq.w	8006200 <HAL_TIM_PWM_Start_DMA+0x23c>
 80060a6:	f5a2 3294 	sub.w	r2, r2, #75776	@ 0x12800
 80060aa:	4293      	cmp	r3, r2
 80060ac:	f000 80a8 	beq.w	8006200 <HAL_TIM_PWM_Start_DMA+0x23c>
      __HAL_TIM_ENABLE(htim);
 80060b0:	681a      	ldr	r2, [r3, #0]
 80060b2:	f042 0201 	orr.w	r2, r2, #1
 80060b6:	601a      	str	r2, [r3, #0]
 80060b8:	2000      	movs	r0, #0
 80060ba:	e0af      	b.n	800621c <HAL_TIM_PWM_Start_DMA+0x258>
  if (TIM_CHANNEL_STATE_GET(htim, Channel) == HAL_TIM_CHANNEL_STATE_BUSY)
 80060bc:	2904      	cmp	r1, #4
 80060be:	d008      	beq.n	80060d2 <HAL_TIM_PWM_Start_DMA+0x10e>
 80060c0:	2908      	cmp	r1, #8
 80060c2:	d00d      	beq.n	80060e0 <HAL_TIM_PWM_Start_DMA+0x11c>
 80060c4:	f890 0041 	ldrb.w	r0, [r0, #65]	@ 0x41
 80060c8:	2802      	cmp	r0, #2
 80060ca:	bf14      	ite	ne
 80060cc:	2000      	movne	r0, #0
 80060ce:	2001      	moveq	r0, #1
 80060d0:	e784      	b.n	8005fdc <HAL_TIM_PWM_Start_DMA+0x18>
 80060d2:	f890 003f 	ldrb.w	r0, [r0, #63]	@ 0x3f
 80060d6:	2802      	cmp	r0, #2
 80060d8:	bf14      	ite	ne
 80060da:	2000      	movne	r0, #0
 80060dc:	2001      	moveq	r0, #1
 80060de:	e77d      	b.n	8005fdc <HAL_TIM_PWM_Start_DMA+0x18>
 80060e0:	f890 0040 	ldrb.w	r0, [r0, #64]	@ 0x40
 80060e4:	2802      	cmp	r0, #2
 80060e6:	bf14      	ite	ne
 80060e8:	2000      	movne	r0, #0
 80060ea:	2001      	moveq	r0, #1
 80060ec:	e776      	b.n	8005fdc <HAL_TIM_PWM_Start_DMA+0x18>
  else if (TIM_CHANNEL_STATE_GET(htim, Channel) == HAL_TIM_CHANNEL_STATE_READY)
 80060ee:	2d04      	cmp	r5, #4
 80060f0:	d008      	beq.n	8006104 <HAL_TIM_PWM_Start_DMA+0x140>
 80060f2:	2d08      	cmp	r5, #8
 80060f4:	d00d      	beq.n	8006112 <HAL_TIM_PWM_Start_DMA+0x14e>
 80060f6:	f894 2041 	ldrb.w	r2, [r4, #65]	@ 0x41
 80060fa:	2a01      	cmp	r2, #1
 80060fc:	bf14      	ite	ne
 80060fe:	2200      	movne	r2, #0
 8006100:	2201      	moveq	r2, #1
 8006102:	e777      	b.n	8005ff4 <HAL_TIM_PWM_Start_DMA+0x30>
 8006104:	f894 203f 	ldrb.w	r2, [r4, #63]	@ 0x3f
 8006108:	2a01      	cmp	r2, #1
 800610a:	bf14      	ite	ne
 800610c:	2200      	movne	r2, #0
 800610e:	2201      	moveq	r2, #1
 8006110:	e770      	b.n	8005ff4 <HAL_TIM_PWM_Start_DMA+0x30>
 8006112:	f894 2040 	ldrb.w	r2, [r4, #64]	@ 0x40
 8006116:	2a01      	cmp	r2, #1
 8006118:	bf14      	ite	ne
 800611a:	2200      	movne	r2, #0
 800611c:	2201      	moveq	r2, #1
 800611e:	e769      	b.n	8005ff4 <HAL_TIM_PWM_Start_DMA+0x30>
      TIM_CHANNEL_STATE_SET(htim, Channel, HAL_TIM_CHANNEL_STATE_BUSY);
 8006120:	2d04      	cmp	r5, #4
 8006122:	d023      	beq.n	800616c <HAL_TIM_PWM_Start_DMA+0x1a8>
 8006124:	2d08      	cmp	r5, #8
 8006126:	d03b      	beq.n	80061a0 <HAL_TIM_PWM_Start_DMA+0x1dc>
 8006128:	2202      	movs	r2, #2
 800612a:	f884 2041 	strb.w	r2, [r4, #65]	@ 0x41
  switch (Channel)
 800612e:	2d0c      	cmp	r5, #12
 8006130:	d879      	bhi.n	8006226 <HAL_TIM_PWM_Start_DMA+0x262>
 8006132:	a201      	add	r2, pc, #4	@ (adr r2, 8006138 <HAL_TIM_PWM_Start_DMA+0x174>)
 8006134:	f852 f025 	ldr.w	pc, [r2, r5, lsl #2]
 8006138:	08006013 	.word	0x08006013
 800613c:	08006227 	.word	0x08006227
 8006140:	08006227 	.word	0x08006227
 8006144:	08006227 	.word	0x08006227
 8006148:	08006173 	.word	0x08006173
 800614c:	08006227 	.word	0x08006227
 8006150:	08006227 	.word	0x08006227
 8006154:	08006227 	.word	0x08006227
 8006158:	080061a7 	.word	0x080061a7
 800615c:	08006227 	.word	0x08006227
 8006160:	08006227 	.word	0x08006227
 8006164:	08006227 	.word	0x08006227
 8006168:	080061d5 	.word	0x080061d5
      TIM_CHANNEL_STATE_SET(htim, Channel, HAL_TIM_CHANNEL_STATE_BUSY);
 800616c:	2202      	movs	r2, #2
 800616e:	f884 203f 	strb.w	r2, [r4, #63]	@ 0x3f
      htim->hdma[TIM_DMA_ID_CC2]->XferCpltCallback = TIM_DMADelayPulseCplt;
 8006172:	6aa2      	ldr	r2, [r4, #40]	@ 0x28
 8006174:	4932      	ldr	r1, [pc, #200]	@ (8006240 <HAL_TIM_PWM_Start_DMA+0x27c>)
 8006176:	63d1      	str	r1, [r2, #60]	@ 0x3c
      htim->hdma[TIM_DMA_ID_CC2]->XferHalfCpltCallback = TIM_DMADelayPulseHalfCplt;
 8006178:	6aa2      	ldr	r2, [r4, #40]	@ 0x28
 800617a:	4932      	ldr	r1, [pc, #200]	@ (8006244 <HAL_TIM_PWM_Start_DMA+0x280>)
 800617c:	6411      	str	r1, [r2, #64]	@ 0x40
      htim->hdma[TIM_DMA_ID_CC2]->XferErrorCallback = TIM_DMAError ;
 800617e:	6aa2      	ldr	r2, [r4, #40]	@ 0x28
 8006180:	4931      	ldr	r1, [pc, #196]	@ (8006248 <HAL_TIM_PWM_Start_DMA+0x284>)
 8006182:	64d1      	str	r1, [r2, #76]	@ 0x4c
      if (HAL_DMA_Start_IT(htim->hdma[TIM_DMA_ID_CC2], (uint32_t)pData, (uint32_t)&htim->Instance->CCR2,
 8006184:	6822      	ldr	r2, [r4, #0]
 8006186:	3238      	adds	r2, #56	@ 0x38
 8006188:	4631      	mov	r1, r6
 800618a:	6aa0      	ldr	r0, [r4, #40]	@ 0x28
 800618c:	f7fb ffc6 	bl	800211c <HAL_DMA_Start_IT>
 8006190:	2800      	cmp	r0, #0
 8006192:	d14c      	bne.n	800622e <HAL_TIM_PWM_Start_DMA+0x26a>
      __HAL_TIM_ENABLE_DMA(htim, TIM_DMA_CC2);
 8006194:	6822      	ldr	r2, [r4, #0]
 8006196:	68d3      	ldr	r3, [r2, #12]
 8006198:	f443 6380 	orr.w	r3, r3, #1024	@ 0x400
 800619c:	60d3      	str	r3, [r2, #12]
  if (status == HAL_OK)
 800619e:	e74f      	b.n	8006040 <HAL_TIM_PWM_Start_DMA+0x7c>
      TIM_CHANNEL_STATE_SET(htim, Channel, HAL_TIM_CHANNEL_STATE_BUSY);
 80061a0:	2202      	movs	r2, #2
 80061a2:	f884 2040 	strb.w	r2, [r4, #64]	@ 0x40
      htim->hdma[TIM_DMA_ID_CC3]->XferCpltCallback = TIM_DMADelayPulseCplt;
 80061a6:	6ae2      	ldr	r2, [r4, #44]	@ 0x2c
 80061a8:	4925      	ldr	r1, [pc, #148]	@ (8006240 <HAL_TIM_PWM_Start_DMA+0x27c>)
 80061aa:	63d1      	str	r1, [r2, #60]	@ 0x3c
      htim->hdma[TIM_DMA_ID_CC3]->XferHalfCpltCallback = TIM_DMADelayPulseHalfCplt;
 80061ac:	6ae2      	ldr	r2, [r4, #44]	@ 0x2c
 80061ae:	4925      	ldr	r1, [pc, #148]	@ (8006244 <HAL_TIM_PWM_Start_DMA+0x280>)
 80061b0:	6411      	str	r1, [r2, #64]	@ 0x40
      htim->hdma[TIM_DMA_ID_CC3]->XferErrorCallback = TIM_DMAError ;
 80061b2:	6ae2      	ldr	r2, [r4, #44]	@ 0x2c
 80061b4:	4924      	ldr	r1, [pc, #144]	@ (8006248 <HAL_TIM_PWM_Start_DMA+0x284>)
 80061b6:	64d1      	str	r1, [r2, #76]	@ 0x4c
      if (HAL_DMA_Start_IT(htim->hdma[TIM_DMA_ID_CC3], (uint32_t)pData, (uint32_t)&htim->Instance->CCR3,
 80061b8:	6822      	ldr	r2, [r4, #0]
 80061ba:	323c      	adds	r2, #60	@ 0x3c
 80061bc:	4631      	mov	r1, r6
 80061be:	6ae0      	ldr	r0, [r4, #44]	@ 0x2c
 80061c0:	f7fb ffac 	bl	800211c <HAL_DMA_Start_IT>
 80061c4:	2800      	cmp	r0, #0
 80061c6:	d134      	bne.n	8006232 <HAL_TIM_PWM_Start_DMA+0x26e>
      __HAL_TIM_ENABLE_DMA(htim, TIM_DMA_CC3);
 80061c8:	6822      	ldr	r2, [r4, #0]
 80061ca:	68d3      	ldr	r3, [r2, #12]
 80061cc:	f443 6300 	orr.w	r3, r3, #2048	@ 0x800
 80061d0:	60d3      	str	r3, [r2, #12]
  if (status == HAL_OK)
 80061d2:	e735      	b.n	8006040 <HAL_TIM_PWM_Start_DMA+0x7c>
      htim->hdma[TIM_DMA_ID_CC4]->XferCpltCallback = TIM_DMADelayPulseCplt;
 80061d4:	6b22      	ldr	r2, [r4, #48]	@ 0x30
 80061d6:	491a      	ldr	r1, [pc, #104]	@ (8006240 <HAL_TIM_PWM_Start_DMA+0x27c>)
 80061d8:	63d1      	str	r1, [r2, #60]	@ 0x3c
      htim->hdma[TIM_DMA_ID_CC4]->XferHalfCpltCallback = TIM_DMADelayPulseHalfCplt;
 80061da:	6b22      	ldr	r2, [r4, #48]	@ 0x30
 80061dc:	4919      	ldr	r1, [pc, #100]	@ (8006244 <HAL_TIM_PWM_Start_DMA+0x280>)
 80061de:	6411      	str	r1, [r2, #64]	@ 0x40
      htim->hdma[TIM_DMA_ID_CC4]->XferErrorCallback = TIM_DMAError ;
 80061e0:	6b22      	ldr	r2, [r4, #48]	@ 0x30
 80061e2:	4919      	ldr	r1, [pc, #100]	@ (8006248 <HAL_TIM_PWM_Start_DMA+0x284>)
 80061e4:	64d1      	str	r1, [r2, #76]	@ 0x4c
      if (HAL_DMA_Start_IT(htim->hdma[TIM_DMA_ID_CC4], (uint32_t)pData, (uint32_t)&htim->Instance->CCR4,
 80061e6:	6822      	ldr	r2, [r4, #0]
 80061e8:	3240      	adds	r2, #64	@ 0x40
 80061ea:	4631      	mov	r1, r6
 80061ec:	6b20      	ldr	r0, [r4, #48]	@ 0x30
 80061ee:	f7fb ff95 	bl	800211c <HAL_DMA_Start_IT>
 80061f2:	bb00      	cbnz	r0, 8006236 <HAL_TIM_PWM_Start_DMA+0x272>
      __HAL_TIM_ENABLE_DMA(htim, TIM_DMA_CC4);
 80061f4:	6822      	ldr	r2, [r4, #0]
 80061f6:	68d3      	ldr	r3, [r2, #12]
 80061f8:	f443 5380 	orr.w	r3, r3, #4096	@ 0x1000
 80061fc:	60d3      	str	r3, [r2, #12]
  if (status == HAL_OK)
 80061fe:	e71f      	b.n	8006040 <HAL_TIM_PWM_Start_DMA+0x7c>
      tmpsmcr = htim->Instance->SMCR & TIM_SMCR_SMS;
 8006200:	689a      	ldr	r2, [r3, #8]
 8006202:	f002 0207 	and.w	r2, r2, #7
      if (!IS_TIM_SLAVEMODE_TRIGGER_ENABLED(tmpsmcr))
 8006206:	2a06      	cmp	r2, #6
 8006208:	d017      	beq.n	800623a <HAL_TIM_PWM_Start_DMA+0x276>
        __HAL_TIM_ENABLE(htim);
 800620a:	681a      	ldr	r2, [r3, #0]
 800620c:	f042 0201 	orr.w	r2, r2, #1
 8006210:	601a      	str	r2, [r3, #0]
 8006212:	2000      	movs	r0, #0
 8006214:	e002      	b.n	800621c <HAL_TIM_PWM_Start_DMA+0x258>
    return HAL_BUSY;
 8006216:	2002      	movs	r0, #2
 8006218:	e000      	b.n	800621c <HAL_TIM_PWM_Start_DMA+0x258>
    return HAL_ERROR;
 800621a:	2001      	movs	r0, #1
}
 800621c:	bd70      	pop	{r4, r5, r6, pc}
      return HAL_ERROR;
 800621e:	2001      	movs	r0, #1
 8006220:	e7fc      	b.n	800621c <HAL_TIM_PWM_Start_DMA+0x258>
 8006222:	2001      	movs	r0, #1
 8006224:	e7fa      	b.n	800621c <HAL_TIM_PWM_Start_DMA+0x258>
  switch (Channel)
 8006226:	2001      	movs	r0, #1
 8006228:	e7f8      	b.n	800621c <HAL_TIM_PWM_Start_DMA+0x258>
        return HAL_ERROR;
 800622a:	2001      	movs	r0, #1
 800622c:	e7f6      	b.n	800621c <HAL_TIM_PWM_Start_DMA+0x258>
        return HAL_ERROR;
 800622e:	2001      	movs	r0, #1
 8006230:	e7f4      	b.n	800621c <HAL_TIM_PWM_Start_DMA+0x258>
        return HAL_ERROR;
 8006232:	2001      	movs	r0, #1
 8006234:	e7f2      	b.n	800621c <HAL_TIM_PWM_Start_DMA+0x258>
        return HAL_ERROR;
 8006236:	2001      	movs	r0, #1
 8006238:	e7f0      	b.n	800621c <HAL_TIM_PWM_Start_DMA+0x258>
 800623a:	2000      	movs	r0, #0
 800623c:	e7ee      	b.n	800621c <HAL_TIM_PWM_Start_DMA+0x258>
 800623e:	bf00      	nop
 8006240:	080057a1 	.word	0x080057a1
 8006244:	08005813 	.word	0x08005813
 8006248:	080059b3 	.word	0x080059b3
 800624c:	40010000 	.word	0x40010000

08006250 <HAL_TIM_PWM_Stop_DMA>:
{
 8006250:	b538      	push	{r3, r4, r5, lr}
 8006252:	4605      	mov	r5, r0
 8006254:	460c      	mov	r4, r1
  switch (Channel)
 8006256:	290c      	cmp	r1, #12
 8006258:	d870      	bhi.n	800633c <HAL_TIM_PWM_Stop_DMA+0xec>
 800625a:	e8df f001 	tbb	[pc, r1]
 800625e:	6f07      	.short	0x6f07
 8006260:	6f326f6f 	.word	0x6f326f6f
 8006264:	6f3b6f6f 	.word	0x6f3b6f6f
 8006268:	6f6f      	.short	0x6f6f
 800626a:	44          	.byte	0x44
 800626b:	00          	.byte	0x00
      __HAL_TIM_DISABLE_DMA(htim, TIM_DMA_CC1);
 800626c:	6802      	ldr	r2, [r0, #0]
 800626e:	68d3      	ldr	r3, [r2, #12]
 8006270:	f423 7300 	bic.w	r3, r3, #512	@ 0x200
 8006274:	60d3      	str	r3, [r2, #12]
      (void)HAL_DMA_Abort_IT(htim->hdma[TIM_DMA_ID_CC1]);
 8006276:	6a40      	ldr	r0, [r0, #36]	@ 0x24
 8006278:	f7fb ff84 	bl	8002184 <HAL_DMA_Abort_IT>
    TIM_CCxChannelCmd(htim->Instance, Channel, TIM_CCx_DISABLE);
 800627c:	2200      	movs	r2, #0
 800627e:	4621      	mov	r1, r4
 8006280:	6828      	ldr	r0, [r5, #0]
 8006282:	f7ff fe12 	bl	8005eaa <TIM_CCxChannelCmd>
    if (IS_TIM_BREAK_INSTANCE(htim->Instance) != RESET)
 8006286:	682b      	ldr	r3, [r5, #0]
 8006288:	4a2d      	ldr	r2, [pc, #180]	@ (8006340 <HAL_TIM_PWM_Stop_DMA+0xf0>)
 800628a:	4293      	cmp	r3, r2
 800628c:	d034      	beq.n	80062f8 <HAL_TIM_PWM_Stop_DMA+0xa8>
 800628e:	f502 6280 	add.w	r2, r2, #1024	@ 0x400
 8006292:	4293      	cmp	r3, r2
 8006294:	d030      	beq.n	80062f8 <HAL_TIM_PWM_Stop_DMA+0xa8>
    __HAL_TIM_DISABLE(htim);
 8006296:	682b      	ldr	r3, [r5, #0]
 8006298:	6a19      	ldr	r1, [r3, #32]
 800629a:	f241 1211 	movw	r2, #4369	@ 0x1111
 800629e:	4211      	tst	r1, r2
 80062a0:	d108      	bne.n	80062b4 <HAL_TIM_PWM_Stop_DMA+0x64>
 80062a2:	6a19      	ldr	r1, [r3, #32]
 80062a4:	f240 4244 	movw	r2, #1092	@ 0x444
 80062a8:	4211      	tst	r1, r2
 80062aa:	d103      	bne.n	80062b4 <HAL_TIM_PWM_Stop_DMA+0x64>
 80062ac:	681a      	ldr	r2, [r3, #0]
 80062ae:	f022 0201 	bic.w	r2, r2, #1
 80062b2:	601a      	str	r2, [r3, #0]
    TIM_CHANNEL_STATE_SET(htim, Channel, HAL_TIM_CHANNEL_STATE_READY);
 80062b4:	2c00      	cmp	r4, #0
 80062b6:	d12e      	bne.n	8006316 <HAL_TIM_PWM_Stop_DMA+0xc6>
 80062b8:	2301      	movs	r3, #1
 80062ba:	f885 303e 	strb.w	r3, [r5, #62]	@ 0x3e
 80062be:	2000      	movs	r0, #0
 80062c0:	e03d      	b.n	800633e <HAL_TIM_PWM_Stop_DMA+0xee>
      __HAL_TIM_DISABLE_DMA(htim, TIM_DMA_CC2);
 80062c2:	6802      	ldr	r2, [r0, #0]
 80062c4:	68d3      	ldr	r3, [r2, #12]
 80062c6:	f423 6380 	bic.w	r3, r3, #1024	@ 0x400
 80062ca:	60d3      	str	r3, [r2, #12]
      (void)HAL_DMA_Abort_IT(htim->hdma[TIM_DMA_ID_CC2]);
 80062cc:	6a80      	ldr	r0, [r0, #40]	@ 0x28
 80062ce:	f7fb ff59 	bl	8002184 <HAL_DMA_Abort_IT>
  if (status == HAL_OK)
 80062d2:	e7d3      	b.n	800627c <HAL_TIM_PWM_Stop_DMA+0x2c>
      __HAL_TIM_DISABLE_DMA(htim, TIM_DMA_CC3);
 80062d4:	6802      	ldr	r2, [r0, #0]
 80062d6:	68d3      	ldr	r3, [r2, #12]
 80062d8:	f423 6300 	bic.w	r3, r3, #2048	@ 0x800
 80062dc:	60d3      	str	r3, [r2, #12]
      (void)HAL_DMA_Abort_IT(htim->hdma[TIM_DMA_ID_CC3]);
 80062de:	6ac0      	ldr	r0, [r0, #44]	@ 0x2c
 80062e0:	f7fb ff50 	bl	8002184 <HAL_DMA_Abort_IT>
  if (status == HAL_OK)
 80062e4:	e7ca      	b.n	800627c <HAL_TIM_PWM_Stop_DMA+0x2c>
      __HAL_TIM_DISABLE_DMA(htim, TIM_DMA_CC4);
 80062e6:	6802      	ldr	r2, [r0, #0]
 80062e8:	68d3      	ldr	r3, [r2, #12]
 80062ea:	f423 5380 	bic.w	r3, r3, #4096	@ 0x1000
 80062ee:	60d3      	str	r3, [r2, #12]
      (void)HAL_DMA_Abort_IT(htim->hdma[TIM_DMA_ID_CC4]);
 80062f0:	6b00      	ldr	r0, [r0, #48]	@ 0x30
 80062f2:	f7fb ff47 	bl	8002184 <HAL_DMA_Abort_IT>
  if (status == HAL_OK)
 80062f6:	e7c1      	b.n	800627c <HAL_TIM_PWM_Stop_DMA+0x2c>
      __HAL_TIM_MOE_DISABLE(htim);
 80062f8:	6a19      	ldr	r1, [r3, #32]
 80062fa:	f241 1211 	movw	r2, #4369	@ 0x1111
 80062fe:	4211      	tst	r1, r2
 8006300:	d1c9      	bne.n	8006296 <HAL_TIM_PWM_Stop_DMA+0x46>
 8006302:	6a19      	ldr	r1, [r3, #32]
 8006304:	f240 4244 	movw	r2, #1092	@ 0x444
 8006308:	4211      	tst	r1, r2
 800630a:	d1c4      	bne.n	8006296 <HAL_TIM_PWM_Stop_DMA+0x46>
 800630c:	6c5a      	ldr	r2, [r3, #68]	@ 0x44
 800630e:	f422 4200 	bic.w	r2, r2, #32768	@ 0x8000
 8006312:	645a      	str	r2, [r3, #68]	@ 0x44
 8006314:	e7bf      	b.n	8006296 <HAL_TIM_PWM_Stop_DMA+0x46>
    TIM_CHANNEL_STATE_SET(htim, Channel, HAL_TIM_CHANNEL_STATE_READY);
 8006316:	2c04      	cmp	r4, #4
 8006318:	d006      	beq.n	8006328 <HAL_TIM_PWM_Stop_DMA+0xd8>
 800631a:	2c08      	cmp	r4, #8
 800631c:	d009      	beq.n	8006332 <HAL_TIM_PWM_Stop_DMA+0xe2>
 800631e:	2301      	movs	r3, #1
 8006320:	f885 3041 	strb.w	r3, [r5, #65]	@ 0x41
 8006324:	2000      	movs	r0, #0
 8006326:	e00a      	b.n	800633e <HAL_TIM_PWM_Stop_DMA+0xee>
 8006328:	2301      	movs	r3, #1
 800632a:	f885 303f 	strb.w	r3, [r5, #63]	@ 0x3f
 800632e:	2000      	movs	r0, #0
 8006330:	e005      	b.n	800633e <HAL_TIM_PWM_Stop_DMA+0xee>
 8006332:	2301      	movs	r3, #1
 8006334:	f885 3040 	strb.w	r3, [r5, #64]	@ 0x40
 8006338:	2000      	movs	r0, #0
 800633a:	e000      	b.n	800633e <HAL_TIM_PWM_Stop_DMA+0xee>
  switch (Channel)
 800633c:	2001      	movs	r0, #1
}
 800633e:	bd38      	pop	{r3, r4, r5, pc}
 8006340:	40010000 	.word	0x40010000

08006344 <HAL_TIMEx_MasterConfigSynchronization>:
  assert_param(IS_TIM_MASTER_INSTANCE(htim->Instance));
  assert_param(IS_TIM_TRGO_SOURCE(sMasterConfig->MasterOutputTrigger));
  assert_param(IS_TIM_MSM_STATE(sMasterConfig->MasterSlaveMode));

  /* Check input state */
  __HAL_LOCK(htim);
 8006344:	f890 203c 	ldrb.w	r2, [r0, #60]	@ 0x3c
 8006348:	2a01      	cmp	r2, #1
 800634a:	d03d      	beq.n	80063c8 <HAL_TIMEx_MasterConfigSynchronization+0x84>
{
 800634c:	b410      	push	{r4}
 800634e:	4603      	mov	r3, r0
  __HAL_LOCK(htim);
 8006350:	2201      	movs	r2, #1
 8006352:	f880 203c 	strb.w	r2, [r0, #60]	@ 0x3c

  /* Change the handler state */
  htim->State = HAL_TIM_STATE_BUSY;
 8006356:	2202      	movs	r2, #2
 8006358:	f880 203d 	strb.w	r2, [r0, #61]	@ 0x3d

  /* Get the TIMx CR2 register value */
  tmpcr2 = htim->Instance->CR2;
 800635c:	6802      	ldr	r2, [r0, #0]
 800635e:	6850      	ldr	r0, [r2, #4]

  /* Get the TIMx SMCR register value */
  tmpsmcr = htim->Instance->SMCR;
 8006360:	6894      	ldr	r4, [r2, #8]

  /* Reset the MMS Bits */
  tmpcr2 &= ~TIM_CR2_MMS;
 8006362:	f020 0c70 	bic.w	ip, r0, #112	@ 0x70
  /* Select the TRGO source */
  tmpcr2 |=  sMasterConfig->MasterOutputTrigger;
 8006366:	6808      	ldr	r0, [r1, #0]
 8006368:	ea40 000c 	orr.w	r0, r0, ip

  /* Update TIMx CR2 */
  htim->Instance->CR2 = tmpcr2;
 800636c:	6050      	str	r0, [r2, #4]

  if (IS_TIM_SLAVE_INSTANCE(htim->Instance))
 800636e:	681a      	ldr	r2, [r3, #0]
 8006370:	4816      	ldr	r0, [pc, #88]	@ (80063cc <HAL_TIMEx_MasterConfigSynchronization+0x88>)
 8006372:	4282      	cmp	r2, r0
 8006374:	d01a      	beq.n	80063ac <HAL_TIMEx_MasterConfigSynchronization+0x68>
 8006376:	f1b2 4f80 	cmp.w	r2, #1073741824	@ 0x40000000
 800637a:	d017      	beq.n	80063ac <HAL_TIMEx_MasterConfigSynchronization+0x68>
 800637c:	f5a0 407c 	sub.w	r0, r0, #64512	@ 0xfc00
 8006380:	4282      	cmp	r2, r0
 8006382:	d013      	beq.n	80063ac <HAL_TIMEx_MasterConfigSynchronization+0x68>
 8006384:	f500 6080 	add.w	r0, r0, #1024	@ 0x400
 8006388:	4282      	cmp	r2, r0
 800638a:	d00f      	beq.n	80063ac <HAL_TIMEx_MasterConfigSynchronization+0x68>
 800638c:	f500 6080 	add.w	r0, r0, #1024	@ 0x400
 8006390:	4282      	cmp	r2, r0
 8006392:	d00b      	beq.n	80063ac <HAL_TIMEx_MasterConfigSynchronization+0x68>
 8006394:	f500 4078 	add.w	r0, r0, #63488	@ 0xf800
 8006398:	4282      	cmp	r2, r0
 800639a:	d007      	beq.n	80063ac <HAL_TIMEx_MasterConfigSynchronization+0x68>
 800639c:	f500 5070 	add.w	r0, r0, #15360	@ 0x3c00
 80063a0:	4282      	cmp	r2, r0
 80063a2:	d003      	beq.n	80063ac <HAL_TIMEx_MasterConfigSynchronization+0x68>
 80063a4:	f5a0 3094 	sub.w	r0, r0, #75776	@ 0x12800
 80063a8:	4282      	cmp	r2, r0
 80063aa:	d104      	bne.n	80063b6 <HAL_TIMEx_MasterConfigSynchronization+0x72>
  {
    /* Reset the MSM Bit */
    tmpsmcr &= ~TIM_SMCR_MSM;
 80063ac:	f024 0480 	bic.w	r4, r4, #128	@ 0x80
    /* Set master mode */
    tmpsmcr |= sMasterConfig->MasterSlaveMode;
 80063b0:	6849      	ldr	r1, [r1, #4]
 80063b2:	4321      	orrs	r1, r4

    /* Update TIMx SMCR */
    htim->Instance->SMCR = tmpsmcr;
 80063b4:	6091      	str	r1, [r2, #8]
  }

  /* Change the htim state */
  htim->State = HAL_TIM_STATE_READY;
 80063b6:	2201      	movs	r2, #1
 80063b8:	f883 203d 	strb.w	r2, [r3, #61]	@ 0x3d

  __HAL_UNLOCK(htim);
 80063bc:	2000      	movs	r0, #0
 80063be:	f883 003c 	strb.w	r0, [r3, #60]	@ 0x3c

  return HAL_OK;
}
 80063c2:	f85d 4b04 	ldr.w	r4, [sp], #4
 80063c6:	4770      	bx	lr
  __HAL_LOCK(htim);
 80063c8:	2002      	movs	r0, #2
}
 80063ca:	4770      	bx	lr
 80063cc:	40010000 	.word	0x40010000

080063d0 <HAL_TIMEx_CommutCallback>:
  UNUSED(htim);

  /* NOTE : This function should not be modified, when the callback is needed,
            the HAL_TIMEx_CommutCallback could be implemented in the user file
   */
}
 80063d0:	4770      	bx	lr

080063d2 <HAL_TIMEx_BreakCallback>:
  UNUSED(htim);

  /* NOTE : This function should not be modified, when the callback is needed,
            the HAL_TIMEx_BreakCallback could be implemented in the user file
   */
}
 80063d2:	4770      	bx	lr

080063d4 <UART_SetConfig>:
  * @param  huart  Pointer to a UART_HandleTypeDef structure that contains
  *                the configuration information for the specified UART module.
  * @retval None
  */
static void UART_SetConfig(UART_HandleTypeDef *huart)
{
 80063d4:	b510      	push	{r4, lr}
 80063d6:	4604      	mov	r4, r0
  assert_param(IS_UART_MODE(huart->Init.Mode));

  /*-------------------------- USART CR2 Configuration -----------------------*/
  /* Configure the UART Stop Bits: Set STOP[13:12] bits
     according to huart->Init.StopBits value */
  MODIFY_REG(huart->Instance->CR2, USART_CR2_STOP, huart->Init.StopBits);
 80063d8:	6802      	ldr	r2, [r0, #0]
 80063da:	6913      	ldr	r3, [r2, #16]
 80063dc:	f423 5340 	bic.w	r3, r3, #12288	@ 0x3000
 80063e0:	68c1      	ldr	r1, [r0, #12]
 80063e2:	430b      	orrs	r3, r1
 80063e4:	6113      	str	r3, [r2, #16]
     Set the M bits according to huart->Init.WordLength value
     Set PCE and PS bits according to huart->Init.Parity value
     Set TE and RE bits according to huart->Init.Mode value
     Set OVER8 bit according to huart->Init.OverSampling value */

  tmpreg = (uint32_t)huart->Init.WordLength | huart->Init.Parity | huart->Init.Mode | huart->Init.OverSampling;
 80063e6:	6883      	ldr	r3, [r0, #8]
 80063e8:	6902      	ldr	r2, [r0, #16]
 80063ea:	431a      	orrs	r2, r3
 80063ec:	6943      	ldr	r3, [r0, #20]
 80063ee:	431a      	orrs	r2, r3
 80063f0:	69c3      	ldr	r3, [r0, #28]
 80063f2:	431a      	orrs	r2, r3
  MODIFY_REG(huart->Instance->CR1,
 80063f4:	6801      	ldr	r1, [r0, #0]
 80063f6:	68cb      	ldr	r3, [r1, #12]
 80063f8:	f423 4316 	bic.w	r3, r3, #38400	@ 0x9600
 80063fc:	f023 030c 	bic.w	r3, r3, #12
 8006400:	4313      	orrs	r3, r2
 8006402:	60cb      	str	r3, [r1, #12]
             (uint32_t)(USART_CR1_M | USART_CR1_PCE | USART_CR1_PS | USART_CR1_TE | USART_CR1_RE | USART_CR1_OVER8),
             tmpreg);

  /*-------------------------- USART CR3 Configuration -----------------------*/
  /* Configure the UART HFC: Set CTSE and RTSE bits according to huart->Init.HwFlowCtl value */
  MODIFY_REG(huart->Instance->CR3, (USART_CR3_RTSE | USART_CR3_CTSE), huart->Init.HwFlowCtl);
 8006404:	6802      	ldr	r2, [r0, #0]
 8006406:	6953      	ldr	r3, [r2, #20]
 8006408:	f423 7340 	bic.w	r3, r3, #768	@ 0x300
 800640c:	6981      	ldr	r1, [r0, #24]
 800640e:	430b      	orrs	r3, r1
 8006410:	6153      	str	r3, [r2, #20]
    if ((huart->Instance == USART1) || (huart->Instance == USART6) || (huart->Instance == UART9) || (huart->Instance == UART10))
    {
      pclk = HAL_RCC_GetPCLK2Freq();
    }
#elif defined(USART6)
    if ((huart->Instance == USART1) || (huart->Instance == USART6))
 8006412:	6803      	ldr	r3, [r0, #0]
 8006414:	4a31      	ldr	r2, [pc, #196]	@ (80064dc <UART_SetConfig+0x108>)
 8006416:	4293      	cmp	r3, r2
 8006418:	d006      	beq.n	8006428 <UART_SetConfig+0x54>
 800641a:	f502 6280 	add.w	r2, r2, #1024	@ 0x400
 800641e:	4293      	cmp	r3, r2
 8006420:	d002      	beq.n	8006428 <UART_SetConfig+0x54>
      pclk = HAL_RCC_GetPCLK2Freq();
    }
#endif /* USART6 */
    else
    {
      pclk = HAL_RCC_GetPCLK1Freq();
 8006422:	f7fe fb6f 	bl	8004b04 <HAL_RCC_GetPCLK1Freq>
 8006426:	e001      	b.n	800642c <UART_SetConfig+0x58>
      pclk = HAL_RCC_GetPCLK2Freq();
 8006428:	f7fe fb7c 	bl	8004b24 <HAL_RCC_GetPCLK2Freq>
    }
  /*-------------------------- USART BRR Configuration ---------------------*/
  if (huart->Init.OverSampling == UART_OVERSAMPLING_8)
 800642c:	69e3      	ldr	r3, [r4, #28]
 800642e:	f5b3 4f00 	cmp.w	r3, #32768	@ 0x8000
 8006432:	d029      	beq.n	8006488 <UART_SetConfig+0xb4>
  {
    huart->Instance->BRR = UART_BRR_SAMPLING8(pclk, huart->Init.BaudRate);
  }
  else
  {
    huart->Instance->BRR = UART_BRR_SAMPLING16(pclk, huart->Init.BaudRate);
 8006434:	2100      	movs	r1, #0
 8006436:	1803      	adds	r3, r0, r0
 8006438:	4149      	adcs	r1, r1
 800643a:	181b      	adds	r3, r3, r0
 800643c:	f141 0100 	adc.w	r1, r1, #0
 8006440:	00c9      	lsls	r1, r1, #3
 8006442:	ea41 7153 	orr.w	r1, r1, r3, lsr #29
 8006446:	00db      	lsls	r3, r3, #3
 8006448:	1818      	adds	r0, r3, r0
 800644a:	6863      	ldr	r3, [r4, #4]
 800644c:	ea4f 0283 	mov.w	r2, r3, lsl #2
 8006450:	ea4f 7393 	mov.w	r3, r3, lsr #30
 8006454:	f141 0100 	adc.w	r1, r1, #0
 8006458:	f7f9 fe96 	bl	8000188 <__aeabi_uldivmod>
 800645c:	4a20      	ldr	r2, [pc, #128]	@ (80064e0 <UART_SetConfig+0x10c>)
 800645e:	fba2 3100 	umull	r3, r1, r2, r0
 8006462:	0949      	lsrs	r1, r1, #5
 8006464:	2364      	movs	r3, #100	@ 0x64
 8006466:	fb03 0311 	mls	r3, r3, r1, r0
 800646a:	011b      	lsls	r3, r3, #4
 800646c:	3332      	adds	r3, #50	@ 0x32
 800646e:	fba2 2303 	umull	r2, r3, r2, r3
 8006472:	095b      	lsrs	r3, r3, #5
 8006474:	f003 02f0 	and.w	r2, r3, #240	@ 0xf0
 8006478:	eb02 1201 	add.w	r2, r2, r1, lsl #4
 800647c:	f003 030f 	and.w	r3, r3, #15
 8006480:	6821      	ldr	r1, [r4, #0]
 8006482:	4413      	add	r3, r2
 8006484:	608b      	str	r3, [r1, #8]
  }
}
 8006486:	bd10      	pop	{r4, pc}
    huart->Instance->BRR = UART_BRR_SAMPLING8(pclk, huart->Init.BaudRate);
 8006488:	2300      	movs	r3, #0
 800648a:	1802      	adds	r2, r0, r0
 800648c:	eb43 0103 	adc.w	r1, r3, r3
 8006490:	1812      	adds	r2, r2, r0
 8006492:	f141 0100 	adc.w	r1, r1, #0
 8006496:	00c9      	lsls	r1, r1, #3
 8006498:	ea41 7152 	orr.w	r1, r1, r2, lsr #29
 800649c:	00d2      	lsls	r2, r2, #3
 800649e:	1810      	adds	r0, r2, r0
 80064a0:	f141 0100 	adc.w	r1, r1, #0
 80064a4:	6862      	ldr	r2, [r4, #4]
 80064a6:	1892      	adds	r2, r2, r2
 80064a8:	415b      	adcs	r3, r3
 80064aa:	f7f9 fe6d 	bl	8000188 <__aeabi_uldivmod>
 80064ae:	4a0c      	ldr	r2, [pc, #48]	@ (80064e0 <UART_SetConfig+0x10c>)
 80064b0:	fba2 3100 	umull	r3, r1, r2, r0
 80064b4:	0949      	lsrs	r1, r1, #5
 80064b6:	2364      	movs	r3, #100	@ 0x64
 80064b8:	fb03 0311 	mls	r3, r3, r1, r0
 80064bc:	00db      	lsls	r3, r3, #3
 80064be:	3332      	adds	r3, #50	@ 0x32
 80064c0:	fba2 2303 	umull	r2, r3, r2, r3
 80064c4:	095b      	lsrs	r3, r3, #5
 80064c6:	005a      	lsls	r2, r3, #1
 80064c8:	f402 72f8 	and.w	r2, r2, #496	@ 0x1f0
 80064cc:	eb02 1201 	add.w	r2, r2, r1, lsl #4
 80064d0:	f003 0307 	and.w	r3, r3, #7
 80064d4:	6821      	ldr	r1, [r4, #0]
 80064d6:	4413      	add	r3, r2
 80064d8:	608b      	str	r3, [r1, #8]
 80064da:	e7d4      	b.n	8006486 <UART_SetConfig+0xb2>
 80064dc:	40011000 	.word	0x40011000
 80064e0:	51eb851f 	.word	0x51eb851f

080064e4 <HAL_UART_Init>:
  if (huart == NULL)
 80064e4:	b360      	cbz	r0, 8006540 <HAL_UART_Init+0x5c>
{
 80064e6:	b510      	push	{r4, lr}
 80064e8:	4604      	mov	r4, r0
  if (huart->gState == HAL_UART_STATE_RESET)
 80064ea:	f890 3041 	ldrb.w	r3, [r0, #65]	@ 0x41
 80064ee:	b313      	cbz	r3, 8006536 <HAL_UART_Init+0x52>
  huart->gState = HAL_UART_STATE_BUSY;
 80064f0:	2324      	movs	r3, #36	@ 0x24
 80064f2:	f884 3041 	strb.w	r3, [r4, #65]	@ 0x41
  __HAL_UART_DISABLE(huart);
 80064f6:	6822      	ldr	r2, [r4, #0]
 80064f8:	68d3      	ldr	r3, [r2, #12]
 80064fa:	f423 5300 	bic.w	r3, r3, #8192	@ 0x2000
 80064fe:	60d3      	str	r3, [r2, #12]
  UART_SetConfig(huart);
 8006500:	4620      	mov	r0, r4
 8006502:	f7ff ff67 	bl	80063d4 <UART_SetConfig>
  CLEAR_BIT(huart->Instance->CR2, (USART_CR2_LINEN | USART_CR2_CLKEN));
 8006506:	6822      	ldr	r2, [r4, #0]
 8006508:	6913      	ldr	r3, [r2, #16]
 800650a:	f423 4390 	bic.w	r3, r3, #18432	@ 0x4800
 800650e:	6113      	str	r3, [r2, #16]
  CLEAR_BIT(huart->Instance->CR3, (USART_CR3_SCEN | USART_CR3_HDSEL | USART_CR3_IREN));
 8006510:	6822      	ldr	r2, [r4, #0]
 8006512:	6953      	ldr	r3, [r2, #20]
 8006514:	f023 032a 	bic.w	r3, r3, #42	@ 0x2a
 8006518:	6153      	str	r3, [r2, #20]
  __HAL_UART_ENABLE(huart);
 800651a:	6822      	ldr	r2, [r4, #0]
 800651c:	68d3      	ldr	r3, [r2, #12]
 800651e:	f443 5300 	orr.w	r3, r3, #8192	@ 0x2000
 8006522:	60d3      	str	r3, [r2, #12]
  huart->ErrorCode = HAL_UART_ERROR_NONE;
 8006524:	2000      	movs	r0, #0
 8006526:	6460      	str	r0, [r4, #68]	@ 0x44
  huart->gState = HAL_UART_STATE_READY;
 8006528:	2320      	movs	r3, #32
 800652a:	f884 3041 	strb.w	r3, [r4, #65]	@ 0x41
  huart->RxState = HAL_UART_STATE_READY;
 800652e:	f884 3042 	strb.w	r3, [r4, #66]	@ 0x42
  huart->RxEventType = HAL_UART_RXEVENT_TC;
 8006532:	6360      	str	r0, [r4, #52]	@ 0x34
}
 8006534:	bd10      	pop	{r4, pc}
    huart->Lock = HAL_UNLOCKED;
 8006536:	f880 3040 	strb.w	r3, [r0, #64]	@ 0x40
    HAL_UART_MspInit(huart);
 800653a:	f7fd f933 	bl	80037a4 <HAL_UART_MspInit>
 800653e:	e7d7      	b.n	80064f0 <HAL_UART_Init+0xc>
    return HAL_ERROR;
 8006540:	2001      	movs	r0, #1
}
 8006542:	4770      	bx	lr

08006544 <NMI_Handler>:
{
  /* USER CODE BEGIN NonMaskableInt_IRQn 0 */

  /* USER CODE END NonMaskableInt_IRQn 0 */
  /* USER CODE BEGIN NonMaskableInt_IRQn 1 */
   while (1)
 8006544:	e7fe      	b.n	8006544 <NMI_Handler>

08006546 <HardFault_Handler>:
void HardFault_Handler(void)
{
  /* USER CODE BEGIN HardFault_IRQn 0 */

  /* USER CODE END HardFault_IRQn 0 */
  while (1)
 8006546:	e7fe      	b.n	8006546 <HardFault_Handler>

08006548 <MemManage_Handler>:
void MemManage_Handler(void)
{
  /* USER CODE BEGIN MemoryManagement_IRQn 0 */

  /* USER CODE END MemoryManagement_IRQn 0 */
  while (1)
 8006548:	e7fe      	b.n	8006548 <MemManage_Handler>

0800654a <BusFault_Handler>:
void BusFault_Handler(void)
{
  /* USER CODE BEGIN BusFault_IRQn 0 */

  /* USER CODE END BusFault_IRQn 0 */
  while (1)
 800654a:	e7fe      	b.n	800654a <BusFault_Handler>

0800654c <UsageFault_Handler>:
void UsageFault_Handler(void)
{
  /* USER CODE BEGIN UsageFault_IRQn 0 */

  /* USER CODE END UsageFault_IRQn 0 */
  while (1)
 800654c:	e7fe      	b.n	800654c <UsageFault_Handler>

0800654e <SVC_Handler>:

  /* USER CODE END SVCall_IRQn 0 */
  /* USER CODE BEGIN SVCall_IRQn 1 */

  /* USER CODE END SVCall_IRQn 1 */
}
 800654e:	4770      	bx	lr

08006550 <DebugMon_Handler>:

  /* USER CODE END DebugMonitor_IRQn 0 */
  /* USER CODE BEGIN DebugMonitor_IRQn 1 */

  /* USER CODE END DebugMonitor_IRQn 1 */
}
 8006550:	4770      	bx	lr

08006552 <PendSV_Handler>:

  /* USER CODE END PendSV_IRQn 0 */
  /* USER CODE BEGIN PendSV_IRQn 1 */

  /* USER CODE END PendSV_IRQn 1 */
}
 8006552:	4770      	bx	lr

08006554 <SysTick_Handler>:

/**
  * @brief This function handles System tick timer.
  */
void SysTick_Handler(void)
{
 8006554:	b508      	push	{r3, lr}
  /* USER CODE BEGIN SysTick_IRQn 0 */

  /* USER CODE END SysTick_IRQn 0 */
  HAL_IncTick();
 8006556:	f7fb fabd 	bl	8001ad4 <HAL_IncTick>
  /* USER CODE BEGIN SysTick_IRQn 1 */

  /* USER CODE END SysTick_IRQn 1 */
}
 800655a:	bd08      	pop	{r3, pc}

0800655c <DMA1_Stream4_IRQHandler>:

/**
  * @brief This function handles DMA1 stream4 global interrupt.
  */
void DMA1_Stream4_IRQHandler(void)
{
 800655c:	b508      	push	{r3, lr}
  /* USER CODE BEGIN DMA1_Stream4_IRQn 0 */

  /* USER CODE END DMA1_Stream4_IRQn 0 */
  HAL_DMA_IRQHandler(&hdma_tim3_ch1_trig);
 800655e:	4802      	ldr	r0, [pc, #8]	@ (8006568 <DMA1_Stream4_IRQHandler+0xc>)
 8006560:	f7fb fe22 	bl	80021a8 <HAL_DMA_IRQHandler>
  /* USER CODE BEGIN DMA1_Stream4_IRQn 1 */

  /* USER CODE END DMA1_Stream4_IRQn 1 */
}
 8006564:	bd08      	pop	{r3, pc}
 8006566:	bf00      	nop
 8006568:	20000220 	.word	0x20000220

0800656c <TIM3_IRQHandler>:

/**
  * @brief This function handles TIM3 global interrupt.
  */
void TIM3_IRQHandler(void)
{
 800656c:	b508      	push	{r3, lr}
  /* USER CODE BEGIN TIM3_IRQn 0 */

  /* USER CODE END TIM3_IRQn 0 */
  HAL_TIM_IRQHandler(&htim3);
 800656e:	4802      	ldr	r0, [pc, #8]	@ (8006578 <TIM3_IRQHandler+0xc>)
 8006570:	f7ff f96f 	bl	8005852 <HAL_TIM_IRQHandler>
  /* USER CODE BEGIN TIM3_IRQn 1 */

  /* USER CODE END TIM3_IRQn 1 */
}
 8006574:	bd08      	pop	{r3, pc}
 8006576:	bf00      	nop
 8006578:	20000310 	.word	0x20000310

0800657c <OTG_FS_IRQHandler>:

/**
  * @brief This function handles USB On The Go FS global interrupt.
  */
void OTG_FS_IRQHandler(void)
{
 800657c:	b508      	push	{r3, lr}
  /* USER CODE BEGIN OTG_FS_IRQn 0 */

  /* USER CODE END OTG_FS_IRQn 0 */
  HAL_PCD_IRQHandler(&hpcd_USB_OTG_FS);
 800657e:	4802      	ldr	r0, [pc, #8]	@ (8006588 <OTG_FS_IRQHandler+0xc>)
 8006580:	f7fd fc7b 	bl	8003e7a <HAL_PCD_IRQHandler>
  /* USER CODE BEGIN OTG_FS_IRQn 1 */

  /* USER CODE END OTG_FS_IRQn 1 */
}
 8006584:	bd08      	pop	{r3, pc}
 8006586:	bf00      	nop
 8006588:	20000c60 	.word	0x20000c60

0800658c <USB_CoreReset>:
  * @brief  Reset the USB Core (needed after USB clock settings change)
  * @param  USBx  Selected device
  * @retval HAL status
  */
static HAL_StatusTypeDef USB_CoreReset(USB_OTG_GlobalTypeDef *USBx)
{
 800658c:	b082      	sub	sp, #8
  __IO uint32_t count = 0U;
 800658e:	2300      	movs	r3, #0
 8006590:	9301      	str	r3, [sp, #4]

  /* Wait for AHB master IDLE state. */
  do
  {
    count++;
 8006592:	9b01      	ldr	r3, [sp, #4]
 8006594:	3301      	adds	r3, #1
 8006596:	9301      	str	r3, [sp, #4]

    if (count > HAL_USB_TIMEOUT)
 8006598:	9b01      	ldr	r3, [sp, #4]
 800659a:	f1b3 6f70 	cmp.w	r3, #251658240	@ 0xf000000
 800659e:	d81c      	bhi.n	80065da <USB_CoreReset+0x4e>
    {
      return HAL_TIMEOUT;
    }
  } while ((USBx->GRSTCTL & USB_OTG_GRSTCTL_AHBIDL) == 0U);
 80065a0:	6903      	ldr	r3, [r0, #16]
 80065a2:	2b00      	cmp	r3, #0
 80065a4:	daf5      	bge.n	8006592 <USB_CoreReset+0x6>

  count = 10U;
 80065a6:	230a      	movs	r3, #10
 80065a8:	9301      	str	r3, [sp, #4]

  /* few cycles before setting core reset */
  while (count > 0U)
 80065aa:	e002      	b.n	80065b2 <USB_CoreReset+0x26>
  {
    count--;
 80065ac:	9b01      	ldr	r3, [sp, #4]
 80065ae:	3b01      	subs	r3, #1
 80065b0:	9301      	str	r3, [sp, #4]
  while (count > 0U)
 80065b2:	9b01      	ldr	r3, [sp, #4]
 80065b4:	2b00      	cmp	r3, #0
 80065b6:	d1f9      	bne.n	80065ac <USB_CoreReset+0x20>
  }

  /* Core Soft Reset */
  USBx->GRSTCTL |= USB_OTG_GRSTCTL_CSRST;
 80065b8:	6903      	ldr	r3, [r0, #16]
 80065ba:	f043 0301 	orr.w	r3, r3, #1
 80065be:	6103      	str	r3, [r0, #16]

  do
  {
    count++;
 80065c0:	9b01      	ldr	r3, [sp, #4]
 80065c2:	3301      	adds	r3, #1
 80065c4:	9301      	str	r3, [sp, #4]

    if (count > HAL_USB_TIMEOUT)
 80065c6:	9b01      	ldr	r3, [sp, #4]
 80065c8:	f1b3 6f70 	cmp.w	r3, #251658240	@ 0xf000000
 80065cc:	d808      	bhi.n	80065e0 <USB_CoreReset+0x54>
    {
      return HAL_TIMEOUT;
    }
  } while ((USBx->GRSTCTL & USB_OTG_GRSTCTL_CSRST) == USB_OTG_GRSTCTL_CSRST);
 80065ce:	6903      	ldr	r3, [r0, #16]
 80065d0:	f013 0f01 	tst.w	r3, #1
 80065d4:	d1f4      	bne.n	80065c0 <USB_CoreReset+0x34>

  return HAL_OK;
 80065d6:	2000      	movs	r0, #0
 80065d8:	e000      	b.n	80065dc <USB_CoreReset+0x50>
      return HAL_TIMEOUT;
 80065da:	2003      	movs	r0, #3
}
 80065dc:	b002      	add	sp, #8
 80065de:	4770      	bx	lr
      return HAL_TIMEOUT;
 80065e0:	2003      	movs	r0, #3
 80065e2:	e7fb      	b.n	80065dc <USB_CoreReset+0x50>

080065e4 <USB_CoreInit>:
{
 80065e4:	b084      	sub	sp, #16
 80065e6:	b510      	push	{r4, lr}
 80065e8:	4604      	mov	r4, r0
 80065ea:	a803      	add	r0, sp, #12
 80065ec:	e880 000e 	stmia.w	r0, {r1, r2, r3}
  if (cfg.phy_itface == USB_OTG_ULPI_PHY)
 80065f0:	f89d 3011 	ldrb.w	r3, [sp, #17]
 80065f4:	2b01      	cmp	r3, #1
 80065f6:	d121      	bne.n	800663c <USB_CoreInit+0x58>
    USBx->GCCFG &= ~(USB_OTG_GCCFG_PWRDWN);
 80065f8:	6ba3      	ldr	r3, [r4, #56]	@ 0x38
 80065fa:	f423 3380 	bic.w	r3, r3, #65536	@ 0x10000
 80065fe:	63a3      	str	r3, [r4, #56]	@ 0x38
    USBx->GUSBCFG &= ~(USB_OTG_GUSBCFG_TSDPS | USB_OTG_GUSBCFG_ULPIFSLS | USB_OTG_GUSBCFG_PHYSEL);
 8006600:	68e3      	ldr	r3, [r4, #12]
 8006602:	f423 0384 	bic.w	r3, r3, #4325376	@ 0x420000
 8006606:	f023 0340 	bic.w	r3, r3, #64	@ 0x40
 800660a:	60e3      	str	r3, [r4, #12]
    USBx->GUSBCFG &= ~(USB_OTG_GUSBCFG_ULPIEVBUSD | USB_OTG_GUSBCFG_ULPIEVBUSI);
 800660c:	68e3      	ldr	r3, [r4, #12]
 800660e:	f423 1340 	bic.w	r3, r3, #3145728	@ 0x300000
 8006612:	60e3      	str	r3, [r4, #12]
    if (cfg.use_external_vbus == 1U)
 8006614:	f89d 3018 	ldrb.w	r3, [sp, #24]
 8006618:	2b01      	cmp	r3, #1
 800661a:	d00a      	beq.n	8006632 <USB_CoreInit+0x4e>
    ret = USB_CoreReset(USBx);
 800661c:	4620      	mov	r0, r4
 800661e:	f7ff ffb5 	bl	800658c <USB_CoreReset>
  if (cfg.dma_enable == 1U)
 8006622:	f89d 300e 	ldrb.w	r3, [sp, #14]
 8006626:	2b01      	cmp	r3, #1
 8006628:	d01c      	beq.n	8006664 <USB_CoreInit+0x80>
}
 800662a:	e8bd 4010 	ldmia.w	sp!, {r4, lr}
 800662e:	b004      	add	sp, #16
 8006630:	4770      	bx	lr
      USBx->GUSBCFG |= USB_OTG_GUSBCFG_ULPIEVBUSD;
 8006632:	68e3      	ldr	r3, [r4, #12]
 8006634:	f443 1380 	orr.w	r3, r3, #1048576	@ 0x100000
 8006638:	60e3      	str	r3, [r4, #12]
 800663a:	e7ef      	b.n	800661c <USB_CoreInit+0x38>
    USBx->GUSBCFG |= USB_OTG_GUSBCFG_PHYSEL;
 800663c:	68e3      	ldr	r3, [r4, #12]
 800663e:	f043 0340 	orr.w	r3, r3, #64	@ 0x40
 8006642:	60e3      	str	r3, [r4, #12]
    ret = USB_CoreReset(USBx);
 8006644:	4620      	mov	r0, r4
 8006646:	f7ff ffa1 	bl	800658c <USB_CoreReset>
    if (cfg.battery_charging_enable == 0U)
 800664a:	f89d 3015 	ldrb.w	r3, [sp, #21]
 800664e:	b923      	cbnz	r3, 800665a <USB_CoreInit+0x76>
      USBx->GCCFG |= USB_OTG_GCCFG_PWRDWN;
 8006650:	6ba3      	ldr	r3, [r4, #56]	@ 0x38
 8006652:	f443 3380 	orr.w	r3, r3, #65536	@ 0x10000
 8006656:	63a3      	str	r3, [r4, #56]	@ 0x38
 8006658:	e7e3      	b.n	8006622 <USB_CoreInit+0x3e>
      USBx->GCCFG &= ~(USB_OTG_GCCFG_PWRDWN);
 800665a:	6ba3      	ldr	r3, [r4, #56]	@ 0x38
 800665c:	f423 3380 	bic.w	r3, r3, #65536	@ 0x10000
 8006660:	63a3      	str	r3, [r4, #56]	@ 0x38
 8006662:	e7de      	b.n	8006622 <USB_CoreInit+0x3e>
    USBx->GAHBCFG |= USB_OTG_GAHBCFG_HBSTLEN_2;
 8006664:	68a3      	ldr	r3, [r4, #8]
 8006666:	f043 0306 	orr.w	r3, r3, #6
 800666a:	60a3      	str	r3, [r4, #8]
    USBx->GAHBCFG |= USB_OTG_GAHBCFG_DMAEN;
 800666c:	68a3      	ldr	r3, [r4, #8]
 800666e:	f043 0320 	orr.w	r3, r3, #32
 8006672:	60a3      	str	r3, [r4, #8]
 8006674:	e7d9      	b.n	800662a <USB_CoreInit+0x46>
	...

08006678 <USB_SetTurnaroundTime>:
  if (speed == USBD_FS_SPEED)
 8006678:	2a02      	cmp	r2, #2
 800667a:	d00a      	beq.n	8006692 <USB_SetTurnaroundTime+0x1a>
    UsbTrd = USBD_HS_TRDT_VALUE;
 800667c:	2209      	movs	r2, #9
  USBx->GUSBCFG &= ~USB_OTG_GUSBCFG_TRDT;
 800667e:	68c3      	ldr	r3, [r0, #12]
 8006680:	f423 5370 	bic.w	r3, r3, #15360	@ 0x3c00
 8006684:	60c3      	str	r3, [r0, #12]
  USBx->GUSBCFG |= (uint32_t)((UsbTrd << 10) & USB_OTG_GUSBCFG_TRDT);
 8006686:	68c3      	ldr	r3, [r0, #12]
 8006688:	ea43 2382 	orr.w	r3, r3, r2, lsl #10
 800668c:	60c3      	str	r3, [r0, #12]
}
 800668e:	2000      	movs	r0, #0
 8006690:	4770      	bx	lr
    if ((hclk >= 14200000U) && (hclk < 15000000U))
 8006692:	4b23      	ldr	r3, [pc, #140]	@ (8006720 <USB_SetTurnaroundTime+0xa8>)
 8006694:	440b      	add	r3, r1
 8006696:	4a23      	ldr	r2, [pc, #140]	@ (8006724 <USB_SetTurnaroundTime+0xac>)
 8006698:	4293      	cmp	r3, r2
 800669a:	d92f      	bls.n	80066fc <USB_SetTurnaroundTime+0x84>
    else if ((hclk >= 15000000U) && (hclk < 16000000U))
 800669c:	4b22      	ldr	r3, [pc, #136]	@ (8006728 <USB_SetTurnaroundTime+0xb0>)
 800669e:	440b      	add	r3, r1
 80066a0:	4a22      	ldr	r2, [pc, #136]	@ (800672c <USB_SetTurnaroundTime+0xb4>)
 80066a2:	4293      	cmp	r3, r2
 80066a4:	d92c      	bls.n	8006700 <USB_SetTurnaroundTime+0x88>
    else if ((hclk >= 16000000U) && (hclk < 17200000U))
 80066a6:	f5a1 0374 	sub.w	r3, r1, #15990784	@ 0xf40000
 80066aa:	f5a3 5310 	sub.w	r3, r3, #9216	@ 0x2400
 80066ae:	4a20      	ldr	r2, [pc, #128]	@ (8006730 <USB_SetTurnaroundTime+0xb8>)
 80066b0:	4293      	cmp	r3, r2
 80066b2:	d927      	bls.n	8006704 <USB_SetTurnaroundTime+0x8c>
    else if ((hclk >= 17200000U) && (hclk < 18500000U))
 80066b4:	f1a1 7383 	sub.w	r3, r1, #17170432	@ 0x1060000
 80066b8:	f5a3 43e7 	sub.w	r3, r3, #29568	@ 0x7380
 80066bc:	4a1d      	ldr	r2, [pc, #116]	@ (8006734 <USB_SetTurnaroundTime+0xbc>)
 80066be:	4293      	cmp	r3, r2
 80066c0:	d322      	bcc.n	8006708 <USB_SetTurnaroundTime+0x90>
    else if ((hclk >= 18500000U) && (hclk < 20000000U))
 80066c2:	4b1d      	ldr	r3, [pc, #116]	@ (8006738 <USB_SetTurnaroundTime+0xc0>)
 80066c4:	440b      	add	r3, r1
 80066c6:	4a1d      	ldr	r2, [pc, #116]	@ (800673c <USB_SetTurnaroundTime+0xc4>)
 80066c8:	4293      	cmp	r3, r2
 80066ca:	d91f      	bls.n	800670c <USB_SetTurnaroundTime+0x94>
    else if ((hclk >= 20000000U) && (hclk < 21800000U))
 80066cc:	4b1c      	ldr	r3, [pc, #112]	@ (8006740 <USB_SetTurnaroundTime+0xc8>)
 80066ce:	440b      	add	r3, r1
 80066d0:	4a1c      	ldr	r2, [pc, #112]	@ (8006744 <USB_SetTurnaroundTime+0xcc>)
 80066d2:	4293      	cmp	r3, r2
 80066d4:	d31c      	bcc.n	8006710 <USB_SetTurnaroundTime+0x98>
    else if ((hclk >= 21800000U) && (hclk < 24000000U))
 80066d6:	4b1c      	ldr	r3, [pc, #112]	@ (8006748 <USB_SetTurnaroundTime+0xd0>)
 80066d8:	440b      	add	r3, r1
 80066da:	4a1c      	ldr	r2, [pc, #112]	@ (800674c <USB_SetTurnaroundTime+0xd4>)
 80066dc:	4293      	cmp	r3, r2
 80066de:	d319      	bcc.n	8006714 <USB_SetTurnaroundTime+0x9c>
    else if ((hclk >= 24000000U) && (hclk < 27700000U))
 80066e0:	f1a1 73b7 	sub.w	r3, r1, #23986176	@ 0x16e0000
 80066e4:	f5a3 5358 	sub.w	r3, r3, #13824	@ 0x3600
 80066e8:	4a19      	ldr	r2, [pc, #100]	@ (8006750 <USB_SetTurnaroundTime+0xd8>)
 80066ea:	4293      	cmp	r3, r2
 80066ec:	d314      	bcc.n	8006718 <USB_SetTurnaroundTime+0xa0>
    else if ((hclk >= 27700000U) && (hclk < 32000000U))
 80066ee:	4b19      	ldr	r3, [pc, #100]	@ (8006754 <USB_SetTurnaroundTime+0xdc>)
 80066f0:	440b      	add	r3, r1
 80066f2:	4a19      	ldr	r2, [pc, #100]	@ (8006758 <USB_SetTurnaroundTime+0xe0>)
 80066f4:	4293      	cmp	r3, r2
 80066f6:	d211      	bcs.n	800671c <USB_SetTurnaroundTime+0xa4>
      UsbTrd = 0x7U;
 80066f8:	2207      	movs	r2, #7
 80066fa:	e7c0      	b.n	800667e <USB_SetTurnaroundTime+0x6>
      UsbTrd = 0xFU;
 80066fc:	220f      	movs	r2, #15
 80066fe:	e7be      	b.n	800667e <USB_SetTurnaroundTime+0x6>
      UsbTrd = 0xEU;
 8006700:	220e      	movs	r2, #14
 8006702:	e7bc      	b.n	800667e <USB_SetTurnaroundTime+0x6>
      UsbTrd = 0xDU;
 8006704:	220d      	movs	r2, #13
 8006706:	e7ba      	b.n	800667e <USB_SetTurnaroundTime+0x6>
      UsbTrd = 0xCU;
 8006708:	220c      	movs	r2, #12
 800670a:	e7b8      	b.n	800667e <USB_SetTurnaroundTime+0x6>
      UsbTrd = 0xBU;
 800670c:	220b      	movs	r2, #11
 800670e:	e7b6      	b.n	800667e <USB_SetTurnaroundTime+0x6>
      UsbTrd = 0xAU;
 8006710:	220a      	movs	r2, #10
 8006712:	e7b4      	b.n	800667e <USB_SetTurnaroundTime+0x6>
      UsbTrd = 0x9U;
 8006714:	2209      	movs	r2, #9
 8006716:	e7b2      	b.n	800667e <USB_SetTurnaroundTime+0x6>
      UsbTrd = 0x8U;
 8006718:	2208      	movs	r2, #8
 800671a:	e7b0      	b.n	800667e <USB_SetTurnaroundTime+0x6>
      UsbTrd = 0x6U;
 800671c:	2206      	movs	r2, #6
 800671e:	e7ae      	b.n	800667e <USB_SetTurnaroundTime+0x6>
 8006720:	ff275340 	.word	0xff275340
 8006724:	000c34ff 	.word	0x000c34ff
 8006728:	ff1b1e40 	.word	0xff1b1e40
 800672c:	000f423f 	.word	0x000f423f
 8006730:	00124f7f 	.word	0x00124f7f
 8006734:	0013d620 	.word	0x0013d620
 8006738:	fee5b660 	.word	0xfee5b660
 800673c:	0016e35f 	.word	0x0016e35f
 8006740:	feced300 	.word	0xfeced300
 8006744:	001b7740 	.word	0x001b7740
 8006748:	feb35bc0 	.word	0xfeb35bc0
 800674c:	002191c0 	.word	0x002191c0
 8006750:	00387520 	.word	0x00387520
 8006754:	fe5954e0 	.word	0xfe5954e0
 8006758:	00419ce0 	.word	0x00419ce0

0800675c <USB_EnableGlobalInt>:
  USBx->GAHBCFG |= USB_OTG_GAHBCFG_GINT;
 800675c:	6883      	ldr	r3, [r0, #8]
 800675e:	f043 0301 	orr.w	r3, r3, #1
 8006762:	6083      	str	r3, [r0, #8]
}
 8006764:	2000      	movs	r0, #0
 8006766:	4770      	bx	lr

08006768 <USB_DisableGlobalInt>:
  USBx->GAHBCFG &= ~USB_OTG_GAHBCFG_GINT;
 8006768:	6883      	ldr	r3, [r0, #8]
 800676a:	f023 0301 	bic.w	r3, r3, #1
 800676e:	6083      	str	r3, [r0, #8]
}
 8006770:	2000      	movs	r0, #0
 8006772:	4770      	bx	lr

08006774 <USB_FlushTxFifo>:
{
 8006774:	b082      	sub	sp, #8
  __IO uint32_t count = 0U;
 8006776:	2300      	movs	r3, #0
 8006778:	9301      	str	r3, [sp, #4]
    count++;
 800677a:	9b01      	ldr	r3, [sp, #4]
 800677c:	3301      	adds	r3, #1
 800677e:	9301      	str	r3, [sp, #4]
    if (count > HAL_USB_TIMEOUT)
 8006780:	9b01      	ldr	r3, [sp, #4]
 8006782:	f1b3 6f70 	cmp.w	r3, #251658240	@ 0xf000000
 8006786:	d815      	bhi.n	80067b4 <USB_FlushTxFifo+0x40>
  } while ((USBx->GRSTCTL & USB_OTG_GRSTCTL_AHBIDL) == 0U);
 8006788:	6903      	ldr	r3, [r0, #16]
 800678a:	2b00      	cmp	r3, #0
 800678c:	daf5      	bge.n	800677a <USB_FlushTxFifo+0x6>
  count = 0U;
 800678e:	2300      	movs	r3, #0
 8006790:	9301      	str	r3, [sp, #4]
  USBx->GRSTCTL = (USB_OTG_GRSTCTL_TXFFLSH | (num << 6));
 8006792:	0189      	lsls	r1, r1, #6
 8006794:	f041 0120 	orr.w	r1, r1, #32
 8006798:	6101      	str	r1, [r0, #16]
    count++;
 800679a:	9b01      	ldr	r3, [sp, #4]
 800679c:	3301      	adds	r3, #1
 800679e:	9301      	str	r3, [sp, #4]
    if (count > HAL_USB_TIMEOUT)
 80067a0:	9b01      	ldr	r3, [sp, #4]
 80067a2:	f1b3 6f70 	cmp.w	r3, #251658240	@ 0xf000000
 80067a6:	d808      	bhi.n	80067ba <USB_FlushTxFifo+0x46>
  } while ((USBx->GRSTCTL & USB_OTG_GRSTCTL_TXFFLSH) == USB_OTG_GRSTCTL_TXFFLSH);
 80067a8:	6903      	ldr	r3, [r0, #16]
 80067aa:	f013 0f20 	tst.w	r3, #32
 80067ae:	d1f4      	bne.n	800679a <USB_FlushTxFifo+0x26>
  return HAL_OK;
 80067b0:	2000      	movs	r0, #0
 80067b2:	e000      	b.n	80067b6 <USB_FlushTxFifo+0x42>
      return HAL_TIMEOUT;
 80067b4:	2003      	movs	r0, #3
}
 80067b6:	b002      	add	sp, #8
 80067b8:	4770      	bx	lr
      return HAL_TIMEOUT;
 80067ba:	2003      	movs	r0, #3
 80067bc:	e7fb      	b.n	80067b6 <USB_FlushTxFifo+0x42>

080067be <USB_FlushRxFifo>:
{
 80067be:	b082      	sub	sp, #8
  __IO uint32_t count = 0U;
 80067c0:	2300      	movs	r3, #0
 80067c2:	9301      	str	r3, [sp, #4]
    count++;
 80067c4:	9b01      	ldr	r3, [sp, #4]
 80067c6:	3301      	adds	r3, #1
 80067c8:	9301      	str	r3, [sp, #4]
    if (count > HAL_USB_TIMEOUT)
 80067ca:	9b01      	ldr	r3, [sp, #4]
 80067cc:	f1b3 6f70 	cmp.w	r3, #251658240	@ 0xf000000
 80067d0:	d813      	bhi.n	80067fa <USB_FlushRxFifo+0x3c>
  } while ((USBx->GRSTCTL & USB_OTG_GRSTCTL_AHBIDL) == 0U);
 80067d2:	6903      	ldr	r3, [r0, #16]
 80067d4:	2b00      	cmp	r3, #0
 80067d6:	daf5      	bge.n	80067c4 <USB_FlushRxFifo+0x6>
  count = 0U;
 80067d8:	2300      	movs	r3, #0
 80067da:	9301      	str	r3, [sp, #4]
  USBx->GRSTCTL = USB_OTG_GRSTCTL_RXFFLSH;
 80067dc:	2310      	movs	r3, #16
 80067de:	6103      	str	r3, [r0, #16]
    count++;
 80067e0:	9b01      	ldr	r3, [sp, #4]
 80067e2:	3301      	adds	r3, #1
 80067e4:	9301      	str	r3, [sp, #4]
    if (count > HAL_USB_TIMEOUT)
 80067e6:	9b01      	ldr	r3, [sp, #4]
 80067e8:	f1b3 6f70 	cmp.w	r3, #251658240	@ 0xf000000
 80067ec:	d808      	bhi.n	8006800 <USB_FlushRxFifo+0x42>
  } while ((USBx->GRSTCTL & USB_OTG_GRSTCTL_RXFFLSH) == USB_OTG_GRSTCTL_RXFFLSH);
 80067ee:	6903      	ldr	r3, [r0, #16]
 80067f0:	f013 0f10 	tst.w	r3, #16
 80067f4:	d1f4      	bne.n	80067e0 <USB_FlushRxFifo+0x22>
  return HAL_OK;
 80067f6:	2000      	movs	r0, #0
 80067f8:	e000      	b.n	80067fc <USB_FlushRxFifo+0x3e>
      return HAL_TIMEOUT;
 80067fa:	2003      	movs	r0, #3
}
 80067fc:	b002      	add	sp, #8
 80067fe:	4770      	bx	lr
      return HAL_TIMEOUT;
 8006800:	2003      	movs	r0, #3
 8006802:	e7fb      	b.n	80067fc <USB_FlushRxFifo+0x3e>

08006804 <USB_SetDevSpeed>:
  USBx_DEVICE->DCFG |= speed;
 8006804:	f8d0 3800 	ldr.w	r3, [r0, #2048]	@ 0x800
 8006808:	4319      	orrs	r1, r3
 800680a:	f8c0 1800 	str.w	r1, [r0, #2048]	@ 0x800
}
 800680e:	2000      	movs	r0, #0
 8006810:	4770      	bx	lr
	...

08006814 <USB_DevInit>:
{
 8006814:	b084      	sub	sp, #16
 8006816:	b5f8      	push	{r3, r4, r5, r6, r7, lr}
 8006818:	4604      	mov	r4, r0
 800681a:	a807      	add	r0, sp, #28
 800681c:	e880 000e 	stmia.w	r0, {r1, r2, r3}
  for (i = 0U; i < 15U; i++)
 8006820:	2300      	movs	r3, #0
 8006822:	e006      	b.n	8006832 <USB_DevInit+0x1e>
    USBx->DIEPTXF[i] = 0U;
 8006824:	f103 0240 	add.w	r2, r3, #64	@ 0x40
 8006828:	eb04 0282 	add.w	r2, r4, r2, lsl #2
 800682c:	2100      	movs	r1, #0
 800682e:	6051      	str	r1, [r2, #4]
  for (i = 0U; i < 15U; i++)
 8006830:	3301      	adds	r3, #1
 8006832:	2b0e      	cmp	r3, #14
 8006834:	d9f6      	bls.n	8006824 <USB_DevInit+0x10>
  if (cfg.vbus_sensing_enable == 0U)
 8006836:	f89d 6026 	ldrb.w	r6, [sp, #38]	@ 0x26
 800683a:	bb06      	cbnz	r6, 800687e <USB_DevInit+0x6a>
    USBx_DEVICE->DCTL |= USB_OTG_DCTL_SDIS;
 800683c:	f8d4 3804 	ldr.w	r3, [r4, #2052]	@ 0x804
 8006840:	f043 0302 	orr.w	r3, r3, #2
 8006844:	f8c4 3804 	str.w	r3, [r4, #2052]	@ 0x804
    USBx->GCCFG |= USB_OTG_GCCFG_NOVBUSSENS;
 8006848:	6ba3      	ldr	r3, [r4, #56]	@ 0x38
 800684a:	f443 1300 	orr.w	r3, r3, #2097152	@ 0x200000
 800684e:	63a3      	str	r3, [r4, #56]	@ 0x38
    USBx->GCCFG &= ~USB_OTG_GCCFG_VBUSBSEN;
 8006850:	6ba3      	ldr	r3, [r4, #56]	@ 0x38
 8006852:	f423 2300 	bic.w	r3, r3, #524288	@ 0x80000
 8006856:	63a3      	str	r3, [r4, #56]	@ 0x38
    USBx->GCCFG &= ~USB_OTG_GCCFG_VBUSASEN;
 8006858:	6ba3      	ldr	r3, [r4, #56]	@ 0x38
 800685a:	f423 2380 	bic.w	r3, r3, #262144	@ 0x40000
 800685e:	63a3      	str	r3, [r4, #56]	@ 0x38
  USBx_PCGCCTL = 0U;
 8006860:	2300      	movs	r3, #0
 8006862:	f8c4 3e00 	str.w	r3, [r4, #3584]	@ 0xe00
  if (cfg.phy_itface == USB_OTG_ULPI_PHY)
 8006866:	f89d 3021 	ldrb.w	r3, [sp, #33]	@ 0x21
 800686a:	2b01      	cmp	r3, #1
 800686c:	d115      	bne.n	800689a <USB_DevInit+0x86>
    if (cfg.speed == USBD_HS_SPEED)
 800686e:	f89d 301f 	ldrb.w	r3, [sp, #31]
 8006872:	b96b      	cbnz	r3, 8006890 <USB_DevInit+0x7c>
      (void)USB_SetDevSpeed(USBx, USB_OTG_SPEED_HIGH);
 8006874:	2100      	movs	r1, #0
 8006876:	4620      	mov	r0, r4
 8006878:	f7ff ffc4 	bl	8006804 <USB_SetDevSpeed>
 800687c:	e011      	b.n	80068a2 <USB_DevInit+0x8e>
    USBx->GCCFG &= ~USB_OTG_GCCFG_NOVBUSSENS;
 800687e:	6ba3      	ldr	r3, [r4, #56]	@ 0x38
 8006880:	f423 1300 	bic.w	r3, r3, #2097152	@ 0x200000
 8006884:	63a3      	str	r3, [r4, #56]	@ 0x38
    USBx->GCCFG |= USB_OTG_GCCFG_VBUSBSEN;
 8006886:	6ba3      	ldr	r3, [r4, #56]	@ 0x38
 8006888:	f443 2300 	orr.w	r3, r3, #524288	@ 0x80000
 800688c:	63a3      	str	r3, [r4, #56]	@ 0x38
 800688e:	e7e7      	b.n	8006860 <USB_DevInit+0x4c>
      (void)USB_SetDevSpeed(USBx, USB_OTG_SPEED_HIGH_IN_FULL);
 8006890:	2101      	movs	r1, #1
 8006892:	4620      	mov	r0, r4
 8006894:	f7ff ffb6 	bl	8006804 <USB_SetDevSpeed>
 8006898:	e003      	b.n	80068a2 <USB_DevInit+0x8e>
    (void)USB_SetDevSpeed(USBx, USB_OTG_SPEED_FULL);
 800689a:	2103      	movs	r1, #3
 800689c:	4620      	mov	r0, r4
 800689e:	f7ff ffb1 	bl	8006804 <USB_SetDevSpeed>
  if (USB_FlushTxFifo(USBx, 0x10U) != HAL_OK) /* all Tx FIFOs */
 80068a2:	2110      	movs	r1, #16
 80068a4:	4620      	mov	r0, r4
 80068a6:	f7ff ff65 	bl	8006774 <USB_FlushTxFifo>
 80068aa:	4605      	mov	r5, r0
 80068ac:	b100      	cbz	r0, 80068b0 <USB_DevInit+0x9c>
    ret = HAL_ERROR;
 80068ae:	2501      	movs	r5, #1
  if (USB_FlushRxFifo(USBx) != HAL_OK)
 80068b0:	4620      	mov	r0, r4
 80068b2:	f7ff ff84 	bl	80067be <USB_FlushRxFifo>
 80068b6:	b100      	cbz	r0, 80068ba <USB_DevInit+0xa6>
    ret = HAL_ERROR;
 80068b8:	2501      	movs	r5, #1
  USBx_DEVICE->DIEPMSK = 0U;
 80068ba:	f504 6c00 	add.w	ip, r4, #2048	@ 0x800
 80068be:	2300      	movs	r3, #0
 80068c0:	f8cc 3010 	str.w	r3, [ip, #16]
  USBx_DEVICE->DOEPMSK = 0U;
 80068c4:	f8cc 3014 	str.w	r3, [ip, #20]
  USBx_DEVICE->DAINTMSK = 0U;
 80068c8:	f8cc 301c 	str.w	r3, [ip, #28]
  for (i = 0U; i < cfg.dev_endpoints; i++)
 80068cc:	e00d      	b.n	80068ea <USB_DevInit+0xd6>
        USBx_INEP(i)->DIEPCTL = USB_OTG_DIEPCTL_EPDIS | USB_OTG_DIEPCTL_SNAK;
 80068ce:	f04f 4090 	mov.w	r0, #1207959552	@ 0x48000000
 80068d2:	f8c2 0900 	str.w	r0, [r2, #2304]	@ 0x900
 80068d6:	e002      	b.n	80068de <USB_DevInit+0xca>
      USBx_INEP(i)->DIEPCTL = 0U;
 80068d8:	2000      	movs	r0, #0
 80068da:	f8c2 0900 	str.w	r0, [r2, #2304]	@ 0x900
    USBx_INEP(i)->DIEPTSIZ = 0U;
 80068de:	2200      	movs	r2, #0
 80068e0:	610a      	str	r2, [r1, #16]
    USBx_INEP(i)->DIEPINT  = 0xFB7FU;
 80068e2:	f64f 327f 	movw	r2, #64383	@ 0xfb7f
 80068e6:	608a      	str	r2, [r1, #8]
  for (i = 0U; i < cfg.dev_endpoints; i++)
 80068e8:	3301      	adds	r3, #1
 80068ea:	f89d 101c 	ldrb.w	r1, [sp, #28]
 80068ee:	4299      	cmp	r1, r3
 80068f0:	d90e      	bls.n	8006910 <USB_DevInit+0xfc>
    if ((USBx_INEP(i)->DIEPCTL & USB_OTG_DIEPCTL_EPENA) == USB_OTG_DIEPCTL_EPENA)
 80068f2:	eb04 1243 	add.w	r2, r4, r3, lsl #5
 80068f6:	f502 6110 	add.w	r1, r2, #2304	@ 0x900
 80068fa:	f8d2 0900 	ldr.w	r0, [r2, #2304]	@ 0x900
 80068fe:	2800      	cmp	r0, #0
 8006900:	daea      	bge.n	80068d8 <USB_DevInit+0xc4>
      if (i == 0U)
 8006902:	2b00      	cmp	r3, #0
 8006904:	d1e3      	bne.n	80068ce <USB_DevInit+0xba>
        USBx_INEP(i)->DIEPCTL = USB_OTG_DIEPCTL_SNAK;
 8006906:	f04f 6000 	mov.w	r0, #134217728	@ 0x8000000
 800690a:	f8c2 0900 	str.w	r0, [r2, #2304]	@ 0x900
 800690e:	e7e6      	b.n	80068de <USB_DevInit+0xca>
  for (i = 0U; i < cfg.dev_endpoints; i++)
 8006910:	2300      	movs	r3, #0
 8006912:	e00a      	b.n	800692a <USB_DevInit+0x116>
      if (i == 0U)
 8006914:	b1bb      	cbz	r3, 8006946 <USB_DevInit+0x132>
        USBx_OUTEP(i)->DOEPCTL = USB_OTG_DOEPCTL_EPDIS | USB_OTG_DOEPCTL_SNAK;
 8006916:	f04f 4790 	mov.w	r7, #1207959552	@ 0x48000000
 800691a:	f8c2 7b00 	str.w	r7, [r2, #2816]	@ 0xb00
    USBx_OUTEP(i)->DOEPTSIZ = 0U;
 800691e:	2200      	movs	r2, #0
 8006920:	6102      	str	r2, [r0, #16]
    USBx_OUTEP(i)->DOEPINT  = 0xFB7FU;
 8006922:	f64f 327f 	movw	r2, #64383	@ 0xfb7f
 8006926:	6082      	str	r2, [r0, #8]
  for (i = 0U; i < cfg.dev_endpoints; i++)
 8006928:	3301      	adds	r3, #1
 800692a:	4299      	cmp	r1, r3
 800692c:	d910      	bls.n	8006950 <USB_DevInit+0x13c>
    if ((USBx_OUTEP(i)->DOEPCTL & USB_OTG_DOEPCTL_EPENA) == USB_OTG_DOEPCTL_EPENA)
 800692e:	eb04 1243 	add.w	r2, r4, r3, lsl #5
 8006932:	f502 6030 	add.w	r0, r2, #2816	@ 0xb00
 8006936:	f8d2 7b00 	ldr.w	r7, [r2, #2816]	@ 0xb00
 800693a:	2f00      	cmp	r7, #0
 800693c:	dbea      	blt.n	8006914 <USB_DevInit+0x100>
      USBx_OUTEP(i)->DOEPCTL = 0U;
 800693e:	2700      	movs	r7, #0
 8006940:	f8c2 7b00 	str.w	r7, [r2, #2816]	@ 0xb00
 8006944:	e7eb      	b.n	800691e <USB_DevInit+0x10a>
        USBx_OUTEP(i)->DOEPCTL = USB_OTG_DOEPCTL_SNAK;
 8006946:	f04f 6700 	mov.w	r7, #134217728	@ 0x8000000
 800694a:	f8c2 7b00 	str.w	r7, [r2, #2816]	@ 0xb00
 800694e:	e7e6      	b.n	800691e <USB_DevInit+0x10a>
  USBx_DEVICE->DIEPMSK &= ~(USB_OTG_DIEPMSK_TXFURM);
 8006950:	f8dc 3010 	ldr.w	r3, [ip, #16]
 8006954:	f423 7380 	bic.w	r3, r3, #256	@ 0x100
 8006958:	f8cc 3010 	str.w	r3, [ip, #16]
  USBx->GINTMSK = 0U;
 800695c:	2300      	movs	r3, #0
 800695e:	61a3      	str	r3, [r4, #24]
  USBx->GINTSTS = 0xBFFFFFFFU;
 8006960:	f06f 4380 	mvn.w	r3, #1073741824	@ 0x40000000
 8006964:	6163      	str	r3, [r4, #20]
  if (cfg.dma_enable == 0U)
 8006966:	f89d 301e 	ldrb.w	r3, [sp, #30]
 800696a:	b91b      	cbnz	r3, 8006974 <USB_DevInit+0x160>
    USBx->GINTMSK |= USB_OTG_GINTMSK_RXFLVLM;
 800696c:	69a3      	ldr	r3, [r4, #24]
 800696e:	f043 0310 	orr.w	r3, r3, #16
 8006972:	61a3      	str	r3, [r4, #24]
  USBx->GINTMSK |= USB_OTG_GINTMSK_USBSUSPM | USB_OTG_GINTMSK_USBRST |
 8006974:	69a2      	ldr	r2, [r4, #24]
 8006976:	4b0c      	ldr	r3, [pc, #48]	@ (80069a8 <USB_DevInit+0x194>)
 8006978:	4313      	orrs	r3, r2
 800697a:	61a3      	str	r3, [r4, #24]
  if (cfg.Sof_enable != 0U)
 800697c:	f89d 3022 	ldrb.w	r3, [sp, #34]	@ 0x22
 8006980:	b11b      	cbz	r3, 800698a <USB_DevInit+0x176>
    USBx->GINTMSK |= USB_OTG_GINTMSK_SOFM;
 8006982:	69a3      	ldr	r3, [r4, #24]
 8006984:	f043 0308 	orr.w	r3, r3, #8
 8006988:	61a3      	str	r3, [r4, #24]
  if (cfg.vbus_sensing_enable == 1U)
 800698a:	2e01      	cmp	r6, #1
 800698c:	d004      	beq.n	8006998 <USB_DevInit+0x184>
}
 800698e:	4628      	mov	r0, r5
 8006990:	e8bd 40f8 	ldmia.w	sp!, {r3, r4, r5, r6, r7, lr}
 8006994:	b004      	add	sp, #16
 8006996:	4770      	bx	lr
    USBx->GINTMSK |= (USB_OTG_GINTMSK_SRQIM | USB_OTG_GINTMSK_OTGINT);
 8006998:	69a3      	ldr	r3, [r4, #24]
 800699a:	f043 4380 	orr.w	r3, r3, #1073741824	@ 0x40000000
 800699e:	f043 0304 	orr.w	r3, r3, #4
 80069a2:	61a3      	str	r3, [r4, #24]
 80069a4:	e7f3      	b.n	800698e <USB_DevInit+0x17a>
 80069a6:	bf00      	nop
 80069a8:	803c3800 	.word	0x803c3800

080069ac <USB_GetDevSpeed>:
  uint32_t DevEnumSpeed = USBx_DEVICE->DSTS & USB_OTG_DSTS_ENUMSPD;
 80069ac:	f8d0 3808 	ldr.w	r3, [r0, #2056]	@ 0x808
 80069b0:	f003 0306 	and.w	r3, r3, #6
  if (DevEnumSpeed == DSTS_ENUMSPD_HS_PHY_30MHZ_OR_60MHZ)
 80069b4:	2b02      	cmp	r3, #2
 80069b6:	d004      	beq.n	80069c2 <USB_GetDevSpeed+0x16>
 80069b8:	2b06      	cmp	r3, #6
 80069ba:	d004      	beq.n	80069c6 <USB_GetDevSpeed+0x1a>
 80069bc:	b92b      	cbnz	r3, 80069ca <USB_GetDevSpeed+0x1e>
  uint32_t DevEnumSpeed = USBx_DEVICE->DSTS & USB_OTG_DSTS_ENUMSPD;
 80069be:	2000      	movs	r0, #0
 80069c0:	4770      	bx	lr
 80069c2:	2002      	movs	r0, #2
 80069c4:	4770      	bx	lr
 80069c6:	2002      	movs	r0, #2
 80069c8:	4770      	bx	lr
 80069ca:	200f      	movs	r0, #15
}
 80069cc:	4770      	bx	lr

080069ce <USB_ActivateEndpoint>:
{
 80069ce:	b510      	push	{r4, lr}
  uint32_t epnum = (uint32_t)ep->num;
 80069d0:	f891 c000 	ldrb.w	ip, [r1]
  if (ep->is_in == 1U)
 80069d4:	784b      	ldrb	r3, [r1, #1]
 80069d6:	2b01      	cmp	r3, #1
 80069d8:	d023      	beq.n	8006a22 <USB_ActivateEndpoint+0x54>
    USBx_DEVICE->DAINTMSK |= USB_OTG_DAINTMSK_OEPM & ((uint32_t)(1UL << (ep->num & EP_ADDR_MSK)) << 16);
 80069da:	f500 6e00 	add.w	lr, r0, #2048	@ 0x800
 80069de:	f8d0 381c 	ldr.w	r3, [r0, #2076]	@ 0x81c
 80069e2:	f00c 040f 	and.w	r4, ip, #15
 80069e6:	2201      	movs	r2, #1
 80069e8:	40a2      	lsls	r2, r4
 80069ea:	ea43 4302 	orr.w	r3, r3, r2, lsl #16
 80069ee:	f8c0 381c 	str.w	r3, [r0, #2076]	@ 0x81c
    if (((USBx_OUTEP(epnum)->DOEPCTL) & USB_OTG_DOEPCTL_USBAEP) == 0U)
 80069f2:	eb00 104c 	add.w	r0, r0, ip, lsl #5
 80069f6:	f8d0 3b00 	ldr.w	r3, [r0, #2816]	@ 0xb00
 80069fa:	f413 4f00 	tst.w	r3, #32768	@ 0x8000
 80069fe:	d10e      	bne.n	8006a1e <USB_ActivateEndpoint+0x50>
      USBx_OUTEP(epnum)->DOEPCTL |= (ep->maxpacket & USB_OTG_DOEPCTL_MPSIZ) |
 8006a00:	f8d0 3b00 	ldr.w	r3, [r0, #2816]	@ 0xb00
 8006a04:	688a      	ldr	r2, [r1, #8]
 8006a06:	f3c2 020a 	ubfx	r2, r2, #0, #11
                                    ((uint32_t)ep->type << 18) |
 8006a0a:	7909      	ldrb	r1, [r1, #4]
      USBx_OUTEP(epnum)->DOEPCTL |= (ep->maxpacket & USB_OTG_DOEPCTL_MPSIZ) |
 8006a0c:	ea42 4281 	orr.w	r2, r2, r1, lsl #18
 8006a10:	4313      	orrs	r3, r2
 8006a12:	f043 5380 	orr.w	r3, r3, #268435456	@ 0x10000000
 8006a16:	f443 4300 	orr.w	r3, r3, #32768	@ 0x8000
 8006a1a:	f8c0 3b00 	str.w	r3, [r0, #2816]	@ 0xb00
}
 8006a1e:	2000      	movs	r0, #0
 8006a20:	bd10      	pop	{r4, pc}
    USBx_DEVICE->DAINTMSK |= USB_OTG_DAINTMSK_IEPM & (uint32_t)(1UL << (ep->num & EP_ADDR_MSK));
 8006a22:	f8d0 281c 	ldr.w	r2, [r0, #2076]	@ 0x81c
 8006a26:	f00c 0e0f 	and.w	lr, ip, #15
 8006a2a:	fa03 f30e 	lsl.w	r3, r3, lr
 8006a2e:	b29b      	uxth	r3, r3
 8006a30:	4313      	orrs	r3, r2
 8006a32:	f8c0 381c 	str.w	r3, [r0, #2076]	@ 0x81c
    if ((USBx_INEP(epnum)->DIEPCTL & USB_OTG_DIEPCTL_USBAEP) == 0U)
 8006a36:	eb00 104c 	add.w	r0, r0, ip, lsl #5
 8006a3a:	f8d0 3900 	ldr.w	r3, [r0, #2304]	@ 0x900
 8006a3e:	f413 4f00 	tst.w	r3, #32768	@ 0x8000
 8006a42:	d1ec      	bne.n	8006a1e <USB_ActivateEndpoint+0x50>
      USBx_INEP(epnum)->DIEPCTL |= (ep->maxpacket & USB_OTG_DIEPCTL_MPSIZ) |
 8006a44:	f8d0 3900 	ldr.w	r3, [r0, #2304]	@ 0x900
 8006a48:	688a      	ldr	r2, [r1, #8]
 8006a4a:	f3c2 020a 	ubfx	r2, r2, #0, #11
                                   ((uint32_t)ep->type << 18) | (epnum << 22) |
 8006a4e:	7909      	ldrb	r1, [r1, #4]
      USBx_INEP(epnum)->DIEPCTL |= (ep->maxpacket & USB_OTG_DIEPCTL_MPSIZ) |
 8006a50:	ea42 4281 	orr.w	r2, r2, r1, lsl #18
                                   ((uint32_t)ep->type << 18) | (epnum << 22) |
 8006a54:	ea42 528c 	orr.w	r2, r2, ip, lsl #22
      USBx_INEP(epnum)->DIEPCTL |= (ep->maxpacket & USB_OTG_DIEPCTL_MPSIZ) |
 8006a58:	4313      	orrs	r3, r2
 8006a5a:	f043 5380 	orr.w	r3, r3, #268435456	@ 0x10000000
 8006a5e:	f443 4300 	orr.w	r3, r3, #32768	@ 0x8000
 8006a62:	f8c0 3900 	str.w	r3, [r0, #2304]	@ 0x900
 8006a66:	e7da      	b.n	8006a1e <USB_ActivateEndpoint+0x50>

08006a68 <USB_DeactivateEndpoint>:
{
 8006a68:	b430      	push	{r4, r5}
  uint32_t epnum = (uint32_t)ep->num;
 8006a6a:	780b      	ldrb	r3, [r1, #0]
  if (ep->is_in == 1U)
 8006a6c:	784a      	ldrb	r2, [r1, #1]
 8006a6e:	2a01      	cmp	r2, #1
 8006a70:	d026      	beq.n	8006ac0 <USB_DeactivateEndpoint+0x58>
    if ((USBx_OUTEP(epnum)->DOEPCTL & USB_OTG_DOEPCTL_EPENA) == USB_OTG_DOEPCTL_EPENA)
 8006a72:	eb00 1343 	add.w	r3, r0, r3, lsl #5
 8006a76:	f8d3 2b00 	ldr.w	r2, [r3, #2816]	@ 0xb00
 8006a7a:	2a00      	cmp	r2, #0
 8006a7c:	db52      	blt.n	8006b24 <USB_DeactivateEndpoint+0xbc>
    USBx_DEVICE->DEACHMSK &= ~(USB_OTG_DAINTMSK_OEPM & ((uint32_t)(1UL << (ep->num & EP_ADDR_MSK)) << 16));
 8006a7e:	f8d0 483c 	ldr.w	r4, [r0, #2108]	@ 0x83c
 8006a82:	780a      	ldrb	r2, [r1, #0]
 8006a84:	f002 020f 	and.w	r2, r2, #15
 8006a88:	f04f 0c01 	mov.w	ip, #1
 8006a8c:	fa0c f202 	lsl.w	r2, ip, r2
 8006a90:	ea24 4202 	bic.w	r2, r4, r2, lsl #16
 8006a94:	f8c0 283c 	str.w	r2, [r0, #2108]	@ 0x83c
    USBx_DEVICE->DAINTMSK &= ~(USB_OTG_DAINTMSK_OEPM & ((uint32_t)(1UL << (ep->num & EP_ADDR_MSK)) << 16));
 8006a98:	f8d0 281c 	ldr.w	r2, [r0, #2076]	@ 0x81c
 8006a9c:	7809      	ldrb	r1, [r1, #0]
 8006a9e:	f001 010f 	and.w	r1, r1, #15
 8006aa2:	fa0c fc01 	lsl.w	ip, ip, r1
 8006aa6:	ea22 420c 	bic.w	r2, r2, ip, lsl #16
 8006aaa:	f8c0 281c 	str.w	r2, [r0, #2076]	@ 0x81c
    USBx_OUTEP(epnum)->DOEPCTL &= ~(USB_OTG_DOEPCTL_USBAEP |
 8006aae:	f8d3 1b00 	ldr.w	r1, [r3, #2816]	@ 0xb00
 8006ab2:	4a23      	ldr	r2, [pc, #140]	@ (8006b40 <USB_DeactivateEndpoint+0xd8>)
 8006ab4:	400a      	ands	r2, r1
 8006ab6:	f8c3 2b00 	str.w	r2, [r3, #2816]	@ 0xb00
}
 8006aba:	2000      	movs	r0, #0
 8006abc:	bc30      	pop	{r4, r5}
 8006abe:	4770      	bx	lr
    if ((USBx_INEP(epnum)->DIEPCTL & USB_OTG_DIEPCTL_EPENA) == USB_OTG_DIEPCTL_EPENA)
 8006ac0:	eb00 1343 	add.w	r3, r0, r3, lsl #5
 8006ac4:	f8d3 2900 	ldr.w	r2, [r3, #2304]	@ 0x900
 8006ac8:	2a00      	cmp	r2, #0
 8006aca:	db1e      	blt.n	8006b0a <USB_DeactivateEndpoint+0xa2>
    USBx_DEVICE->DEACHMSK &= ~(USB_OTG_DAINTMSK_IEPM & (uint32_t)(1UL << (ep->num & EP_ADDR_MSK)));
 8006acc:	f8d0 583c 	ldr.w	r5, [r0, #2108]	@ 0x83c
 8006ad0:	780a      	ldrb	r2, [r1, #0]
 8006ad2:	f002 020f 	and.w	r2, r2, #15
 8006ad6:	2401      	movs	r4, #1
 8006ad8:	fa04 f202 	lsl.w	r2, r4, r2
 8006adc:	b292      	uxth	r2, r2
 8006ade:	ea25 0202 	bic.w	r2, r5, r2
 8006ae2:	f8c0 283c 	str.w	r2, [r0, #2108]	@ 0x83c
    USBx_DEVICE->DAINTMSK &= ~(USB_OTG_DAINTMSK_IEPM & (uint32_t)(1UL << (ep->num & EP_ADDR_MSK)));
 8006ae6:	f8d0 281c 	ldr.w	r2, [r0, #2076]	@ 0x81c
 8006aea:	7809      	ldrb	r1, [r1, #0]
 8006aec:	f001 010f 	and.w	r1, r1, #15
 8006af0:	408c      	lsls	r4, r1
 8006af2:	b2a4      	uxth	r4, r4
 8006af4:	ea22 0204 	bic.w	r2, r2, r4
 8006af8:	f8c0 281c 	str.w	r2, [r0, #2076]	@ 0x81c
    USBx_INEP(epnum)->DIEPCTL &= ~(USB_OTG_DIEPCTL_USBAEP |
 8006afc:	f8d3 1900 	ldr.w	r1, [r3, #2304]	@ 0x900
 8006b00:	4a10      	ldr	r2, [pc, #64]	@ (8006b44 <USB_DeactivateEndpoint+0xdc>)
 8006b02:	400a      	ands	r2, r1
 8006b04:	f8c3 2900 	str.w	r2, [r3, #2304]	@ 0x900
 8006b08:	e7d7      	b.n	8006aba <USB_DeactivateEndpoint+0x52>
      USBx_INEP(epnum)->DIEPCTL |= USB_OTG_DIEPCTL_SNAK;
 8006b0a:	f8d3 2900 	ldr.w	r2, [r3, #2304]	@ 0x900
 8006b0e:	f042 6200 	orr.w	r2, r2, #134217728	@ 0x8000000
 8006b12:	f8c3 2900 	str.w	r2, [r3, #2304]	@ 0x900
      USBx_INEP(epnum)->DIEPCTL |= USB_OTG_DIEPCTL_EPDIS;
 8006b16:	f8d3 2900 	ldr.w	r2, [r3, #2304]	@ 0x900
 8006b1a:	f042 4280 	orr.w	r2, r2, #1073741824	@ 0x40000000
 8006b1e:	f8c3 2900 	str.w	r2, [r3, #2304]	@ 0x900
 8006b22:	e7d3      	b.n	8006acc <USB_DeactivateEndpoint+0x64>
      USBx_OUTEP(epnum)->DOEPCTL |= USB_OTG_DOEPCTL_SNAK;
 8006b24:	f8d3 2b00 	ldr.w	r2, [r3, #2816]	@ 0xb00
 8006b28:	f042 6200 	orr.w	r2, r2, #134217728	@ 0x8000000
 8006b2c:	f8c3 2b00 	str.w	r2, [r3, #2816]	@ 0xb00
      USBx_OUTEP(epnum)->DOEPCTL |= USB_OTG_DOEPCTL_EPDIS;
 8006b30:	f8d3 2b00 	ldr.w	r2, [r3, #2816]	@ 0xb00
 8006b34:	f042 4280 	orr.w	r2, r2, #1073741824	@ 0x40000000
 8006b38:	f8c3 2b00 	str.w	r2, [r3, #2816]	@ 0xb00
 8006b3c:	e79f      	b.n	8006a7e <USB_DeactivateEndpoint+0x16>
 8006b3e:	bf00      	nop
 8006b40:	eff37800 	.word	0xeff37800
 8006b44:	ec337800 	.word	0xec337800

08006b48 <USB_EPStopXfer>:
{
 8006b48:	b410      	push	{r4}
 8006b4a:	b083      	sub	sp, #12
 8006b4c:	4602      	mov	r2, r0
  __IO uint32_t count = 0U;
 8006b4e:	2300      	movs	r3, #0
 8006b50:	9301      	str	r3, [sp, #4]
  if (ep->is_in == 1U)
 8006b52:	7848      	ldrb	r0, [r1, #1]
 8006b54:	2801      	cmp	r0, #1
 8006b56:	d00b      	beq.n	8006b70 <USB_EPStopXfer+0x28>
    if (((USBx_OUTEP(ep->num)->DOEPCTL) & USB_OTG_DOEPCTL_EPENA) == USB_OTG_DOEPCTL_EPENA)
 8006b58:	780b      	ldrb	r3, [r1, #0]
 8006b5a:	eb02 1343 	add.w	r3, r2, r3, lsl #5
 8006b5e:	f8d3 0b00 	ldr.w	r0, [r3, #2816]	@ 0xb00
 8006b62:	2800      	cmp	r0, #0
 8006b64:	db2d      	blt.n	8006bc2 <USB_EPStopXfer+0x7a>
  HAL_StatusTypeDef ret = HAL_OK;
 8006b66:	2000      	movs	r0, #0
}
 8006b68:	b003      	add	sp, #12
 8006b6a:	f85d 4b04 	ldr.w	r4, [sp], #4
 8006b6e:	4770      	bx	lr
    if (((USBx_INEP(ep->num)->DIEPCTL) & USB_OTG_DIEPCTL_EPENA) == USB_OTG_DIEPCTL_EPENA)
 8006b70:	780b      	ldrb	r3, [r1, #0]
 8006b72:	eb02 1343 	add.w	r3, r2, r3, lsl #5
 8006b76:	f8d3 4900 	ldr.w	r4, [r3, #2304]	@ 0x900
 8006b7a:	2c00      	cmp	r4, #0
 8006b7c:	db01      	blt.n	8006b82 <USB_EPStopXfer+0x3a>
  HAL_StatusTypeDef ret = HAL_OK;
 8006b7e:	2000      	movs	r0, #0
 8006b80:	e7f2      	b.n	8006b68 <USB_EPStopXfer+0x20>
      USBx_INEP(ep->num)->DIEPCTL |= (USB_OTG_DIEPCTL_SNAK);
 8006b82:	f8d3 4900 	ldr.w	r4, [r3, #2304]	@ 0x900
 8006b86:	f044 6400 	orr.w	r4, r4, #134217728	@ 0x8000000
 8006b8a:	f8c3 4900 	str.w	r4, [r3, #2304]	@ 0x900
      USBx_INEP(ep->num)->DIEPCTL |= (USB_OTG_DIEPCTL_EPDIS);
 8006b8e:	780b      	ldrb	r3, [r1, #0]
 8006b90:	eb02 1343 	add.w	r3, r2, r3, lsl #5
 8006b94:	f8d3 4900 	ldr.w	r4, [r3, #2304]	@ 0x900
 8006b98:	f044 4480 	orr.w	r4, r4, #1073741824	@ 0x40000000
 8006b9c:	f8c3 4900 	str.w	r4, [r3, #2304]	@ 0x900
        count++;
 8006ba0:	9b01      	ldr	r3, [sp, #4]
 8006ba2:	3301      	adds	r3, #1
 8006ba4:	9301      	str	r3, [sp, #4]
        if (count > 10000U)
 8006ba6:	9c01      	ldr	r4, [sp, #4]
 8006ba8:	f242 7310 	movw	r3, #10000	@ 0x2710
 8006bac:	429c      	cmp	r4, r3
 8006bae:	d8db      	bhi.n	8006b68 <USB_EPStopXfer+0x20>
      } while (((USBx_INEP(ep->num)->DIEPCTL) & USB_OTG_DIEPCTL_EPENA) ==  USB_OTG_DIEPCTL_EPENA);
 8006bb0:	780b      	ldrb	r3, [r1, #0]
 8006bb2:	eb02 1343 	add.w	r3, r2, r3, lsl #5
 8006bb6:	f8d3 3900 	ldr.w	r3, [r3, #2304]	@ 0x900
 8006bba:	2b00      	cmp	r3, #0
 8006bbc:	dbf0      	blt.n	8006ba0 <USB_EPStopXfer+0x58>
  HAL_StatusTypeDef ret = HAL_OK;
 8006bbe:	2000      	movs	r0, #0
 8006bc0:	e7d2      	b.n	8006b68 <USB_EPStopXfer+0x20>
      USBx_OUTEP(ep->num)->DOEPCTL |= (USB_OTG_DOEPCTL_SNAK);
 8006bc2:	f8d3 0b00 	ldr.w	r0, [r3, #2816]	@ 0xb00
 8006bc6:	f040 6000 	orr.w	r0, r0, #134217728	@ 0x8000000
 8006bca:	f8c3 0b00 	str.w	r0, [r3, #2816]	@ 0xb00
      USBx_OUTEP(ep->num)->DOEPCTL |= (USB_OTG_DOEPCTL_EPDIS);
 8006bce:	780b      	ldrb	r3, [r1, #0]
 8006bd0:	eb02 1343 	add.w	r3, r2, r3, lsl #5
 8006bd4:	f8d3 0b00 	ldr.w	r0, [r3, #2816]	@ 0xb00
 8006bd8:	f040 4080 	orr.w	r0, r0, #1073741824	@ 0x40000000
 8006bdc:	f8c3 0b00 	str.w	r0, [r3, #2816]	@ 0xb00
        count++;
 8006be0:	9b01      	ldr	r3, [sp, #4]
 8006be2:	3301      	adds	r3, #1
 8006be4:	9301      	str	r3, [sp, #4]
        if (count > 10000U)
 8006be6:	9801      	ldr	r0, [sp, #4]
 8006be8:	f242 7310 	movw	r3, #10000	@ 0x2710
 8006bec:	4298      	cmp	r0, r3
 8006bee:	d808      	bhi.n	8006c02 <USB_EPStopXfer+0xba>
      } while (((USBx_OUTEP(ep->num)->DOEPCTL) & USB_OTG_DOEPCTL_EPENA) ==  USB_OTG_DOEPCTL_EPENA);
 8006bf0:	780b      	ldrb	r3, [r1, #0]
 8006bf2:	eb02 1343 	add.w	r3, r2, r3, lsl #5
 8006bf6:	f8d3 3b00 	ldr.w	r3, [r3, #2816]	@ 0xb00
 8006bfa:	2b00      	cmp	r3, #0
 8006bfc:	dbf0      	blt.n	8006be0 <USB_EPStopXfer+0x98>
  HAL_StatusTypeDef ret = HAL_OK;
 8006bfe:	2000      	movs	r0, #0
 8006c00:	e7b2      	b.n	8006b68 <USB_EPStopXfer+0x20>
          ret = HAL_ERROR;
 8006c02:	2001      	movs	r0, #1
 8006c04:	e7b0      	b.n	8006b68 <USB_EPStopXfer+0x20>

08006c06 <USB_WritePacket>:
{
 8006c06:	b510      	push	{r4, lr}
 8006c08:	f89d 4008 	ldrb.w	r4, [sp, #8]
  if (dma == 0U)
 8006c0c:	b984      	cbnz	r4, 8006c30 <USB_WritePacket+0x2a>
    count32b = ((uint32_t)len + 3U) / 4U;
 8006c0e:	3303      	adds	r3, #3
 8006c10:	ea4f 0e93 	mov.w	lr, r3, lsr #2
    for (i = 0U; i < count32b; i++)
 8006c14:	f04f 0c00 	mov.w	ip, #0
 8006c18:	e008      	b.n	8006c2c <USB_WritePacket+0x26>
      USBx_DFIFO((uint32_t)ch_ep_num) = __UNALIGNED_UINT32_READ(pSrc);
 8006c1a:	eb00 3302 	add.w	r3, r0, r2, lsl #12
 8006c1e:	f503 5380 	add.w	r3, r3, #4096	@ 0x1000
 8006c22:	f851 4b04 	ldr.w	r4, [r1], #4
 8006c26:	601c      	str	r4, [r3, #0]
    for (i = 0U; i < count32b; i++)
 8006c28:	f10c 0c01 	add.w	ip, ip, #1
 8006c2c:	45f4      	cmp	ip, lr
 8006c2e:	d3f4      	bcc.n	8006c1a <USB_WritePacket+0x14>
}
 8006c30:	2000      	movs	r0, #0
 8006c32:	bd10      	pop	{r4, pc}

08006c34 <USB_EPStartXfer>:
{
 8006c34:	b5f0      	push	{r4, r5, r6, r7, lr}
 8006c36:	b083      	sub	sp, #12
  uint32_t epnum = (uint32_t)ep->num;
 8006c38:	780c      	ldrb	r4, [r1, #0]
  if (ep->is_in == 1U)
 8006c3a:	784b      	ldrb	r3, [r1, #1]
 8006c3c:	2b01      	cmp	r3, #1
 8006c3e:	d02d      	beq.n	8006c9c <USB_EPStartXfer+0x68>
    USBx_OUTEP(epnum)->DOEPTSIZ &= ~(USB_OTG_DOEPTSIZ_XFRSIZ);
 8006c40:	eb00 1c44 	add.w	ip, r0, r4, lsl #5
 8006c44:	f50c 6330 	add.w	r3, ip, #2816	@ 0xb00
 8006c48:	691d      	ldr	r5, [r3, #16]
 8006c4a:	f36f 0512 	bfc	r5, #0, #19
 8006c4e:	611d      	str	r5, [r3, #16]
    USBx_OUTEP(epnum)->DOEPTSIZ &= ~(USB_OTG_DOEPTSIZ_PKTCNT);
 8006c50:	691d      	ldr	r5, [r3, #16]
 8006c52:	f36f 45dc 	bfc	r5, #19, #10
 8006c56:	611d      	str	r5, [r3, #16]
    if (epnum == 0U)
 8006c58:	2c00      	cmp	r4, #0
 8006c5a:	f040 80ce 	bne.w	8006dfa <USB_EPStartXfer+0x1c6>
      if (ep->xfer_len > 0U)
 8006c5e:	690c      	ldr	r4, [r1, #16]
 8006c60:	b10c      	cbz	r4, 8006c66 <USB_EPStartXfer+0x32>
        ep->xfer_len = ep->maxpacket;
 8006c62:	688c      	ldr	r4, [r1, #8]
 8006c64:	610c      	str	r4, [r1, #16]
      ep->xfer_size = ep->maxpacket;
 8006c66:	688c      	ldr	r4, [r1, #8]
 8006c68:	620c      	str	r4, [r1, #32]
      USBx_OUTEP(epnum)->DOEPTSIZ |= (USB_OTG_DOEPTSIZ_XFRSIZ & ep->xfer_size);
 8006c6a:	691d      	ldr	r5, [r3, #16]
 8006c6c:	f3c4 0412 	ubfx	r4, r4, #0, #19
 8006c70:	432c      	orrs	r4, r5
 8006c72:	611c      	str	r4, [r3, #16]
      USBx_OUTEP(epnum)->DOEPTSIZ |= (USB_OTG_DOEPTSIZ_PKTCNT & (1U << 19));
 8006c74:	691c      	ldr	r4, [r3, #16]
 8006c76:	f444 2400 	orr.w	r4, r4, #524288	@ 0x80000
 8006c7a:	611c      	str	r4, [r3, #16]
    if (dma == 1U)
 8006c7c:	2a01      	cmp	r2, #1
 8006c7e:	f000 80df 	beq.w	8006e40 <USB_EPStartXfer+0x20c>
    if (ep->type == EP_TYPE_ISOC)
 8006c82:	790b      	ldrb	r3, [r1, #4]
 8006c84:	2b01      	cmp	r3, #1
 8006c86:	f000 80e1 	beq.w	8006e4c <USB_EPStartXfer+0x218>
    USBx_OUTEP(epnum)->DOEPCTL |= (USB_OTG_DOEPCTL_CNAK | USB_OTG_DOEPCTL_EPENA);
 8006c8a:	f8dc 3b00 	ldr.w	r3, [ip, #2816]	@ 0xb00
 8006c8e:	f043 4304 	orr.w	r3, r3, #2214592512	@ 0x84000000
 8006c92:	f8cc 3b00 	str.w	r3, [ip, #2816]	@ 0xb00
}
 8006c96:	2000      	movs	r0, #0
 8006c98:	b003      	add	sp, #12
 8006c9a:	bdf0      	pop	{r4, r5, r6, r7, pc}
    if (ep->xfer_len == 0U)
 8006c9c:	690b      	ldr	r3, [r1, #16]
 8006c9e:	bb73      	cbnz	r3, 8006cfe <USB_EPStartXfer+0xca>
      USBx_INEP(epnum)->DIEPTSIZ &= ~(USB_OTG_DIEPTSIZ_PKTCNT);
 8006ca0:	eb00 1344 	add.w	r3, r0, r4, lsl #5
 8006ca4:	f8d3 5910 	ldr.w	r5, [r3, #2320]	@ 0x910
 8006ca8:	f36f 45dc 	bfc	r5, #19, #10
 8006cac:	f8c3 5910 	str.w	r5, [r3, #2320]	@ 0x910
      USBx_INEP(epnum)->DIEPTSIZ |= (USB_OTG_DIEPTSIZ_PKTCNT & (1U << 19));
 8006cb0:	f8d3 5910 	ldr.w	r5, [r3, #2320]	@ 0x910
 8006cb4:	f445 2500 	orr.w	r5, r5, #524288	@ 0x80000
 8006cb8:	f8c3 5910 	str.w	r5, [r3, #2320]	@ 0x910
      USBx_INEP(epnum)->DIEPTSIZ &= ~(USB_OTG_DIEPTSIZ_XFRSIZ);
 8006cbc:	f8d3 5910 	ldr.w	r5, [r3, #2320]	@ 0x910
 8006cc0:	f36f 0512 	bfc	r5, #0, #19
 8006cc4:	f8c3 5910 	str.w	r5, [r3, #2320]	@ 0x910
    if (dma == 1U)
 8006cc8:	2a01      	cmp	r2, #1
 8006cca:	d054      	beq.n	8006d76 <USB_EPStartXfer+0x142>
      USBx_INEP(epnum)->DIEPCTL |= (USB_OTG_DIEPCTL_CNAK | USB_OTG_DIEPCTL_EPENA);
 8006ccc:	eb00 1444 	add.w	r4, r0, r4, lsl #5
 8006cd0:	f8d4 3900 	ldr.w	r3, [r4, #2304]	@ 0x900
 8006cd4:	f043 4304 	orr.w	r3, r3, #2214592512	@ 0x84000000
 8006cd8:	f8c4 3900 	str.w	r3, [r4, #2304]	@ 0x900
      if (ep->type != EP_TYPE_ISOC)
 8006cdc:	790b      	ldrb	r3, [r1, #4]
 8006cde:	2b01      	cmp	r3, #1
 8006ce0:	d072      	beq.n	8006dc8 <USB_EPStartXfer+0x194>
        if (ep->xfer_len > 0U)
 8006ce2:	690b      	ldr	r3, [r1, #16]
 8006ce4:	2b00      	cmp	r3, #0
 8006ce6:	d0d6      	beq.n	8006c96 <USB_EPStartXfer+0x62>
          USBx_DEVICE->DIEPEMPMSK |= 1UL << (ep->num & EP_ADDR_MSK);
 8006ce8:	f8d0 3834 	ldr.w	r3, [r0, #2100]	@ 0x834
 8006cec:	7809      	ldrb	r1, [r1, #0]
 8006cee:	f001 010f 	and.w	r1, r1, #15
 8006cf2:	2201      	movs	r2, #1
 8006cf4:	408a      	lsls	r2, r1
 8006cf6:	4313      	orrs	r3, r2
 8006cf8:	f8c0 3834 	str.w	r3, [r0, #2100]	@ 0x834
 8006cfc:	e7cb      	b.n	8006c96 <USB_EPStartXfer+0x62>
      USBx_INEP(epnum)->DIEPTSIZ &= ~(USB_OTG_DIEPTSIZ_XFRSIZ);
 8006cfe:	eb00 1344 	add.w	r3, r0, r4, lsl #5
 8006d02:	f503 6310 	add.w	r3, r3, #2304	@ 0x900
 8006d06:	691d      	ldr	r5, [r3, #16]
 8006d08:	f36f 0512 	bfc	r5, #0, #19
 8006d0c:	611d      	str	r5, [r3, #16]
      USBx_INEP(epnum)->DIEPTSIZ &= ~(USB_OTG_DIEPTSIZ_PKTCNT);
 8006d0e:	691d      	ldr	r5, [r3, #16]
 8006d10:	f36f 45dc 	bfc	r5, #19, #10
 8006d14:	611d      	str	r5, [r3, #16]
      if (epnum == 0U)
 8006d16:	b984      	cbnz	r4, 8006d3a <USB_EPStartXfer+0x106>
        if (ep->xfer_len > ep->maxpacket)
 8006d18:	690e      	ldr	r6, [r1, #16]
 8006d1a:	688d      	ldr	r5, [r1, #8]
 8006d1c:	42ae      	cmp	r6, r5
 8006d1e:	d900      	bls.n	8006d22 <USB_EPStartXfer+0xee>
          ep->xfer_len = ep->maxpacket;
 8006d20:	610d      	str	r5, [r1, #16]
        USBx_INEP(epnum)->DIEPTSIZ |= (USB_OTG_DIEPTSIZ_PKTCNT & (1U << 19));
 8006d22:	691d      	ldr	r5, [r3, #16]
 8006d24:	f445 2500 	orr.w	r5, r5, #524288	@ 0x80000
 8006d28:	611d      	str	r5, [r3, #16]
      USBx_INEP(epnum)->DIEPTSIZ |= (USB_OTG_DIEPTSIZ_XFRSIZ & ep->xfer_len);
 8006d2a:	691d      	ldr	r5, [r3, #16]
 8006d2c:	690e      	ldr	r6, [r1, #16]
 8006d2e:	f3c6 0c12 	ubfx	ip, r6, #0, #19
 8006d32:	ea45 050c 	orr.w	r5, r5, ip
 8006d36:	611d      	str	r5, [r3, #16]
 8006d38:	e7c6      	b.n	8006cc8 <USB_EPStartXfer+0x94>
        pktcnt = (uint16_t)((ep->xfer_len + ep->maxpacket - 1U) / ep->maxpacket);
 8006d3a:	690d      	ldr	r5, [r1, #16]
 8006d3c:	688e      	ldr	r6, [r1, #8]
 8006d3e:	4435      	add	r5, r6
 8006d40:	3d01      	subs	r5, #1
 8006d42:	fbb5 f5f6 	udiv	r5, r5, r6
        USBx_INEP(epnum)->DIEPTSIZ |= (USB_OTG_DIEPTSIZ_PKTCNT & ((uint32_t)pktcnt << 19));
 8006d46:	691e      	ldr	r6, [r3, #16]
 8006d48:	fa1f fc85 	uxth.w	ip, r5
 8006d4c:	4f49      	ldr	r7, [pc, #292]	@ (8006e74 <USB_EPStartXfer+0x240>)
 8006d4e:	ea07 45c5 	and.w	r5, r7, r5, lsl #19
 8006d52:	4335      	orrs	r5, r6
 8006d54:	611d      	str	r5, [r3, #16]
        if (ep->type == EP_TYPE_ISOC)
 8006d56:	790d      	ldrb	r5, [r1, #4]
 8006d58:	2d01      	cmp	r5, #1
 8006d5a:	d1e6      	bne.n	8006d2a <USB_EPStartXfer+0xf6>
          USBx_INEP(epnum)->DIEPTSIZ &= ~(USB_OTG_DIEPTSIZ_MULCNT);
 8006d5c:	691d      	ldr	r5, [r3, #16]
 8006d5e:	f025 45c0 	bic.w	r5, r5, #1610612736	@ 0x60000000
 8006d62:	611d      	str	r5, [r3, #16]
          USBx_INEP(epnum)->DIEPTSIZ |= (USB_OTG_DIEPTSIZ_MULCNT & ((uint32_t)pktcnt << 29));
 8006d64:	691d      	ldr	r5, [r3, #16]
 8006d66:	ea4f 7c4c 	mov.w	ip, ip, lsl #29
 8006d6a:	f00c 4cc0 	and.w	ip, ip, #1610612736	@ 0x60000000
 8006d6e:	ea45 050c 	orr.w	r5, r5, ip
 8006d72:	611d      	str	r5, [r3, #16]
 8006d74:	e7d9      	b.n	8006d2a <USB_EPStartXfer+0xf6>
      if ((uint32_t)ep->dma_addr != 0U)
 8006d76:	69cb      	ldr	r3, [r1, #28]
 8006d78:	b11b      	cbz	r3, 8006d82 <USB_EPStartXfer+0x14e>
        USBx_INEP(epnum)->DIEPDMA = (uint32_t)(ep->dma_addr);
 8006d7a:	eb00 1244 	add.w	r2, r0, r4, lsl #5
 8006d7e:	f8c2 3914 	str.w	r3, [r2, #2324]	@ 0x914
      if (ep->type == EP_TYPE_ISOC)
 8006d82:	790b      	ldrb	r3, [r1, #4]
 8006d84:	2b01      	cmp	r3, #1
 8006d86:	d008      	beq.n	8006d9a <USB_EPStartXfer+0x166>
      USBx_INEP(epnum)->DIEPCTL |= (USB_OTG_DIEPCTL_CNAK | USB_OTG_DIEPCTL_EPENA);
 8006d88:	eb00 1444 	add.w	r4, r0, r4, lsl #5
 8006d8c:	f8d4 3900 	ldr.w	r3, [r4, #2304]	@ 0x900
 8006d90:	f043 4304 	orr.w	r3, r3, #2214592512	@ 0x84000000
 8006d94:	f8c4 3900 	str.w	r3, [r4, #2304]	@ 0x900
 8006d98:	e77d      	b.n	8006c96 <USB_EPStartXfer+0x62>
        if ((USBx_DEVICE->DSTS & (1U << 8)) == 0U)
 8006d9a:	f8d0 3808 	ldr.w	r3, [r0, #2056]	@ 0x808
 8006d9e:	f413 7f80 	tst.w	r3, #256	@ 0x100
 8006da2:	d108      	bne.n	8006db6 <USB_EPStartXfer+0x182>
          USBx_INEP(epnum)->DIEPCTL |= USB_OTG_DIEPCTL_SODDFRM;
 8006da4:	eb00 1244 	add.w	r2, r0, r4, lsl #5
 8006da8:	f8d2 3900 	ldr.w	r3, [r2, #2304]	@ 0x900
 8006dac:	f043 5300 	orr.w	r3, r3, #536870912	@ 0x20000000
 8006db0:	f8c2 3900 	str.w	r3, [r2, #2304]	@ 0x900
 8006db4:	e7e8      	b.n	8006d88 <USB_EPStartXfer+0x154>
          USBx_INEP(epnum)->DIEPCTL |= USB_OTG_DIEPCTL_SD0PID_SEVNFRM;
 8006db6:	eb00 1244 	add.w	r2, r0, r4, lsl #5
 8006dba:	f8d2 3900 	ldr.w	r3, [r2, #2304]	@ 0x900
 8006dbe:	f043 5380 	orr.w	r3, r3, #268435456	@ 0x10000000
 8006dc2:	f8c2 3900 	str.w	r3, [r2, #2304]	@ 0x900
 8006dc6:	e7df      	b.n	8006d88 <USB_EPStartXfer+0x154>
        if ((USBx_DEVICE->DSTS & (1U << 8)) == 0U)
 8006dc8:	f8d0 3808 	ldr.w	r3, [r0, #2056]	@ 0x808
 8006dcc:	f413 7f80 	tst.w	r3, #256	@ 0x100
 8006dd0:	d10c      	bne.n	8006dec <USB_EPStartXfer+0x1b8>
          USBx_INEP(epnum)->DIEPCTL |= USB_OTG_DIEPCTL_SODDFRM;
 8006dd2:	f8d4 3900 	ldr.w	r3, [r4, #2304]	@ 0x900
 8006dd6:	f043 5300 	orr.w	r3, r3, #536870912	@ 0x20000000
 8006dda:	f8c4 3900 	str.w	r3, [r4, #2304]	@ 0x900
        (void)USB_WritePacket(USBx, ep->xfer_buff, ep->num, (uint16_t)ep->xfer_len, dma);
 8006dde:	9200      	str	r2, [sp, #0]
 8006de0:	8a0b      	ldrh	r3, [r1, #16]
 8006de2:	780a      	ldrb	r2, [r1, #0]
 8006de4:	68c9      	ldr	r1, [r1, #12]
 8006de6:	f7ff ff0e 	bl	8006c06 <USB_WritePacket>
 8006dea:	e754      	b.n	8006c96 <USB_EPStartXfer+0x62>
          USBx_INEP(epnum)->DIEPCTL |= USB_OTG_DIEPCTL_SD0PID_SEVNFRM;
 8006dec:	f8d4 3900 	ldr.w	r3, [r4, #2304]	@ 0x900
 8006df0:	f043 5380 	orr.w	r3, r3, #268435456	@ 0x10000000
 8006df4:	f8c4 3900 	str.w	r3, [r4, #2304]	@ 0x900
 8006df8:	e7f1      	b.n	8006dde <USB_EPStartXfer+0x1aa>
      if (ep->xfer_len == 0U)
 8006dfa:	690c      	ldr	r4, [r1, #16]
 8006dfc:	b954      	cbnz	r4, 8006e14 <USB_EPStartXfer+0x1e0>
        USBx_OUTEP(epnum)->DOEPTSIZ |= (USB_OTG_DOEPTSIZ_XFRSIZ & ep->maxpacket);
 8006dfe:	691c      	ldr	r4, [r3, #16]
 8006e00:	688d      	ldr	r5, [r1, #8]
 8006e02:	f3c5 0512 	ubfx	r5, r5, #0, #19
 8006e06:	432c      	orrs	r4, r5
 8006e08:	611c      	str	r4, [r3, #16]
        USBx_OUTEP(epnum)->DOEPTSIZ |= (USB_OTG_DOEPTSIZ_PKTCNT & (1U << 19));
 8006e0a:	691c      	ldr	r4, [r3, #16]
 8006e0c:	f444 2400 	orr.w	r4, r4, #524288	@ 0x80000
 8006e10:	611c      	str	r4, [r3, #16]
 8006e12:	e733      	b.n	8006c7c <USB_EPStartXfer+0x48>
        pktcnt = (uint16_t)((ep->xfer_len + ep->maxpacket - 1U) / ep->maxpacket);
 8006e14:	688d      	ldr	r5, [r1, #8]
 8006e16:	442c      	add	r4, r5
 8006e18:	3c01      	subs	r4, #1
 8006e1a:	fbb4 f4f5 	udiv	r4, r4, r5
        ep->xfer_size = ep->maxpacket * pktcnt;
 8006e1e:	b2a4      	uxth	r4, r4
 8006e20:	fb04 f505 	mul.w	r5, r4, r5
 8006e24:	620d      	str	r5, [r1, #32]
        USBx_OUTEP(epnum)->DOEPTSIZ |= USB_OTG_DOEPTSIZ_PKTCNT & ((uint32_t)pktcnt << 19);
 8006e26:	691d      	ldr	r5, [r3, #16]
 8006e28:	4e12      	ldr	r6, [pc, #72]	@ (8006e74 <USB_EPStartXfer+0x240>)
 8006e2a:	ea06 44c4 	and.w	r4, r6, r4, lsl #19
 8006e2e:	432c      	orrs	r4, r5
 8006e30:	611c      	str	r4, [r3, #16]
        USBx_OUTEP(epnum)->DOEPTSIZ |= USB_OTG_DOEPTSIZ_XFRSIZ & ep->xfer_size;
 8006e32:	691c      	ldr	r4, [r3, #16]
 8006e34:	6a0d      	ldr	r5, [r1, #32]
 8006e36:	f3c5 0512 	ubfx	r5, r5, #0, #19
 8006e3a:	432c      	orrs	r4, r5
 8006e3c:	611c      	str	r4, [r3, #16]
 8006e3e:	e71d      	b.n	8006c7c <USB_EPStartXfer+0x48>
      if ((uint32_t)ep->xfer_buff != 0U)
 8006e40:	68ca      	ldr	r2, [r1, #12]
 8006e42:	2a00      	cmp	r2, #0
 8006e44:	f43f af1d 	beq.w	8006c82 <USB_EPStartXfer+0x4e>
        USBx_OUTEP(epnum)->DOEPDMA = (uint32_t)(ep->xfer_buff);
 8006e48:	615a      	str	r2, [r3, #20]
 8006e4a:	e71a      	b.n	8006c82 <USB_EPStartXfer+0x4e>
      if ((USBx_DEVICE->DSTS & (1U << 8)) == 0U)
 8006e4c:	f8d0 3808 	ldr.w	r3, [r0, #2056]	@ 0x808
 8006e50:	f413 7f80 	tst.w	r3, #256	@ 0x100
 8006e54:	d106      	bne.n	8006e64 <USB_EPStartXfer+0x230>
        USBx_OUTEP(epnum)->DOEPCTL |= USB_OTG_DOEPCTL_SODDFRM;
 8006e56:	f8dc 3b00 	ldr.w	r3, [ip, #2816]	@ 0xb00
 8006e5a:	f043 5300 	orr.w	r3, r3, #536870912	@ 0x20000000
 8006e5e:	f8cc 3b00 	str.w	r3, [ip, #2816]	@ 0xb00
 8006e62:	e712      	b.n	8006c8a <USB_EPStartXfer+0x56>
        USBx_OUTEP(epnum)->DOEPCTL |= USB_OTG_DOEPCTL_SD0PID_SEVNFRM;
 8006e64:	f8dc 3b00 	ldr.w	r3, [ip, #2816]	@ 0xb00
 8006e68:	f043 5380 	orr.w	r3, r3, #268435456	@ 0x10000000
 8006e6c:	f8cc 3b00 	str.w	r3, [ip, #2816]	@ 0xb00
 8006e70:	e70b      	b.n	8006c8a <USB_EPStartXfer+0x56>
 8006e72:	bf00      	nop
 8006e74:	1ff80000 	.word	0x1ff80000

08006e78 <USB_ReadPacket>:
{
 8006e78:	b510      	push	{r4, lr}
 8006e7a:	4684      	mov	ip, r0
 8006e7c:	4608      	mov	r0, r1
  uint32_t count32b = (uint32_t)len >> 2U;
 8006e7e:	ea4f 0e92 	mov.w	lr, r2, lsr #2
  uint16_t remaining_bytes = len % 4U;
 8006e82:	f002 0203 	and.w	r2, r2, #3
  for (i = 0U; i < count32b; i++)
 8006e86:	2300      	movs	r3, #0
 8006e88:	e005      	b.n	8006e96 <USB_ReadPacket+0x1e>
    __UNALIGNED_UINT32_WRITE(pDest, USBx_DFIFO(0U));
 8006e8a:	f50c 5180 	add.w	r1, ip, #4096	@ 0x1000
 8006e8e:	6809      	ldr	r1, [r1, #0]
 8006e90:	f840 1b04 	str.w	r1, [r0], #4
  for (i = 0U; i < count32b; i++)
 8006e94:	3301      	adds	r3, #1
 8006e96:	4573      	cmp	r3, lr
 8006e98:	d3f7      	bcc.n	8006e8a <USB_ReadPacket+0x12>
  if (remaining_bytes != 0U)
 8006e9a:	b17a      	cbz	r2, 8006ebc <USB_ReadPacket+0x44>
    __UNALIGNED_UINT32_WRITE(&pData, USBx_DFIFO(0U));
 8006e9c:	f50c 5c80 	add.w	ip, ip, #4096	@ 0x1000
 8006ea0:	f8dc 4000 	ldr.w	r4, [ip]
    i = 0U;
 8006ea4:	2100      	movs	r1, #0
      *(uint8_t *)pDest = (uint8_t)(pData >> (8U * (uint8_t)(i)));
 8006ea6:	b2cb      	uxtb	r3, r1
 8006ea8:	00db      	lsls	r3, r3, #3
 8006eaa:	fa24 f303 	lsr.w	r3, r4, r3
 8006eae:	f800 3b01 	strb.w	r3, [r0], #1
      i++;
 8006eb2:	3101      	adds	r1, #1
      remaining_bytes--;
 8006eb4:	3a01      	subs	r2, #1
 8006eb6:	b292      	uxth	r2, r2
    } while (remaining_bytes != 0U);
 8006eb8:	2a00      	cmp	r2, #0
 8006eba:	d1f4      	bne.n	8006ea6 <USB_ReadPacket+0x2e>
}
 8006ebc:	bd10      	pop	{r4, pc}

08006ebe <USB_EPSetStall>:
  uint32_t epnum = (uint32_t)ep->num;
 8006ebe:	780b      	ldrb	r3, [r1, #0]
  if (ep->is_in == 1U)
 8006ec0:	784a      	ldrb	r2, [r1, #1]
 8006ec2:	2a01      	cmp	r2, #1
 8006ec4:	d014      	beq.n	8006ef0 <USB_EPSetStall+0x32>
    if (((USBx_OUTEP(epnum)->DOEPCTL & USB_OTG_DOEPCTL_EPENA) == 0U) && (epnum != 0U))
 8006ec6:	eb00 1043 	add.w	r0, r0, r3, lsl #5
 8006eca:	f8d0 2b00 	ldr.w	r2, [r0, #2816]	@ 0xb00
 8006ece:	2a00      	cmp	r2, #0
 8006ed0:	db06      	blt.n	8006ee0 <USB_EPSetStall+0x22>
 8006ed2:	b12b      	cbz	r3, 8006ee0 <USB_EPSetStall+0x22>
      USBx_OUTEP(epnum)->DOEPCTL &= ~(USB_OTG_DOEPCTL_EPDIS);
 8006ed4:	f8d0 3b00 	ldr.w	r3, [r0, #2816]	@ 0xb00
 8006ed8:	f023 4380 	bic.w	r3, r3, #1073741824	@ 0x40000000
 8006edc:	f8c0 3b00 	str.w	r3, [r0, #2816]	@ 0xb00
    USBx_OUTEP(epnum)->DOEPCTL |= USB_OTG_DOEPCTL_STALL;
 8006ee0:	f8d0 3b00 	ldr.w	r3, [r0, #2816]	@ 0xb00
 8006ee4:	f443 1300 	orr.w	r3, r3, #2097152	@ 0x200000
 8006ee8:	f8c0 3b00 	str.w	r3, [r0, #2816]	@ 0xb00
}
 8006eec:	2000      	movs	r0, #0
 8006eee:	4770      	bx	lr
    if (((USBx_INEP(epnum)->DIEPCTL & USB_OTG_DIEPCTL_EPENA) == 0U) && (epnum != 0U))
 8006ef0:	eb00 1043 	add.w	r0, r0, r3, lsl #5
 8006ef4:	f8d0 2900 	ldr.w	r2, [r0, #2304]	@ 0x900
 8006ef8:	2a00      	cmp	r2, #0
 8006efa:	db06      	blt.n	8006f0a <USB_EPSetStall+0x4c>
 8006efc:	b12b      	cbz	r3, 8006f0a <USB_EPSetStall+0x4c>
      USBx_INEP(epnum)->DIEPCTL &= ~(USB_OTG_DIEPCTL_EPDIS);
 8006efe:	f8d0 3900 	ldr.w	r3, [r0, #2304]	@ 0x900
 8006f02:	f023 4380 	bic.w	r3, r3, #1073741824	@ 0x40000000
 8006f06:	f8c0 3900 	str.w	r3, [r0, #2304]	@ 0x900
    USBx_INEP(epnum)->DIEPCTL |= USB_OTG_DIEPCTL_STALL;
 8006f0a:	f8d0 3900 	ldr.w	r3, [r0, #2304]	@ 0x900
 8006f0e:	f443 1300 	orr.w	r3, r3, #2097152	@ 0x200000
 8006f12:	f8c0 3900 	str.w	r3, [r0, #2304]	@ 0x900
 8006f16:	e7e9      	b.n	8006eec <USB_EPSetStall+0x2e>

08006f18 <USB_EPClearStall>:
  uint32_t epnum = (uint32_t)ep->num;
 8006f18:	780b      	ldrb	r3, [r1, #0]
  if (ep->is_in == 1U)
 8006f1a:	784a      	ldrb	r2, [r1, #1]
 8006f1c:	2a01      	cmp	r2, #1
 8006f1e:	d00e      	beq.n	8006f3e <USB_EPClearStall+0x26>
    USBx_OUTEP(epnum)->DOEPCTL &= ~USB_OTG_DOEPCTL_STALL;
 8006f20:	eb00 1043 	add.w	r0, r0, r3, lsl #5
 8006f24:	f8d0 3b00 	ldr.w	r3, [r0, #2816]	@ 0xb00
 8006f28:	f423 1300 	bic.w	r3, r3, #2097152	@ 0x200000
 8006f2c:	f8c0 3b00 	str.w	r3, [r0, #2816]	@ 0xb00
    if ((ep->type == EP_TYPE_INTR) || (ep->type == EP_TYPE_BULK))
 8006f30:	790b      	ldrb	r3, [r1, #4]
 8006f32:	3b02      	subs	r3, #2
 8006f34:	b2db      	uxtb	r3, r3
 8006f36:	2b01      	cmp	r3, #1
 8006f38:	d915      	bls.n	8006f66 <USB_EPClearStall+0x4e>
}
 8006f3a:	2000      	movs	r0, #0
 8006f3c:	4770      	bx	lr
    USBx_INEP(epnum)->DIEPCTL &= ~USB_OTG_DIEPCTL_STALL;
 8006f3e:	eb00 1043 	add.w	r0, r0, r3, lsl #5
 8006f42:	f8d0 3900 	ldr.w	r3, [r0, #2304]	@ 0x900
 8006f46:	f423 1300 	bic.w	r3, r3, #2097152	@ 0x200000
 8006f4a:	f8c0 3900 	str.w	r3, [r0, #2304]	@ 0x900
    if ((ep->type == EP_TYPE_INTR) || (ep->type == EP_TYPE_BULK))
 8006f4e:	790b      	ldrb	r3, [r1, #4]
 8006f50:	3b02      	subs	r3, #2
 8006f52:	b2db      	uxtb	r3, r3
 8006f54:	2b01      	cmp	r3, #1
 8006f56:	d8f0      	bhi.n	8006f3a <USB_EPClearStall+0x22>
      USBx_INEP(epnum)->DIEPCTL |= USB_OTG_DIEPCTL_SD0PID_SEVNFRM; /* DATA0 */
 8006f58:	f8d0 3900 	ldr.w	r3, [r0, #2304]	@ 0x900
 8006f5c:	f043 5380 	orr.w	r3, r3, #268435456	@ 0x10000000
 8006f60:	f8c0 3900 	str.w	r3, [r0, #2304]	@ 0x900
 8006f64:	e7e9      	b.n	8006f3a <USB_EPClearStall+0x22>
      USBx_OUTEP(epnum)->DOEPCTL |= USB_OTG_DOEPCTL_SD0PID_SEVNFRM; /* DATA0 */
 8006f66:	f8d0 3b00 	ldr.w	r3, [r0, #2816]	@ 0xb00
 8006f6a:	f043 5380 	orr.w	r3, r3, #268435456	@ 0x10000000
 8006f6e:	f8c0 3b00 	str.w	r3, [r0, #2816]	@ 0xb00
 8006f72:	e7e2      	b.n	8006f3a <USB_EPClearStall+0x22>

08006f74 <USB_SetDevAddress>:
  USBx_DEVICE->DCFG &= ~(USB_OTG_DCFG_DAD);
 8006f74:	f8d0 3800 	ldr.w	r3, [r0, #2048]	@ 0x800
 8006f78:	f423 63fe 	bic.w	r3, r3, #2032	@ 0x7f0
 8006f7c:	f8c0 3800 	str.w	r3, [r0, #2048]	@ 0x800
  USBx_DEVICE->DCFG |= ((uint32_t)address << 4) & USB_OTG_DCFG_DAD;
 8006f80:	f8d0 3800 	ldr.w	r3, [r0, #2048]	@ 0x800
 8006f84:	0109      	lsls	r1, r1, #4
 8006f86:	f401 61fe 	and.w	r1, r1, #2032	@ 0x7f0
 8006f8a:	430b      	orrs	r3, r1
 8006f8c:	f8c0 3800 	str.w	r3, [r0, #2048]	@ 0x800
}
 8006f90:	2000      	movs	r0, #0
 8006f92:	4770      	bx	lr

08006f94 <USB_DevConnect>:
  USBx_PCGCCTL &= ~(USB_OTG_PCGCCTL_STOPCLK | USB_OTG_PCGCCTL_GATECLK);
 8006f94:	f8d0 3e00 	ldr.w	r3, [r0, #3584]	@ 0xe00
 8006f98:	f023 0303 	bic.w	r3, r3, #3
 8006f9c:	f8c0 3e00 	str.w	r3, [r0, #3584]	@ 0xe00
  USBx_DEVICE->DCTL &= ~USB_OTG_DCTL_SDIS;
 8006fa0:	f8d0 3804 	ldr.w	r3, [r0, #2052]	@ 0x804
 8006fa4:	f023 0302 	bic.w	r3, r3, #2
 8006fa8:	f8c0 3804 	str.w	r3, [r0, #2052]	@ 0x804
}
 8006fac:	2000      	movs	r0, #0
 8006fae:	4770      	bx	lr

08006fb0 <USB_DevDisconnect>:
  USBx_PCGCCTL &= ~(USB_OTG_PCGCCTL_STOPCLK | USB_OTG_PCGCCTL_GATECLK);
 8006fb0:	f8d0 3e00 	ldr.w	r3, [r0, #3584]	@ 0xe00
 8006fb4:	f023 0303 	bic.w	r3, r3, #3
 8006fb8:	f8c0 3e00 	str.w	r3, [r0, #3584]	@ 0xe00
  USBx_DEVICE->DCTL |= USB_OTG_DCTL_SDIS;
 8006fbc:	f8d0 3804 	ldr.w	r3, [r0, #2052]	@ 0x804
 8006fc0:	f043 0302 	orr.w	r3, r3, #2
 8006fc4:	f8c0 3804 	str.w	r3, [r0, #2052]	@ 0x804
}
 8006fc8:	2000      	movs	r0, #0
 8006fca:	4770      	bx	lr

08006fcc <USB_ReadInterrupts>:
  tmpreg = USBx->GINTSTS;
 8006fcc:	6942      	ldr	r2, [r0, #20]
  tmpreg &= USBx->GINTMSK;
 8006fce:	6980      	ldr	r0, [r0, #24]
}
 8006fd0:	4010      	ands	r0, r2
 8006fd2:	4770      	bx	lr

08006fd4 <USB_ReadDevAllOutEpInterrupt>:
  tmpreg  = USBx_DEVICE->DAINT;
 8006fd4:	f8d0 3818 	ldr.w	r3, [r0, #2072]	@ 0x818
 8006fd8:	f500 6000 	add.w	r0, r0, #2048	@ 0x800
  tmpreg &= USBx_DEVICE->DAINTMSK;
 8006fdc:	69c0      	ldr	r0, [r0, #28]
 8006fde:	4018      	ands	r0, r3
}
 8006fe0:	0c00      	lsrs	r0, r0, #16
 8006fe2:	4770      	bx	lr

08006fe4 <USB_ReadDevAllInEpInterrupt>:
  tmpreg  = USBx_DEVICE->DAINT;
 8006fe4:	f8d0 3818 	ldr.w	r3, [r0, #2072]	@ 0x818
 8006fe8:	f500 6000 	add.w	r0, r0, #2048	@ 0x800
  tmpreg &= USBx_DEVICE->DAINTMSK;
 8006fec:	69c0      	ldr	r0, [r0, #28]
 8006fee:	4018      	ands	r0, r3
}
 8006ff0:	b280      	uxth	r0, r0
 8006ff2:	4770      	bx	lr

08006ff4 <USB_ReadDevOutEPInterrupt>:
  tmpreg  = USBx_OUTEP((uint32_t)epnum)->DOEPINT;
 8006ff4:	eb00 1141 	add.w	r1, r0, r1, lsl #5
 8006ff8:	f8d1 2b08 	ldr.w	r2, [r1, #2824]	@ 0xb08
  tmpreg &= USBx_DEVICE->DOEPMSK;
 8006ffc:	f500 6000 	add.w	r0, r0, #2048	@ 0x800
 8007000:	6940      	ldr	r0, [r0, #20]
}
 8007002:	4010      	ands	r0, r2
 8007004:	4770      	bx	lr

08007006 <USB_ReadDevInEPInterrupt>:
  msk = USBx_DEVICE->DIEPMSK;
 8007006:	f8d0 2810 	ldr.w	r2, [r0, #2064]	@ 0x810
  emp = USBx_DEVICE->DIEPEMPMSK;
 800700a:	f8d0 3834 	ldr.w	r3, [r0, #2100]	@ 0x834
  msk |= ((emp >> (epnum & EP_ADDR_MSK)) & 0x1U) << 7;
 800700e:	f001 0c0f 	and.w	ip, r1, #15
 8007012:	fa23 f30c 	lsr.w	r3, r3, ip
 8007016:	01db      	lsls	r3, r3, #7
 8007018:	b2db      	uxtb	r3, r3
 800701a:	4313      	orrs	r3, r2
  tmpreg = USBx_INEP((uint32_t)epnum)->DIEPINT & msk;
 800701c:	eb00 1041 	add.w	r0, r0, r1, lsl #5
 8007020:	f500 6010 	add.w	r0, r0, #2304	@ 0x900
 8007024:	6880      	ldr	r0, [r0, #8]
}
 8007026:	4018      	ands	r0, r3
 8007028:	4770      	bx	lr

0800702a <USB_GetMode>:
  return ((USBx->GINTSTS) & 0x1U);
 800702a:	6940      	ldr	r0, [r0, #20]
}
 800702c:	f000 0001 	and.w	r0, r0, #1
 8007030:	4770      	bx	lr

08007032 <USB_SetCurrentMode>:
{
 8007032:	b538      	push	{r3, r4, r5, lr}
 8007034:	4605      	mov	r5, r0
  USBx->GUSBCFG &= ~(USB_OTG_GUSBCFG_FHMOD | USB_OTG_GUSBCFG_FDMOD);
 8007036:	68c3      	ldr	r3, [r0, #12]
 8007038:	f023 43c0 	bic.w	r3, r3, #1610612736	@ 0x60000000
 800703c:	60c3      	str	r3, [r0, #12]
  if (mode == USB_HOST_MODE)
 800703e:	2901      	cmp	r1, #1
 8007040:	d013      	beq.n	800706a <USB_SetCurrentMode+0x38>
  else if (mode == USB_DEVICE_MODE)
 8007042:	bb19      	cbnz	r1, 800708c <USB_SetCurrentMode+0x5a>
    USBx->GUSBCFG |= USB_OTG_GUSBCFG_FDMOD;
 8007044:	68c3      	ldr	r3, [r0, #12]
 8007046:	f043 4380 	orr.w	r3, r3, #1073741824	@ 0x40000000
 800704a:	60c3      	str	r3, [r0, #12]
  uint32_t ms = 0U;
 800704c:	2400      	movs	r4, #0
      HAL_Delay(10U);
 800704e:	200a      	movs	r0, #10
 8007050:	f7fa fd52 	bl	8001af8 <HAL_Delay>
      ms += 10U;
 8007054:	340a      	adds	r4, #10
    } while ((USB_GetMode(USBx) != (uint32_t)USB_DEVICE_MODE) && (ms < HAL_USB_CURRENT_MODE_MAX_DELAY_MS));
 8007056:	4628      	mov	r0, r5
 8007058:	f7ff ffe7 	bl	800702a <USB_GetMode>
 800705c:	b108      	cbz	r0, 8007062 <USB_SetCurrentMode+0x30>
 800705e:	2cc7      	cmp	r4, #199	@ 0xc7
 8007060:	d9f5      	bls.n	800704e <USB_SetCurrentMode+0x1c>
  if (ms == HAL_USB_CURRENT_MODE_MAX_DELAY_MS)
 8007062:	2cc8      	cmp	r4, #200	@ 0xc8
 8007064:	d014      	beq.n	8007090 <USB_SetCurrentMode+0x5e>
  return HAL_OK;
 8007066:	2000      	movs	r0, #0
}
 8007068:	bd38      	pop	{r3, r4, r5, pc}
    USBx->GUSBCFG |= USB_OTG_GUSBCFG_FHMOD;
 800706a:	68c3      	ldr	r3, [r0, #12]
 800706c:	f043 5300 	orr.w	r3, r3, #536870912	@ 0x20000000
 8007070:	60c3      	str	r3, [r0, #12]
  uint32_t ms = 0U;
 8007072:	2400      	movs	r4, #0
      HAL_Delay(10U);
 8007074:	200a      	movs	r0, #10
 8007076:	f7fa fd3f 	bl	8001af8 <HAL_Delay>
      ms += 10U;
 800707a:	340a      	adds	r4, #10
    } while ((USB_GetMode(USBx) != (uint32_t)USB_HOST_MODE) && (ms < HAL_USB_CURRENT_MODE_MAX_DELAY_MS));
 800707c:	4628      	mov	r0, r5
 800707e:	f7ff ffd4 	bl	800702a <USB_GetMode>
 8007082:	2801      	cmp	r0, #1
 8007084:	d0ed      	beq.n	8007062 <USB_SetCurrentMode+0x30>
 8007086:	2cc7      	cmp	r4, #199	@ 0xc7
 8007088:	d9f4      	bls.n	8007074 <USB_SetCurrentMode+0x42>
 800708a:	e7ea      	b.n	8007062 <USB_SetCurrentMode+0x30>
    return HAL_ERROR;
 800708c:	2001      	movs	r0, #1
 800708e:	e7eb      	b.n	8007068 <USB_SetCurrentMode+0x36>
    return HAL_ERROR;
 8007090:	2001      	movs	r0, #1
 8007092:	e7e9      	b.n	8007068 <USB_SetCurrentMode+0x36>

08007094 <USB_ActivateSetup>:
  USBx_INEP(0U)->DIEPCTL &= ~USB_OTG_DIEPCTL_MPSIZ;
 8007094:	f8d0 3900 	ldr.w	r3, [r0, #2304]	@ 0x900
 8007098:	f36f 030a 	bfc	r3, #0, #11
 800709c:	f8c0 3900 	str.w	r3, [r0, #2304]	@ 0x900
  USBx_DEVICE->DCTL |= USB_OTG_DCTL_CGINAK;
 80070a0:	f8d0 3804 	ldr.w	r3, [r0, #2052]	@ 0x804
 80070a4:	f443 7380 	orr.w	r3, r3, #256	@ 0x100
 80070a8:	f8c0 3804 	str.w	r3, [r0, #2052]	@ 0x804
}
 80070ac:	2000      	movs	r0, #0
 80070ae:	4770      	bx	lr

080070b0 <USB_EP0_OutStart>:
{
 80070b0:	b410      	push	{r4}
  uint32_t gSNPSiD = *(__IO const uint32_t *)(&USBx->CID + 0x1U);
 80070b2:	6c04      	ldr	r4, [r0, #64]	@ 0x40
  if (gSNPSiD > USB_OTG_CORE_ID_300A)
 80070b4:	4b15      	ldr	r3, [pc, #84]	@ (800710c <USB_EP0_OutStart+0x5c>)
 80070b6:	429c      	cmp	r4, r3
 80070b8:	d903      	bls.n	80070c2 <USB_EP0_OutStart+0x12>
    if ((USBx_OUTEP(0U)->DOEPCTL & USB_OTG_DOEPCTL_EPENA) == USB_OTG_DOEPCTL_EPENA)
 80070ba:	f8d0 3b00 	ldr.w	r3, [r0, #2816]	@ 0xb00
 80070be:	2b00      	cmp	r3, #0
 80070c0:	db16      	blt.n	80070f0 <USB_EP0_OutStart+0x40>
  USBx_OUTEP(0U)->DOEPTSIZ = 0U;
 80070c2:	2400      	movs	r4, #0
 80070c4:	f8c0 4b10 	str.w	r4, [r0, #2832]	@ 0xb10
  USBx_OUTEP(0U)->DOEPTSIZ |= (USB_OTG_DOEPTSIZ_PKTCNT & (1U << 19));
 80070c8:	f8d0 4b10 	ldr.w	r4, [r0, #2832]	@ 0xb10
 80070cc:	f444 2400 	orr.w	r4, r4, #524288	@ 0x80000
 80070d0:	f8c0 4b10 	str.w	r4, [r0, #2832]	@ 0xb10
  USBx_OUTEP(0U)->DOEPTSIZ |= (3U * 8U);
 80070d4:	f8d0 4b10 	ldr.w	r4, [r0, #2832]	@ 0xb10
 80070d8:	f044 0418 	orr.w	r4, r4, #24
 80070dc:	f8c0 4b10 	str.w	r4, [r0, #2832]	@ 0xb10
  USBx_OUTEP(0U)->DOEPTSIZ |=  USB_OTG_DOEPTSIZ_STUPCNT;
 80070e0:	f8d0 4b10 	ldr.w	r4, [r0, #2832]	@ 0xb10
 80070e4:	f044 44c0 	orr.w	r4, r4, #1610612736	@ 0x60000000
 80070e8:	f8c0 4b10 	str.w	r4, [r0, #2832]	@ 0xb10
  if (dma == 1U)
 80070ec:	2901      	cmp	r1, #1
 80070ee:	d003      	beq.n	80070f8 <USB_EP0_OutStart+0x48>
}
 80070f0:	2000      	movs	r0, #0
 80070f2:	f85d 4b04 	ldr.w	r4, [sp], #4
 80070f6:	4770      	bx	lr
    USBx_OUTEP(0U)->DOEPDMA = (uint32_t)psetup;
 80070f8:	f8c0 2b14 	str.w	r2, [r0, #2836]	@ 0xb14
    USBx_OUTEP(0U)->DOEPCTL |= USB_OTG_DOEPCTL_EPENA | USB_OTG_DOEPCTL_USBAEP;
 80070fc:	f8d0 3b00 	ldr.w	r3, [r0, #2816]	@ 0xb00
 8007100:	f043 2380 	orr.w	r3, r3, #2147516416	@ 0x80008000
 8007104:	f8c0 3b00 	str.w	r3, [r0, #2816]	@ 0xb00
 8007108:	e7f2      	b.n	80070f0 <USB_EP0_OutStart+0x40>
 800710a:	bf00      	nop
 800710c:	4f54300a 	.word	0x4f54300a

08007110 <SystemInit>:
  */
void SystemInit(void)
{
  /* FPU settings ------------------------------------------------------------*/
  #if (__FPU_PRESENT == 1) && (__FPU_USED == 1)
    SCB->CPACR |= ((3UL << 10*2)|(3UL << 11*2));  /* set CP10 and CP11 Full Access */
 8007110:	4a03      	ldr	r2, [pc, #12]	@ (8007120 <SystemInit+0x10>)
 8007112:	f8d2 3088 	ldr.w	r3, [r2, #136]	@ 0x88
 8007116:	f443 0370 	orr.w	r3, r3, #15728640	@ 0xf00000
 800711a:	f8c2 3088 	str.w	r3, [r2, #136]	@ 0x88

  /* Configure the Vector Table location -------------------------------------*/
#if defined(USER_VECT_TAB_ADDRESS)
  SCB->VTOR = VECT_TAB_BASE_ADDRESS | VECT_TAB_OFFSET; /* Vector Table Relocation in Internal SRAM */
#endif /* USER_VECT_TAB_ADDRESS */
}
 800711e:	4770      	bx	lr
 8007120:	e000ed00 	.word	0xe000ed00

08007124 <MX_USB_DEVICE_Init>:
/**
  * Init USB device Library, add supported class and start the library
  * @retval None
  */
void MX_USB_DEVICE_Init(void)
{
 8007124:	b508      	push	{r3, lr}
  /* USER CODE BEGIN USB_DEVICE_Init_PreTreatment */

  /* USER CODE END USB_DEVICE_Init_PreTreatment */

  /* Init Device Library, add supported class and start the library. */
  if (USBD_Init(&hUsbDeviceFS, &FS_Desc, DEVICE_FS) != USBD_OK)
 8007126:	2200      	movs	r2, #0
 8007128:	490f      	ldr	r1, [pc, #60]	@ (8007168 <MX_USB_DEVICE_Init+0x44>)
 800712a:	4810      	ldr	r0, [pc, #64]	@ (800716c <MX_USB_DEVICE_Init+0x48>)
 800712c:	f000 f982 	bl	8007434 <USBD_Init>
 8007130:	b970      	cbnz	r0, 8007150 <MX_USB_DEVICE_Init+0x2c>
  {
    Error_Handler();
  }
  if (USBD_RegisterClass(&hUsbDeviceFS, &USBD_MSC) != USBD_OK)
 8007132:	490f      	ldr	r1, [pc, #60]	@ (8007170 <MX_USB_DEVICE_Init+0x4c>)
 8007134:	480d      	ldr	r0, [pc, #52]	@ (800716c <MX_USB_DEVICE_Init+0x48>)
 8007136:	f000 f994 	bl	8007462 <USBD_RegisterClass>
 800713a:	b960      	cbnz	r0, 8007156 <MX_USB_DEVICE_Init+0x32>
  {
    Error_Handler();
  }
  if (USBD_MSC_RegisterStorage(&hUsbDeviceFS, &USBD_Storage_Interface_fops_FS) != USBD_OK)
 800713c:	490d      	ldr	r1, [pc, #52]	@ (8007174 <MX_USB_DEVICE_Init+0x50>)
 800713e:	480b      	ldr	r0, [pc, #44]	@ (800716c <MX_USB_DEVICE_Init+0x48>)
 8007140:	f001 f996 	bl	8008470 <USBD_MSC_RegisterStorage>
 8007144:	b950      	cbnz	r0, 800715c <MX_USB_DEVICE_Init+0x38>
  {
    Error_Handler();
  }
  if (USBD_Start(&hUsbDeviceFS) != USBD_OK)
 8007146:	4809      	ldr	r0, [pc, #36]	@ (800716c <MX_USB_DEVICE_Init+0x48>)
 8007148:	f000 f9ab 	bl	80074a2 <USBD_Start>
 800714c:	b948      	cbnz	r0, 8007162 <MX_USB_DEVICE_Init+0x3e>
  }

  /* USER CODE BEGIN USB_DEVICE_Init_PostTreatment */

  /* USER CODE END USB_DEVICE_Init_PostTreatment */
}
 800714e:	bd08      	pop	{r3, pc}
    Error_Handler();
 8007150:	f7fa f8b6 	bl	80012c0 <Error_Handler>
 8007154:	e7ed      	b.n	8007132 <MX_USB_DEVICE_Init+0xe>
    Error_Handler();
 8007156:	f7fa f8b3 	bl	80012c0 <Error_Handler>
 800715a:	e7ef      	b.n	800713c <MX_USB_DEVICE_Init+0x18>
    Error_Handler();
 800715c:	f7fa f8b0 	bl	80012c0 <Error_Handler>
 8007160:	e7f1      	b.n	8007146 <MX_USB_DEVICE_Init+0x22>
    Error_Handler();
 8007162:	f7fa f8ad 	bl	80012c0 <Error_Handler>
}
 8007166:	e7f2      	b.n	800714e <MX_USB_DEVICE_Init+0x2a>
 8007168:	20000040 	.word	0x20000040
 800716c:	200006fc 	.word	0x200006fc
 8007170:	2000008c 	.word	0x2000008c
 8007174:	200000e0 	.word	0x200000e0

08007178 <HAL_PCD_MspInit>:
                       LL Driver Callbacks (PCD -> USB Device Library)
*******************************************************************************/
/* MSP Init */

void HAL_PCD_MspInit(PCD_HandleTypeDef* pcdHandle)
{
 8007178:	b530      	push	{r4, r5, lr}
 800717a:	b089      	sub	sp, #36	@ 0x24
  GPIO_InitTypeDef GPIO_InitStruct = {0};
 800717c:	2300      	movs	r3, #0
 800717e:	9303      	str	r3, [sp, #12]
 8007180:	9304      	str	r3, [sp, #16]
 8007182:	9305      	str	r3, [sp, #20]
 8007184:	9306      	str	r3, [sp, #24]
 8007186:	9307      	str	r3, [sp, #28]
  if(pcdHandle->Instance==USB_OTG_FS)
 8007188:	6803      	ldr	r3, [r0, #0]
 800718a:	f1b3 4fa0 	cmp.w	r3, #1342177280	@ 0x50000000
 800718e:	d001      	beq.n	8007194 <HAL_PCD_MspInit+0x1c>
    HAL_NVIC_EnableIRQ(OTG_FS_IRQn);
  /* USER CODE BEGIN USB_OTG_FS_MspInit 1 */

  /* USER CODE END USB_OTG_FS_MspInit 1 */
  }
}
 8007190:	b009      	add	sp, #36	@ 0x24
 8007192:	bd30      	pop	{r4, r5, pc}
 8007194:	aa03      	add	r2, sp, #12
    __HAL_RCC_GPIOA_CLK_ENABLE();
 8007196:	2500      	movs	r5, #0
 8007198:	9501      	str	r5, [sp, #4]
 800719a:	4c17      	ldr	r4, [pc, #92]	@ (80071f8 <HAL_PCD_MspInit+0x80>)
 800719c:	6b23      	ldr	r3, [r4, #48]	@ 0x30
 800719e:	f043 0301 	orr.w	r3, r3, #1
 80071a2:	6323      	str	r3, [r4, #48]	@ 0x30
 80071a4:	6b23      	ldr	r3, [r4, #48]	@ 0x30
 80071a6:	f003 0301 	and.w	r3, r3, #1
 80071aa:	9301      	str	r3, [sp, #4]
 80071ac:	9b01      	ldr	r3, [sp, #4]
    GPIO_InitStruct.Pin = GPIO_PIN_11|GPIO_PIN_12;
 80071ae:	f44f 53c0 	mov.w	r3, #6144	@ 0x1800
 80071b2:	9303      	str	r3, [sp, #12]
    GPIO_InitStruct.Mode = GPIO_MODE_AF_PP;
 80071b4:	2302      	movs	r3, #2
 80071b6:	9304      	str	r3, [sp, #16]
    GPIO_InitStruct.Speed = GPIO_SPEED_FREQ_VERY_HIGH;
 80071b8:	2303      	movs	r3, #3
 80071ba:	9306      	str	r3, [sp, #24]
    GPIO_InitStruct.Alternate = GPIO_AF10_OTG_FS;
 80071bc:	230a      	movs	r3, #10
 80071be:	9307      	str	r3, [sp, #28]
    HAL_GPIO_Init(GPIOA, &GPIO_InitStruct);
 80071c0:	4611      	mov	r1, r2
 80071c2:	480e      	ldr	r0, [pc, #56]	@ (80071fc <HAL_PCD_MspInit+0x84>)
 80071c4:	f7fb f8de 	bl	8002384 <HAL_GPIO_Init>
    __HAL_RCC_USB_OTG_FS_CLK_ENABLE();
 80071c8:	6b63      	ldr	r3, [r4, #52]	@ 0x34
 80071ca:	f043 0380 	orr.w	r3, r3, #128	@ 0x80
 80071ce:	6363      	str	r3, [r4, #52]	@ 0x34
 80071d0:	9502      	str	r5, [sp, #8]
 80071d2:	6c63      	ldr	r3, [r4, #68]	@ 0x44
 80071d4:	f443 4380 	orr.w	r3, r3, #16384	@ 0x4000
 80071d8:	6463      	str	r3, [r4, #68]	@ 0x44
 80071da:	6c63      	ldr	r3, [r4, #68]	@ 0x44
 80071dc:	f403 4380 	and.w	r3, r3, #16384	@ 0x4000
 80071e0:	9302      	str	r3, [sp, #8]
 80071e2:	9b02      	ldr	r3, [sp, #8]
    HAL_NVIC_SetPriority(OTG_FS_IRQn, 0, 0);
 80071e4:	462a      	mov	r2, r5
 80071e6:	4629      	mov	r1, r5
 80071e8:	2043      	movs	r0, #67	@ 0x43
 80071ea:	f7fa fe7d 	bl	8001ee8 <HAL_NVIC_SetPriority>
    HAL_NVIC_EnableIRQ(OTG_FS_IRQn);
 80071ee:	2043      	movs	r0, #67	@ 0x43
 80071f0:	f7fa fe8a 	bl	8001f08 <HAL_NVIC_EnableIRQ>
}
 80071f4:	e7cc      	b.n	8007190 <HAL_PCD_MspInit+0x18>
 80071f6:	bf00      	nop
 80071f8:	40023800 	.word	0x40023800
 80071fc:	40020000 	.word	0x40020000

08007200 <HAL_PCD_SetupStageCallback>:
#if (USE_HAL_PCD_REGISTER_CALLBACKS == 1U)
static void PCD_SetupStageCallback(PCD_HandleTypeDef *hpcd)
#else
void HAL_PCD_SetupStageCallback(PCD_HandleTypeDef *hpcd)
#endif /* USE_HAL_PCD_REGISTER_CALLBACKS */
{
 8007200:	b508      	push	{r3, lr}
  USBD_LL_SetupStage((USBD_HandleTypeDef*)hpcd->pData, (uint8_t *)hpcd->Setup);
 8007202:	f200 419c 	addw	r1, r0, #1180	@ 0x49c
 8007206:	f8d0 04e0 	ldr.w	r0, [r0, #1248]	@ 0x4e0
 800720a:	f000 f960 	bl	80074ce <USBD_LL_SetupStage>
}
 800720e:	bd08      	pop	{r3, pc}

08007210 <HAL_PCD_DataOutStageCallback>:
#if (USE_HAL_PCD_REGISTER_CALLBACKS == 1U)
static void PCD_DataOutStageCallback(PCD_HandleTypeDef *hpcd, uint8_t epnum)
#else
void HAL_PCD_DataOutStageCallback(PCD_HandleTypeDef *hpcd, uint8_t epnum)
#endif /* USE_HAL_PCD_REGISTER_CALLBACKS */
{
 8007210:	b508      	push	{r3, lr}
  USBD_LL_DataOutStage((USBD_HandleTypeDef*)hpcd->pData, epnum, hpcd->OUT_ep[epnum].xfer_buff);
 8007212:	eb01 03c1 	add.w	r3, r1, r1, lsl #3
 8007216:	eb00 0383 	add.w	r3, r0, r3, lsl #2
 800721a:	f8d3 2260 	ldr.w	r2, [r3, #608]	@ 0x260
 800721e:	f8d0 04e0 	ldr.w	r0, [r0, #1248]	@ 0x4e0
 8007222:	f000 fa22 	bl	800766a <USBD_LL_DataOutStage>
}
 8007226:	bd08      	pop	{r3, pc}

08007228 <HAL_PCD_DataInStageCallback>:
#if (USE_HAL_PCD_REGISTER_CALLBACKS == 1U)
static void PCD_DataInStageCallback(PCD_HandleTypeDef *hpcd, uint8_t epnum)
#else
void HAL_PCD_DataInStageCallback(PCD_HandleTypeDef *hpcd, uint8_t epnum)
#endif /* USE_HAL_PCD_REGISTER_CALLBACKS */
{
 8007228:	b508      	push	{r3, lr}
  USBD_LL_DataInStage((USBD_HandleTypeDef*)hpcd->pData, epnum, hpcd->IN_ep[epnum].xfer_buff);
 800722a:	eb01 03c1 	add.w	r3, r1, r1, lsl #3
 800722e:	eb00 0383 	add.w	r3, r0, r3, lsl #2
 8007232:	6a1a      	ldr	r2, [r3, #32]
 8007234:	f8d0 04e0 	ldr.w	r0, [r0, #1248]	@ 0x4e0
 8007238:	f000 fa7a 	bl	8007730 <USBD_LL_DataInStage>
}
 800723c:	bd08      	pop	{r3, pc}

0800723e <HAL_PCD_SOFCallback>:
#if (USE_HAL_PCD_REGISTER_CALLBACKS == 1U)
static void PCD_SOFCallback(PCD_HandleTypeDef *hpcd)
#else
void HAL_PCD_SOFCallback(PCD_HandleTypeDef *hpcd)
#endif /* USE_HAL_PCD_REGISTER_CALLBACKS */
{
 800723e:	b508      	push	{r3, lr}
  USBD_LL_SOF((USBD_HandleTypeDef*)hpcd->pData);
 8007240:	f8d0 04e0 	ldr.w	r0, [r0, #1248]	@ 0x4e0
 8007244:	f000 f9bf 	bl	80075c6 <USBD_LL_SOF>
}
 8007248:	bd08      	pop	{r3, pc}

0800724a <HAL_PCD_ResetCallback>:
#if (USE_HAL_PCD_REGISTER_CALLBACKS == 1U)
static void PCD_ResetCallback(PCD_HandleTypeDef *hpcd)
#else
void HAL_PCD_ResetCallback(PCD_HandleTypeDef *hpcd)
#endif /* USE_HAL_PCD_REGISTER_CALLBACKS */
{
 800724a:	b510      	push	{r4, lr}
 800724c:	4604      	mov	r4, r0
  USBD_SpeedTypeDef speed = USBD_SPEED_FULL;

  if ( hpcd->Init.speed == PCD_SPEED_HIGH)
 800724e:	79c1      	ldrb	r1, [r0, #7]
 8007250:	b111      	cbz	r1, 8007258 <HAL_PCD_ResetCallback+0xe>
  {
    speed = USBD_SPEED_HIGH;
  }
  else if ( hpcd->Init.speed == PCD_SPEED_FULL)
 8007252:	2902      	cmp	r1, #2
 8007254:	d109      	bne.n	800726a <HAL_PCD_ResetCallback+0x20>
  {
    speed = USBD_SPEED_FULL;
 8007256:	2101      	movs	r1, #1
  else
  {
    Error_Handler();
  }
    /* Set Speed. */
  USBD_LL_SetSpeed((USBD_HandleTypeDef*)hpcd->pData, speed);
 8007258:	f8d4 04e0 	ldr.w	r0, [r4, #1248]	@ 0x4e0
 800725c:	f000 f996 	bl	800758c <USBD_LL_SetSpeed>

  /* Reset Device. */
  USBD_LL_Reset((USBD_HandleTypeDef*)hpcd->pData);
 8007260:	f8d4 04e0 	ldr.w	r0, [r4, #1248]	@ 0x4e0
 8007264:	f000 f95f 	bl	8007526 <USBD_LL_Reset>
}
 8007268:	bd10      	pop	{r4, pc}
    Error_Handler();
 800726a:	f7fa f829 	bl	80012c0 <Error_Handler>
  USBD_SpeedTypeDef speed = USBD_SPEED_FULL;
 800726e:	2101      	movs	r1, #1
 8007270:	e7f2      	b.n	8007258 <HAL_PCD_ResetCallback+0xe>
	...

08007274 <HAL_PCD_SuspendCallback>:
#if (USE_HAL_PCD_REGISTER_CALLBACKS == 1U)
static void PCD_SuspendCallback(PCD_HandleTypeDef *hpcd)
#else
void HAL_PCD_SuspendCallback(PCD_HandleTypeDef *hpcd)
#endif /* USE_HAL_PCD_REGISTER_CALLBACKS */
{
 8007274:	b510      	push	{r4, lr}
 8007276:	4604      	mov	r4, r0
  /* Inform USB library that core enters in suspend Mode. */
  USBD_LL_Suspend((USBD_HandleTypeDef*)hpcd->pData);
 8007278:	f8d0 04e0 	ldr.w	r0, [r0, #1248]	@ 0x4e0
 800727c:	f000 f989 	bl	8007592 <USBD_LL_Suspend>
  __HAL_PCD_GATE_PHYCLOCK(hpcd);
 8007280:	6822      	ldr	r2, [r4, #0]
 8007282:	f8d2 3e00 	ldr.w	r3, [r2, #3584]	@ 0xe00
 8007286:	f043 0301 	orr.w	r3, r3, #1
 800728a:	f8c2 3e00 	str.w	r3, [r2, #3584]	@ 0xe00
  /* Enter in STOP mode. */
  /* USER CODE BEGIN 2 */
  if (hpcd->Init.low_power_enable)
 800728e:	7ae3      	ldrb	r3, [r4, #11]
 8007290:	b123      	cbz	r3, 800729c <HAL_PCD_SuspendCallback+0x28>
  {
    /* Set SLEEPDEEP bit and SleepOnExit of Cortex System Control Register. */
    SCB->SCR |= (uint32_t)((uint32_t)(SCB_SCR_SLEEPDEEP_Msk | SCB_SCR_SLEEPONEXIT_Msk));
 8007292:	4a03      	ldr	r2, [pc, #12]	@ (80072a0 <HAL_PCD_SuspendCallback+0x2c>)
 8007294:	6913      	ldr	r3, [r2, #16]
 8007296:	f043 0306 	orr.w	r3, r3, #6
 800729a:	6113      	str	r3, [r2, #16]
  }
  /* USER CODE END 2 */
}
 800729c:	bd10      	pop	{r4, pc}
 800729e:	bf00      	nop
 80072a0:	e000ed00 	.word	0xe000ed00

080072a4 <HAL_PCD_ResumeCallback>:
#if (USE_HAL_PCD_REGISTER_CALLBACKS == 1U)
static void PCD_ResumeCallback(PCD_HandleTypeDef *hpcd)
#else
void HAL_PCD_ResumeCallback(PCD_HandleTypeDef *hpcd)
#endif /* USE_HAL_PCD_REGISTER_CALLBACKS */
{
 80072a4:	b508      	push	{r3, lr}
  /* USER CODE BEGIN 3 */

  /* USER CODE END 3 */
  USBD_LL_Resume((USBD_HandleTypeDef*)hpcd->pData);
 80072a6:	f8d0 04e0 	ldr.w	r0, [r0, #1248]	@ 0x4e0
 80072aa:	f000 f980 	bl	80075ae <USBD_LL_Resume>
}
 80072ae:	bd08      	pop	{r3, pc}

080072b0 <HAL_PCD_ISOOUTIncompleteCallback>:
#if (USE_HAL_PCD_REGISTER_CALLBACKS == 1U)
static void PCD_ISOOUTIncompleteCallback(PCD_HandleTypeDef *hpcd, uint8_t epnum)
#else
void HAL_PCD_ISOOUTIncompleteCallback(PCD_HandleTypeDef *hpcd, uint8_t epnum)
#endif /* USE_HAL_PCD_REGISTER_CALLBACKS */
{
 80072b0:	b508      	push	{r3, lr}
  USBD_LL_IsoOUTIncomplete((USBD_HandleTypeDef*)hpcd->pData, epnum);
 80072b2:	f8d0 04e0 	ldr.w	r0, [r0, #1248]	@ 0x4e0
 80072b6:	f000 f9ac 	bl	8007612 <USBD_LL_IsoOUTIncomplete>
}
 80072ba:	bd08      	pop	{r3, pc}

080072bc <HAL_PCD_ISOINIncompleteCallback>:
#if (USE_HAL_PCD_REGISTER_CALLBACKS == 1U)
static void PCD_ISOINIncompleteCallback(PCD_HandleTypeDef *hpcd, uint8_t epnum)
#else
void HAL_PCD_ISOINIncompleteCallback(PCD_HandleTypeDef *hpcd, uint8_t epnum)
#endif /* USE_HAL_PCD_REGISTER_CALLBACKS */
{
 80072bc:	b508      	push	{r3, lr}
  USBD_LL_IsoINIncomplete((USBD_HandleTypeDef*)hpcd->pData, epnum);
 80072be:	f8d0 04e0 	ldr.w	r0, [r0, #1248]	@ 0x4e0
 80072c2:	f000 f990 	bl	80075e6 <USBD_LL_IsoINIncomplete>
}
 80072c6:	bd08      	pop	{r3, pc}

080072c8 <HAL_PCD_ConnectCallback>:
#if (USE_HAL_PCD_REGISTER_CALLBACKS == 1U)
static void PCD_ConnectCallback(PCD_HandleTypeDef *hpcd)
#else
void HAL_PCD_ConnectCallback(PCD_HandleTypeDef *hpcd)
#endif /* USE_HAL_PCD_REGISTER_CALLBACKS */
{
 80072c8:	b508      	push	{r3, lr}
  USBD_LL_DevConnected((USBD_HandleTypeDef*)hpcd->pData);
 80072ca:	f8d0 04e0 	ldr.w	r0, [r0, #1248]	@ 0x4e0
 80072ce:	f000 f9b6 	bl	800763e <USBD_LL_DevConnected>
}
 80072d2:	bd08      	pop	{r3, pc}

080072d4 <HAL_PCD_DisconnectCallback>:
#if (USE_HAL_PCD_REGISTER_CALLBACKS == 1U)
static void PCD_DisconnectCallback(PCD_HandleTypeDef *hpcd)
#else
void HAL_PCD_DisconnectCallback(PCD_HandleTypeDef *hpcd)
#endif /* USE_HAL_PCD_REGISTER_CALLBACKS */
{
 80072d4:	b508      	push	{r3, lr}
  USBD_LL_DevDisconnected((USBD_HandleTypeDef*)hpcd->pData);
 80072d6:	f8d0 04e0 	ldr.w	r0, [r0, #1248]	@ 0x4e0
 80072da:	f000 f9b2 	bl	8007642 <USBD_LL_DevDisconnected>
}
 80072de:	bd08      	pop	{r3, pc}

080072e0 <USBD_LL_Init>:
  * @retval USBD status
  */
USBD_StatusTypeDef USBD_LL_Init(USBD_HandleTypeDef *pdev)
{
  /* Init USB Ip. */
  if (pdev->id == DEVICE_FS) {
 80072e0:	7802      	ldrb	r2, [r0, #0]
 80072e2:	b10a      	cbz	r2, 80072e8 <USBD_LL_Init+0x8>
  HAL_PCDEx_SetRxFiFo(&hpcd_USB_OTG_FS, 0x80);
  HAL_PCDEx_SetTxFiFo(&hpcd_USB_OTG_FS, 0, 0x40);
  HAL_PCDEx_SetTxFiFo(&hpcd_USB_OTG_FS, 1, 0x80);
  }
  return USBD_OK;
}
 80072e4:	2000      	movs	r0, #0
 80072e6:	4770      	bx	lr
{
 80072e8:	b510      	push	{r4, lr}
 80072ea:	4603      	mov	r3, r0
  hpcd_USB_OTG_FS.pData = pdev;
 80072ec:	4815      	ldr	r0, [pc, #84]	@ (8007344 <USBD_LL_Init+0x64>)
 80072ee:	f8c0 34e0 	str.w	r3, [r0, #1248]	@ 0x4e0
  pdev->pData = &hpcd_USB_OTG_FS;
 80072f2:	f8c3 02c8 	str.w	r0, [r3, #712]	@ 0x2c8
  hpcd_USB_OTG_FS.Instance = USB_OTG_FS;
 80072f6:	f04f 43a0 	mov.w	r3, #1342177280	@ 0x50000000
 80072fa:	6003      	str	r3, [r0, #0]
  hpcd_USB_OTG_FS.Init.dev_endpoints = 4;
 80072fc:	2304      	movs	r3, #4
 80072fe:	7103      	strb	r3, [r0, #4]
  hpcd_USB_OTG_FS.Init.speed = PCD_SPEED_FULL;
 8007300:	2202      	movs	r2, #2
 8007302:	71c2      	strb	r2, [r0, #7]
  hpcd_USB_OTG_FS.Init.dma_enable = DISABLE;
 8007304:	2300      	movs	r3, #0
 8007306:	7183      	strb	r3, [r0, #6]
  hpcd_USB_OTG_FS.Init.phy_itface = PCD_PHY_EMBEDDED;
 8007308:	7242      	strb	r2, [r0, #9]
  hpcd_USB_OTG_FS.Init.Sof_enable = DISABLE;
 800730a:	7283      	strb	r3, [r0, #10]
  hpcd_USB_OTG_FS.Init.low_power_enable = DISABLE;
 800730c:	72c3      	strb	r3, [r0, #11]
  hpcd_USB_OTG_FS.Init.lpm_enable = DISABLE;
 800730e:	7303      	strb	r3, [r0, #12]
  hpcd_USB_OTG_FS.Init.vbus_sensing_enable = DISABLE;
 8007310:	7383      	strb	r3, [r0, #14]
  hpcd_USB_OTG_FS.Init.use_dedicated_ep1 = DISABLE;
 8007312:	73c3      	strb	r3, [r0, #15]
  if (HAL_PCD_Init(&hpcd_USB_OTG_FS) != HAL_OK)
 8007314:	f7fc fae8 	bl	80038e8 <HAL_PCD_Init>
 8007318:	b980      	cbnz	r0, 800733c <USBD_LL_Init+0x5c>
  HAL_PCDEx_SetRxFiFo(&hpcd_USB_OTG_FS, 0x80);
 800731a:	4c0a      	ldr	r4, [pc, #40]	@ (8007344 <USBD_LL_Init+0x64>)
 800731c:	2180      	movs	r1, #128	@ 0x80
 800731e:	4620      	mov	r0, r4
 8007320:	f7fd f8cb 	bl	80044ba <HAL_PCDEx_SetRxFiFo>
  HAL_PCDEx_SetTxFiFo(&hpcd_USB_OTG_FS, 0, 0x40);
 8007324:	2240      	movs	r2, #64	@ 0x40
 8007326:	2100      	movs	r1, #0
 8007328:	4620      	mov	r0, r4
 800732a:	f7fd f8a0 	bl	800446e <HAL_PCDEx_SetTxFiFo>
  HAL_PCDEx_SetTxFiFo(&hpcd_USB_OTG_FS, 1, 0x80);
 800732e:	2280      	movs	r2, #128	@ 0x80
 8007330:	2101      	movs	r1, #1
 8007332:	4620      	mov	r0, r4
 8007334:	f7fd f89b 	bl	800446e <HAL_PCDEx_SetTxFiFo>
}
 8007338:	2000      	movs	r0, #0
 800733a:	bd10      	pop	{r4, pc}
    Error_Handler( );
 800733c:	f7f9 ffc0 	bl	80012c0 <Error_Handler>
 8007340:	e7eb      	b.n	800731a <USBD_LL_Init+0x3a>
 8007342:	bf00      	nop
 8007344:	20000c60 	.word	0x20000c60

08007348 <USBD_LL_IsStallEP>:
  * @param  ep_addr: Endpoint number
  * @retval Stall (1: Yes, 0: No)
  */
uint8_t USBD_LL_IsStallEP(USBD_HandleTypeDef *pdev, uint8_t ep_addr)
{
  PCD_HandleTypeDef *hpcd = (PCD_HandleTypeDef*) pdev->pData;
 8007348:	f8d0 32c8 	ldr.w	r3, [r0, #712]	@ 0x2c8

  if((ep_addr & 0x80) == 0x80)
 800734c:	f011 0f80 	tst.w	r1, #128	@ 0x80
 8007350:	d108      	bne.n	8007364 <USBD_LL_IsStallEP+0x1c>
  {
    return hpcd->IN_ep[ep_addr & 0x7F].is_stall;
  }
  else
  {
    return hpcd->OUT_ep[ep_addr & 0x7F].is_stall;
 8007352:	f001 017f 	and.w	r1, r1, #127	@ 0x7f
 8007356:	eb01 01c1 	add.w	r1, r1, r1, lsl #3
 800735a:	eb03 0381 	add.w	r3, r3, r1, lsl #2
 800735e:	f893 0256 	ldrb.w	r0, [r3, #598]	@ 0x256
  }
}
 8007362:	4770      	bx	lr
    return hpcd->IN_ep[ep_addr & 0x7F].is_stall;
 8007364:	f001 017f 	and.w	r1, r1, #127	@ 0x7f
 8007368:	eb01 01c1 	add.w	r1, r1, r1, lsl #3
 800736c:	eb03 0381 	add.w	r3, r3, r1, lsl #2
 8007370:	7d98      	ldrb	r0, [r3, #22]
 8007372:	4770      	bx	lr

08007374 <USBD_LL_GetRxDataSize>:
  * @param  pdev: Device handle
  * @param  ep_addr: Endpoint number
  * @retval Received Data Size
  */
uint32_t USBD_LL_GetRxDataSize(USBD_HandleTypeDef *pdev, uint8_t ep_addr)
{
 8007374:	b508      	push	{r3, lr}
  return HAL_PCD_EP_GetRxCount((PCD_HandleTypeDef*) pdev->pData, ep_addr);
 8007376:	f8d0 02c8 	ldr.w	r0, [r0, #712]	@ 0x2c8
 800737a:	f7fc fcb9 	bl	8003cf0 <HAL_PCD_EP_GetRxCount>
}
 800737e:	bd08      	pop	{r3, pc}

08007380 <USBD_static_malloc>:
  */
void *USBD_static_malloc(uint32_t size)
{
  static uint32_t mem[(sizeof(USBD_MSC_BOT_HandleTypeDef)/4)+1];/* On 32-bit boundary */
  return mem;
}
 8007380:	4800      	ldr	r0, [pc, #0]	@ (8007384 <USBD_static_malloc+0x4>)
 8007382:	4770      	bx	lr
 8007384:	200009d8 	.word	0x200009d8

08007388 <USBD_static_free>:
  * @retval None
  */
void USBD_static_free(void *p)
{

}
 8007388:	4770      	bx	lr

0800738a <USBD_Get_USB_Status>:
  */
USBD_StatusTypeDef USBD_Get_USB_Status(HAL_StatusTypeDef hal_status)
{
  USBD_StatusTypeDef usb_status = USBD_OK;

  switch (hal_status)
 800738a:	2803      	cmp	r0, #3
 800738c:	d805      	bhi.n	800739a <USBD_Get_USB_Status+0x10>
 800738e:	e8df f000 	tbb	[pc, r0]
 8007392:	0405      	.short	0x0405
 8007394:	0502      	.short	0x0502
    break;
    case HAL_ERROR :
      usb_status = USBD_FAIL;
    break;
    case HAL_BUSY :
      usb_status = USBD_BUSY;
 8007396:	2001      	movs	r0, #1
    break;
 8007398:	4770      	bx	lr
      usb_status = USBD_FAIL;
 800739a:	2003      	movs	r0, #3
    default :
      usb_status = USBD_FAIL;
    break;
  }
  return usb_status;
}
 800739c:	4770      	bx	lr

0800739e <USBD_LL_Start>:
{
 800739e:	b508      	push	{r3, lr}
  hal_status = HAL_PCD_Start(pdev->pData);
 80073a0:	f8d0 02c8 	ldr.w	r0, [r0, #712]	@ 0x2c8
 80073a4:	f7fc fb21 	bl	80039ea <HAL_PCD_Start>
  usb_status =  USBD_Get_USB_Status(hal_status);
 80073a8:	f7ff ffef 	bl	800738a <USBD_Get_USB_Status>
}
 80073ac:	bd08      	pop	{r3, pc}

080073ae <USBD_LL_OpenEP>:
{
 80073ae:	b508      	push	{r3, lr}
 80073b0:	4694      	mov	ip, r2
 80073b2:	461a      	mov	r2, r3
  hal_status = HAL_PCD_EP_Open(pdev->pData, ep_addr, ep_mps, ep_type);
 80073b4:	4663      	mov	r3, ip
 80073b6:	f8d0 02c8 	ldr.w	r0, [r0, #712]	@ 0x2c8
 80073ba:	f7fc fbf6 	bl	8003baa <HAL_PCD_EP_Open>
  usb_status =  USBD_Get_USB_Status(hal_status);
 80073be:	f7ff ffe4 	bl	800738a <USBD_Get_USB_Status>
}
 80073c2:	bd08      	pop	{r3, pc}

080073c4 <USBD_LL_CloseEP>:
{
 80073c4:	b508      	push	{r3, lr}
  hal_status = HAL_PCD_EP_Close(pdev->pData, ep_addr);
 80073c6:	f8d0 02c8 	ldr.w	r0, [r0, #712]	@ 0x2c8
 80073ca:	f7fc fc34 	bl	8003c36 <HAL_PCD_EP_Close>
  usb_status =  USBD_Get_USB_Status(hal_status);
 80073ce:	f7ff ffdc 	bl	800738a <USBD_Get_USB_Status>
}
 80073d2:	bd08      	pop	{r3, pc}

080073d4 <USBD_LL_FlushEP>:
{
 80073d4:	b508      	push	{r3, lr}
  hal_status = HAL_PCD_EP_Flush(pdev->pData, ep_addr);
 80073d6:	f8d0 02c8 	ldr.w	r0, [r0, #712]	@ 0x2c8
 80073da:	f7fd f82d 	bl	8004438 <HAL_PCD_EP_Flush>
  usb_status =  USBD_Get_USB_Status(hal_status);
 80073de:	f7ff ffd4 	bl	800738a <USBD_Get_USB_Status>
}
 80073e2:	bd08      	pop	{r3, pc}

080073e4 <USBD_LL_StallEP>:
{
 80073e4:	b508      	push	{r3, lr}
  hal_status = HAL_PCD_EP_SetStall(pdev->pData, ep_addr);
 80073e6:	f8d0 02c8 	ldr.w	r0, [r0, #712]	@ 0x2c8
 80073ea:	f7fc fcaf 	bl	8003d4c <HAL_PCD_EP_SetStall>
  usb_status =  USBD_Get_USB_Status(hal_status);
 80073ee:	f7ff ffcc 	bl	800738a <USBD_Get_USB_Status>
}
 80073f2:	bd08      	pop	{r3, pc}

080073f4 <USBD_LL_ClearStallEP>:
{
 80073f4:	b508      	push	{r3, lr}
  hal_status = HAL_PCD_EP_ClrStall(pdev->pData, ep_addr);
 80073f6:	f8d0 02c8 	ldr.w	r0, [r0, #712]	@ 0x2c8
 80073fa:	f7fc fcea 	bl	8003dd2 <HAL_PCD_EP_ClrStall>
  usb_status =  USBD_Get_USB_Status(hal_status);
 80073fe:	f7ff ffc4 	bl	800738a <USBD_Get_USB_Status>
}
 8007402:	bd08      	pop	{r3, pc}

08007404 <USBD_LL_SetUSBAddress>:
{
 8007404:	b508      	push	{r3, lr}
  hal_status = HAL_PCD_SetAddress(pdev->pData, dev_addr);
 8007406:	f8d0 02c8 	ldr.w	r0, [r0, #712]	@ 0x2c8
 800740a:	f7fc fbbb 	bl	8003b84 <HAL_PCD_SetAddress>
  usb_status =  USBD_Get_USB_Status(hal_status);
 800740e:	f7ff ffbc 	bl	800738a <USBD_Get_USB_Status>
}
 8007412:	bd08      	pop	{r3, pc}

08007414 <USBD_LL_Transmit>:
{
 8007414:	b508      	push	{r3, lr}
  hal_status = HAL_PCD_EP_Transmit(pdev->pData, ep_addr, pbuf, size);
 8007416:	f8d0 02c8 	ldr.w	r0, [r0, #712]	@ 0x2c8
 800741a:	f7fc fc72 	bl	8003d02 <HAL_PCD_EP_Transmit>
  usb_status =  USBD_Get_USB_Status(hal_status);
 800741e:	f7ff ffb4 	bl	800738a <USBD_Get_USB_Status>
}
 8007422:	bd08      	pop	{r3, pc}

08007424 <USBD_LL_PrepareReceive>:
{
 8007424:	b508      	push	{r3, lr}
  hal_status = HAL_PCD_EP_Receive(pdev->pData, ep_addr, pbuf, size);
 8007426:	f8d0 02c8 	ldr.w	r0, [r0, #712]	@ 0x2c8
 800742a:	f7fc fc3c 	bl	8003ca6 <HAL_PCD_EP_Receive>
  usb_status =  USBD_Get_USB_Status(hal_status);
 800742e:	f7ff ffac 	bl	800738a <USBD_Get_USB_Status>
}
 8007432:	bd08      	pop	{r3, pc}

08007434 <USBD_Init>:
                             USBD_DescriptorsTypeDef *pdesc, uint8_t id)
{
  USBD_StatusTypeDef ret;

  /* Check whether the USB Host handle is valid */
  if (pdev == NULL)
 8007434:	b198      	cbz	r0, 800745e <USBD_Init+0x2a>
{
 8007436:	b508      	push	{r3, lr}
 8007438:	4603      	mov	r3, r0
    pdev->NumClasses = 0;
    pdev->classId = 0;
  }
#else
  /* Unlink previous class*/
  pdev->pClass[0] = NULL;
 800743a:	2000      	movs	r0, #0
 800743c:	f8c3 02b8 	str.w	r0, [r3, #696]	@ 0x2b8
  pdev->pUserData[0] = NULL;
 8007440:	f8c3 02c4 	str.w	r0, [r3, #708]	@ 0x2c4
#endif /* USE_USBD_COMPOSITE */

  pdev->pConfDesc = NULL;
 8007444:	f8c3 02d0 	str.w	r0, [r3, #720]	@ 0x2d0

  /* Assign USBD Descriptors */
  if (pdesc != NULL)
 8007448:	b109      	cbz	r1, 800744e <USBD_Init+0x1a>
  {
    pdev->pDesc = pdesc;
 800744a:	f8c3 12b4 	str.w	r1, [r3, #692]	@ 0x2b4
  }

  /* Set Device initial State */
  pdev->dev_state = USBD_STATE_DEFAULT;
 800744e:	2101      	movs	r1, #1
 8007450:	f883 129c 	strb.w	r1, [r3, #668]	@ 0x29c
  pdev->id = id;
 8007454:	701a      	strb	r2, [r3, #0]

  /* Initialize low level driver */
  ret = USBD_LL_Init(pdev);
 8007456:	4618      	mov	r0, r3
 8007458:	f7ff ff42 	bl	80072e0 <USBD_LL_Init>

  return ret;
}
 800745c:	bd08      	pop	{r3, pc}
    return USBD_FAIL;
 800745e:	2003      	movs	r0, #3
}
 8007460:	4770      	bx	lr

08007462 <USBD_RegisterClass>:
  * @param  pdev: Device Handle
  * @param  pclass: Class handle
  * @retval USBD Status
  */
USBD_StatusTypeDef USBD_RegisterClass(USBD_HandleTypeDef *pdev, USBD_ClassTypeDef *pclass)
{
 8007462:	b510      	push	{r4, lr}
 8007464:	b082      	sub	sp, #8
  uint16_t len = 0U;
 8007466:	2300      	movs	r3, #0
 8007468:	f8ad 3006 	strh.w	r3, [sp, #6]

  if (pclass == NULL)
 800746c:	b1b9      	cbz	r1, 800749e <USBD_RegisterClass+0x3c>
 800746e:	4604      	mov	r4, r0
#endif /* (USBD_DEBUG_LEVEL > 1U) */
    return USBD_FAIL;
  }

  /* link the class to the USB Device handle */
  pdev->pClass[0] = pclass;
 8007470:	f8c0 12b8 	str.w	r1, [r0, #696]	@ 0x2b8
  if (pdev->pClass[pdev->classId]->GetHSConfigDescriptor != NULL)
  {
    pdev->pConfDesc = (void *)pdev->pClass[pdev->classId]->GetHSConfigDescriptor(&len);
  }
#else /* Default USE_USB_FS */
  if (pdev->pClass[pdev->classId]->GetFSConfigDescriptor != NULL)
 8007474:	f8d0 22d4 	ldr.w	r2, [r0, #724]	@ 0x2d4
 8007478:	6acb      	ldr	r3, [r1, #44]	@ 0x2c
 800747a:	b143      	cbz	r3, 800748e <USBD_RegisterClass+0x2c>
  {
    pdev->pConfDesc = (void *)pdev->pClass[pdev->classId]->GetFSConfigDescriptor(&len);
 800747c:	32ae      	adds	r2, #174	@ 0xae
 800747e:	f850 3022 	ldr.w	r3, [r0, r2, lsl #2]
 8007482:	6adb      	ldr	r3, [r3, #44]	@ 0x2c
 8007484:	f10d 0006 	add.w	r0, sp, #6
 8007488:	4798      	blx	r3
 800748a:	f8c4 02d0 	str.w	r0, [r4, #720]	@ 0x2d0
  }
#endif /* USE_USB_FS */

  /* Increment the NumClasses */
  pdev->NumClasses++;
 800748e:	f8d4 32d8 	ldr.w	r3, [r4, #728]	@ 0x2d8
 8007492:	3301      	adds	r3, #1
 8007494:	f8c4 32d8 	str.w	r3, [r4, #728]	@ 0x2d8

  return USBD_OK;
 8007498:	2000      	movs	r0, #0
}
 800749a:	b002      	add	sp, #8
 800749c:	bd10      	pop	{r4, pc}
    return USBD_FAIL;
 800749e:	2003      	movs	r0, #3
 80074a0:	e7fb      	b.n	800749a <USBD_RegisterClass+0x38>

080074a2 <USBD_Start>:
  *         Start the USB Device Core.
  * @param  pdev: Device Handle
  * @retval USBD Status
  */
USBD_StatusTypeDef USBD_Start(USBD_HandleTypeDef *pdev)
{
 80074a2:	b508      	push	{r3, lr}
#ifdef USE_USBD_COMPOSITE
  pdev->classId = 0U;
#endif /* USE_USBD_COMPOSITE */

  /* Start the low level driver  */
  return USBD_LL_Start(pdev);
 80074a4:	f7ff ff7b 	bl	800739e <USBD_LL_Start>
}
 80074a8:	bd08      	pop	{r3, pc}

080074aa <USBD_SetClassConfig>:
  * @param  cfgidx: configuration index
  * @retval status
  */

USBD_StatusTypeDef USBD_SetClassConfig(USBD_HandleTypeDef *pdev, uint8_t cfgidx)
{
 80074aa:	b508      	push	{r3, lr}
        }
      }
    }
  }
#else
  if (pdev->pClass[0] != NULL)
 80074ac:	f8d0 32b8 	ldr.w	r3, [r0, #696]	@ 0x2b8
 80074b0:	b113      	cbz	r3, 80074b8 <USBD_SetClassConfig+0xe>
  {
    /* Set configuration and Start the Class */
    ret = (USBD_StatusTypeDef)pdev->pClass[0]->Init(pdev, cfgidx);
 80074b2:	681b      	ldr	r3, [r3, #0]
 80074b4:	4798      	blx	r3
  }
#endif /* USE_USBD_COMPOSITE */

  return ret;
}
 80074b6:	bd08      	pop	{r3, pc}
  USBD_StatusTypeDef ret = USBD_OK;
 80074b8:	2000      	movs	r0, #0
 80074ba:	e7fc      	b.n	80074b6 <USBD_SetClassConfig+0xc>

080074bc <USBD_ClrClassConfig>:
  * @param  pdev: device instance
  * @param  cfgidx: configuration index
  * @retval status
  */
USBD_StatusTypeDef USBD_ClrClassConfig(USBD_HandleTypeDef *pdev, uint8_t cfgidx)
{
 80074bc:	b508      	push	{r3, lr}
      }
    }
  }
#else
  /* Clear configuration  and De-initialize the Class process */
  if (pdev->pClass[0]->DeInit(pdev, cfgidx) != 0U)
 80074be:	f8d0 32b8 	ldr.w	r3, [r0, #696]	@ 0x2b8
 80074c2:	685b      	ldr	r3, [r3, #4]
 80074c4:	4798      	blx	r3
 80074c6:	b900      	cbnz	r0, 80074ca <USBD_ClrClassConfig+0xe>
    ret = USBD_FAIL;
  }
#endif /* USE_USBD_COMPOSITE */

  return ret;
}
 80074c8:	bd08      	pop	{r3, pc}
    ret = USBD_FAIL;
 80074ca:	2003      	movs	r0, #3
 80074cc:	e7fc      	b.n	80074c8 <USBD_ClrClassConfig+0xc>

080074ce <USBD_LL_SetupStage>:
  * @param  pdev: device instance
  * @param  psetup: setup packet buffer pointer
  * @retval status
  */
USBD_StatusTypeDef USBD_LL_SetupStage(USBD_HandleTypeDef *pdev, uint8_t *psetup)
{
 80074ce:	b538      	push	{r3, r4, r5, lr}
 80074d0:	4604      	mov	r4, r0
  USBD_StatusTypeDef ret;

  USBD_ParseSetupRequest(&pdev->request, psetup);
 80074d2:	f200 25aa 	addw	r5, r0, #682	@ 0x2aa
 80074d6:	4628      	mov	r0, r5
 80074d8:	f000 f9c4 	bl	8007864 <USBD_ParseSetupRequest>

  pdev->ep0_state = USBD_EP0_SETUP;
 80074dc:	2301      	movs	r3, #1
 80074de:	f8c4 3294 	str.w	r3, [r4, #660]	@ 0x294

  pdev->ep0_data_len = pdev->request.wLength;
 80074e2:	f8b4 32b0 	ldrh.w	r3, [r4, #688]	@ 0x2b0
 80074e6:	f8c4 3298 	str.w	r3, [r4, #664]	@ 0x298

  switch (pdev->request.bmRequest & 0x1FU)
 80074ea:	f894 12aa 	ldrb.w	r1, [r4, #682]	@ 0x2aa
 80074ee:	f001 031f 	and.w	r3, r1, #31
 80074f2:	2b01      	cmp	r3, #1
 80074f4:	d007      	beq.n	8007506 <USBD_LL_SetupStage+0x38>
 80074f6:	2b02      	cmp	r3, #2
 80074f8:	d00a      	beq.n	8007510 <USBD_LL_SetupStage+0x42>
 80074fa:	b973      	cbnz	r3, 800751a <USBD_LL_SetupStage+0x4c>
  {
    case USB_REQ_RECIPIENT_DEVICE:
      ret = USBD_StdDevReq(pdev, &pdev->request);
 80074fc:	4629      	mov	r1, r5
 80074fe:	4620      	mov	r0, r4
 8007500:	f000 fb84 	bl	8007c0c <USBD_StdDevReq>
      ret = USBD_LL_StallEP(pdev, (pdev->request.bmRequest & 0x80U));
      break;
  }

  return ret;
}
 8007504:	bd38      	pop	{r3, r4, r5, pc}
      ret = USBD_StdItfReq(pdev, &pdev->request);
 8007506:	4629      	mov	r1, r5
 8007508:	4620      	mov	r0, r4
 800750a:	f000 fbba 	bl	8007c82 <USBD_StdItfReq>
      break;
 800750e:	e7f9      	b.n	8007504 <USBD_LL_SetupStage+0x36>
      ret = USBD_StdEPReq(pdev, &pdev->request);
 8007510:	4629      	mov	r1, r5
 8007512:	4620      	mov	r0, r4
 8007514:	f000 fbf7 	bl	8007d06 <USBD_StdEPReq>
      break;
 8007518:	e7f4      	b.n	8007504 <USBD_LL_SetupStage+0x36>
      ret = USBD_LL_StallEP(pdev, (pdev->request.bmRequest & 0x80U));
 800751a:	f001 0180 	and.w	r1, r1, #128	@ 0x80
 800751e:	4620      	mov	r0, r4
 8007520:	f7ff ff60 	bl	80073e4 <USBD_LL_StallEP>
      break;
 8007524:	e7ee      	b.n	8007504 <USBD_LL_SetupStage+0x36>

08007526 <USBD_LL_Reset>:
  *         Handle Reset event
  * @param  pdev: device instance
  * @retval status
  */
USBD_StatusTypeDef USBD_LL_Reset(USBD_HandleTypeDef *pdev)
{
 8007526:	b5f8      	push	{r3, r4, r5, r6, r7, lr}
 8007528:	4604      	mov	r4, r0
  USBD_StatusTypeDef ret = USBD_OK;

  /* Upon Reset call user call back */
  pdev->dev_state = USBD_STATE_DEFAULT;
 800752a:	2301      	movs	r3, #1
 800752c:	f880 329c 	strb.w	r3, [r0, #668]	@ 0x29c
  pdev->ep0_state = USBD_EP0_IDLE;
 8007530:	2300      	movs	r3, #0
 8007532:	f8c0 3294 	str.w	r3, [r0, #660]	@ 0x294
  pdev->dev_config = 0U;
 8007536:	6043      	str	r3, [r0, #4]
  pdev->dev_remote_wakeup = 0U;
 8007538:	f8c0 32a4 	str.w	r3, [r0, #676]	@ 0x2a4
  pdev->dev_test_mode = 0U;
 800753c:	f880 32a0 	strb.w	r3, [r0, #672]	@ 0x2a0
      }
    }
  }
#else

  if (pdev->pClass[0] != NULL)
 8007540:	f8d0 32b8 	ldr.w	r3, [r0, #696]	@ 0x2b8
 8007544:	b1e3      	cbz	r3, 8007580 <USBD_LL_Reset+0x5a>
  {
    if (pdev->pClass[0]->DeInit != NULL)
 8007546:	685b      	ldr	r3, [r3, #4]
 8007548:	b1e3      	cbz	r3, 8007584 <USBD_LL_Reset+0x5e>
    {
      if (pdev->pClass[0]->DeInit(pdev, (uint8_t)pdev->dev_config) != USBD_OK)
 800754a:	2100      	movs	r1, #0
 800754c:	4798      	blx	r3
 800754e:	4607      	mov	r7, r0
 8007550:	b9d0      	cbnz	r0, 8007588 <USBD_LL_Reset+0x62>
    }
  }
#endif /* USE_USBD_COMPOSITE */

  /* Open EP0 OUT */
  (void)USBD_LL_OpenEP(pdev, 0x00U, USBD_EP_TYPE_CTRL, USB_MAX_EP0_SIZE);
 8007552:	2340      	movs	r3, #64	@ 0x40
 8007554:	2200      	movs	r2, #0
 8007556:	4611      	mov	r1, r2
 8007558:	4620      	mov	r0, r4
 800755a:	f7ff ff28 	bl	80073ae <USBD_LL_OpenEP>
  pdev->ep_out[0x00U & 0xFU].is_used = 1U;
 800755e:	2601      	movs	r6, #1
 8007560:	f884 6163 	strb.w	r6, [r4, #355]	@ 0x163

  pdev->ep_out[0].maxpacket = USB_MAX_EP0_SIZE;
 8007564:	2540      	movs	r5, #64	@ 0x40
 8007566:	f8a4 5160 	strh.w	r5, [r4, #352]	@ 0x160

  /* Open EP0 IN */
  (void)USBD_LL_OpenEP(pdev, 0x80U, USBD_EP_TYPE_CTRL, USB_MAX_EP0_SIZE);
 800756a:	462b      	mov	r3, r5
 800756c:	2200      	movs	r2, #0
 800756e:	2180      	movs	r1, #128	@ 0x80
 8007570:	4620      	mov	r0, r4
 8007572:	f7ff ff1c 	bl	80073ae <USBD_LL_OpenEP>
  pdev->ep_in[0x80U & 0xFU].is_used = 1U;
 8007576:	f884 6023 	strb.w	r6, [r4, #35]	@ 0x23

  pdev->ep_in[0].maxpacket = USB_MAX_EP0_SIZE;
 800757a:	8425      	strh	r5, [r4, #32]

  return ret;
}
 800757c:	4638      	mov	r0, r7
 800757e:	bdf8      	pop	{r3, r4, r5, r6, r7, pc}
  USBD_StatusTypeDef ret = USBD_OK;
 8007580:	2700      	movs	r7, #0
 8007582:	e7e6      	b.n	8007552 <USBD_LL_Reset+0x2c>
 8007584:	2700      	movs	r7, #0
 8007586:	e7e4      	b.n	8007552 <USBD_LL_Reset+0x2c>
        ret = USBD_FAIL;
 8007588:	2703      	movs	r7, #3
 800758a:	e7e2      	b.n	8007552 <USBD_LL_Reset+0x2c>

0800758c <USBD_LL_SetSpeed>:
  * @retval status
  */
USBD_StatusTypeDef USBD_LL_SetSpeed(USBD_HandleTypeDef *pdev,
                                    USBD_SpeedTypeDef speed)
{
  pdev->dev_speed = speed;
 800758c:	7401      	strb	r1, [r0, #16]

  return USBD_OK;
}
 800758e:	2000      	movs	r0, #0
 8007590:	4770      	bx	lr

08007592 <USBD_LL_Suspend>:
  * @param  pdev: device instance
  * @retval status
  */
USBD_StatusTypeDef USBD_LL_Suspend(USBD_HandleTypeDef *pdev)
{
  if (pdev->dev_state != USBD_STATE_SUSPENDED)
 8007592:	f890 329c 	ldrb.w	r3, [r0, #668]	@ 0x29c
 8007596:	2b04      	cmp	r3, #4
 8007598:	d004      	beq.n	80075a4 <USBD_LL_Suspend+0x12>
  {
    pdev->dev_old_state = pdev->dev_state;
 800759a:	f890 329c 	ldrb.w	r3, [r0, #668]	@ 0x29c
 800759e:	b2db      	uxtb	r3, r3
 80075a0:	f880 329d 	strb.w	r3, [r0, #669]	@ 0x29d
  }

  pdev->dev_state = USBD_STATE_SUSPENDED;
 80075a4:	2304      	movs	r3, #4
 80075a6:	f880 329c 	strb.w	r3, [r0, #668]	@ 0x29c

  return USBD_OK;
}
 80075aa:	2000      	movs	r0, #0
 80075ac:	4770      	bx	lr

080075ae <USBD_LL_Resume>:
  * @param  pdev: device instance
  * @retval status
  */
USBD_StatusTypeDef USBD_LL_Resume(USBD_HandleTypeDef *pdev)
{
  if (pdev->dev_state == USBD_STATE_SUSPENDED)
 80075ae:	f890 329c 	ldrb.w	r3, [r0, #668]	@ 0x29c
 80075b2:	2b04      	cmp	r3, #4
 80075b4:	d001      	beq.n	80075ba <USBD_LL_Resume+0xc>
  {
    pdev->dev_state = pdev->dev_old_state;
  }

  return USBD_OK;
}
 80075b6:	2000      	movs	r0, #0
 80075b8:	4770      	bx	lr
    pdev->dev_state = pdev->dev_old_state;
 80075ba:	f890 329d 	ldrb.w	r3, [r0, #669]	@ 0x29d
 80075be:	b2db      	uxtb	r3, r3
 80075c0:	f880 329c 	strb.w	r3, [r0, #668]	@ 0x29c
 80075c4:	e7f7      	b.n	80075b6 <USBD_LL_Resume+0x8>

080075c6 <USBD_LL_SOF>:
  *         Handle SOF event
  * @param  pdev: device instance
  * @retval status
  */
USBD_StatusTypeDef USBD_LL_SOF(USBD_HandleTypeDef *pdev)
{
 80075c6:	b508      	push	{r3, lr}
  /* The SOF event can be distributed for all classes that support it */
  if (pdev->dev_state == USBD_STATE_CONFIGURED)
 80075c8:	f890 329c 	ldrb.w	r3, [r0, #668]	@ 0x29c
 80075cc:	2b03      	cmp	r3, #3
 80075ce:	d001      	beq.n	80075d4 <USBD_LL_SOF+0xe>
    }
#endif /* USE_USBD_COMPOSITE */
  }

  return USBD_OK;
}
 80075d0:	2000      	movs	r0, #0
 80075d2:	bd08      	pop	{r3, pc}
    if (pdev->pClass[0] != NULL)
 80075d4:	f8d0 32b8 	ldr.w	r3, [r0, #696]	@ 0x2b8
 80075d8:	2b00      	cmp	r3, #0
 80075da:	d0f9      	beq.n	80075d0 <USBD_LL_SOF+0xa>
      if (pdev->pClass[0]->SOF != NULL)
 80075dc:	69db      	ldr	r3, [r3, #28]
 80075de:	2b00      	cmp	r3, #0
 80075e0:	d0f6      	beq.n	80075d0 <USBD_LL_SOF+0xa>
        (void)pdev->pClass[0]->SOF(pdev);
 80075e2:	4798      	blx	r3
 80075e4:	e7f4      	b.n	80075d0 <USBD_LL_SOF+0xa>

080075e6 <USBD_LL_IsoINIncomplete>:
  * @param  epnum: Endpoint number
  * @retval status
  */
USBD_StatusTypeDef USBD_LL_IsoINIncomplete(USBD_HandleTypeDef *pdev,
                                           uint8_t epnum)
{
 80075e6:	b508      	push	{r3, lr}
  if (pdev->pClass[pdev->classId] == NULL)
 80075e8:	f8d0 32d4 	ldr.w	r3, [r0, #724]	@ 0x2d4
 80075ec:	33ae      	adds	r3, #174	@ 0xae
 80075ee:	f850 3023 	ldr.w	r3, [r0, r3, lsl #2]
 80075f2:	b153      	cbz	r3, 800760a <USBD_LL_IsoINIncomplete+0x24>
  {
    return USBD_FAIL;
  }

  if (pdev->dev_state == USBD_STATE_CONFIGURED)
 80075f4:	f890 229c 	ldrb.w	r2, [r0, #668]	@ 0x29c
 80075f8:	2a03      	cmp	r2, #3
 80075fa:	d001      	beq.n	8007600 <USBD_LL_IsoINIncomplete+0x1a>
    {
      (void)pdev->pClass[pdev->classId]->IsoINIncomplete(pdev, epnum);
    }
  }

  return USBD_OK;
 80075fc:	2000      	movs	r0, #0
}
 80075fe:	bd08      	pop	{r3, pc}
    if (pdev->pClass[pdev->classId]->IsoINIncomplete != NULL)
 8007600:	6a1b      	ldr	r3, [r3, #32]
 8007602:	b123      	cbz	r3, 800760e <USBD_LL_IsoINIncomplete+0x28>
      (void)pdev->pClass[pdev->classId]->IsoINIncomplete(pdev, epnum);
 8007604:	4798      	blx	r3
  return USBD_OK;
 8007606:	2000      	movs	r0, #0
 8007608:	e7f9      	b.n	80075fe <USBD_LL_IsoINIncomplete+0x18>
    return USBD_FAIL;
 800760a:	2003      	movs	r0, #3
 800760c:	e7f7      	b.n	80075fe <USBD_LL_IsoINIncomplete+0x18>
  return USBD_OK;
 800760e:	2000      	movs	r0, #0
 8007610:	e7f5      	b.n	80075fe <USBD_LL_IsoINIncomplete+0x18>

08007612 <USBD_LL_IsoOUTIncomplete>:
  * @param  epnum: Endpoint number
  * @retval status
  */
USBD_StatusTypeDef USBD_LL_IsoOUTIncomplete(USBD_HandleTypeDef *pdev,
                                            uint8_t epnum)
{
 8007612:	b508      	push	{r3, lr}
  if (pdev->pClass[pdev->classId] == NULL)
 8007614:	f8d0 32d4 	ldr.w	r3, [r0, #724]	@ 0x2d4
 8007618:	33ae      	adds	r3, #174	@ 0xae
 800761a:	f850 3023 	ldr.w	r3, [r0, r3, lsl #2]
 800761e:	b153      	cbz	r3, 8007636 <USBD_LL_IsoOUTIncomplete+0x24>
  {
    return USBD_FAIL;
  }

  if (pdev->dev_state == USBD_STATE_CONFIGURED)
 8007620:	f890 229c 	ldrb.w	r2, [r0, #668]	@ 0x29c
 8007624:	2a03      	cmp	r2, #3
 8007626:	d001      	beq.n	800762c <USBD_LL_IsoOUTIncomplete+0x1a>
    {
      (void)pdev->pClass[pdev->classId]->IsoOUTIncomplete(pdev, epnum);
    }
  }

  return USBD_OK;
 8007628:	2000      	movs	r0, #0
}
 800762a:	bd08      	pop	{r3, pc}
    if (pdev->pClass[pdev->classId]->IsoOUTIncomplete != NULL)
 800762c:	6a5b      	ldr	r3, [r3, #36]	@ 0x24
 800762e:	b123      	cbz	r3, 800763a <USBD_LL_IsoOUTIncomplete+0x28>
      (void)pdev->pClass[pdev->classId]->IsoOUTIncomplete(pdev, epnum);
 8007630:	4798      	blx	r3
  return USBD_OK;
 8007632:	2000      	movs	r0, #0
 8007634:	e7f9      	b.n	800762a <USBD_LL_IsoOUTIncomplete+0x18>
    return USBD_FAIL;
 8007636:	2003      	movs	r0, #3
 8007638:	e7f7      	b.n	800762a <USBD_LL_IsoOUTIncomplete+0x18>
  return USBD_OK;
 800763a:	2000      	movs	r0, #0
 800763c:	e7f5      	b.n	800762a <USBD_LL_IsoOUTIncomplete+0x18>

0800763e <USBD_LL_DevConnected>:
{
  /* Prevent unused argument compilation warning */
  UNUSED(pdev);

  return USBD_OK;
}
 800763e:	2000      	movs	r0, #0
 8007640:	4770      	bx	lr

08007642 <USBD_LL_DevDisconnected>:
  *         Handle device disconnection event
  * @param  pdev: device instance
  * @retval status
  */
USBD_StatusTypeDef USBD_LL_DevDisconnected(USBD_HandleTypeDef *pdev)
{
 8007642:	b508      	push	{r3, lr}
  USBD_StatusTypeDef   ret = USBD_OK;

  /* Free Class Resources */
  pdev->dev_state = USBD_STATE_DEFAULT;
 8007644:	2301      	movs	r3, #1
 8007646:	f880 329c 	strb.w	r3, [r0, #668]	@ 0x29c
        }
      }
    }
  }
#else
  if (pdev->pClass[0] != NULL)
 800764a:	f8d0 32b8 	ldr.w	r3, [r0, #696]	@ 0x2b8
 800764e:	b123      	cbz	r3, 800765a <USBD_LL_DevDisconnected+0x18>
  {
    if (pdev->pClass[0]->DeInit(pdev, (uint8_t)pdev->dev_config) != 0U)
 8007650:	685b      	ldr	r3, [r3, #4]
 8007652:	7901      	ldrb	r1, [r0, #4]
 8007654:	4798      	blx	r3
 8007656:	b910      	cbnz	r0, 800765e <USBD_LL_DevDisconnected+0x1c>
    }
  }
#endif /* USE_USBD_COMPOSITE */

  return ret;
}
 8007658:	bd08      	pop	{r3, pc}
  USBD_StatusTypeDef   ret = USBD_OK;
 800765a:	2000      	movs	r0, #0
 800765c:	e7fc      	b.n	8007658 <USBD_LL_DevDisconnected+0x16>
      ret = USBD_FAIL;
 800765e:	2003      	movs	r0, #3
 8007660:	e7fa      	b.n	8007658 <USBD_LL_DevDisconnected+0x16>

08007662 <USBD_CoreFindIF>:
  UNUSED(pdev);
  UNUSED(index);

  return 0x00U;
#endif /* USE_USBD_COMPOSITE */
}
 8007662:	2000      	movs	r0, #0
 8007664:	4770      	bx	lr

08007666 <USBD_CoreFindEP>:
  UNUSED(pdev);
  UNUSED(index);

  return 0x00U;
#endif /* USE_USBD_COMPOSITE */
}
 8007666:	2000      	movs	r0, #0
 8007668:	4770      	bx	lr

0800766a <USBD_LL_DataOutStage>:
{
 800766a:	b538      	push	{r3, r4, r5, lr}
 800766c:	4604      	mov	r4, r0
  if (epnum == 0U)
 800766e:	460d      	mov	r5, r1
 8007670:	2900      	cmp	r1, #0
 8007672:	d144      	bne.n	80076fe <USBD_LL_DataOutStage+0x94>
    if (pdev->ep0_state == USBD_EP0_DATA_OUT)
 8007674:	f8d0 3294 	ldr.w	r3, [r0, #660]	@ 0x294
 8007678:	2b03      	cmp	r3, #3
 800767a:	d001      	beq.n	8007680 <USBD_LL_DataOutStage+0x16>
  return USBD_OK;
 800767c:	4608      	mov	r0, r1
}
 800767e:	bd38      	pop	{r3, r4, r5, pc}
      if (pep->rem_length > pep->maxpacket)
 8007680:	f8d0 3158 	ldr.w	r3, [r0, #344]	@ 0x158
 8007684:	f8b0 2160 	ldrh.w	r2, [r0, #352]	@ 0x160
 8007688:	4293      	cmp	r3, r2
 800768a:	d809      	bhi.n	80076a0 <USBD_LL_DataOutStage+0x36>
        switch (pdev->request.bmRequest & 0x1FU)
 800768c:	f890 32aa 	ldrb.w	r3, [r0, #682]	@ 0x2aa
 8007690:	f003 031f 	and.w	r3, r3, #31
 8007694:	2b01      	cmp	r3, #1
 8007696:	d012      	beq.n	80076be <USBD_LL_DataOutStage+0x54>
 8007698:	2b02      	cmp	r3, #2
 800769a:	d01e      	beq.n	80076da <USBD_LL_DataOutStage+0x70>
 800769c:	4608      	mov	r0, r1
 800769e:	e013      	b.n	80076c8 <USBD_LL_DataOutStage+0x5e>
        pep->rem_length -= pep->maxpacket;
 80076a0:	1a9b      	subs	r3, r3, r2
 80076a2:	f8c0 3158 	str.w	r3, [r0, #344]	@ 0x158
        pep->pbuffer += pep->maxpacket;
 80076a6:	f8d0 1164 	ldr.w	r1, [r0, #356]	@ 0x164
 80076aa:	4411      	add	r1, r2
 80076ac:	f8c0 1164 	str.w	r1, [r0, #356]	@ 0x164
        (void)USBD_CtlContinueRx(pdev, pep->pbuffer, MAX(pep->rem_length, pep->maxpacket));
 80076b0:	429a      	cmp	r2, r3
 80076b2:	bf38      	it	cc
 80076b4:	461a      	movcc	r2, r3
 80076b6:	f000 fd17 	bl	80080e8 <USBD_CtlContinueRx>
  return USBD_OK;
 80076ba:	4628      	mov	r0, r5
 80076bc:	e7df      	b.n	800767e <USBD_LL_DataOutStage+0x14>
            idx = USBD_CoreFindIF(pdev, LOBYTE(pdev->request.wIndex));
 80076be:	f890 12ae 	ldrb.w	r1, [r0, #686]	@ 0x2ae
 80076c2:	f7ff ffce 	bl	8007662 <USBD_CoreFindIF>
        if (idx < USBD_MAX_SUPPORTED_CLASS)
 80076c6:	b918      	cbnz	r0, 80076d0 <USBD_LL_DataOutStage+0x66>
          if (pdev->dev_state == USBD_STATE_CONFIGURED)
 80076c8:	f894 329c 	ldrb.w	r3, [r4, #668]	@ 0x29c
 80076cc:	2b03      	cmp	r3, #3
 80076ce:	d009      	beq.n	80076e4 <USBD_LL_DataOutStage+0x7a>
        (void)USBD_CtlSendStatus(pdev);
 80076d0:	4620      	mov	r0, r4
 80076d2:	f000 fd11 	bl	80080f8 <USBD_CtlSendStatus>
  return USBD_OK;
 80076d6:	4628      	mov	r0, r5
 80076d8:	e7d1      	b.n	800767e <USBD_LL_DataOutStage+0x14>
            idx = USBD_CoreFindEP(pdev, LOBYTE(pdev->request.wIndex));
 80076da:	f890 12ae 	ldrb.w	r1, [r0, #686]	@ 0x2ae
 80076de:	f7ff ffc2 	bl	8007666 <USBD_CoreFindEP>
            break;
 80076e2:	e7f0      	b.n	80076c6 <USBD_LL_DataOutStage+0x5c>
            if (pdev->pClass[idx]->EP0_RxReady != NULL)
 80076e4:	f100 03ae 	add.w	r3, r0, #174	@ 0xae
 80076e8:	f854 3023 	ldr.w	r3, [r4, r3, lsl #2]
 80076ec:	691a      	ldr	r2, [r3, #16]
 80076ee:	2a00      	cmp	r2, #0
 80076f0:	d0ee      	beq.n	80076d0 <USBD_LL_DataOutStage+0x66>
              pdev->classId = idx;
 80076f2:	f8c4 02d4 	str.w	r0, [r4, #724]	@ 0x2d4
              pdev->pClass[idx]->EP0_RxReady(pdev);
 80076f6:	691b      	ldr	r3, [r3, #16]
 80076f8:	4620      	mov	r0, r4
 80076fa:	4798      	blx	r3
 80076fc:	e7e8      	b.n	80076d0 <USBD_LL_DataOutStage+0x66>
    idx = USBD_CoreFindEP(pdev, (epnum & 0x7FU));
 80076fe:	f001 017f 	and.w	r1, r1, #127	@ 0x7f
 8007702:	f7ff ffb0 	bl	8007666 <USBD_CoreFindEP>
    if (((uint16_t)idx != 0xFFU) && (idx < USBD_MAX_SUPPORTED_CLASS))
 8007706:	b988      	cbnz	r0, 800772c <USBD_LL_DataOutStage+0xc2>
      if (pdev->dev_state == USBD_STATE_CONFIGURED)
 8007708:	f894 329c 	ldrb.w	r3, [r4, #668]	@ 0x29c
 800770c:	2b03      	cmp	r3, #3
 800770e:	d1b6      	bne.n	800767e <USBD_LL_DataOutStage+0x14>
        if (pdev->pClass[idx]->DataOut != NULL)
 8007710:	f100 03ae 	add.w	r3, r0, #174	@ 0xae
 8007714:	f854 3023 	ldr.w	r3, [r4, r3, lsl #2]
 8007718:	699a      	ldr	r2, [r3, #24]
 800771a:	2a00      	cmp	r2, #0
 800771c:	d0af      	beq.n	800767e <USBD_LL_DataOutStage+0x14>
          pdev->classId = idx;
 800771e:	f8c4 02d4 	str.w	r0, [r4, #724]	@ 0x2d4
          ret = (USBD_StatusTypeDef)pdev->pClass[idx]->DataOut(pdev, epnum);
 8007722:	699b      	ldr	r3, [r3, #24]
 8007724:	4629      	mov	r1, r5
 8007726:	4620      	mov	r0, r4
 8007728:	4798      	blx	r3
      if (ret != USBD_OK)
 800772a:	e7a8      	b.n	800767e <USBD_LL_DataOutStage+0x14>
  return USBD_OK;
 800772c:	2000      	movs	r0, #0
 800772e:	e7a6      	b.n	800767e <USBD_LL_DataOutStage+0x14>

08007730 <USBD_LL_DataInStage>:
{
 8007730:	b538      	push	{r3, r4, r5, lr}
 8007732:	4604      	mov	r4, r0
  if (epnum == 0U)
 8007734:	460d      	mov	r5, r1
 8007736:	2900      	cmp	r1, #0
 8007738:	d14b      	bne.n	80077d2 <USBD_LL_DataInStage+0xa2>
    if (pdev->ep0_state == USBD_EP0_DATA_IN)
 800773a:	f8d0 3294 	ldr.w	r3, [r0, #660]	@ 0x294
 800773e:	2b02      	cmp	r3, #2
 8007740:	d007      	beq.n	8007752 <USBD_LL_DataInStage+0x22>
    if (pdev->dev_test_mode != 0U)
 8007742:	f894 02a0 	ldrb.w	r0, [r4, #672]	@ 0x2a0
 8007746:	b118      	cbz	r0, 8007750 <USBD_LL_DataInStage+0x20>
      pdev->dev_test_mode = 0U;
 8007748:	2300      	movs	r3, #0
 800774a:	f884 32a0 	strb.w	r3, [r4, #672]	@ 0x2a0
  return USBD_OK;
 800774e:	4628      	mov	r0, r5
}
 8007750:	bd38      	pop	{r3, r4, r5, pc}
      if (pep->rem_length > pep->maxpacket)
 8007752:	6982      	ldr	r2, [r0, #24]
 8007754:	8c03      	ldrh	r3, [r0, #32]
 8007756:	429a      	cmp	r2, r3
 8007758:	d80d      	bhi.n	8007776 <USBD_LL_DataInStage+0x46>
        if ((pep->maxpacket == pep->rem_length) &&
 800775a:	429a      	cmp	r2, r3
 800775c:	d019      	beq.n	8007792 <USBD_LL_DataInStage+0x62>
          if (pdev->dev_state == USBD_STATE_CONFIGURED)
 800775e:	f894 329c 	ldrb.w	r3, [r4, #668]	@ 0x29c
 8007762:	2b03      	cmp	r3, #3
 8007764:	d029      	beq.n	80077ba <USBD_LL_DataInStage+0x8a>
          (void)USBD_LL_StallEP(pdev, 0x80U);
 8007766:	2180      	movs	r1, #128	@ 0x80
 8007768:	4620      	mov	r0, r4
 800776a:	f7ff fe3b 	bl	80073e4 <USBD_LL_StallEP>
          (void)USBD_CtlReceiveStatus(pdev);
 800776e:	4620      	mov	r0, r4
 8007770:	f000 fccd 	bl	800810e <USBD_CtlReceiveStatus>
 8007774:	e7e5      	b.n	8007742 <USBD_LL_DataInStage+0x12>
        pep->rem_length -= pep->maxpacket;
 8007776:	1ad2      	subs	r2, r2, r3
 8007778:	6182      	str	r2, [r0, #24]
        pep->pbuffer += pep->maxpacket;
 800777a:	6a41      	ldr	r1, [r0, #36]	@ 0x24
 800777c:	4419      	add	r1, r3
 800777e:	6241      	str	r1, [r0, #36]	@ 0x24
        (void)USBD_CtlContinueSendData(pdev, pep->pbuffer, pep->rem_length);
 8007780:	f000 fcaa 	bl	80080d8 <USBD_CtlContinueSendData>
        (void)USBD_LL_PrepareReceive(pdev, 0U, NULL, 0U);
 8007784:	2300      	movs	r3, #0
 8007786:	461a      	mov	r2, r3
 8007788:	4619      	mov	r1, r3
 800778a:	4620      	mov	r0, r4
 800778c:	f7ff fe4a 	bl	8007424 <USBD_LL_PrepareReceive>
 8007790:	e7d7      	b.n	8007742 <USBD_LL_DataInStage+0x12>
            (pep->total_length >= pep->maxpacket) &&
 8007792:	6942      	ldr	r2, [r0, #20]
        if ((pep->maxpacket == pep->rem_length) &&
 8007794:	4293      	cmp	r3, r2
 8007796:	d8e2      	bhi.n	800775e <USBD_LL_DataInStage+0x2e>
            (pep->total_length < pdev->ep0_data_len))
 8007798:	f8d0 3298 	ldr.w	r3, [r0, #664]	@ 0x298
            (pep->total_length >= pep->maxpacket) &&
 800779c:	429a      	cmp	r2, r3
 800779e:	d2de      	bcs.n	800775e <USBD_LL_DataInStage+0x2e>
          (void)USBD_CtlContinueSendData(pdev, NULL, 0U);
 80077a0:	2200      	movs	r2, #0
 80077a2:	4611      	mov	r1, r2
 80077a4:	f000 fc98 	bl	80080d8 <USBD_CtlContinueSendData>
          pdev->ep0_data_len = 0U;
 80077a8:	2100      	movs	r1, #0
 80077aa:	f8c4 1298 	str.w	r1, [r4, #664]	@ 0x298
          (void)USBD_LL_PrepareReceive(pdev, 0U, NULL, 0U);
 80077ae:	460b      	mov	r3, r1
 80077b0:	460a      	mov	r2, r1
 80077b2:	4620      	mov	r0, r4
 80077b4:	f7ff fe36 	bl	8007424 <USBD_LL_PrepareReceive>
 80077b8:	e7c3      	b.n	8007742 <USBD_LL_DataInStage+0x12>
            if (pdev->pClass[0]->EP0_TxSent != NULL)
 80077ba:	f8d4 32b8 	ldr.w	r3, [r4, #696]	@ 0x2b8
 80077be:	68da      	ldr	r2, [r3, #12]
 80077c0:	2a00      	cmp	r2, #0
 80077c2:	d0d0      	beq.n	8007766 <USBD_LL_DataInStage+0x36>
              pdev->classId = 0U;
 80077c4:	2200      	movs	r2, #0
 80077c6:	f8c4 22d4 	str.w	r2, [r4, #724]	@ 0x2d4
              pdev->pClass[0]->EP0_TxSent(pdev);
 80077ca:	68db      	ldr	r3, [r3, #12]
 80077cc:	4620      	mov	r0, r4
 80077ce:	4798      	blx	r3
 80077d0:	e7c9      	b.n	8007766 <USBD_LL_DataInStage+0x36>
    idx = USBD_CoreFindEP(pdev, ((uint8_t)epnum | 0x80U));
 80077d2:	f041 0180 	orr.w	r1, r1, #128	@ 0x80
 80077d6:	f7ff ff46 	bl	8007666 <USBD_CoreFindEP>
    if (((uint16_t)idx != 0xFFU) && (idx < USBD_MAX_SUPPORTED_CLASS))
 80077da:	b988      	cbnz	r0, 8007800 <USBD_LL_DataInStage+0xd0>
      if (pdev->dev_state == USBD_STATE_CONFIGURED)
 80077dc:	f894 329c 	ldrb.w	r3, [r4, #668]	@ 0x29c
 80077e0:	2b03      	cmp	r3, #3
 80077e2:	d1b5      	bne.n	8007750 <USBD_LL_DataInStage+0x20>
        if (pdev->pClass[idx]->DataIn != NULL)
 80077e4:	f100 03ae 	add.w	r3, r0, #174	@ 0xae
 80077e8:	f854 3023 	ldr.w	r3, [r4, r3, lsl #2]
 80077ec:	695a      	ldr	r2, [r3, #20]
 80077ee:	2a00      	cmp	r2, #0
 80077f0:	d0ae      	beq.n	8007750 <USBD_LL_DataInStage+0x20>
          pdev->classId = idx;
 80077f2:	f8c4 02d4 	str.w	r0, [r4, #724]	@ 0x2d4
          ret = (USBD_StatusTypeDef)pdev->pClass[idx]->DataIn(pdev, epnum);
 80077f6:	695b      	ldr	r3, [r3, #20]
 80077f8:	4629      	mov	r1, r5
 80077fa:	4620      	mov	r0, r4
 80077fc:	4798      	blx	r3
          if (ret != USBD_OK)
 80077fe:	e7a7      	b.n	8007750 <USBD_LL_DataInStage+0x20>
  return USBD_OK;
 8007800:	2000      	movs	r0, #0
 8007802:	e7a5      	b.n	8007750 <USBD_LL_DataInStage+0x20>

08007804 <USBD_GetNextDesc>:
  */
USBD_DescHeaderTypeDef *USBD_GetNextDesc(uint8_t *pbuf, uint16_t *ptr)
{
  USBD_DescHeaderTypeDef *pnext = (USBD_DescHeaderTypeDef *)(void *)pbuf;

  *ptr += pnext->bLength;
 8007804:	880b      	ldrh	r3, [r1, #0]
 8007806:	7802      	ldrb	r2, [r0, #0]
 8007808:	4413      	add	r3, r2
 800780a:	800b      	strh	r3, [r1, #0]
  pnext = (USBD_DescHeaderTypeDef *)(void *)(pbuf + pnext->bLength);
 800780c:	7803      	ldrb	r3, [r0, #0]

  return (pnext);
}
 800780e:	4418      	add	r0, r3
 8007810:	4770      	bx	lr

08007812 <USBD_GetEpDesc>:
  if (desc->wTotalLength > desc->bLength)
 8007812:	8842      	ldrh	r2, [r0, #2]
 8007814:	7803      	ldrb	r3, [r0, #0]
 8007816:	429a      	cmp	r2, r3
 8007818:	d918      	bls.n	800784c <USBD_GetEpDesc+0x3a>
{
 800781a:	b530      	push	{r4, r5, lr}
 800781c:	b083      	sub	sp, #12
 800781e:	4604      	mov	r4, r0
 8007820:	460d      	mov	r5, r1
    ptr = desc->bLength;
 8007822:	f8ad 3006 	strh.w	r3, [sp, #6]
    while (ptr < desc->wTotalLength)
 8007826:	8863      	ldrh	r3, [r4, #2]
 8007828:	f8bd 2006 	ldrh.w	r2, [sp, #6]
 800782c:	429a      	cmp	r2, r3
 800782e:	d20a      	bcs.n	8007846 <USBD_GetEpDesc+0x34>
      pdesc = USBD_GetNextDesc((uint8_t *)pdesc, &ptr);
 8007830:	f10d 0106 	add.w	r1, sp, #6
 8007834:	f7ff ffe6 	bl	8007804 <USBD_GetNextDesc>
      if (pdesc->bDescriptorType == USB_DESC_TYPE_ENDPOINT)
 8007838:	7843      	ldrb	r3, [r0, #1]
 800783a:	2b05      	cmp	r3, #5
 800783c:	d1f3      	bne.n	8007826 <USBD_GetEpDesc+0x14>
        if (pEpDesc->bEndpointAddress == EpAddr)
 800783e:	7883      	ldrb	r3, [r0, #2]
 8007840:	42ab      	cmp	r3, r5
 8007842:	d1f0      	bne.n	8007826 <USBD_GetEpDesc+0x14>
 8007844:	e000      	b.n	8007848 <USBD_GetEpDesc+0x36>
 8007846:	2000      	movs	r0, #0
}
 8007848:	b003      	add	sp, #12
 800784a:	bd30      	pop	{r4, r5, pc}
  USBD_EpDescTypeDef *pEpDesc = NULL;
 800784c:	2000      	movs	r0, #0
}
 800784e:	4770      	bx	lr

08007850 <USBD_GetLen>:
  *         return the string length
   * @param  buf : pointer to the ascii string buffer
  * @retval string length
  */
static uint8_t USBD_GetLen(uint8_t *buf)
{
 8007850:	4603      	mov	r3, r0
  uint8_t  len = 0U;
 8007852:	2000      	movs	r0, #0
  uint8_t *pbuff = buf;

  while (*pbuff != (uint8_t)'\0')
 8007854:	e002      	b.n	800785c <USBD_GetLen+0xc>
  {
    len++;
 8007856:	3001      	adds	r0, #1
 8007858:	b2c0      	uxtb	r0, r0
    pbuff++;
 800785a:	3301      	adds	r3, #1
  while (*pbuff != (uint8_t)'\0')
 800785c:	781a      	ldrb	r2, [r3, #0]
 800785e:	2a00      	cmp	r2, #0
 8007860:	d1f9      	bne.n	8007856 <USBD_GetLen+0x6>
  }

  return len;
}
 8007862:	4770      	bx	lr

08007864 <USBD_ParseSetupRequest>:
  req->bmRequest = *(uint8_t *)(pbuff);
 8007864:	780b      	ldrb	r3, [r1, #0]
 8007866:	7003      	strb	r3, [r0, #0]
  req->bRequest = *(uint8_t *)(pbuff);
 8007868:	784b      	ldrb	r3, [r1, #1]
 800786a:	7043      	strb	r3, [r0, #1]
  uint16_t _SwapVal;
  uint16_t _Byte1;
  uint16_t _Byte2;
  uint8_t *_pbuff = addr;

  _Byte1 = *(uint8_t *)_pbuff;
 800786c:	788b      	ldrb	r3, [r1, #2]
  _pbuff++;
  _Byte2 = *(uint8_t *)_pbuff;
 800786e:	78ca      	ldrb	r2, [r1, #3]

  _SwapVal = (_Byte2 << 8) | _Byte1;
 8007870:	ea43 2302 	orr.w	r3, r3, r2, lsl #8
  req->wValue = SWAPBYTE(pbuff);
 8007874:	8043      	strh	r3, [r0, #2]
  _Byte1 = *(uint8_t *)_pbuff;
 8007876:	790b      	ldrb	r3, [r1, #4]
  _Byte2 = *(uint8_t *)_pbuff;
 8007878:	794a      	ldrb	r2, [r1, #5]
  _SwapVal = (_Byte2 << 8) | _Byte1;
 800787a:	ea43 2302 	orr.w	r3, r3, r2, lsl #8
  req->wIndex = SWAPBYTE(pbuff);
 800787e:	8083      	strh	r3, [r0, #4]
  _Byte1 = *(uint8_t *)_pbuff;
 8007880:	798b      	ldrb	r3, [r1, #6]
  _Byte2 = *(uint8_t *)_pbuff;
 8007882:	79ca      	ldrb	r2, [r1, #7]
  _SwapVal = (_Byte2 << 8) | _Byte1;
 8007884:	ea43 2302 	orr.w	r3, r3, r2, lsl #8
  req->wLength = SWAPBYTE(pbuff);
 8007888:	80c3      	strh	r3, [r0, #6]
}
 800788a:	4770      	bx	lr

0800788c <USBD_CtlError>:
{
 800788c:	b510      	push	{r4, lr}
 800788e:	4604      	mov	r4, r0
  (void)USBD_LL_StallEP(pdev, 0x80U);
 8007890:	2180      	movs	r1, #128	@ 0x80
 8007892:	f7ff fda7 	bl	80073e4 <USBD_LL_StallEP>
  (void)USBD_LL_StallEP(pdev, 0U);
 8007896:	2100      	movs	r1, #0
 8007898:	4620      	mov	r0, r4
 800789a:	f7ff fda3 	bl	80073e4 <USBD_LL_StallEP>
}
 800789e:	bd10      	pop	{r4, pc}

080078a0 <USBD_GetDescriptor>:
{
 80078a0:	b530      	push	{r4, r5, lr}
 80078a2:	b083      	sub	sp, #12
 80078a4:	4604      	mov	r4, r0
 80078a6:	460d      	mov	r5, r1
  uint16_t len = 0U;
 80078a8:	2300      	movs	r3, #0
 80078aa:	f8ad 3006 	strh.w	r3, [sp, #6]
  switch (req->wValue >> 8)
 80078ae:	884a      	ldrh	r2, [r1, #2]
 80078b0:	0a13      	lsrs	r3, r2, #8
 80078b2:	3b01      	subs	r3, #1
 80078b4:	2b06      	cmp	r3, #6
 80078b6:	f200 80aa 	bhi.w	8007a0e <USBD_GetDescriptor+0x16e>
 80078ba:	e8df f003 	tbb	[pc, r3]
 80078be:	1e04      	.short	0x1e04
 80078c0:	8ca8a832 	.word	0x8ca8a832
 80078c4:	99          	.byte	0x99
 80078c5:	00          	.byte	0x00
      pbuf = pdev->pDesc->GetDeviceDescriptor(pdev->dev_speed, &len);
 80078c6:	f8d0 32b4 	ldr.w	r3, [r0, #692]	@ 0x2b4
 80078ca:	681b      	ldr	r3, [r3, #0]
 80078cc:	f10d 0106 	add.w	r1, sp, #6
 80078d0:	7c00      	ldrb	r0, [r0, #16]
 80078d2:	4798      	blx	r3
  if (req->wLength != 0U)
 80078d4:	88ea      	ldrh	r2, [r5, #6]
 80078d6:	2a00      	cmp	r2, #0
 80078d8:	f000 80a3 	beq.w	8007a22 <USBD_GetDescriptor+0x182>
    if (len != 0U)
 80078dc:	f8bd 3006 	ldrh.w	r3, [sp, #6]
 80078e0:	2b00      	cmp	r3, #0
 80078e2:	f000 8099 	beq.w	8007a18 <USBD_GetDescriptor+0x178>
      len = MIN(len, req->wLength);
 80078e6:	429a      	cmp	r2, r3
 80078e8:	bf28      	it	cs
 80078ea:	461a      	movcs	r2, r3
 80078ec:	f8ad 2006 	strh.w	r2, [sp, #6]
      (void)USBD_CtlSendData(pdev, pbuf, len);
 80078f0:	4601      	mov	r1, r0
 80078f2:	4620      	mov	r0, r4
 80078f4:	f000 fbe2 	bl	80080bc <USBD_CtlSendData>
 80078f8:	e08c      	b.n	8007a14 <USBD_GetDescriptor+0x174>
      if (pdev->dev_speed == USBD_SPEED_HIGH)
 80078fa:	7c03      	ldrb	r3, [r0, #16]
 80078fc:	b943      	cbnz	r3, 8007910 <USBD_GetDescriptor+0x70>
          pbuf = (uint8_t *)pdev->pClass[0]->GetHSConfigDescriptor(&len);
 80078fe:	f8d0 32b8 	ldr.w	r3, [r0, #696]	@ 0x2b8
 8007902:	6a9b      	ldr	r3, [r3, #40]	@ 0x28
 8007904:	f10d 0006 	add.w	r0, sp, #6
 8007908:	4798      	blx	r3
        pbuf[1] = USB_DESC_TYPE_CONFIGURATION;
 800790a:	2302      	movs	r3, #2
 800790c:	7043      	strb	r3, [r0, #1]
  if (err != 0U)
 800790e:	e7e1      	b.n	80078d4 <USBD_GetDescriptor+0x34>
          pbuf = (uint8_t *)pdev->pClass[0]->GetFSConfigDescriptor(&len);
 8007910:	f8d0 32b8 	ldr.w	r3, [r0, #696]	@ 0x2b8
 8007914:	6adb      	ldr	r3, [r3, #44]	@ 0x2c
 8007916:	f10d 0006 	add.w	r0, sp, #6
 800791a:	4798      	blx	r3
        pbuf[1] = USB_DESC_TYPE_CONFIGURATION;
 800791c:	2302      	movs	r3, #2
 800791e:	7043      	strb	r3, [r0, #1]
  if (err != 0U)
 8007920:	e7d8      	b.n	80078d4 <USBD_GetDescriptor+0x34>
      switch ((uint8_t)(req->wValue))
 8007922:	b2d2      	uxtb	r2, r2
 8007924:	2a05      	cmp	r2, #5
 8007926:	d852      	bhi.n	80079ce <USBD_GetDescriptor+0x12e>
 8007928:	e8df f002 	tbb	[pc, r2]
 800792c:	2a1d1003 	.word	0x2a1d1003
 8007930:	4437      	.short	0x4437
          if (pdev->pDesc->GetLangIDStrDescriptor != NULL)
 8007932:	f8d0 32b4 	ldr.w	r3, [r0, #692]	@ 0x2b4
 8007936:	685b      	ldr	r3, [r3, #4]
 8007938:	b123      	cbz	r3, 8007944 <USBD_GetDescriptor+0xa4>
            pbuf = pdev->pDesc->GetLangIDStrDescriptor(pdev->dev_speed, &len);
 800793a:	f10d 0106 	add.w	r1, sp, #6
 800793e:	7c00      	ldrb	r0, [r0, #16]
 8007940:	4798      	blx	r3
  if (err != 0U)
 8007942:	e7c7      	b.n	80078d4 <USBD_GetDescriptor+0x34>
            USBD_CtlError(pdev, req);
 8007944:	4629      	mov	r1, r5
 8007946:	f7ff ffa1 	bl	800788c <USBD_CtlError>
  if (err != 0U)
 800794a:	e063      	b.n	8007a14 <USBD_GetDescriptor+0x174>
          if (pdev->pDesc->GetManufacturerStrDescriptor != NULL)
 800794c:	f8d0 32b4 	ldr.w	r3, [r0, #692]	@ 0x2b4
 8007950:	689b      	ldr	r3, [r3, #8]
 8007952:	b123      	cbz	r3, 800795e <USBD_GetDescriptor+0xbe>
            pbuf = pdev->pDesc->GetManufacturerStrDescriptor(pdev->dev_speed, &len);
 8007954:	f10d 0106 	add.w	r1, sp, #6
 8007958:	7c00      	ldrb	r0, [r0, #16]
 800795a:	4798      	blx	r3
  if (err != 0U)
 800795c:	e7ba      	b.n	80078d4 <USBD_GetDescriptor+0x34>
            USBD_CtlError(pdev, req);
 800795e:	4629      	mov	r1, r5
 8007960:	f7ff ff94 	bl	800788c <USBD_CtlError>
  if (err != 0U)
 8007964:	e056      	b.n	8007a14 <USBD_GetDescriptor+0x174>
          if (pdev->pDesc->GetProductStrDescriptor != NULL)
 8007966:	f8d0 32b4 	ldr.w	r3, [r0, #692]	@ 0x2b4
 800796a:	68db      	ldr	r3, [r3, #12]
 800796c:	b123      	cbz	r3, 8007978 <USBD_GetDescriptor+0xd8>
            pbuf = pdev->pDesc->GetProductStrDescriptor(pdev->dev_speed, &len);
 800796e:	f10d 0106 	add.w	r1, sp, #6
 8007972:	7c00      	ldrb	r0, [r0, #16]
 8007974:	4798      	blx	r3
  if (err != 0U)
 8007976:	e7ad      	b.n	80078d4 <USBD_GetDescriptor+0x34>
            USBD_CtlError(pdev, req);
 8007978:	4629      	mov	r1, r5
 800797a:	f7ff ff87 	bl	800788c <USBD_CtlError>
  if (err != 0U)
 800797e:	e049      	b.n	8007a14 <USBD_GetDescriptor+0x174>
          if (pdev->pDesc->GetSerialStrDescriptor != NULL)
 8007980:	f8d0 32b4 	ldr.w	r3, [r0, #692]	@ 0x2b4
 8007984:	691b      	ldr	r3, [r3, #16]
 8007986:	b123      	cbz	r3, 8007992 <USBD_GetDescriptor+0xf2>
            pbuf = pdev->pDesc->GetSerialStrDescriptor(pdev->dev_speed, &len);
 8007988:	f10d 0106 	add.w	r1, sp, #6
 800798c:	7c00      	ldrb	r0, [r0, #16]
 800798e:	4798      	blx	r3
  if (err != 0U)
 8007990:	e7a0      	b.n	80078d4 <USBD_GetDescriptor+0x34>
            USBD_CtlError(pdev, req);
 8007992:	4629      	mov	r1, r5
 8007994:	f7ff ff7a 	bl	800788c <USBD_CtlError>
  if (err != 0U)
 8007998:	e03c      	b.n	8007a14 <USBD_GetDescriptor+0x174>
          if (pdev->pDesc->GetConfigurationStrDescriptor != NULL)
 800799a:	f8d0 32b4 	ldr.w	r3, [r0, #692]	@ 0x2b4
 800799e:	695b      	ldr	r3, [r3, #20]
 80079a0:	b123      	cbz	r3, 80079ac <USBD_GetDescriptor+0x10c>
            pbuf = pdev->pDesc->GetConfigurationStrDescriptor(pdev->dev_speed, &len);
 80079a2:	f10d 0106 	add.w	r1, sp, #6
 80079a6:	7c00      	ldrb	r0, [r0, #16]
 80079a8:	4798      	blx	r3
  if (err != 0U)
 80079aa:	e793      	b.n	80078d4 <USBD_GetDescriptor+0x34>
            USBD_CtlError(pdev, req);
 80079ac:	4629      	mov	r1, r5
 80079ae:	f7ff ff6d 	bl	800788c <USBD_CtlError>
  if (err != 0U)
 80079b2:	e02f      	b.n	8007a14 <USBD_GetDescriptor+0x174>
          if (pdev->pDesc->GetInterfaceStrDescriptor != NULL)
 80079b4:	f8d0 32b4 	ldr.w	r3, [r0, #692]	@ 0x2b4
 80079b8:	699b      	ldr	r3, [r3, #24]
 80079ba:	b123      	cbz	r3, 80079c6 <USBD_GetDescriptor+0x126>
            pbuf = pdev->pDesc->GetInterfaceStrDescriptor(pdev->dev_speed, &len);
 80079bc:	f10d 0106 	add.w	r1, sp, #6
 80079c0:	7c00      	ldrb	r0, [r0, #16]
 80079c2:	4798      	blx	r3
  if (err != 0U)
 80079c4:	e786      	b.n	80078d4 <USBD_GetDescriptor+0x34>
            USBD_CtlError(pdev, req);
 80079c6:	4629      	mov	r1, r5
 80079c8:	f7ff ff60 	bl	800788c <USBD_CtlError>
  if (err != 0U)
 80079cc:	e022      	b.n	8007a14 <USBD_GetDescriptor+0x174>
          USBD_CtlError(pdev, req);
 80079ce:	4629      	mov	r1, r5
 80079d0:	f7ff ff5c 	bl	800788c <USBD_CtlError>
  if (err != 0U)
 80079d4:	e01e      	b.n	8007a14 <USBD_GetDescriptor+0x174>
      if (pdev->dev_speed == USBD_SPEED_HIGH)
 80079d6:	7c03      	ldrb	r3, [r0, #16]
 80079d8:	b933      	cbnz	r3, 80079e8 <USBD_GetDescriptor+0x148>
          pbuf = (uint8_t *)pdev->pClass[0]->GetDeviceQualifierDescriptor(&len);
 80079da:	f8d0 32b8 	ldr.w	r3, [r0, #696]	@ 0x2b8
 80079de:	6b5b      	ldr	r3, [r3, #52]	@ 0x34
 80079e0:	f10d 0006 	add.w	r0, sp, #6
 80079e4:	4798      	blx	r3
  if (err != 0U)
 80079e6:	e775      	b.n	80078d4 <USBD_GetDescriptor+0x34>
        USBD_CtlError(pdev, req);
 80079e8:	4629      	mov	r1, r5
 80079ea:	f7ff ff4f 	bl	800788c <USBD_CtlError>
  if (err != 0U)
 80079ee:	e011      	b.n	8007a14 <USBD_GetDescriptor+0x174>
      if (pdev->dev_speed == USBD_SPEED_HIGH)
 80079f0:	7c03      	ldrb	r3, [r0, #16]
 80079f2:	b943      	cbnz	r3, 8007a06 <USBD_GetDescriptor+0x166>
          pbuf = (uint8_t *)pdev->pClass[0]->GetOtherSpeedConfigDescriptor(&len);
 80079f4:	f8d0 32b8 	ldr.w	r3, [r0, #696]	@ 0x2b8
 80079f8:	6b1b      	ldr	r3, [r3, #48]	@ 0x30
 80079fa:	f10d 0006 	add.w	r0, sp, #6
 80079fe:	4798      	blx	r3
        pbuf[1] = USB_DESC_TYPE_OTHER_SPEED_CONFIGURATION;
 8007a00:	2307      	movs	r3, #7
 8007a02:	7043      	strb	r3, [r0, #1]
  if (err != 0U)
 8007a04:	e766      	b.n	80078d4 <USBD_GetDescriptor+0x34>
        USBD_CtlError(pdev, req);
 8007a06:	4629      	mov	r1, r5
 8007a08:	f7ff ff40 	bl	800788c <USBD_CtlError>
  if (err != 0U)
 8007a0c:	e002      	b.n	8007a14 <USBD_GetDescriptor+0x174>
      USBD_CtlError(pdev, req);
 8007a0e:	4629      	mov	r1, r5
 8007a10:	f7ff ff3c 	bl	800788c <USBD_CtlError>
}
 8007a14:	b003      	add	sp, #12
 8007a16:	bd30      	pop	{r4, r5, pc}
      USBD_CtlError(pdev, req);
 8007a18:	4629      	mov	r1, r5
 8007a1a:	4620      	mov	r0, r4
 8007a1c:	f7ff ff36 	bl	800788c <USBD_CtlError>
 8007a20:	e7f8      	b.n	8007a14 <USBD_GetDescriptor+0x174>
    (void)USBD_CtlSendStatus(pdev);
 8007a22:	4620      	mov	r0, r4
 8007a24:	f000 fb68 	bl	80080f8 <USBD_CtlSendStatus>
 8007a28:	e7f4      	b.n	8007a14 <USBD_GetDescriptor+0x174>

08007a2a <USBD_SetAddress>:
{
 8007a2a:	b538      	push	{r3, r4, r5, lr}
 8007a2c:	4604      	mov	r4, r0
  if ((req->wIndex == 0U) && (req->wLength == 0U) && (req->wValue < 128U))
 8007a2e:	888b      	ldrh	r3, [r1, #4]
 8007a30:	b9f3      	cbnz	r3, 8007a70 <USBD_SetAddress+0x46>
 8007a32:	88cb      	ldrh	r3, [r1, #6]
 8007a34:	b9e3      	cbnz	r3, 8007a70 <USBD_SetAddress+0x46>
 8007a36:	884b      	ldrh	r3, [r1, #2]
 8007a38:	2b7f      	cmp	r3, #127	@ 0x7f
 8007a3a:	d819      	bhi.n	8007a70 <USBD_SetAddress+0x46>
    dev_addr = (uint8_t)(req->wValue) & 0x7FU;
 8007a3c:	f003 057f 	and.w	r5, r3, #127	@ 0x7f
    if (pdev->dev_state == USBD_STATE_CONFIGURED)
 8007a40:	f890 329c 	ldrb.w	r3, [r0, #668]	@ 0x29c
 8007a44:	2b03      	cmp	r3, #3
 8007a46:	d00c      	beq.n	8007a62 <USBD_SetAddress+0x38>
      pdev->dev_address = dev_addr;
 8007a48:	f880 529e 	strb.w	r5, [r0, #670]	@ 0x29e
      (void)USBD_LL_SetUSBAddress(pdev, dev_addr);
 8007a4c:	4629      	mov	r1, r5
 8007a4e:	f7ff fcd9 	bl	8007404 <USBD_LL_SetUSBAddress>
      (void)USBD_CtlSendStatus(pdev);
 8007a52:	4620      	mov	r0, r4
 8007a54:	f000 fb50 	bl	80080f8 <USBD_CtlSendStatus>
      if (dev_addr != 0U)
 8007a58:	b135      	cbz	r5, 8007a68 <USBD_SetAddress+0x3e>
        pdev->dev_state = USBD_STATE_ADDRESSED;
 8007a5a:	2302      	movs	r3, #2
 8007a5c:	f884 329c 	strb.w	r3, [r4, #668]	@ 0x29c
 8007a60:	e009      	b.n	8007a76 <USBD_SetAddress+0x4c>
      USBD_CtlError(pdev, req);
 8007a62:	f7ff ff13 	bl	800788c <USBD_CtlError>
 8007a66:	e006      	b.n	8007a76 <USBD_SetAddress+0x4c>
        pdev->dev_state = USBD_STATE_DEFAULT;
 8007a68:	2301      	movs	r3, #1
 8007a6a:	f884 329c 	strb.w	r3, [r4, #668]	@ 0x29c
 8007a6e:	e002      	b.n	8007a76 <USBD_SetAddress+0x4c>
    USBD_CtlError(pdev, req);
 8007a70:	4620      	mov	r0, r4
 8007a72:	f7ff ff0b 	bl	800788c <USBD_CtlError>
}
 8007a76:	bd38      	pop	{r3, r4, r5, pc}

08007a78 <USBD_SetConfig>:
{
 8007a78:	b570      	push	{r4, r5, r6, lr}
 8007a7a:	4604      	mov	r4, r0
 8007a7c:	460e      	mov	r6, r1
  cfgidx = (uint8_t)(req->wValue);
 8007a7e:	788d      	ldrb	r5, [r1, #2]
 8007a80:	4b2f      	ldr	r3, [pc, #188]	@ (8007b40 <USBD_SetConfig+0xc8>)
 8007a82:	701d      	strb	r5, [r3, #0]
  if (cfgidx > USBD_MAX_NUM_CONFIGURATION)
 8007a84:	2d01      	cmp	r5, #1
 8007a86:	d810      	bhi.n	8007aaa <USBD_SetConfig+0x32>
  switch (pdev->dev_state)
 8007a88:	f890 329c 	ldrb.w	r3, [r0, #668]	@ 0x29c
 8007a8c:	b2da      	uxtb	r2, r3
 8007a8e:	2b02      	cmp	r3, #2
 8007a90:	d00f      	beq.n	8007ab2 <USBD_SetConfig+0x3a>
 8007a92:	2a03      	cmp	r2, #3
 8007a94:	d026      	beq.n	8007ae4 <USBD_SetConfig+0x6c>
      USBD_CtlError(pdev, req);
 8007a96:	f7ff fef9 	bl	800788c <USBD_CtlError>
      (void)USBD_ClrClassConfig(pdev, cfgidx);
 8007a9a:	4b29      	ldr	r3, [pc, #164]	@ (8007b40 <USBD_SetConfig+0xc8>)
 8007a9c:	7819      	ldrb	r1, [r3, #0]
 8007a9e:	4620      	mov	r0, r4
 8007aa0:	f7ff fd0c 	bl	80074bc <USBD_ClrClassConfig>
      ret = USBD_FAIL;
 8007aa4:	2503      	movs	r5, #3
}
 8007aa6:	4628      	mov	r0, r5
 8007aa8:	bd70      	pop	{r4, r5, r6, pc}
    USBD_CtlError(pdev, req);
 8007aaa:	f7ff feef 	bl	800788c <USBD_CtlError>
    return USBD_FAIL;
 8007aae:	2503      	movs	r5, #3
 8007ab0:	e7f9      	b.n	8007aa6 <USBD_SetConfig+0x2e>
      if (cfgidx != 0U)
 8007ab2:	b1a5      	cbz	r5, 8007ade <USBD_SetConfig+0x66>
        pdev->dev_config = cfgidx;
 8007ab4:	6045      	str	r5, [r0, #4]
        ret = USBD_SetClassConfig(pdev, cfgidx);
 8007ab6:	4629      	mov	r1, r5
 8007ab8:	f7ff fcf7 	bl	80074aa <USBD_SetClassConfig>
        if (ret != USBD_OK)
 8007abc:	4605      	mov	r5, r0
 8007abe:	b138      	cbz	r0, 8007ad0 <USBD_SetConfig+0x58>
          USBD_CtlError(pdev, req);
 8007ac0:	4631      	mov	r1, r6
 8007ac2:	4620      	mov	r0, r4
 8007ac4:	f7ff fee2 	bl	800788c <USBD_CtlError>
          pdev->dev_state = USBD_STATE_ADDRESSED;
 8007ac8:	2302      	movs	r3, #2
 8007aca:	f884 329c 	strb.w	r3, [r4, #668]	@ 0x29c
 8007ace:	e7ea      	b.n	8007aa6 <USBD_SetConfig+0x2e>
          (void)USBD_CtlSendStatus(pdev);
 8007ad0:	4620      	mov	r0, r4
 8007ad2:	f000 fb11 	bl	80080f8 <USBD_CtlSendStatus>
          pdev->dev_state = USBD_STATE_CONFIGURED;
 8007ad6:	2303      	movs	r3, #3
 8007ad8:	f884 329c 	strb.w	r3, [r4, #668]	@ 0x29c
 8007adc:	e7e3      	b.n	8007aa6 <USBD_SetConfig+0x2e>
        (void)USBD_CtlSendStatus(pdev);
 8007ade:	f000 fb0b 	bl	80080f8 <USBD_CtlSendStatus>
 8007ae2:	e7e0      	b.n	8007aa6 <USBD_SetConfig+0x2e>
      if (cfgidx == 0U)
 8007ae4:	b1cd      	cbz	r5, 8007b1a <USBD_SetConfig+0xa2>
      else if (cfgidx != pdev->dev_config)
 8007ae6:	6841      	ldr	r1, [r0, #4]
 8007ae8:	428d      	cmp	r5, r1
 8007aea:	d025      	beq.n	8007b38 <USBD_SetConfig+0xc0>
        (void)USBD_ClrClassConfig(pdev, (uint8_t)pdev->dev_config);
 8007aec:	b2c9      	uxtb	r1, r1
 8007aee:	f7ff fce5 	bl	80074bc <USBD_ClrClassConfig>
        pdev->dev_config = cfgidx;
 8007af2:	4b13      	ldr	r3, [pc, #76]	@ (8007b40 <USBD_SetConfig+0xc8>)
 8007af4:	7819      	ldrb	r1, [r3, #0]
 8007af6:	6061      	str	r1, [r4, #4]
        ret = USBD_SetClassConfig(pdev, cfgidx);
 8007af8:	4620      	mov	r0, r4
 8007afa:	f7ff fcd6 	bl	80074aa <USBD_SetClassConfig>
        if (ret != USBD_OK)
 8007afe:	4605      	mov	r5, r0
 8007b00:	b1b0      	cbz	r0, 8007b30 <USBD_SetConfig+0xb8>
          USBD_CtlError(pdev, req);
 8007b02:	4631      	mov	r1, r6
 8007b04:	4620      	mov	r0, r4
 8007b06:	f7ff fec1 	bl	800788c <USBD_CtlError>
          (void)USBD_ClrClassConfig(pdev, (uint8_t)pdev->dev_config);
 8007b0a:	7921      	ldrb	r1, [r4, #4]
 8007b0c:	4620      	mov	r0, r4
 8007b0e:	f7ff fcd5 	bl	80074bc <USBD_ClrClassConfig>
          pdev->dev_state = USBD_STATE_ADDRESSED;
 8007b12:	2302      	movs	r3, #2
 8007b14:	f884 329c 	strb.w	r3, [r4, #668]	@ 0x29c
 8007b18:	e7c5      	b.n	8007aa6 <USBD_SetConfig+0x2e>
        pdev->dev_state = USBD_STATE_ADDRESSED;
 8007b1a:	2302      	movs	r3, #2
 8007b1c:	f880 329c 	strb.w	r3, [r0, #668]	@ 0x29c
        pdev->dev_config = cfgidx;
 8007b20:	6045      	str	r5, [r0, #4]
        (void)USBD_ClrClassConfig(pdev, cfgidx);
 8007b22:	4629      	mov	r1, r5
 8007b24:	f7ff fcca 	bl	80074bc <USBD_ClrClassConfig>
        (void)USBD_CtlSendStatus(pdev);
 8007b28:	4620      	mov	r0, r4
 8007b2a:	f000 fae5 	bl	80080f8 <USBD_CtlSendStatus>
 8007b2e:	e7ba      	b.n	8007aa6 <USBD_SetConfig+0x2e>
          (void)USBD_CtlSendStatus(pdev);
 8007b30:	4620      	mov	r0, r4
 8007b32:	f000 fae1 	bl	80080f8 <USBD_CtlSendStatus>
 8007b36:	e7b6      	b.n	8007aa6 <USBD_SetConfig+0x2e>
        (void)USBD_CtlSendStatus(pdev);
 8007b38:	f000 fade 	bl	80080f8 <USBD_CtlSendStatus>
  USBD_StatusTypeDef ret = USBD_OK;
 8007b3c:	2500      	movs	r5, #0
 8007b3e:	e7b2      	b.n	8007aa6 <USBD_SetConfig+0x2e>
 8007b40:	20001144 	.word	0x20001144

08007b44 <USBD_GetConfig>:
{
 8007b44:	b508      	push	{r3, lr}
  if (req->wLength != 1U)
 8007b46:	88cb      	ldrh	r3, [r1, #6]
 8007b48:	2b01      	cmp	r3, #1
 8007b4a:	d10b      	bne.n	8007b64 <USBD_GetConfig+0x20>
    switch (pdev->dev_state)
 8007b4c:	f890 329c 	ldrb.w	r3, [r0, #668]	@ 0x29c
 8007b50:	b2da      	uxtb	r2, r3
 8007b52:	2b02      	cmp	r3, #2
 8007b54:	d909      	bls.n	8007b6a <USBD_GetConfig+0x26>
 8007b56:	2a03      	cmp	r2, #3
 8007b58:	d111      	bne.n	8007b7e <USBD_GetConfig+0x3a>
        (void)USBD_CtlSendData(pdev, (uint8_t *)&pdev->dev_config, 1U);
 8007b5a:	2201      	movs	r2, #1
 8007b5c:	1d01      	adds	r1, r0, #4
 8007b5e:	f000 faad 	bl	80080bc <USBD_CtlSendData>
        break;
 8007b62:	e001      	b.n	8007b68 <USBD_GetConfig+0x24>
    USBD_CtlError(pdev, req);
 8007b64:	f7ff fe92 	bl	800788c <USBD_CtlError>
}
 8007b68:	bd08      	pop	{r3, pc}
    switch (pdev->dev_state)
 8007b6a:	b252      	sxtb	r2, r2
 8007b6c:	b13a      	cbz	r2, 8007b7e <USBD_GetConfig+0x3a>
        pdev->dev_default_config = 0U;
 8007b6e:	4601      	mov	r1, r0
 8007b70:	2300      	movs	r3, #0
 8007b72:	f841 3f08 	str.w	r3, [r1, #8]!
        (void)USBD_CtlSendData(pdev, (uint8_t *)&pdev->dev_default_config, 1U);
 8007b76:	2201      	movs	r2, #1
 8007b78:	f000 faa0 	bl	80080bc <USBD_CtlSendData>
        break;
 8007b7c:	e7f4      	b.n	8007b68 <USBD_GetConfig+0x24>
        USBD_CtlError(pdev, req);
 8007b7e:	f7ff fe85 	bl	800788c <USBD_CtlError>
}
 8007b82:	e7f1      	b.n	8007b68 <USBD_GetConfig+0x24>

08007b84 <USBD_GetStatus>:
{
 8007b84:	b508      	push	{r3, lr}
  switch (pdev->dev_state)
 8007b86:	f890 329c 	ldrb.w	r3, [r0, #668]	@ 0x29c
 8007b8a:	3b01      	subs	r3, #1
 8007b8c:	2b02      	cmp	r3, #2
 8007b8e:	d812      	bhi.n	8007bb6 <USBD_GetStatus+0x32>
      if (req->wLength != 0x2U)
 8007b90:	88cb      	ldrh	r3, [r1, #6]
 8007b92:	2b02      	cmp	r3, #2
 8007b94:	d10c      	bne.n	8007bb0 <USBD_GetStatus+0x2c>
      pdev->dev_config_status = USB_CONFIG_SELF_POWERED;
 8007b96:	2301      	movs	r3, #1
 8007b98:	60c3      	str	r3, [r0, #12]
      if (pdev->dev_remote_wakeup != 0U)
 8007b9a:	f8d0 32a4 	ldr.w	r3, [r0, #676]	@ 0x2a4
 8007b9e:	b10b      	cbz	r3, 8007ba4 <USBD_GetStatus+0x20>
        pdev->dev_config_status |= USB_CONFIG_REMOTE_WAKEUP;
 8007ba0:	2303      	movs	r3, #3
 8007ba2:	60c3      	str	r3, [r0, #12]
      (void)USBD_CtlSendData(pdev, (uint8_t *)&pdev->dev_config_status, 2U);
 8007ba4:	2202      	movs	r2, #2
 8007ba6:	f100 010c 	add.w	r1, r0, #12
 8007baa:	f000 fa87 	bl	80080bc <USBD_CtlSendData>
}
 8007bae:	bd08      	pop	{r3, pc}
        USBD_CtlError(pdev, req);
 8007bb0:	f7ff fe6c 	bl	800788c <USBD_CtlError>
        break;
 8007bb4:	e7fb      	b.n	8007bae <USBD_GetStatus+0x2a>
      USBD_CtlError(pdev, req);
 8007bb6:	f7ff fe69 	bl	800788c <USBD_CtlError>
}
 8007bba:	e7f8      	b.n	8007bae <USBD_GetStatus+0x2a>

08007bbc <USBD_SetFeature>:
{
 8007bbc:	b508      	push	{r3, lr}
  if (req->wValue == USB_FEATURE_REMOTE_WAKEUP)
 8007bbe:	884b      	ldrh	r3, [r1, #2]
 8007bc0:	2b01      	cmp	r3, #1
 8007bc2:	d004      	beq.n	8007bce <USBD_SetFeature+0x12>
  else if (req->wValue == USB_FEATURE_TEST_MODE)
 8007bc4:	2b02      	cmp	r3, #2
 8007bc6:	d007      	beq.n	8007bd8 <USBD_SetFeature+0x1c>
    USBD_CtlError(pdev, req);
 8007bc8:	f7ff fe60 	bl	800788c <USBD_CtlError>
}
 8007bcc:	bd08      	pop	{r3, pc}
    pdev->dev_remote_wakeup = 1U;
 8007bce:	f8c0 32a4 	str.w	r3, [r0, #676]	@ 0x2a4
    (void)USBD_CtlSendStatus(pdev);
 8007bd2:	f000 fa91 	bl	80080f8 <USBD_CtlSendStatus>
 8007bd6:	e7f9      	b.n	8007bcc <USBD_SetFeature+0x10>
    pdev->dev_test_mode = (uint8_t)(req->wIndex >> 8);
 8007bd8:	888b      	ldrh	r3, [r1, #4]
 8007bda:	0a1b      	lsrs	r3, r3, #8
 8007bdc:	f880 32a0 	strb.w	r3, [r0, #672]	@ 0x2a0
    (void)USBD_CtlSendStatus(pdev);
 8007be0:	f000 fa8a 	bl	80080f8 <USBD_CtlSendStatus>
 8007be4:	e7f2      	b.n	8007bcc <USBD_SetFeature+0x10>

08007be6 <USBD_ClrFeature>:
{
 8007be6:	b508      	push	{r3, lr}
  switch (pdev->dev_state)
 8007be8:	f890 329c 	ldrb.w	r3, [r0, #668]	@ 0x29c
 8007bec:	3b01      	subs	r3, #1
 8007bee:	2b02      	cmp	r3, #2
 8007bf0:	d809      	bhi.n	8007c06 <USBD_ClrFeature+0x20>
      if (req->wValue == USB_FEATURE_REMOTE_WAKEUP)
 8007bf2:	884b      	ldrh	r3, [r1, #2]
 8007bf4:	2b01      	cmp	r3, #1
 8007bf6:	d000      	beq.n	8007bfa <USBD_ClrFeature+0x14>
}
 8007bf8:	bd08      	pop	{r3, pc}
        pdev->dev_remote_wakeup = 0U;
 8007bfa:	2300      	movs	r3, #0
 8007bfc:	f8c0 32a4 	str.w	r3, [r0, #676]	@ 0x2a4
        (void)USBD_CtlSendStatus(pdev);
 8007c00:	f000 fa7a 	bl	80080f8 <USBD_CtlSendStatus>
 8007c04:	e7f8      	b.n	8007bf8 <USBD_ClrFeature+0x12>
      USBD_CtlError(pdev, req);
 8007c06:	f7ff fe41 	bl	800788c <USBD_CtlError>
}
 8007c0a:	e7f5      	b.n	8007bf8 <USBD_ClrFeature+0x12>

08007c0c <USBD_StdDevReq>:
{
 8007c0c:	b538      	push	{r3, r4, r5, lr}
  switch (req->bmRequest & USB_REQ_TYPE_MASK)
 8007c0e:	780c      	ldrb	r4, [r1, #0]
 8007c10:	f004 0460 	and.w	r4, r4, #96	@ 0x60
 8007c14:	2c20      	cmp	r4, #32
 8007c16:	d006      	beq.n	8007c26 <USBD_StdDevReq+0x1a>
 8007c18:	2c40      	cmp	r4, #64	@ 0x40
 8007c1a:	d004      	beq.n	8007c26 <USBD_StdDevReq+0x1a>
 8007c1c:	b16c      	cbz	r4, 8007c3a <USBD_StdDevReq+0x2e>
      USBD_CtlError(pdev, req);
 8007c1e:	f7ff fe35 	bl	800788c <USBD_CtlError>
  USBD_StatusTypeDef ret = USBD_OK;
 8007c22:	2400      	movs	r4, #0
      break;
 8007c24:	e007      	b.n	8007c36 <USBD_StdDevReq+0x2a>
      ret = (USBD_StatusTypeDef)pdev->pClass[pdev->classId]->Setup(pdev, req);
 8007c26:	f8d0 32d4 	ldr.w	r3, [r0, #724]	@ 0x2d4
 8007c2a:	33ae      	adds	r3, #174	@ 0xae
 8007c2c:	f850 3023 	ldr.w	r3, [r0, r3, lsl #2]
 8007c30:	689b      	ldr	r3, [r3, #8]
 8007c32:	4798      	blx	r3
 8007c34:	4604      	mov	r4, r0
}
 8007c36:	4620      	mov	r0, r4
 8007c38:	bd38      	pop	{r3, r4, r5, pc}
      switch (req->bRequest)
 8007c3a:	784d      	ldrb	r5, [r1, #1]
 8007c3c:	2d09      	cmp	r5, #9
 8007c3e:	d81d      	bhi.n	8007c7c <USBD_StdDevReq+0x70>
 8007c40:	e8df f005 	tbb	[pc, r5]
 8007c44:	161c1912 	.word	0x161c1912
 8007c48:	1c05081c 	.word	0x1c05081c
 8007c4c:	0b0f      	.short	0x0b0f
          USBD_GetDescriptor(pdev, req);
 8007c4e:	f7ff fe27 	bl	80078a0 <USBD_GetDescriptor>
          break;
 8007c52:	e7f0      	b.n	8007c36 <USBD_StdDevReq+0x2a>
          USBD_SetAddress(pdev, req);
 8007c54:	f7ff fee9 	bl	8007a2a <USBD_SetAddress>
          break;
 8007c58:	e7ed      	b.n	8007c36 <USBD_StdDevReq+0x2a>
          ret = USBD_SetConfig(pdev, req);
 8007c5a:	f7ff ff0d 	bl	8007a78 <USBD_SetConfig>
 8007c5e:	4604      	mov	r4, r0
          break;
 8007c60:	e7e9      	b.n	8007c36 <USBD_StdDevReq+0x2a>
          USBD_GetConfig(pdev, req);
 8007c62:	f7ff ff6f 	bl	8007b44 <USBD_GetConfig>
          break;
 8007c66:	e7e6      	b.n	8007c36 <USBD_StdDevReq+0x2a>
          USBD_GetStatus(pdev, req);
 8007c68:	f7ff ff8c 	bl	8007b84 <USBD_GetStatus>
  USBD_StatusTypeDef ret = USBD_OK;
 8007c6c:	462c      	mov	r4, r5
          break;
 8007c6e:	e7e2      	b.n	8007c36 <USBD_StdDevReq+0x2a>
          USBD_SetFeature(pdev, req);
 8007c70:	f7ff ffa4 	bl	8007bbc <USBD_SetFeature>
          break;
 8007c74:	e7df      	b.n	8007c36 <USBD_StdDevReq+0x2a>
          USBD_ClrFeature(pdev, req);
 8007c76:	f7ff ffb6 	bl	8007be6 <USBD_ClrFeature>
          break;
 8007c7a:	e7dc      	b.n	8007c36 <USBD_StdDevReq+0x2a>
          USBD_CtlError(pdev, req);
 8007c7c:	f7ff fe06 	bl	800788c <USBD_CtlError>
          break;
 8007c80:	e7d9      	b.n	8007c36 <USBD_StdDevReq+0x2a>

08007c82 <USBD_StdItfReq>:
{
 8007c82:	b570      	push	{r4, r5, r6, lr}
 8007c84:	4605      	mov	r5, r0
 8007c86:	460c      	mov	r4, r1
  switch (req->bmRequest & USB_REQ_TYPE_MASK)
 8007c88:	780b      	ldrb	r3, [r1, #0]
 8007c8a:	f003 0360 	and.w	r3, r3, #96	@ 0x60
 8007c8e:	2b20      	cmp	r3, #32
 8007c90:	d007      	beq.n	8007ca2 <USBD_StdItfReq+0x20>
 8007c92:	2b40      	cmp	r3, #64	@ 0x40
 8007c94:	d005      	beq.n	8007ca2 <USBD_StdItfReq+0x20>
 8007c96:	b123      	cbz	r3, 8007ca2 <USBD_StdItfReq+0x20>
      USBD_CtlError(pdev, req);
 8007c98:	f7ff fdf8 	bl	800788c <USBD_CtlError>
  USBD_StatusTypeDef ret = USBD_OK;
 8007c9c:	2600      	movs	r6, #0
}
 8007c9e:	4630      	mov	r0, r6
 8007ca0:	bd70      	pop	{r4, r5, r6, pc}
      switch (pdev->dev_state)
 8007ca2:	f895 329c 	ldrb.w	r3, [r5, #668]	@ 0x29c
 8007ca6:	3b01      	subs	r3, #1
 8007ca8:	2b02      	cmp	r3, #2
 8007caa:	d826      	bhi.n	8007cfa <USBD_StdItfReq+0x78>
          if (LOBYTE(req->wIndex) <= USBD_MAX_NUM_INTERFACES)
 8007cac:	7921      	ldrb	r1, [r4, #4]
 8007cae:	2901      	cmp	r1, #1
 8007cb0:	d905      	bls.n	8007cbe <USBD_StdItfReq+0x3c>
            USBD_CtlError(pdev, req);
 8007cb2:	4621      	mov	r1, r4
 8007cb4:	4628      	mov	r0, r5
 8007cb6:	f7ff fde9 	bl	800788c <USBD_CtlError>
  USBD_StatusTypeDef ret = USBD_OK;
 8007cba:	2600      	movs	r6, #0
 8007cbc:	e7ef      	b.n	8007c9e <USBD_StdItfReq+0x1c>
            idx = USBD_CoreFindIF(pdev, LOBYTE(req->wIndex));
 8007cbe:	4628      	mov	r0, r5
 8007cc0:	f7ff fccf 	bl	8007662 <USBD_CoreFindIF>
            if (((uint8_t)idx != 0xFFU) && (idx < USBD_MAX_SUPPORTED_CLASS))
 8007cc4:	b968      	cbnz	r0, 8007ce2 <USBD_StdItfReq+0x60>
              if (pdev->pClass[idx]->Setup != NULL)
 8007cc6:	f100 02ae 	add.w	r2, r0, #174	@ 0xae
 8007cca:	f855 2022 	ldr.w	r2, [r5, r2, lsl #2]
 8007cce:	6891      	ldr	r1, [r2, #8]
 8007cd0:	b189      	cbz	r1, 8007cf6 <USBD_StdItfReq+0x74>
                pdev->classId = idx;
 8007cd2:	f8c5 02d4 	str.w	r0, [r5, #724]	@ 0x2d4
                ret = (USBD_StatusTypeDef)(pdev->pClass[idx]->Setup(pdev, req));
 8007cd6:	6893      	ldr	r3, [r2, #8]
 8007cd8:	4621      	mov	r1, r4
 8007cda:	4628      	mov	r0, r5
 8007cdc:	4798      	blx	r3
 8007cde:	4606      	mov	r6, r0
 8007ce0:	e000      	b.n	8007ce4 <USBD_StdItfReq+0x62>
              ret = USBD_FAIL;
 8007ce2:	2603      	movs	r6, #3
            if ((req->wLength == 0U) && (ret == USBD_OK))
 8007ce4:	88e3      	ldrh	r3, [r4, #6]
 8007ce6:	2b00      	cmp	r3, #0
 8007ce8:	d1d9      	bne.n	8007c9e <USBD_StdItfReq+0x1c>
 8007cea:	2e00      	cmp	r6, #0
 8007cec:	d1d7      	bne.n	8007c9e <USBD_StdItfReq+0x1c>
              (void)USBD_CtlSendStatus(pdev);
 8007cee:	4628      	mov	r0, r5
 8007cf0:	f000 fa02 	bl	80080f8 <USBD_CtlSendStatus>
 8007cf4:	e7d3      	b.n	8007c9e <USBD_StdItfReq+0x1c>
                ret = USBD_FAIL;
 8007cf6:	2603      	movs	r6, #3
 8007cf8:	e7f4      	b.n	8007ce4 <USBD_StdItfReq+0x62>
          USBD_CtlError(pdev, req);
 8007cfa:	4621      	mov	r1, r4
 8007cfc:	4628      	mov	r0, r5
 8007cfe:	f7ff fdc5 	bl	800788c <USBD_CtlError>
  USBD_StatusTypeDef ret = USBD_OK;
 8007d02:	2600      	movs	r6, #0
          break;
 8007d04:	e7cb      	b.n	8007c9e <USBD_StdItfReq+0x1c>

08007d06 <USBD_StdEPReq>:
{
 8007d06:	e92d 41f0 	stmdb	sp!, {r4, r5, r6, r7, r8, lr}
 8007d0a:	4606      	mov	r6, r0
 8007d0c:	460d      	mov	r5, r1
  ep_addr = LOBYTE(req->wIndex);
 8007d0e:	888b      	ldrh	r3, [r1, #4]
 8007d10:	b2df      	uxtb	r7, r3
  switch (req->bmRequest & USB_REQ_TYPE_MASK)
 8007d12:	780c      	ldrb	r4, [r1, #0]
 8007d14:	f004 0460 	and.w	r4, r4, #96	@ 0x60
 8007d18:	2c20      	cmp	r4, #32
 8007d1a:	d008      	beq.n	8007d2e <USBD_StdEPReq+0x28>
 8007d1c:	2c40      	cmp	r4, #64	@ 0x40
 8007d1e:	d006      	beq.n	8007d2e <USBD_StdEPReq+0x28>
 8007d20:	b1dc      	cbz	r4, 8007d5a <USBD_StdEPReq+0x54>
      USBD_CtlError(pdev, req);
 8007d22:	f7ff fdb3 	bl	800788c <USBD_CtlError>
  USBD_StatusTypeDef ret = USBD_OK;
 8007d26:	2400      	movs	r4, #0
}
 8007d28:	4620      	mov	r0, r4
 8007d2a:	e8bd 81f0 	ldmia.w	sp!, {r4, r5, r6, r7, r8, pc}
      idx = USBD_CoreFindEP(pdev, ep_addr);
 8007d2e:	4639      	mov	r1, r7
 8007d30:	4630      	mov	r0, r6
 8007d32:	f7ff fc98 	bl	8007666 <USBD_CoreFindEP>
      if (((uint8_t)idx != 0xFFU) && (idx < USBD_MAX_SUPPORTED_CLASS))
 8007d36:	4604      	mov	r4, r0
 8007d38:	2800      	cmp	r0, #0
 8007d3a:	f040 80fd 	bne.w	8007f38 <USBD_StdEPReq+0x232>
        pdev->classId = idx;
 8007d3e:	f8c6 02d4 	str.w	r0, [r6, #724]	@ 0x2d4
        if (pdev->pClass[idx]->Setup != NULL)
 8007d42:	f100 03ae 	add.w	r3, r0, #174	@ 0xae
 8007d46:	f856 3023 	ldr.w	r3, [r6, r3, lsl #2]
 8007d4a:	689b      	ldr	r3, [r3, #8]
 8007d4c:	2b00      	cmp	r3, #0
 8007d4e:	d0eb      	beq.n	8007d28 <USBD_StdEPReq+0x22>
          ret = (USBD_StatusTypeDef)pdev->pClass[idx]->Setup(pdev, req);
 8007d50:	4629      	mov	r1, r5
 8007d52:	4630      	mov	r0, r6
 8007d54:	4798      	blx	r3
 8007d56:	4604      	mov	r4, r0
 8007d58:	e7e6      	b.n	8007d28 <USBD_StdEPReq+0x22>
      switch (req->bRequest)
 8007d5a:	f891 8001 	ldrb.w	r8, [r1, #1]
 8007d5e:	f1b8 0f01 	cmp.w	r8, #1
 8007d62:	d031      	beq.n	8007dc8 <USBD_StdEPReq+0xc2>
 8007d64:	f1b8 0f03 	cmp.w	r8, #3
 8007d68:	d005      	beq.n	8007d76 <USBD_StdEPReq+0x70>
 8007d6a:	f1b8 0f00 	cmp.w	r8, #0
 8007d6e:	d067      	beq.n	8007e40 <USBD_StdEPReq+0x13a>
          USBD_CtlError(pdev, req);
 8007d70:	f7ff fd8c 	bl	800788c <USBD_CtlError>
          break;
 8007d74:	e7d8      	b.n	8007d28 <USBD_StdEPReq+0x22>
          switch (pdev->dev_state)
 8007d76:	f890 329c 	ldrb.w	r3, [r0, #668]	@ 0x29c
 8007d7a:	b2da      	uxtb	r2, r3
 8007d7c:	2b02      	cmp	r3, #2
 8007d7e:	d004      	beq.n	8007d8a <USBD_StdEPReq+0x84>
 8007d80:	2a03      	cmp	r2, #3
 8007d82:	d012      	beq.n	8007daa <USBD_StdEPReq+0xa4>
              USBD_CtlError(pdev, req);
 8007d84:	f7ff fd82 	bl	800788c <USBD_CtlError>
              break;
 8007d88:	e7ce      	b.n	8007d28 <USBD_StdEPReq+0x22>
              if ((ep_addr != 0x00U) && (ep_addr != 0x80U))
 8007d8a:	b10f      	cbz	r7, 8007d90 <USBD_StdEPReq+0x8a>
 8007d8c:	2f80      	cmp	r7, #128	@ 0x80
 8007d8e:	d104      	bne.n	8007d9a <USBD_StdEPReq+0x94>
                USBD_CtlError(pdev, req);
 8007d90:	4629      	mov	r1, r5
 8007d92:	4630      	mov	r0, r6
 8007d94:	f7ff fd7a 	bl	800788c <USBD_CtlError>
 8007d98:	e7c6      	b.n	8007d28 <USBD_StdEPReq+0x22>
                (void)USBD_LL_StallEP(pdev, ep_addr);
 8007d9a:	4639      	mov	r1, r7
 8007d9c:	f7ff fb22 	bl	80073e4 <USBD_LL_StallEP>
                (void)USBD_LL_StallEP(pdev, 0x80U);
 8007da0:	2180      	movs	r1, #128	@ 0x80
 8007da2:	4630      	mov	r0, r6
 8007da4:	f7ff fb1e 	bl	80073e4 <USBD_LL_StallEP>
 8007da8:	e7be      	b.n	8007d28 <USBD_StdEPReq+0x22>
              if (req->wValue == USB_FEATURE_EP_HALT)
 8007daa:	884b      	ldrh	r3, [r1, #2]
 8007dac:	b923      	cbnz	r3, 8007db8 <USBD_StdEPReq+0xb2>
                if ((ep_addr != 0x00U) && (ep_addr != 0x80U) && (req->wLength == 0x00U))
 8007dae:	b11f      	cbz	r7, 8007db8 <USBD_StdEPReq+0xb2>
 8007db0:	2f80      	cmp	r7, #128	@ 0x80
 8007db2:	d001      	beq.n	8007db8 <USBD_StdEPReq+0xb2>
 8007db4:	88cb      	ldrh	r3, [r1, #6]
 8007db6:	b11b      	cbz	r3, 8007dc0 <USBD_StdEPReq+0xba>
              (void)USBD_CtlSendStatus(pdev);
 8007db8:	4630      	mov	r0, r6
 8007dba:	f000 f99d 	bl	80080f8 <USBD_CtlSendStatus>
              break;
 8007dbe:	e7b3      	b.n	8007d28 <USBD_StdEPReq+0x22>
                  (void)USBD_LL_StallEP(pdev, ep_addr);
 8007dc0:	4639      	mov	r1, r7
 8007dc2:	f7ff fb0f 	bl	80073e4 <USBD_LL_StallEP>
 8007dc6:	e7f7      	b.n	8007db8 <USBD_StdEPReq+0xb2>
          switch (pdev->dev_state)
 8007dc8:	f890 329c 	ldrb.w	r3, [r0, #668]	@ 0x29c
 8007dcc:	b2da      	uxtb	r2, r3
 8007dce:	2b02      	cmp	r3, #2
 8007dd0:	d004      	beq.n	8007ddc <USBD_StdEPReq+0xd6>
 8007dd2:	2a03      	cmp	r2, #3
 8007dd4:	d012      	beq.n	8007dfc <USBD_StdEPReq+0xf6>
              USBD_CtlError(pdev, req);
 8007dd6:	f7ff fd59 	bl	800788c <USBD_CtlError>
              break;
 8007dda:	e7a5      	b.n	8007d28 <USBD_StdEPReq+0x22>
              if ((ep_addr != 0x00U) && (ep_addr != 0x80U))
 8007ddc:	b10f      	cbz	r7, 8007de2 <USBD_StdEPReq+0xdc>
 8007dde:	2f80      	cmp	r7, #128	@ 0x80
 8007de0:	d104      	bne.n	8007dec <USBD_StdEPReq+0xe6>
                USBD_CtlError(pdev, req);
 8007de2:	4629      	mov	r1, r5
 8007de4:	4630      	mov	r0, r6
 8007de6:	f7ff fd51 	bl	800788c <USBD_CtlError>
 8007dea:	e79d      	b.n	8007d28 <USBD_StdEPReq+0x22>
                (void)USBD_LL_StallEP(pdev, ep_addr);
 8007dec:	4639      	mov	r1, r7
 8007dee:	f7ff faf9 	bl	80073e4 <USBD_LL_StallEP>
                (void)USBD_LL_StallEP(pdev, 0x80U);
 8007df2:	2180      	movs	r1, #128	@ 0x80
 8007df4:	4630      	mov	r0, r6
 8007df6:	f7ff faf5 	bl	80073e4 <USBD_LL_StallEP>
 8007dfa:	e795      	b.n	8007d28 <USBD_StdEPReq+0x22>
              if (req->wValue == USB_FEATURE_EP_HALT)
 8007dfc:	884b      	ldrh	r3, [r1, #2]
 8007dfe:	2b00      	cmp	r3, #0
 8007e00:	d192      	bne.n	8007d28 <USBD_StdEPReq+0x22>
                if ((ep_addr & 0x7FU) != 0x00U)
 8007e02:	f017 0f7f 	tst.w	r7, #127	@ 0x7f
 8007e06:	d117      	bne.n	8007e38 <USBD_StdEPReq+0x132>
                (void)USBD_CtlSendStatus(pdev);
 8007e08:	4630      	mov	r0, r6
 8007e0a:	f000 f975 	bl	80080f8 <USBD_CtlSendStatus>
                idx = USBD_CoreFindEP(pdev, ep_addr);
 8007e0e:	4639      	mov	r1, r7
 8007e10:	4630      	mov	r0, r6
 8007e12:	f7ff fc28 	bl	8007666 <USBD_CoreFindEP>
                if (((uint8_t)idx != 0xFFU) && (idx < USBD_MAX_SUPPORTED_CLASS))
 8007e16:	2800      	cmp	r0, #0
 8007e18:	d186      	bne.n	8007d28 <USBD_StdEPReq+0x22>
                  pdev->classId = idx;
 8007e1a:	f8c6 02d4 	str.w	r0, [r6, #724]	@ 0x2d4
                  if (pdev->pClass[idx]->Setup != NULL)
 8007e1e:	f100 02ae 	add.w	r2, r0, #174	@ 0xae
 8007e22:	f856 2022 	ldr.w	r2, [r6, r2, lsl #2]
 8007e26:	6892      	ldr	r2, [r2, #8]
 8007e28:	2a00      	cmp	r2, #0
 8007e2a:	f000 8087 	beq.w	8007f3c <USBD_StdEPReq+0x236>
                    ret = (USBD_StatusTypeDef)(pdev->pClass[idx]->Setup(pdev, req));
 8007e2e:	4629      	mov	r1, r5
 8007e30:	4630      	mov	r0, r6
 8007e32:	4790      	blx	r2
 8007e34:	4604      	mov	r4, r0
 8007e36:	e777      	b.n	8007d28 <USBD_StdEPReq+0x22>
                  (void)USBD_LL_ClearStallEP(pdev, ep_addr);
 8007e38:	4639      	mov	r1, r7
 8007e3a:	f7ff fadb 	bl	80073f4 <USBD_LL_ClearStallEP>
 8007e3e:	e7e3      	b.n	8007e08 <USBD_StdEPReq+0x102>
          switch (pdev->dev_state)
 8007e40:	f890 229c 	ldrb.w	r2, [r0, #668]	@ 0x29c
 8007e44:	b2d1      	uxtb	r1, r2
 8007e46:	2a02      	cmp	r2, #2
 8007e48:	d006      	beq.n	8007e58 <USBD_StdEPReq+0x152>
 8007e4a:	2903      	cmp	r1, #3
 8007e4c:	d02a      	beq.n	8007ea4 <USBD_StdEPReq+0x19e>
              USBD_CtlError(pdev, req);
 8007e4e:	4629      	mov	r1, r5
 8007e50:	f7ff fd1c 	bl	800788c <USBD_CtlError>
  USBD_StatusTypeDef ret = USBD_OK;
 8007e54:	4644      	mov	r4, r8
              break;
 8007e56:	e767      	b.n	8007d28 <USBD_StdEPReq+0x22>
              if ((ep_addr != 0x00U) && (ep_addr != 0x80U))
 8007e58:	b10f      	cbz	r7, 8007e5e <USBD_StdEPReq+0x158>
 8007e5a:	2f80      	cmp	r7, #128	@ 0x80
 8007e5c:	d114      	bne.n	8007e88 <USBD_StdEPReq+0x182>
              pep = ((ep_addr & 0x80U) == 0x80U) ? &pdev->ep_in[ep_addr & 0x7FU] : \
 8007e5e:	f013 0f80 	tst.w	r3, #128	@ 0x80
 8007e62:	d116      	bne.n	8007e92 <USBD_StdEPReq+0x18c>
                    &pdev->ep_out[ep_addr & 0x7FU];
 8007e64:	f007 077f 	and.w	r7, r7, #127	@ 0x7f
              pep = ((ep_addr & 0x80U) == 0x80U) ? &pdev->ep_in[ep_addr & 0x7FU] : \
 8007e68:	eb07 0787 	add.w	r7, r7, r7, lsl #2
 8007e6c:	00b9      	lsls	r1, r7, #2
 8007e6e:	f501 71a8 	add.w	r1, r1, #336	@ 0x150
 8007e72:	4431      	add	r1, r6
 8007e74:	3104      	adds	r1, #4
              pep->status = 0x0000U;
 8007e76:	2300      	movs	r3, #0
 8007e78:	f801 3f0e 	strb.w	r3, [r1, #14]!
              (void)USBD_CtlSendData(pdev, (uint8_t *)&pep->status, 2U);
 8007e7c:	2202      	movs	r2, #2
 8007e7e:	4630      	mov	r0, r6
 8007e80:	f000 f91c 	bl	80080bc <USBD_CtlSendData>
  USBD_StatusTypeDef ret = USBD_OK;
 8007e84:	4644      	mov	r4, r8
              break;
 8007e86:	e74f      	b.n	8007d28 <USBD_StdEPReq+0x22>
                USBD_CtlError(pdev, req);
 8007e88:	4629      	mov	r1, r5
 8007e8a:	f7ff fcff 	bl	800788c <USBD_CtlError>
  USBD_StatusTypeDef ret = USBD_OK;
 8007e8e:	4644      	mov	r4, r8
                break;
 8007e90:	e74a      	b.n	8007d28 <USBD_StdEPReq+0x22>
              pep = ((ep_addr & 0x80U) == 0x80U) ? &pdev->ep_in[ep_addr & 0x7FU] : \
 8007e92:	f007 077f 	and.w	r7, r7, #127	@ 0x7f
 8007e96:	eb07 0787 	add.w	r7, r7, r7, lsl #2
 8007e9a:	00b9      	lsls	r1, r7, #2
 8007e9c:	3110      	adds	r1, #16
 8007e9e:	4431      	add	r1, r6
 8007ea0:	3104      	adds	r1, #4
 8007ea2:	e7e8      	b.n	8007e76 <USBD_StdEPReq+0x170>
              if ((ep_addr & 0x80U) == 0x80U)
 8007ea4:	b25b      	sxtb	r3, r3
 8007ea6:	2b00      	cmp	r3, #0
 8007ea8:	db20      	blt.n	8007eec <USBD_StdEPReq+0x1e6>
                if (pdev->ep_out[ep_addr & 0xFU].is_used == 0U)
 8007eaa:	f007 020f 	and.w	r2, r7, #15
 8007eae:	eb02 0282 	add.w	r2, r2, r2, lsl #2
 8007eb2:	eb00 0282 	add.w	r2, r0, r2, lsl #2
 8007eb6:	f892 4163 	ldrb.w	r4, [r2, #355]	@ 0x163
 8007eba:	b32c      	cbz	r4, 8007f08 <USBD_StdEPReq+0x202>
              pep = ((ep_addr & 0x80U) == 0x80U) ? &pdev->ep_in[ep_addr & 0x7FU] : \
 8007ebc:	2b00      	cmp	r3, #0
 8007ebe:	db27      	blt.n	8007f10 <USBD_StdEPReq+0x20a>
                    &pdev->ep_out[ep_addr & 0x7FU];
 8007ec0:	f007 037f 	and.w	r3, r7, #127	@ 0x7f
              pep = ((ep_addr & 0x80U) == 0x80U) ? &pdev->ep_in[ep_addr & 0x7FU] : \
 8007ec4:	eb03 0383 	add.w	r3, r3, r3, lsl #2
 8007ec8:	009c      	lsls	r4, r3, #2
 8007eca:	f504 74a8 	add.w	r4, r4, #336	@ 0x150
 8007ece:	4434      	add	r4, r6
 8007ed0:	3404      	adds	r4, #4
              if ((ep_addr == 0x00U) || (ep_addr == 0x80U))
 8007ed2:	b10f      	cbz	r7, 8007ed8 <USBD_StdEPReq+0x1d2>
 8007ed4:	2f80      	cmp	r7, #128	@ 0x80
 8007ed6:	d124      	bne.n	8007f22 <USBD_StdEPReq+0x21c>
                pep->status = 0x0000U;
 8007ed8:	2300      	movs	r3, #0
 8007eda:	73a3      	strb	r3, [r4, #14]
              (void)USBD_CtlSendData(pdev, (uint8_t *)&pep->status, 2U);
 8007edc:	2202      	movs	r2, #2
 8007ede:	f104 010e 	add.w	r1, r4, #14
 8007ee2:	4630      	mov	r0, r6
 8007ee4:	f000 f8ea 	bl	80080bc <USBD_CtlSendData>
  USBD_StatusTypeDef ret = USBD_OK;
 8007ee8:	4644      	mov	r4, r8
              break;
 8007eea:	e71d      	b.n	8007d28 <USBD_StdEPReq+0x22>
                if (pdev->ep_in[ep_addr & 0xFU].is_used == 0U)
 8007eec:	f007 020f 	and.w	r2, r7, #15
 8007ef0:	eb02 0282 	add.w	r2, r2, r2, lsl #2
 8007ef4:	eb00 0282 	add.w	r2, r0, r2, lsl #2
 8007ef8:	f892 4023 	ldrb.w	r4, [r2, #35]	@ 0x23
 8007efc:	2c00      	cmp	r4, #0
 8007efe:	d1dd      	bne.n	8007ebc <USBD_StdEPReq+0x1b6>
                  USBD_CtlError(pdev, req);
 8007f00:	4629      	mov	r1, r5
 8007f02:	f7ff fcc3 	bl	800788c <USBD_CtlError>
                  break;
 8007f06:	e70f      	b.n	8007d28 <USBD_StdEPReq+0x22>
                  USBD_CtlError(pdev, req);
 8007f08:	4629      	mov	r1, r5
 8007f0a:	f7ff fcbf 	bl	800788c <USBD_CtlError>
                  break;
 8007f0e:	e70b      	b.n	8007d28 <USBD_StdEPReq+0x22>
              pep = ((ep_addr & 0x80U) == 0x80U) ? &pdev->ep_in[ep_addr & 0x7FU] : \
 8007f10:	f007 037f 	and.w	r3, r7, #127	@ 0x7f
 8007f14:	eb03 0383 	add.w	r3, r3, r3, lsl #2
 8007f18:	009c      	lsls	r4, r3, #2
 8007f1a:	3410      	adds	r4, #16
 8007f1c:	4434      	add	r4, r6
 8007f1e:	3404      	adds	r4, #4
 8007f20:	e7d7      	b.n	8007ed2 <USBD_StdEPReq+0x1cc>
              else if (USBD_LL_IsStallEP(pdev, ep_addr) != 0U)
 8007f22:	4639      	mov	r1, r7
 8007f24:	4630      	mov	r0, r6
 8007f26:	f7ff fa0f 	bl	8007348 <USBD_LL_IsStallEP>
 8007f2a:	b110      	cbz	r0, 8007f32 <USBD_StdEPReq+0x22c>
                pep->status = 0x0001U;
 8007f2c:	2301      	movs	r3, #1
 8007f2e:	73a3      	strb	r3, [r4, #14]
 8007f30:	e7d4      	b.n	8007edc <USBD_StdEPReq+0x1d6>
                pep->status = 0x0000U;
 8007f32:	2300      	movs	r3, #0
 8007f34:	73a3      	strb	r3, [r4, #14]
 8007f36:	e7d1      	b.n	8007edc <USBD_StdEPReq+0x1d6>
  USBD_StatusTypeDef ret = USBD_OK;
 8007f38:	2400      	movs	r4, #0
 8007f3a:	e6f5      	b.n	8007d28 <USBD_StdEPReq+0x22>
 8007f3c:	4604      	mov	r4, r0
 8007f3e:	e6f3      	b.n	8007d28 <USBD_StdEPReq+0x22>

08007f40 <USBD_GetString>:
  if (desc == NULL)
 8007f40:	b300      	cbz	r0, 8007f84 <USBD_GetString+0x44>
{
 8007f42:	b570      	push	{r4, r5, r6, lr}
 8007f44:	460d      	mov	r5, r1
 8007f46:	4616      	mov	r6, r2
 8007f48:	4604      	mov	r4, r0
  *len = MIN(USBD_MAX_STR_DESC_SIZ, ((uint16_t)USBD_GetLen(pdesc) * 2U) + 2U);
 8007f4a:	f7ff fc81 	bl	8007850 <USBD_GetLen>
 8007f4e:	3001      	adds	r0, #1
 8007f50:	0043      	lsls	r3, r0, #1
 8007f52:	f5b3 7f00 	cmp.w	r3, #512	@ 0x200
 8007f56:	d806      	bhi.n	8007f66 <USBD_GetString+0x26>
 8007f58:	b29b      	uxth	r3, r3
 8007f5a:	8033      	strh	r3, [r6, #0]
  unicode[idx] = *(uint8_t *)len;
 8007f5c:	702b      	strb	r3, [r5, #0]
  unicode[idx] = USB_DESC_TYPE_STRING;
 8007f5e:	2303      	movs	r3, #3
 8007f60:	706b      	strb	r3, [r5, #1]
  idx++;
 8007f62:	2302      	movs	r3, #2
  while (*pdesc != (uint8_t)'\0')
 8007f64:	e00a      	b.n	8007f7c <USBD_GetString+0x3c>
  *len = MIN(USBD_MAX_STR_DESC_SIZ, ((uint16_t)USBD_GetLen(pdesc) * 2U) + 2U);
 8007f66:	f44f 7300 	mov.w	r3, #512	@ 0x200
 8007f6a:	e7f6      	b.n	8007f5a <USBD_GetString+0x1a>
    unicode[idx] = *pdesc;
 8007f6c:	54ea      	strb	r2, [r5, r3]
    pdesc++;
 8007f6e:	3401      	adds	r4, #1
    idx++;
 8007f70:	1c5a      	adds	r2, r3, #1
 8007f72:	b2d2      	uxtb	r2, r2
    unicode[idx] = 0U;
 8007f74:	2100      	movs	r1, #0
 8007f76:	54a9      	strb	r1, [r5, r2]
    idx++;
 8007f78:	3302      	adds	r3, #2
 8007f7a:	b2db      	uxtb	r3, r3
  while (*pdesc != (uint8_t)'\0')
 8007f7c:	7822      	ldrb	r2, [r4, #0]
 8007f7e:	2a00      	cmp	r2, #0
 8007f80:	d1f4      	bne.n	8007f6c <USBD_GetString+0x2c>
}
 8007f82:	bd70      	pop	{r4, r5, r6, pc}
 8007f84:	4770      	bx	lr
	...

08007f88 <USBD_FS_DeviceDescriptor>:
  * @retval Pointer to descriptor buffer
  */
uint8_t * USBD_FS_DeviceDescriptor(USBD_SpeedTypeDef speed, uint16_t *length)
{
  UNUSED(speed);
  *length = sizeof(USBD_FS_DeviceDesc);
 8007f88:	2312      	movs	r3, #18
 8007f8a:	800b      	strh	r3, [r1, #0]
  return USBD_FS_DeviceDesc;
}
 8007f8c:	4800      	ldr	r0, [pc, #0]	@ (8007f90 <USBD_FS_DeviceDescriptor+0x8>)
 8007f8e:	4770      	bx	lr
 8007f90:	2000002c 	.word	0x2000002c

08007f94 <USBD_FS_LangIDStrDescriptor>:
  * @retval Pointer to descriptor buffer
  */
uint8_t * USBD_FS_LangIDStrDescriptor(USBD_SpeedTypeDef speed, uint16_t *length)
{
  UNUSED(speed);
  *length = sizeof(USBD_LangIDDesc);
 8007f94:	2304      	movs	r3, #4
 8007f96:	800b      	strh	r3, [r1, #0]
  return USBD_LangIDDesc;
}
 8007f98:	4800      	ldr	r0, [pc, #0]	@ (8007f9c <USBD_FS_LangIDStrDescriptor+0x8>)
 8007f9a:	4770      	bx	lr
 8007f9c:	20000028 	.word	0x20000028

08007fa0 <IntToUnicode>:
  */
static void IntToUnicode(uint32_t value, uint8_t * pbuf, uint8_t len)
{
  uint8_t idx = 0;

  for (idx = 0; idx < len; idx++)
 8007fa0:	2300      	movs	r3, #0
 8007fa2:	4293      	cmp	r3, r2
 8007fa4:	d21e      	bcs.n	8007fe4 <IntToUnicode+0x44>
{
 8007fa6:	b500      	push	{lr}
 8007fa8:	e010      	b.n	8007fcc <IntToUnicode+0x2c>
    {
      pbuf[2 * idx] = (value >> 28) + '0';
    }
    else
    {
      pbuf[2 * idx] = (value >> 28) + 'A' - 10;
 8007faa:	f10c 0c37 	add.w	ip, ip, #55	@ 0x37
 8007fae:	f801 c013 	strb.w	ip, [r1, r3, lsl #1]
    }

    value = value << 4;
 8007fb2:	0100      	lsls	r0, r0, #4

    pbuf[2 * idx + 1] = 0;
 8007fb4:	ea4f 0c43 	mov.w	ip, r3, lsl #1
 8007fb8:	f10c 0c01 	add.w	ip, ip, #1
 8007fbc:	f04f 0e00 	mov.w	lr, #0
 8007fc0:	f801 e00c 	strb.w	lr, [r1, ip]
  for (idx = 0; idx < len; idx++)
 8007fc4:	3301      	adds	r3, #1
 8007fc6:	b2db      	uxtb	r3, r3
 8007fc8:	4293      	cmp	r3, r2
 8007fca:	d209      	bcs.n	8007fe0 <IntToUnicode+0x40>
    if (((value >> 28)) < 0xA)
 8007fcc:	ea4f 7c10 	mov.w	ip, r0, lsr #28
 8007fd0:	f1b0 4f20 	cmp.w	r0, #2684354560	@ 0xa0000000
 8007fd4:	d2e9      	bcs.n	8007faa <IntToUnicode+0xa>
      pbuf[2 * idx] = (value >> 28) + '0';
 8007fd6:	f10c 0c30 	add.w	ip, ip, #48	@ 0x30
 8007fda:	f801 c013 	strb.w	ip, [r1, r3, lsl #1]
 8007fde:	e7e8      	b.n	8007fb2 <IntToUnicode+0x12>
  }
}
 8007fe0:	f85d fb04 	ldr.w	pc, [sp], #4
 8007fe4:	4770      	bx	lr
	...

08007fe8 <Get_SerialNum>:
{
 8007fe8:	b538      	push	{r3, r4, r5, lr}
  deviceserial0 = *(uint32_t *) DEVICE_ID1;
 8007fea:	4b0b      	ldr	r3, [pc, #44]	@ (8008018 <Get_SerialNum+0x30>)
 8007fec:	f8d3 0a10 	ldr.w	r0, [r3, #2576]	@ 0xa10
  deviceserial1 = *(uint32_t *) DEVICE_ID2;
 8007ff0:	f8d3 4a14 	ldr.w	r4, [r3, #2580]	@ 0xa14
  deviceserial2 = *(uint32_t *) DEVICE_ID3;
 8007ff4:	f8d3 3a18 	ldr.w	r3, [r3, #2584]	@ 0xa18
  if (deviceserial0 != 0)
 8007ff8:	18c0      	adds	r0, r0, r3
 8007ffa:	d100      	bne.n	8007ffe <Get_SerialNum+0x16>
}
 8007ffc:	bd38      	pop	{r3, r4, r5, pc}
    IntToUnicode(deviceserial0, &USBD_StringSerial[2], 8);
 8007ffe:	4d07      	ldr	r5, [pc, #28]	@ (800801c <Get_SerialNum+0x34>)
 8008000:	2208      	movs	r2, #8
 8008002:	4629      	mov	r1, r5
 8008004:	f7ff ffcc 	bl	8007fa0 <IntToUnicode>
    IntToUnicode(deviceserial1, &USBD_StringSerial[18], 4);
 8008008:	2204      	movs	r2, #4
 800800a:	f105 0110 	add.w	r1, r5, #16
 800800e:	4620      	mov	r0, r4
 8008010:	f7ff ffc6 	bl	8007fa0 <IntToUnicode>
}
 8008014:	e7f2      	b.n	8007ffc <Get_SerialNum+0x14>
 8008016:	bf00      	nop
 8008018:	1fff7000 	.word	0x1fff7000
 800801c:	2000000e 	.word	0x2000000e

08008020 <USBD_FS_SerialStrDescriptor>:
{
 8008020:	b508      	push	{r3, lr}
  *length = USB_SIZ_STRING_SERIAL;
 8008022:	231a      	movs	r3, #26
 8008024:	800b      	strh	r3, [r1, #0]
  Get_SerialNum();
 8008026:	f7ff ffdf 	bl	8007fe8 <Get_SerialNum>
}
 800802a:	4801      	ldr	r0, [pc, #4]	@ (8008030 <USBD_FS_SerialStrDescriptor+0x10>)
 800802c:	bd08      	pop	{r3, pc}
 800802e:	bf00      	nop
 8008030:	2000000c 	.word	0x2000000c

08008034 <USBD_FS_ProductStrDescriptor>:
{
 8008034:	b508      	push	{r3, lr}
 8008036:	460a      	mov	r2, r1
  if(speed == 0)
 8008038:	b928      	cbnz	r0, 8008046 <USBD_FS_ProductStrDescriptor+0x12>
    USBD_GetString((uint8_t *)USBD_PRODUCT_STRING_FS, USBD_StrDesc, length);
 800803a:	4905      	ldr	r1, [pc, #20]	@ (8008050 <USBD_FS_ProductStrDescriptor+0x1c>)
 800803c:	4805      	ldr	r0, [pc, #20]	@ (8008054 <USBD_FS_ProductStrDescriptor+0x20>)
 800803e:	f7ff ff7f 	bl	8007f40 <USBD_GetString>
}
 8008042:	4803      	ldr	r0, [pc, #12]	@ (8008050 <USBD_FS_ProductStrDescriptor+0x1c>)
 8008044:	bd08      	pop	{r3, pc}
    USBD_GetString((uint8_t *)USBD_PRODUCT_STRING_FS, USBD_StrDesc, length);
 8008046:	4902      	ldr	r1, [pc, #8]	@ (8008050 <USBD_FS_ProductStrDescriptor+0x1c>)
 8008048:	4802      	ldr	r0, [pc, #8]	@ (8008054 <USBD_FS_ProductStrDescriptor+0x20>)
 800804a:	f7ff ff79 	bl	8007f40 <USBD_GetString>
 800804e:	e7f8      	b.n	8008042 <USBD_FS_ProductStrDescriptor+0xe>
 8008050:	20001148 	.word	0x20001148
 8008054:	08009ab4 	.word	0x08009ab4

08008058 <USBD_FS_ManufacturerStrDescriptor>:
{
 8008058:	b510      	push	{r4, lr}
 800805a:	460a      	mov	r2, r1
  USBD_GetString((uint8_t *)USBD_MANUFACTURER_STRING, USBD_StrDesc, length);
 800805c:	4c03      	ldr	r4, [pc, #12]	@ (800806c <USBD_FS_ManufacturerStrDescriptor+0x14>)
 800805e:	4621      	mov	r1, r4
 8008060:	4803      	ldr	r0, [pc, #12]	@ (8008070 <USBD_FS_ManufacturerStrDescriptor+0x18>)
 8008062:	f7ff ff6d 	bl	8007f40 <USBD_GetString>
}
 8008066:	4620      	mov	r0, r4
 8008068:	bd10      	pop	{r4, pc}
 800806a:	bf00      	nop
 800806c:	20001148 	.word	0x20001148
 8008070:	08009ac8 	.word	0x08009ac8

08008074 <USBD_FS_ConfigStrDescriptor>:
{
 8008074:	b508      	push	{r3, lr}
 8008076:	460a      	mov	r2, r1
  if(speed == USBD_SPEED_HIGH)
 8008078:	b928      	cbnz	r0, 8008086 <USBD_FS_ConfigStrDescriptor+0x12>
    USBD_GetString((uint8_t *)USBD_CONFIGURATION_STRING_FS, USBD_StrDesc, length);
 800807a:	4905      	ldr	r1, [pc, #20]	@ (8008090 <USBD_FS_ConfigStrDescriptor+0x1c>)
 800807c:	4805      	ldr	r0, [pc, #20]	@ (8008094 <USBD_FS_ConfigStrDescriptor+0x20>)
 800807e:	f7ff ff5f 	bl	8007f40 <USBD_GetString>
}
 8008082:	4803      	ldr	r0, [pc, #12]	@ (8008090 <USBD_FS_ConfigStrDescriptor+0x1c>)
 8008084:	bd08      	pop	{r3, pc}
    USBD_GetString((uint8_t *)USBD_CONFIGURATION_STRING_FS, USBD_StrDesc, length);
 8008086:	4902      	ldr	r1, [pc, #8]	@ (8008090 <USBD_FS_ConfigStrDescriptor+0x1c>)
 8008088:	4802      	ldr	r0, [pc, #8]	@ (8008094 <USBD_FS_ConfigStrDescriptor+0x20>)
 800808a:	f7ff ff59 	bl	8007f40 <USBD_GetString>
 800808e:	e7f8      	b.n	8008082 <USBD_FS_ConfigStrDescriptor+0xe>
 8008090:	20001148 	.word	0x20001148
 8008094:	08009adc 	.word	0x08009adc

08008098 <USBD_FS_InterfaceStrDescriptor>:
{
 8008098:	b508      	push	{r3, lr}
 800809a:	460a      	mov	r2, r1
  if(speed == 0)
 800809c:	b928      	cbnz	r0, 80080aa <USBD_FS_InterfaceStrDescriptor+0x12>
    USBD_GetString((uint8_t *)USBD_INTERFACE_STRING_FS, USBD_StrDesc, length);
 800809e:	4905      	ldr	r1, [pc, #20]	@ (80080b4 <USBD_FS_InterfaceStrDescriptor+0x1c>)
 80080a0:	4805      	ldr	r0, [pc, #20]	@ (80080b8 <USBD_FS_InterfaceStrDescriptor+0x20>)
 80080a2:	f7ff ff4d 	bl	8007f40 <USBD_GetString>
}
 80080a6:	4803      	ldr	r0, [pc, #12]	@ (80080b4 <USBD_FS_InterfaceStrDescriptor+0x1c>)
 80080a8:	bd08      	pop	{r3, pc}
    USBD_GetString((uint8_t *)USBD_INTERFACE_STRING_FS, USBD_StrDesc, length);
 80080aa:	4902      	ldr	r1, [pc, #8]	@ (80080b4 <USBD_FS_InterfaceStrDescriptor+0x1c>)
 80080ac:	4802      	ldr	r0, [pc, #8]	@ (80080b8 <USBD_FS_InterfaceStrDescriptor+0x20>)
 80080ae:	f7ff ff47 	bl	8007f40 <USBD_GetString>
 80080b2:	e7f8      	b.n	80080a6 <USBD_FS_InterfaceStrDescriptor+0xe>
 80080b4:	20001148 	.word	0x20001148
 80080b8:	08009ae8 	.word	0x08009ae8

080080bc <USBD_CtlSendData>:
  * @param  len: length of data to be sent
  * @retval status
  */
USBD_StatusTypeDef USBD_CtlSendData(USBD_HandleTypeDef *pdev,
                                    uint8_t *pbuf, uint32_t len)
{
 80080bc:	b508      	push	{r3, lr}
 80080be:	4613      	mov	r3, r2
  /* Set EP0 State */
  pdev->ep0_state = USBD_EP0_DATA_IN;
 80080c0:	2202      	movs	r2, #2
 80080c2:	f8c0 2294 	str.w	r2, [r0, #660]	@ 0x294
  pdev->ep_in[0].total_length = len;
 80080c6:	6143      	str	r3, [r0, #20]
  pdev->ep_in[0].pbuffer = pbuf;
 80080c8:	6241      	str	r1, [r0, #36]	@ 0x24

#ifdef USBD_AVOID_PACKET_SPLIT_MPS
  pdev->ep_in[0].rem_length = 0U;
#else
  pdev->ep_in[0].rem_length = len;
 80080ca:	6183      	str	r3, [r0, #24]
#endif /* USBD_AVOID_PACKET_SPLIT_MPS */

  /* Start the transfer */
  (void)USBD_LL_Transmit(pdev, 0x00U, pbuf, len);
 80080cc:	460a      	mov	r2, r1
 80080ce:	2100      	movs	r1, #0
 80080d0:	f7ff f9a0 	bl	8007414 <USBD_LL_Transmit>

  return USBD_OK;
}
 80080d4:	2000      	movs	r0, #0
 80080d6:	bd08      	pop	{r3, pc}

080080d8 <USBD_CtlContinueSendData>:
  * @param  len: length of data to be sent
  * @retval status
  */
USBD_StatusTypeDef USBD_CtlContinueSendData(USBD_HandleTypeDef *pdev,
                                            uint8_t *pbuf, uint32_t len)
{
 80080d8:	b508      	push	{r3, lr}
 80080da:	4613      	mov	r3, r2
  /* Start the next transfer */
  (void)USBD_LL_Transmit(pdev, 0x00U, pbuf, len);
 80080dc:	460a      	mov	r2, r1
 80080de:	2100      	movs	r1, #0
 80080e0:	f7ff f998 	bl	8007414 <USBD_LL_Transmit>

  return USBD_OK;
}
 80080e4:	2000      	movs	r0, #0
 80080e6:	bd08      	pop	{r3, pc}

080080e8 <USBD_CtlContinueRx>:
  * @param  len: length of data to be received
  * @retval status
  */
USBD_StatusTypeDef USBD_CtlContinueRx(USBD_HandleTypeDef *pdev,
                                      uint8_t *pbuf, uint32_t len)
{
 80080e8:	b508      	push	{r3, lr}
 80080ea:	4613      	mov	r3, r2
  (void)USBD_LL_PrepareReceive(pdev, 0U, pbuf, len);
 80080ec:	460a      	mov	r2, r1
 80080ee:	2100      	movs	r1, #0
 80080f0:	f7ff f998 	bl	8007424 <USBD_LL_PrepareReceive>

  return USBD_OK;
}
 80080f4:	2000      	movs	r0, #0
 80080f6:	bd08      	pop	{r3, pc}

080080f8 <USBD_CtlSendStatus>:
  *         send zero lzngth packet on the ctl pipe
  * @param  pdev: device instance
  * @retval status
  */
USBD_StatusTypeDef USBD_CtlSendStatus(USBD_HandleTypeDef *pdev)
{
 80080f8:	b508      	push	{r3, lr}
  /* Set EP0 State */
  pdev->ep0_state = USBD_EP0_STATUS_IN;
 80080fa:	2204      	movs	r2, #4
 80080fc:	f8c0 2294 	str.w	r2, [r0, #660]	@ 0x294

  /* Start the transfer */
  (void)USBD_LL_Transmit(pdev, 0x00U, NULL, 0U);
 8008100:	2300      	movs	r3, #0
 8008102:	461a      	mov	r2, r3
 8008104:	4619      	mov	r1, r3
 8008106:	f7ff f985 	bl	8007414 <USBD_LL_Transmit>

  return USBD_OK;
}
 800810a:	2000      	movs	r0, #0
 800810c:	bd08      	pop	{r3, pc}

0800810e <USBD_CtlReceiveStatus>:
  *         receive zero lzngth packet on the ctl pipe
  * @param  pdev: device instance
  * @retval status
  */
USBD_StatusTypeDef USBD_CtlReceiveStatus(USBD_HandleTypeDef *pdev)
{
 800810e:	b508      	push	{r3, lr}
  /* Set EP0 State */
  pdev->ep0_state = USBD_EP0_STATUS_OUT;
 8008110:	2205      	movs	r2, #5
 8008112:	f8c0 2294 	str.w	r2, [r0, #660]	@ 0x294

  /* Start the transfer */
  (void)USBD_LL_PrepareReceive(pdev, 0U, NULL, 0U);
 8008116:	2300      	movs	r3, #0
 8008118:	461a      	mov	r2, r3
 800811a:	4619      	mov	r1, r3
 800811c:	f7ff f982 	bl	8007424 <USBD_LL_PrepareReceive>

  return USBD_OK;
}
 8008120:	2000      	movs	r0, #0
 8008122:	bd08      	pop	{r3, pc}

08008124 <USBD_MSC_GetDeviceQualifierDescriptor>:
  * @param  length : pointer data length
  * @retval pointer to descriptor buffer
  */
uint8_t *USBD_MSC_GetDeviceQualifierDescriptor(uint16_t *length)
{
  *length = (uint16_t)sizeof(USBD_MSC_DeviceQualifierDesc);
 8008124:	230a      	movs	r3, #10
 8008126:	8003      	strh	r3, [r0, #0]

  return USBD_MSC_DeviceQualifierDesc;
}
 8008128:	4800      	ldr	r0, [pc, #0]	@ (800812c <USBD_MSC_GetDeviceQualifierDescriptor+0x8>)
 800812a:	4770      	bx	lr
 800812c:	20000060 	.word	0x20000060

08008130 <USBD_MSC_Init>:
{
 8008130:	b570      	push	{r4, r5, r6, lr}
 8008132:	4604      	mov	r4, r0
  hmsc = (USBD_MSC_BOT_HandleTypeDef *)USBD_malloc(sizeof(USBD_MSC_BOT_HandleTypeDef));
 8008134:	f44f 7021 	mov.w	r0, #644	@ 0x284
 8008138:	f7ff f922 	bl	8007380 <USBD_static_malloc>
  if (hmsc == NULL)
 800813c:	b380      	cbz	r0, 80081a0 <USBD_MSC_Init+0x70>
  pdev->pClassDataCmsit[pdev->classId] = (void *)hmsc;
 800813e:	f8d4 32d4 	ldr.w	r3, [r4, #724]	@ 0x2d4
 8008142:	33b0      	adds	r3, #176	@ 0xb0
 8008144:	f844 0023 	str.w	r0, [r4, r3, lsl #2]
  pdev->pClassData = pdev->pClassDataCmsit[pdev->classId];
 8008148:	f8c4 02bc 	str.w	r0, [r4, #700]	@ 0x2bc
  if (pdev->dev_speed == USBD_SPEED_HIGH)
 800814c:	7c23      	ldrb	r3, [r4, #16]
 800814e:	bb7b      	cbnz	r3, 80081b0 <USBD_MSC_Init+0x80>
    (void)USBD_LL_OpenEP(pdev, MSCOutEpAdd, USBD_EP_TYPE_BULK, MSC_MAX_HS_PACKET);
 8008150:	4d28      	ldr	r5, [pc, #160]	@ (80081f4 <USBD_MSC_Init+0xc4>)
 8008152:	f44f 7300 	mov.w	r3, #512	@ 0x200
 8008156:	2202      	movs	r2, #2
 8008158:	7829      	ldrb	r1, [r5, #0]
 800815a:	4620      	mov	r0, r4
 800815c:	f7ff f927 	bl	80073ae <USBD_LL_OpenEP>
    pdev->ep_out[MSCOutEpAdd & 0xFU].is_used = 1U;
 8008160:	782b      	ldrb	r3, [r5, #0]
 8008162:	f003 030f 	and.w	r3, r3, #15
 8008166:	eb03 0383 	add.w	r3, r3, r3, lsl #2
 800816a:	eb04 0383 	add.w	r3, r4, r3, lsl #2
 800816e:	2501      	movs	r5, #1
 8008170:	f883 5163 	strb.w	r5, [r3, #355]	@ 0x163
    (void)USBD_LL_OpenEP(pdev, MSCInEpAdd, USBD_EP_TYPE_BULK, MSC_MAX_HS_PACKET);
 8008174:	4e20      	ldr	r6, [pc, #128]	@ (80081f8 <USBD_MSC_Init+0xc8>)
 8008176:	f44f 7300 	mov.w	r3, #512	@ 0x200
 800817a:	2202      	movs	r2, #2
 800817c:	7831      	ldrb	r1, [r6, #0]
 800817e:	4620      	mov	r0, r4
 8008180:	f7ff f915 	bl	80073ae <USBD_LL_OpenEP>
    pdev->ep_in[MSCInEpAdd & 0xFU].is_used = 1U;
 8008184:	7833      	ldrb	r3, [r6, #0]
 8008186:	f003 030f 	and.w	r3, r3, #15
 800818a:	eb03 0383 	add.w	r3, r3, r3, lsl #2
 800818e:	eb04 0383 	add.w	r3, r4, r3, lsl #2
 8008192:	f883 5023 	strb.w	r5, [r3, #35]	@ 0x23
  MSC_BOT_Init(pdev);
 8008196:	4620      	mov	r0, r4
 8008198:	f000 f9c4 	bl	8008524 <MSC_BOT_Init>
  return (uint8_t)USBD_OK;
 800819c:	2000      	movs	r0, #0
}
 800819e:	bd70      	pop	{r4, r5, r6, pc}
    pdev->pClassDataCmsit[pdev->classId] = NULL;
 80081a0:	f8d4 32d4 	ldr.w	r3, [r4, #724]	@ 0x2d4
 80081a4:	33b0      	adds	r3, #176	@ 0xb0
 80081a6:	2200      	movs	r2, #0
 80081a8:	f844 2023 	str.w	r2, [r4, r3, lsl #2]
    return (uint8_t)USBD_EMEM;
 80081ac:	2002      	movs	r0, #2
 80081ae:	e7f6      	b.n	800819e <USBD_MSC_Init+0x6e>
    (void)USBD_LL_OpenEP(pdev, MSCOutEpAdd, USBD_EP_TYPE_BULK, MSC_MAX_FS_PACKET);
 80081b0:	4d10      	ldr	r5, [pc, #64]	@ (80081f4 <USBD_MSC_Init+0xc4>)
 80081b2:	2340      	movs	r3, #64	@ 0x40
 80081b4:	2202      	movs	r2, #2
 80081b6:	7829      	ldrb	r1, [r5, #0]
 80081b8:	4620      	mov	r0, r4
 80081ba:	f7ff f8f8 	bl	80073ae <USBD_LL_OpenEP>
    pdev->ep_out[MSCOutEpAdd & 0xFU].is_used = 1U;
 80081be:	782b      	ldrb	r3, [r5, #0]
 80081c0:	f003 030f 	and.w	r3, r3, #15
 80081c4:	eb03 0383 	add.w	r3, r3, r3, lsl #2
 80081c8:	eb04 0383 	add.w	r3, r4, r3, lsl #2
 80081cc:	2501      	movs	r5, #1
 80081ce:	f883 5163 	strb.w	r5, [r3, #355]	@ 0x163
    (void)USBD_LL_OpenEP(pdev, MSCInEpAdd, USBD_EP_TYPE_BULK, MSC_MAX_FS_PACKET);
 80081d2:	4e09      	ldr	r6, [pc, #36]	@ (80081f8 <USBD_MSC_Init+0xc8>)
 80081d4:	2340      	movs	r3, #64	@ 0x40
 80081d6:	2202      	movs	r2, #2
 80081d8:	7831      	ldrb	r1, [r6, #0]
 80081da:	4620      	mov	r0, r4
 80081dc:	f7ff f8e7 	bl	80073ae <USBD_LL_OpenEP>
    pdev->ep_in[MSCInEpAdd & 0xFU].is_used = 1U;
 80081e0:	7833      	ldrb	r3, [r6, #0]
 80081e2:	f003 030f 	and.w	r3, r3, #15
 80081e6:	eb03 0383 	add.w	r3, r3, r3, lsl #2
 80081ea:	eb04 0383 	add.w	r3, r4, r3, lsl #2
 80081ee:	f883 5023 	strb.w	r5, [r3, #35]	@ 0x23
 80081f2:	e7d0      	b.n	8008196 <USBD_MSC_Init+0x66>
 80081f4:	2000005c 	.word	0x2000005c
 80081f8:	2000005d 	.word	0x2000005d

080081fc <USBD_MSC_DeInit>:
{
 80081fc:	b570      	push	{r4, r5, r6, lr}
 80081fe:	4604      	mov	r4, r0
  (void)USBD_LL_CloseEP(pdev, MSCOutEpAdd);
 8008200:	4d1a      	ldr	r5, [pc, #104]	@ (800826c <USBD_MSC_DeInit+0x70>)
 8008202:	7829      	ldrb	r1, [r5, #0]
 8008204:	f7ff f8de 	bl	80073c4 <USBD_LL_CloseEP>
  pdev->ep_out[MSCOutEpAdd & 0xFU].is_used = 0U;
 8008208:	782b      	ldrb	r3, [r5, #0]
 800820a:	f003 030f 	and.w	r3, r3, #15
 800820e:	eb03 0383 	add.w	r3, r3, r3, lsl #2
 8008212:	eb04 0383 	add.w	r3, r4, r3, lsl #2
 8008216:	2500      	movs	r5, #0
 8008218:	f883 5163 	strb.w	r5, [r3, #355]	@ 0x163
  (void)USBD_LL_CloseEP(pdev, MSCInEpAdd);
 800821c:	4e14      	ldr	r6, [pc, #80]	@ (8008270 <USBD_MSC_DeInit+0x74>)
 800821e:	7831      	ldrb	r1, [r6, #0]
 8008220:	4620      	mov	r0, r4
 8008222:	f7ff f8cf 	bl	80073c4 <USBD_LL_CloseEP>
  pdev->ep_in[MSCInEpAdd & 0xFU].is_used = 0U;
 8008226:	7833      	ldrb	r3, [r6, #0]
 8008228:	f003 030f 	and.w	r3, r3, #15
 800822c:	eb03 0383 	add.w	r3, r3, r3, lsl #2
 8008230:	eb04 0383 	add.w	r3, r4, r3, lsl #2
 8008234:	f883 5023 	strb.w	r5, [r3, #35]	@ 0x23
  if (pdev->pClassDataCmsit[pdev->classId] != NULL)
 8008238:	f8d4 32d4 	ldr.w	r3, [r4, #724]	@ 0x2d4
 800823c:	33b0      	adds	r3, #176	@ 0xb0
 800823e:	f854 3023 	ldr.w	r3, [r4, r3, lsl #2]
 8008242:	b183      	cbz	r3, 8008266 <USBD_MSC_DeInit+0x6a>
    MSC_BOT_DeInit(pdev);
 8008244:	4620      	mov	r0, r4
 8008246:	f000 f9bf 	bl	80085c8 <MSC_BOT_DeInit>
    (void)USBD_free(pdev->pClassDataCmsit[pdev->classId]);
 800824a:	f8d4 32d4 	ldr.w	r3, [r4, #724]	@ 0x2d4
 800824e:	33b0      	adds	r3, #176	@ 0xb0
 8008250:	f854 0023 	ldr.w	r0, [r4, r3, lsl #2]
 8008254:	f7ff f898 	bl	8007388 <USBD_static_free>
    pdev->pClassDataCmsit[pdev->classId]  = NULL;
 8008258:	f8d4 32d4 	ldr.w	r3, [r4, #724]	@ 0x2d4
 800825c:	33b0      	adds	r3, #176	@ 0xb0
 800825e:	f844 5023 	str.w	r5, [r4, r3, lsl #2]
    pdev->pClassData = NULL;
 8008262:	f8c4 52bc 	str.w	r5, [r4, #700]	@ 0x2bc
}
 8008266:	2000      	movs	r0, #0
 8008268:	bd70      	pop	{r4, r5, r6, pc}
 800826a:	bf00      	nop
 800826c:	2000005c 	.word	0x2000005c
 8008270:	2000005d 	.word	0x2000005d

08008274 <USBD_MSC_Setup>:
{
 8008274:	e92d 41f0 	stmdb	sp!, {r4, r5, r6, r7, r8, lr}
 8008278:	b082      	sub	sp, #8
  USBD_MSC_BOT_HandleTypeDef *hmsc = (USBD_MSC_BOT_HandleTypeDef *)pdev->pClassDataCmsit[pdev->classId];
 800827a:	f8d0 22d4 	ldr.w	r2, [r0, #724]	@ 0x2d4
 800827e:	f102 03b0 	add.w	r3, r2, #176	@ 0xb0
 8008282:	f850 7023 	ldr.w	r7, [r0, r3, lsl #2]
  uint16_t status_info = 0U;
 8008286:	2300      	movs	r3, #0
 8008288:	f8ad 3006 	strh.w	r3, [sp, #6]
  if (hmsc == NULL)
 800828c:	2f00      	cmp	r7, #0
 800828e:	f000 808f 	beq.w	80083b0 <USBD_MSC_Setup+0x13c>
 8008292:	4604      	mov	r4, r0
 8008294:	460d      	mov	r5, r1
  switch (req->bmRequest & USB_REQ_TYPE_MASK)
 8008296:	780b      	ldrb	r3, [r1, #0]
 8008298:	f013 0660 	ands.w	r6, r3, #96	@ 0x60
 800829c:	d03b      	beq.n	8008316 <USBD_MSC_Setup+0xa2>
 800829e:	2e20      	cmp	r6, #32
 80082a0:	d17f      	bne.n	80083a2 <USBD_MSC_Setup+0x12e>
      switch (req->bRequest)
 80082a2:	7849      	ldrb	r1, [r1, #1]
 80082a4:	29fe      	cmp	r1, #254	@ 0xfe
 80082a6:	d006      	beq.n	80082b6 <USBD_MSC_Setup+0x42>
 80082a8:	29ff      	cmp	r1, #255	@ 0xff
 80082aa:	d023      	beq.n	80082f4 <USBD_MSC_Setup+0x80>
          USBD_CtlError(pdev, req);
 80082ac:	4629      	mov	r1, r5
 80082ae:	f7ff faed 	bl	800788c <USBD_CtlError>
          ret = USBD_FAIL;
 80082b2:	2603      	movs	r6, #3
          break;
 80082b4:	e078      	b.n	80083a8 <USBD_MSC_Setup+0x134>
          if ((req->wValue  == 0U) && (req->wLength == 1U) &&
 80082b6:	8869      	ldrh	r1, [r5, #2]
 80082b8:	b911      	cbnz	r1, 80082c0 <USBD_MSC_Setup+0x4c>
 80082ba:	88e9      	ldrh	r1, [r5, #6]
 80082bc:	2901      	cmp	r1, #1
 80082be:	d005      	beq.n	80082cc <USBD_MSC_Setup+0x58>
            USBD_CtlError(pdev, req);
 80082c0:	4629      	mov	r1, r5
 80082c2:	4620      	mov	r0, r4
 80082c4:	f7ff fae2 	bl	800788c <USBD_CtlError>
            ret = USBD_FAIL;
 80082c8:	2603      	movs	r6, #3
 80082ca:	e06d      	b.n	80083a8 <USBD_MSC_Setup+0x134>
          if ((req->wValue  == 0U) && (req->wLength == 1U) &&
 80082cc:	f013 0f80 	tst.w	r3, #128	@ 0x80
 80082d0:	d0f6      	beq.n	80082c0 <USBD_MSC_Setup+0x4c>
            max_lun = (uint32_t)((USBD_StorageTypeDef *)pdev->pUserData[pdev->classId])->GetMaxLun();
 80082d2:	32b0      	adds	r2, #176	@ 0xb0
 80082d4:	eb00 0282 	add.w	r2, r0, r2, lsl #2
 80082d8:	6853      	ldr	r3, [r2, #4]
 80082da:	699b      	ldr	r3, [r3, #24]
 80082dc:	4798      	blx	r3
            hmsc->max_lun = (max_lun > MSC_BOT_MAX_LUN) ? MSC_BOT_MAX_LUN : max_lun;
 80082de:	2802      	cmp	r0, #2
 80082e0:	bf28      	it	cs
 80082e2:	2002      	movcs	r0, #2
 80082e4:	6038      	str	r0, [r7, #0]
            (void)USBD_CtlSendData(pdev, (uint8_t *)&hmsc->max_lun, 1U);
 80082e6:	2201      	movs	r2, #1
 80082e8:	4639      	mov	r1, r7
 80082ea:	4620      	mov	r0, r4
 80082ec:	f7ff fee6 	bl	80080bc <USBD_CtlSendData>
  USBD_StatusTypeDef ret = USBD_OK;
 80082f0:	2600      	movs	r6, #0
            (void)USBD_CtlSendData(pdev, (uint8_t *)&hmsc->max_lun, 1U);
 80082f2:	e059      	b.n	80083a8 <USBD_MSC_Setup+0x134>
          if ((req->wValue  == 0U) && (req->wLength == 0U) &&
 80082f4:	886a      	ldrh	r2, [r5, #2]
 80082f6:	b942      	cbnz	r2, 800830a <USBD_MSC_Setup+0x96>
 80082f8:	88ea      	ldrh	r2, [r5, #6]
 80082fa:	b932      	cbnz	r2, 800830a <USBD_MSC_Setup+0x96>
 80082fc:	f013 0f80 	tst.w	r3, #128	@ 0x80
 8008300:	d103      	bne.n	800830a <USBD_MSC_Setup+0x96>
            MSC_BOT_Reset(pdev);
 8008302:	f000 f93f 	bl	8008584 <MSC_BOT_Reset>
  USBD_StatusTypeDef ret = USBD_OK;
 8008306:	2600      	movs	r6, #0
            MSC_BOT_Reset(pdev);
 8008308:	e04e      	b.n	80083a8 <USBD_MSC_Setup+0x134>
            USBD_CtlError(pdev, req);
 800830a:	4629      	mov	r1, r5
 800830c:	4620      	mov	r0, r4
 800830e:	f7ff fabd 	bl	800788c <USBD_CtlError>
            ret = USBD_FAIL;
 8008312:	2603      	movs	r6, #3
 8008314:	e048      	b.n	80083a8 <USBD_MSC_Setup+0x134>
      switch (req->bRequest)
 8008316:	f891 8001 	ldrb.w	r8, [r1, #1]
 800831a:	f1b8 0f0b 	cmp.w	r8, #11
 800831e:	d83c      	bhi.n	800839a <USBD_MSC_Setup+0x126>
 8008320:	e8df f008 	tbb	[pc, r8]
 8008324:	3b3b2d06 	.word	0x3b3b2d06
 8008328:	3b3b3b3b 	.word	0x3b3b3b3b
 800832c:	22153b3b 	.word	0x22153b3b
          if (pdev->dev_state == USBD_STATE_CONFIGURED)
 8008330:	f890 329c 	ldrb.w	r3, [r0, #668]	@ 0x29c
 8008334:	2b03      	cmp	r3, #3
 8008336:	d003      	beq.n	8008340 <USBD_MSC_Setup+0xcc>
            USBD_CtlError(pdev, req);
 8008338:	f7ff faa8 	bl	800788c <USBD_CtlError>
            ret = USBD_FAIL;
 800833c:	2603      	movs	r6, #3
 800833e:	e033      	b.n	80083a8 <USBD_MSC_Setup+0x134>
            (void)USBD_CtlSendData(pdev, (uint8_t *)&status_info, 2U);
 8008340:	2202      	movs	r2, #2
 8008342:	f10d 0106 	add.w	r1, sp, #6
 8008346:	f7ff feb9 	bl	80080bc <USBD_CtlSendData>
  USBD_StatusTypeDef ret = USBD_OK;
 800834a:	4646      	mov	r6, r8
 800834c:	e02c      	b.n	80083a8 <USBD_MSC_Setup+0x134>
          if (pdev->dev_state == USBD_STATE_CONFIGURED)
 800834e:	f890 329c 	ldrb.w	r3, [r0, #668]	@ 0x29c
 8008352:	2b03      	cmp	r3, #3
 8008354:	d003      	beq.n	800835e <USBD_MSC_Setup+0xea>
            USBD_CtlError(pdev, req);
 8008356:	f7ff fa99 	bl	800788c <USBD_CtlError>
            ret = USBD_FAIL;
 800835a:	2603      	movs	r6, #3
 800835c:	e024      	b.n	80083a8 <USBD_MSC_Setup+0x134>
            (void)USBD_CtlSendData(pdev, (uint8_t *)&hmsc->interface, 1U);
 800835e:	2201      	movs	r2, #1
 8008360:	1d39      	adds	r1, r7, #4
 8008362:	f7ff feab 	bl	80080bc <USBD_CtlSendData>
 8008366:	e01f      	b.n	80083a8 <USBD_MSC_Setup+0x134>
          if (pdev->dev_state == USBD_STATE_CONFIGURED)
 8008368:	f890 329c 	ldrb.w	r3, [r0, #668]	@ 0x29c
 800836c:	2b03      	cmp	r3, #3
 800836e:	d102      	bne.n	8008376 <USBD_MSC_Setup+0x102>
            hmsc->interface = (uint8_t)(req->wValue);
 8008370:	788b      	ldrb	r3, [r1, #2]
 8008372:	607b      	str	r3, [r7, #4]
 8008374:	e018      	b.n	80083a8 <USBD_MSC_Setup+0x134>
            USBD_CtlError(pdev, req);
 8008376:	f7ff fa89 	bl	800788c <USBD_CtlError>
            ret = USBD_FAIL;
 800837a:	2603      	movs	r6, #3
 800837c:	e014      	b.n	80083a8 <USBD_MSC_Setup+0x134>
          if (pdev->dev_state == USBD_STATE_CONFIGURED)
 800837e:	f890 329c 	ldrb.w	r3, [r0, #668]	@ 0x29c
 8008382:	2b03      	cmp	r3, #3
 8008384:	d110      	bne.n	80083a8 <USBD_MSC_Setup+0x134>
            if (req->wValue == USB_FEATURE_EP_HALT)
 8008386:	884b      	ldrh	r3, [r1, #2]
 8008388:	b973      	cbnz	r3, 80083a8 <USBD_MSC_Setup+0x134>
              (void)USBD_LL_FlushEP(pdev, (uint8_t)req->wIndex);
 800838a:	7909      	ldrb	r1, [r1, #4]
 800838c:	f7ff f822 	bl	80073d4 <USBD_LL_FlushEP>
              MSC_BOT_CplClrFeature(pdev, (uint8_t)req->wIndex);
 8008390:	7929      	ldrb	r1, [r5, #4]
 8008392:	4620      	mov	r0, r4
 8008394:	f000 f9e4 	bl	8008760 <MSC_BOT_CplClrFeature>
 8008398:	e006      	b.n	80083a8 <USBD_MSC_Setup+0x134>
          USBD_CtlError(pdev, req);
 800839a:	f7ff fa77 	bl	800788c <USBD_CtlError>
          ret = USBD_FAIL;
 800839e:	2603      	movs	r6, #3
          break;
 80083a0:	e002      	b.n	80083a8 <USBD_MSC_Setup+0x134>
      USBD_CtlError(pdev, req);
 80083a2:	f7ff fa73 	bl	800788c <USBD_CtlError>
      ret = USBD_FAIL;
 80083a6:	2603      	movs	r6, #3
}
 80083a8:	4630      	mov	r0, r6
 80083aa:	b002      	add	sp, #8
 80083ac:	e8bd 81f0 	ldmia.w	sp!, {r4, r5, r6, r7, r8, pc}
    return (uint8_t)USBD_FAIL;
 80083b0:	2603      	movs	r6, #3
 80083b2:	e7f9      	b.n	80083a8 <USBD_MSC_Setup+0x134>

080083b4 <USBD_MSC_DataIn>:
{
 80083b4:	b508      	push	{r3, lr}
  MSC_BOT_DataIn(pdev, epnum);
 80083b6:	f000 f937 	bl	8008628 <MSC_BOT_DataIn>
}
 80083ba:	2000      	movs	r0, #0
 80083bc:	bd08      	pop	{r3, pc}

080083be <USBD_MSC_DataOut>:
{
 80083be:	b508      	push	{r3, lr}
  MSC_BOT_DataOut(pdev, epnum);
 80083c0:	f000 f9b0 	bl	8008724 <MSC_BOT_DataOut>
}
 80083c4:	2000      	movs	r0, #0
 80083c6:	bd08      	pop	{r3, pc}

080083c8 <USBD_MSC_GetHSCfgDesc>:
{
 80083c8:	b570      	push	{r4, r5, r6, lr}
 80083ca:	4605      	mov	r5, r0
  USBD_EpDescTypeDef *pEpInDesc = USBD_GetEpDesc(USBD_MSC_CfgDesc, MSC_EPIN_ADDR);
 80083cc:	4e0b      	ldr	r6, [pc, #44]	@ (80083fc <USBD_MSC_GetHSCfgDesc+0x34>)
 80083ce:	2181      	movs	r1, #129	@ 0x81
 80083d0:	4630      	mov	r0, r6
 80083d2:	f7ff fa1e 	bl	8007812 <USBD_GetEpDesc>
 80083d6:	4604      	mov	r4, r0
  USBD_EpDescTypeDef *pEpOutDesc = USBD_GetEpDesc(USBD_MSC_CfgDesc, MSC_EPOUT_ADDR);
 80083d8:	2101      	movs	r1, #1
 80083da:	4630      	mov	r0, r6
 80083dc:	f7ff fa19 	bl	8007812 <USBD_GetEpDesc>
  if (pEpInDesc != NULL)
 80083e0:	b11c      	cbz	r4, 80083ea <USBD_MSC_GetHSCfgDesc+0x22>
    pEpInDesc->wMaxPacketSize = MSC_MAX_HS_PACKET;
 80083e2:	2200      	movs	r2, #0
 80083e4:	7122      	strb	r2, [r4, #4]
 80083e6:	2202      	movs	r2, #2
 80083e8:	7162      	strb	r2, [r4, #5]
  if (pEpOutDesc != NULL)
 80083ea:	b118      	cbz	r0, 80083f4 <USBD_MSC_GetHSCfgDesc+0x2c>
    pEpOutDesc->wMaxPacketSize = MSC_MAX_HS_PACKET;
 80083ec:	2200      	movs	r2, #0
 80083ee:	7102      	strb	r2, [r0, #4]
 80083f0:	2202      	movs	r2, #2
 80083f2:	7142      	strb	r2, [r0, #5]
  *length = (uint16_t)sizeof(USBD_MSC_CfgDesc);
 80083f4:	2320      	movs	r3, #32
 80083f6:	802b      	strh	r3, [r5, #0]
}
 80083f8:	4800      	ldr	r0, [pc, #0]	@ (80083fc <USBD_MSC_GetHSCfgDesc+0x34>)
 80083fa:	bd70      	pop	{r4, r5, r6, pc}
 80083fc:	2000006c 	.word	0x2000006c

08008400 <USBD_MSC_GetFSCfgDesc>:
{
 8008400:	b570      	push	{r4, r5, r6, lr}
 8008402:	4605      	mov	r5, r0
  USBD_EpDescTypeDef *pEpInDesc = USBD_GetEpDesc(USBD_MSC_CfgDesc, MSC_EPIN_ADDR);
 8008404:	4e0b      	ldr	r6, [pc, #44]	@ (8008434 <USBD_MSC_GetFSCfgDesc+0x34>)
 8008406:	2181      	movs	r1, #129	@ 0x81
 8008408:	4630      	mov	r0, r6
 800840a:	f7ff fa02 	bl	8007812 <USBD_GetEpDesc>
 800840e:	4604      	mov	r4, r0
  USBD_EpDescTypeDef *pEpOutDesc = USBD_GetEpDesc(USBD_MSC_CfgDesc, MSC_EPOUT_ADDR);
 8008410:	2101      	movs	r1, #1
 8008412:	4630      	mov	r0, r6
 8008414:	f7ff f9fd 	bl	8007812 <USBD_GetEpDesc>
  if (pEpInDesc != NULL)
 8008418:	b11c      	cbz	r4, 8008422 <USBD_MSC_GetFSCfgDesc+0x22>
    pEpInDesc->wMaxPacketSize = MSC_MAX_FS_PACKET;
 800841a:	2240      	movs	r2, #64	@ 0x40
 800841c:	7122      	strb	r2, [r4, #4]
 800841e:	2200      	movs	r2, #0
 8008420:	7162      	strb	r2, [r4, #5]
  if (pEpOutDesc != NULL)
 8008422:	b118      	cbz	r0, 800842c <USBD_MSC_GetFSCfgDesc+0x2c>
    pEpOutDesc->wMaxPacketSize = MSC_MAX_FS_PACKET;
 8008424:	2240      	movs	r2, #64	@ 0x40
 8008426:	7102      	strb	r2, [r0, #4]
 8008428:	2200      	movs	r2, #0
 800842a:	7142      	strb	r2, [r0, #5]
  *length = (uint16_t)sizeof(USBD_MSC_CfgDesc);
 800842c:	2320      	movs	r3, #32
 800842e:	802b      	strh	r3, [r5, #0]
}
 8008430:	4800      	ldr	r0, [pc, #0]	@ (8008434 <USBD_MSC_GetFSCfgDesc+0x34>)
 8008432:	bd70      	pop	{r4, r5, r6, pc}
 8008434:	2000006c 	.word	0x2000006c

08008438 <USBD_MSC_GetOtherSpeedCfgDesc>:
{
 8008438:	b570      	push	{r4, r5, r6, lr}
 800843a:	4605      	mov	r5, r0
  USBD_EpDescTypeDef *pEpInDesc = USBD_GetEpDesc(USBD_MSC_CfgDesc, MSC_EPIN_ADDR);
 800843c:	4e0b      	ldr	r6, [pc, #44]	@ (800846c <USBD_MSC_GetOtherSpeedCfgDesc+0x34>)
 800843e:	2181      	movs	r1, #129	@ 0x81
 8008440:	4630      	mov	r0, r6
 8008442:	f7ff f9e6 	bl	8007812 <USBD_GetEpDesc>
 8008446:	4604      	mov	r4, r0
  USBD_EpDescTypeDef *pEpOutDesc = USBD_GetEpDesc(USBD_MSC_CfgDesc, MSC_EPOUT_ADDR);
 8008448:	2101      	movs	r1, #1
 800844a:	4630      	mov	r0, r6
 800844c:	f7ff f9e1 	bl	8007812 <USBD_GetEpDesc>
  if (pEpInDesc != NULL)
 8008450:	b11c      	cbz	r4, 800845a <USBD_MSC_GetOtherSpeedCfgDesc+0x22>
    pEpInDesc->wMaxPacketSize = MSC_MAX_FS_PACKET;
 8008452:	2240      	movs	r2, #64	@ 0x40
 8008454:	7122      	strb	r2, [r4, #4]
 8008456:	2200      	movs	r2, #0
 8008458:	7162      	strb	r2, [r4, #5]
  if (pEpOutDesc != NULL)
 800845a:	b118      	cbz	r0, 8008464 <USBD_MSC_GetOtherSpeedCfgDesc+0x2c>
    pEpOutDesc->wMaxPacketSize = MSC_MAX_FS_PACKET;
 800845c:	2240      	movs	r2, #64	@ 0x40
 800845e:	7102      	strb	r2, [r0, #4]
 8008460:	2200      	movs	r2, #0
 8008462:	7142      	strb	r2, [r0, #5]
  *length = (uint16_t)sizeof(USBD_MSC_CfgDesc);
 8008464:	2320      	movs	r3, #32
 8008466:	802b      	strh	r3, [r5, #0]
}
 8008468:	4800      	ldr	r0, [pc, #0]	@ (800846c <USBD_MSC_GetOtherSpeedCfgDesc+0x34>)
 800846a:	bd70      	pop	{r4, r5, r6, pc}
 800846c:	2000006c 	.word	0x2000006c

08008470 <USBD_MSC_RegisterStorage>:
  * @param  fops: storage callback
  * @retval status
  */
uint8_t USBD_MSC_RegisterStorage(USBD_HandleTypeDef *pdev, USBD_StorageTypeDef *fops)
{
  if (fops == NULL)
 8008470:	b139      	cbz	r1, 8008482 <USBD_MSC_RegisterStorage+0x12>
  {
    return (uint8_t)USBD_FAIL;
  }

  pdev->pUserData[pdev->classId] = fops;
 8008472:	f8d0 32d4 	ldr.w	r3, [r0, #724]	@ 0x2d4
 8008476:	33b0      	adds	r3, #176	@ 0xb0
 8008478:	eb00 0083 	add.w	r0, r0, r3, lsl #2
 800847c:	6041      	str	r1, [r0, #4]

  return (uint8_t)USBD_OK;
 800847e:	2000      	movs	r0, #0
 8008480:	4770      	bx	lr
    return (uint8_t)USBD_FAIL;
 8008482:	2003      	movs	r0, #3
}
 8008484:	4770      	bx	lr
	...

08008488 <MSC_BOT_SendData>:
  * @param  buf: pointer to data buffer
  * @param  len: Data Length
  * @retval None
  */
static void  MSC_BOT_SendData(USBD_HandleTypeDef *pdev, uint8_t *pbuf, uint32_t len)
{
 8008488:	b538      	push	{r3, r4, r5, lr}
  USBD_MSC_BOT_HandleTypeDef *hmsc = (USBD_MSC_BOT_HandleTypeDef *)pdev->pClassDataCmsit[pdev->classId];
 800848a:	f8d0 42d4 	ldr.w	r4, [r0, #724]	@ 0x2d4
 800848e:	34b0      	adds	r4, #176	@ 0xb0
 8008490:	f850 4024 	ldr.w	r4, [r0, r4, lsl #2]
  /* Get the Endpoints addresses allocated for this class instance */
  MSCInEpAdd  = USBD_CoreGetEPAdd(pdev, USBD_EP_IN, USBD_EP_TYPE_BULK, (uint8_t)pdev->classId);
  MSCOutEpAdd = USBD_CoreGetEPAdd(pdev, USBD_EP_OUT, USBD_EP_TYPE_BULK, (uint8_t)pdev->classId);
#endif /* USE_USBD_COMPOSITE */

  if (hmsc == NULL)
 8008494:	b1a4      	cbz	r4, 80084c0 <MSC_BOT_SendData+0x38>
 8008496:	4613      	mov	r3, r2
  {
    return;
  }

  length = MIN(hmsc->cbw.dDataLength, len);
 8008498:	f8d4 5218 	ldr.w	r5, [r4, #536]	@ 0x218

  hmsc->csw.dDataResidue -= len;
 800849c:	f8d4 2238 	ldr.w	r2, [r4, #568]	@ 0x238
 80084a0:	1ad2      	subs	r2, r2, r3
 80084a2:	f8c4 2238 	str.w	r2, [r4, #568]	@ 0x238
  hmsc->csw.bStatus = USBD_CSW_CMD_PASSED;
 80084a6:	2200      	movs	r2, #0
 80084a8:	f884 223c 	strb.w	r2, [r4, #572]	@ 0x23c
  hmsc->bot_state = USBD_BOT_SEND_DATA;
 80084ac:	2204      	movs	r2, #4
 80084ae:	7222      	strb	r2, [r4, #8]

  (void)USBD_LL_Transmit(pdev, MSCInEpAdd, pbuf, length);
 80084b0:	42ab      	cmp	r3, r5
 80084b2:	bf28      	it	cs
 80084b4:	462b      	movcs	r3, r5
 80084b6:	460a      	mov	r2, r1
 80084b8:	4902      	ldr	r1, [pc, #8]	@ (80084c4 <MSC_BOT_SendData+0x3c>)
 80084ba:	7809      	ldrb	r1, [r1, #0]
 80084bc:	f7fe ffaa 	bl	8007414 <USBD_LL_Transmit>
}
 80084c0:	bd38      	pop	{r3, r4, r5, pc}
 80084c2:	bf00      	nop
 80084c4:	2000005d 	.word	0x2000005d

080084c8 <MSC_BOT_Abort>:
  * @param  pdev: device instance
  * @retval status
  */

static void  MSC_BOT_Abort(USBD_HandleTypeDef *pdev)
{
 80084c8:	b538      	push	{r3, r4, r5, lr}
  USBD_MSC_BOT_HandleTypeDef *hmsc = (USBD_MSC_BOT_HandleTypeDef *)pdev->pClassDataCmsit[pdev->classId];
 80084ca:	f8d0 32d4 	ldr.w	r3, [r0, #724]	@ 0x2d4
 80084ce:	33b0      	adds	r3, #176	@ 0xb0
 80084d0:	f850 5023 	ldr.w	r5, [r0, r3, lsl #2]
  /* Get the Endpoints addresses allocated for this class instance */
  MSCInEpAdd  = USBD_CoreGetEPAdd(pdev, USBD_EP_IN, USBD_EP_TYPE_BULK, (uint8_t)pdev->classId);
  MSCOutEpAdd = USBD_CoreGetEPAdd(pdev, USBD_EP_OUT, USBD_EP_TYPE_BULK, (uint8_t)pdev->classId);
#endif /* USE_USBD_COMPOSITE */

  if (hmsc == NULL)
 80084d4:	b185      	cbz	r5, 80084f8 <MSC_BOT_Abort+0x30>
 80084d6:	4604      	mov	r4, r0
  {
    return;
  }

  if ((hmsc->cbw.bmFlags == 0U) &&
 80084d8:	f895 321c 	ldrb.w	r3, [r5, #540]	@ 0x21c
 80084dc:	b923      	cbnz	r3, 80084e8 <MSC_BOT_Abort+0x20>
      (hmsc->cbw.dDataLength != 0U) &&
 80084de:	f8d5 3218 	ldr.w	r3, [r5, #536]	@ 0x218
  if ((hmsc->cbw.bmFlags == 0U) &&
 80084e2:	b10b      	cbz	r3, 80084e8 <MSC_BOT_Abort+0x20>
      (hmsc->bot_status == USBD_BOT_STATUS_NORMAL))
 80084e4:	7a6b      	ldrb	r3, [r5, #9]
      (hmsc->cbw.dDataLength != 0U) &&
 80084e6:	b143      	cbz	r3, 80084fa <MSC_BOT_Abort+0x32>
  {
    (void)USBD_LL_StallEP(pdev, MSCOutEpAdd);
  }

  (void)USBD_LL_StallEP(pdev, MSCInEpAdd);
 80084e8:	4b0c      	ldr	r3, [pc, #48]	@ (800851c <MSC_BOT_Abort+0x54>)
 80084ea:	7819      	ldrb	r1, [r3, #0]
 80084ec:	4620      	mov	r0, r4
 80084ee:	f7fe ff79 	bl	80073e4 <USBD_LL_StallEP>

  if (hmsc->bot_status == USBD_BOT_STATUS_ERROR)
 80084f2:	7a6b      	ldrb	r3, [r5, #9]
 80084f4:	2b02      	cmp	r3, #2
 80084f6:	d005      	beq.n	8008504 <MSC_BOT_Abort+0x3c>
  {
    (void)USBD_LL_StallEP(pdev, MSCInEpAdd);
    (void)USBD_LL_StallEP(pdev, MSCOutEpAdd);
  }
}
 80084f8:	bd38      	pop	{r3, r4, r5, pc}
    (void)USBD_LL_StallEP(pdev, MSCOutEpAdd);
 80084fa:	4b09      	ldr	r3, [pc, #36]	@ (8008520 <MSC_BOT_Abort+0x58>)
 80084fc:	7819      	ldrb	r1, [r3, #0]
 80084fe:	f7fe ff71 	bl	80073e4 <USBD_LL_StallEP>
 8008502:	e7f1      	b.n	80084e8 <MSC_BOT_Abort+0x20>
    (void)USBD_LL_StallEP(pdev, MSCInEpAdd);
 8008504:	4b05      	ldr	r3, [pc, #20]	@ (800851c <MSC_BOT_Abort+0x54>)
 8008506:	7819      	ldrb	r1, [r3, #0]
 8008508:	4620      	mov	r0, r4
 800850a:	f7fe ff6b 	bl	80073e4 <USBD_LL_StallEP>
    (void)USBD_LL_StallEP(pdev, MSCOutEpAdd);
 800850e:	4b04      	ldr	r3, [pc, #16]	@ (8008520 <MSC_BOT_Abort+0x58>)
 8008510:	7819      	ldrb	r1, [r3, #0]
 8008512:	4620      	mov	r0, r4
 8008514:	f7fe ff66 	bl	80073e4 <USBD_LL_StallEP>
 8008518:	e7ee      	b.n	80084f8 <MSC_BOT_Abort+0x30>
 800851a:	bf00      	nop
 800851c:	2000005d 	.word	0x2000005d
 8008520:	2000005c 	.word	0x2000005c

08008524 <MSC_BOT_Init>:
{
 8008524:	b570      	push	{r4, r5, r6, lr}
  USBD_MSC_BOT_HandleTypeDef *hmsc = (USBD_MSC_BOT_HandleTypeDef *)pdev->pClassDataCmsit[pdev->classId];
 8008526:	f8d0 32d4 	ldr.w	r3, [r0, #724]	@ 0x2d4
 800852a:	33b0      	adds	r3, #176	@ 0xb0
 800852c:	f850 5023 	ldr.w	r5, [r0, r3, lsl #2]
  if (hmsc == NULL)
 8008530:	b315      	cbz	r5, 8008578 <MSC_BOT_Init+0x54>
 8008532:	4604      	mov	r4, r0
  hmsc->bot_state = USBD_BOT_IDLE;
 8008534:	2000      	movs	r0, #0
 8008536:	7228      	strb	r0, [r5, #8]
  hmsc->bot_status = USBD_BOT_STATUS_NORMAL;
 8008538:	7268      	strb	r0, [r5, #9]
  hmsc->scsi_sense_tail = 0U;
 800853a:	f885 0261 	strb.w	r0, [r5, #609]	@ 0x261
  hmsc->scsi_sense_head = 0U;
 800853e:	f885 0260 	strb.w	r0, [r5, #608]	@ 0x260
  hmsc->scsi_medium_state = SCSI_MEDIUM_UNLOCKED;
 8008542:	f885 0262 	strb.w	r0, [r5, #610]	@ 0x262
  ((USBD_StorageTypeDef *)pdev->pUserData[pdev->classId])->Init(0U);
 8008546:	f8d4 32d4 	ldr.w	r3, [r4, #724]	@ 0x2d4
 800854a:	33b0      	adds	r3, #176	@ 0xb0
 800854c:	eb04 0383 	add.w	r3, r4, r3, lsl #2
 8008550:	685b      	ldr	r3, [r3, #4]
 8008552:	681b      	ldr	r3, [r3, #0]
 8008554:	4798      	blx	r3
  (void)USBD_LL_FlushEP(pdev, MSCOutEpAdd);
 8008556:	4e09      	ldr	r6, [pc, #36]	@ (800857c <MSC_BOT_Init+0x58>)
 8008558:	7831      	ldrb	r1, [r6, #0]
 800855a:	4620      	mov	r0, r4
 800855c:	f7fe ff3a 	bl	80073d4 <USBD_LL_FlushEP>
  (void)USBD_LL_FlushEP(pdev, MSCInEpAdd);
 8008560:	4b07      	ldr	r3, [pc, #28]	@ (8008580 <MSC_BOT_Init+0x5c>)
 8008562:	7819      	ldrb	r1, [r3, #0]
 8008564:	4620      	mov	r0, r4
 8008566:	f7fe ff35 	bl	80073d4 <USBD_LL_FlushEP>
  (void)USBD_LL_PrepareReceive(pdev, MSCOutEpAdd, (uint8_t *)&hmsc->cbw,
 800856a:	231f      	movs	r3, #31
 800856c:	f505 7204 	add.w	r2, r5, #528	@ 0x210
 8008570:	7831      	ldrb	r1, [r6, #0]
 8008572:	4620      	mov	r0, r4
 8008574:	f7fe ff56 	bl	8007424 <USBD_LL_PrepareReceive>
}
 8008578:	bd70      	pop	{r4, r5, r6, pc}
 800857a:	bf00      	nop
 800857c:	2000005c 	.word	0x2000005c
 8008580:	2000005d 	.word	0x2000005d

08008584 <MSC_BOT_Reset>:
{
 8008584:	b570      	push	{r4, r5, r6, lr}
  USBD_MSC_BOT_HandleTypeDef *hmsc = (USBD_MSC_BOT_HandleTypeDef *)pdev->pClassDataCmsit[pdev->classId];
 8008586:	f8d0 32d4 	ldr.w	r3, [r0, #724]	@ 0x2d4
 800858a:	33b0      	adds	r3, #176	@ 0xb0
 800858c:	f850 5023 	ldr.w	r5, [r0, r3, lsl #2]
  if (hmsc == NULL)
 8008590:	b1a5      	cbz	r5, 80085bc <MSC_BOT_Reset+0x38>
 8008592:	4604      	mov	r4, r0
  hmsc->bot_state  = USBD_BOT_IDLE;
 8008594:	2300      	movs	r3, #0
 8008596:	722b      	strb	r3, [r5, #8]
  hmsc->bot_status = USBD_BOT_STATUS_RECOVERY;
 8008598:	2301      	movs	r3, #1
 800859a:	726b      	strb	r3, [r5, #9]
  (void)USBD_LL_ClearStallEP(pdev, MSCInEpAdd);
 800859c:	4b08      	ldr	r3, [pc, #32]	@ (80085c0 <MSC_BOT_Reset+0x3c>)
 800859e:	7819      	ldrb	r1, [r3, #0]
 80085a0:	f7fe ff28 	bl	80073f4 <USBD_LL_ClearStallEP>
  (void)USBD_LL_ClearStallEP(pdev, MSCOutEpAdd);
 80085a4:	4e07      	ldr	r6, [pc, #28]	@ (80085c4 <MSC_BOT_Reset+0x40>)
 80085a6:	7831      	ldrb	r1, [r6, #0]
 80085a8:	4620      	mov	r0, r4
 80085aa:	f7fe ff23 	bl	80073f4 <USBD_LL_ClearStallEP>
  (void)USBD_LL_PrepareReceive(pdev, MSCOutEpAdd, (uint8_t *)&hmsc->cbw,
 80085ae:	231f      	movs	r3, #31
 80085b0:	f505 7204 	add.w	r2, r5, #528	@ 0x210
 80085b4:	7831      	ldrb	r1, [r6, #0]
 80085b6:	4620      	mov	r0, r4
 80085b8:	f7fe ff34 	bl	8007424 <USBD_LL_PrepareReceive>
}
 80085bc:	bd70      	pop	{r4, r5, r6, pc}
 80085be:	bf00      	nop
 80085c0:	2000005d 	.word	0x2000005d
 80085c4:	2000005c 	.word	0x2000005c

080085c8 <MSC_BOT_DeInit>:
  USBD_MSC_BOT_HandleTypeDef *hmsc = (USBD_MSC_BOT_HandleTypeDef *)pdev->pClassDataCmsit[pdev->classId];
 80085c8:	f8d0 32d4 	ldr.w	r3, [r0, #724]	@ 0x2d4
 80085cc:	33b0      	adds	r3, #176	@ 0xb0
 80085ce:	f850 3023 	ldr.w	r3, [r0, r3, lsl #2]
  if (hmsc != NULL)
 80085d2:	b10b      	cbz	r3, 80085d8 <MSC_BOT_DeInit+0x10>
    hmsc->bot_state = USBD_BOT_IDLE;
 80085d4:	2200      	movs	r2, #0
 80085d6:	721a      	strb	r2, [r3, #8]
}
 80085d8:	4770      	bx	lr
	...

080085dc <MSC_BOT_SendCSW>:
{
 80085dc:	b538      	push	{r3, r4, r5, lr}
  USBD_MSC_BOT_HandleTypeDef *hmsc = (USBD_MSC_BOT_HandleTypeDef *)pdev->pClassDataCmsit[pdev->classId];
 80085de:	f8d0 32d4 	ldr.w	r3, [r0, #724]	@ 0x2d4
 80085e2:	33b0      	adds	r3, #176	@ 0xb0
 80085e4:	f850 5023 	ldr.w	r5, [r0, r3, lsl #2]
  if (hmsc == NULL)
 80085e8:	b1b5      	cbz	r5, 8008618 <MSC_BOT_SendCSW+0x3c>
 80085ea:	4604      	mov	r4, r0
  hmsc->csw.dSignature = USBD_BOT_CSW_SIGNATURE;
 80085ec:	4b0b      	ldr	r3, [pc, #44]	@ (800861c <MSC_BOT_SendCSW+0x40>)
 80085ee:	f8c5 3230 	str.w	r3, [r5, #560]	@ 0x230
  hmsc->csw.bStatus = CSW_Status;
 80085f2:	f885 123c 	strb.w	r1, [r5, #572]	@ 0x23c
  hmsc->bot_state = USBD_BOT_IDLE;
 80085f6:	2300      	movs	r3, #0
 80085f8:	722b      	strb	r3, [r5, #8]
  (void)USBD_LL_Transmit(pdev, MSCInEpAdd, (uint8_t *)&hmsc->csw,
 80085fa:	230d      	movs	r3, #13
 80085fc:	f505 720c 	add.w	r2, r5, #560	@ 0x230
 8008600:	4907      	ldr	r1, [pc, #28]	@ (8008620 <MSC_BOT_SendCSW+0x44>)
 8008602:	7809      	ldrb	r1, [r1, #0]
 8008604:	f7fe ff06 	bl	8007414 <USBD_LL_Transmit>
  (void)USBD_LL_PrepareReceive(pdev, MSCOutEpAdd, (uint8_t *)&hmsc->cbw,
 8008608:	231f      	movs	r3, #31
 800860a:	f505 7204 	add.w	r2, r5, #528	@ 0x210
 800860e:	4905      	ldr	r1, [pc, #20]	@ (8008624 <MSC_BOT_SendCSW+0x48>)
 8008610:	7809      	ldrb	r1, [r1, #0]
 8008612:	4620      	mov	r0, r4
 8008614:	f7fe ff06 	bl	8007424 <USBD_LL_PrepareReceive>
}
 8008618:	bd38      	pop	{r3, r4, r5, pc}
 800861a:	bf00      	nop
 800861c:	53425355 	.word	0x53425355
 8008620:	2000005d 	.word	0x2000005d
 8008624:	2000005c 	.word	0x2000005c

08008628 <MSC_BOT_DataIn>:
  USBD_MSC_BOT_HandleTypeDef *hmsc = (USBD_MSC_BOT_HandleTypeDef *)pdev->pClassDataCmsit[pdev->classId];
 8008628:	f8d0 32d4 	ldr.w	r3, [r0, #724]	@ 0x2d4
 800862c:	33b0      	adds	r3, #176	@ 0xb0
 800862e:	f850 1023 	ldr.w	r1, [r0, r3, lsl #2]
  if (hmsc == NULL)
 8008632:	b1d1      	cbz	r1, 800866a <MSC_BOT_DataIn+0x42>
{
 8008634:	b510      	push	{r4, lr}
 8008636:	4604      	mov	r4, r0
  switch (hmsc->bot_state)
 8008638:	7a0b      	ldrb	r3, [r1, #8]
 800863a:	2b02      	cmp	r3, #2
 800863c:	d008      	beq.n	8008650 <MSC_BOT_DataIn+0x28>
 800863e:	d306      	bcc.n	800864e <MSC_BOT_DataIn+0x26>
 8008640:	3b03      	subs	r3, #3
 8008642:	b2db      	uxtb	r3, r3
 8008644:	2b01      	cmp	r3, #1
 8008646:	d802      	bhi.n	800864e <MSC_BOT_DataIn+0x26>
      MSC_BOT_SendCSW(pdev, USBD_CSW_CMD_PASSED);
 8008648:	2100      	movs	r1, #0
 800864a:	f7ff ffc7 	bl	80085dc <MSC_BOT_SendCSW>
}
 800864e:	bd10      	pop	{r4, pc}
      if (SCSI_ProcessCmd(pdev, hmsc->cbw.bLUN, &hmsc->cbw.CB[0]) < 0)
 8008650:	f201 221f 	addw	r2, r1, #543	@ 0x21f
 8008654:	f891 121d 	ldrb.w	r1, [r1, #541]	@ 0x21d
 8008658:	f000 fed5 	bl	8009406 <SCSI_ProcessCmd>
 800865c:	2800      	cmp	r0, #0
 800865e:	daf6      	bge.n	800864e <MSC_BOT_DataIn+0x26>
        MSC_BOT_SendCSW(pdev, USBD_CSW_CMD_FAILED);
 8008660:	2101      	movs	r1, #1
 8008662:	4620      	mov	r0, r4
 8008664:	f7ff ffba 	bl	80085dc <MSC_BOT_SendCSW>
 8008668:	e7f1      	b.n	800864e <MSC_BOT_DataIn+0x26>
 800866a:	4770      	bx	lr

0800866c <MSC_BOT_CBW_Decode>:
{
 800866c:	b538      	push	{r3, r4, r5, lr}
  USBD_MSC_BOT_HandleTypeDef *hmsc = (USBD_MSC_BOT_HandleTypeDef *)pdev->pClassDataCmsit[pdev->classId];
 800866e:	f8d0 32d4 	ldr.w	r3, [r0, #724]	@ 0x2d4
 8008672:	33b0      	adds	r3, #176	@ 0xb0
 8008674:	f850 5023 	ldr.w	r5, [r0, r3, lsl #2]
  if (hmsc == NULL)
 8008678:	b1fd      	cbz	r5, 80086ba <MSC_BOT_CBW_Decode+0x4e>
 800867a:	4604      	mov	r4, r0
  hmsc->csw.dTag = hmsc->cbw.dTag;
 800867c:	f8d5 3214 	ldr.w	r3, [r5, #532]	@ 0x214
 8008680:	f8c5 3234 	str.w	r3, [r5, #564]	@ 0x234
  hmsc->csw.dDataResidue = hmsc->cbw.dDataLength;
 8008684:	f8d5 3218 	ldr.w	r3, [r5, #536]	@ 0x218
 8008688:	f8c5 3238 	str.w	r3, [r5, #568]	@ 0x238
  if ((USBD_LL_GetRxDataSize(pdev, MSCOutEpAdd) != USBD_BOT_CBW_LENGTH) ||
 800868c:	4b23      	ldr	r3, [pc, #140]	@ (800871c <MSC_BOT_CBW_Decode+0xb0>)
 800868e:	7819      	ldrb	r1, [r3, #0]
 8008690:	f7fe fe70 	bl	8007374 <USBD_LL_GetRxDataSize>
 8008694:	281f      	cmp	r0, #31
 8008696:	d104      	bne.n	80086a2 <MSC_BOT_CBW_Decode+0x36>
      (hmsc->cbw.dSignature != USBD_BOT_CBW_SIGNATURE) ||
 8008698:	f8d5 2210 	ldr.w	r2, [r5, #528]	@ 0x210
  if ((USBD_LL_GetRxDataSize(pdev, MSCOutEpAdd) != USBD_BOT_CBW_LENGTH) ||
 800869c:	4b20      	ldr	r3, [pc, #128]	@ (8008720 <MSC_BOT_CBW_Decode+0xb4>)
 800869e:	429a      	cmp	r2, r3
 80086a0:	d00c      	beq.n	80086bc <MSC_BOT_CBW_Decode+0x50>
    SCSI_SenseCode(pdev, hmsc->cbw.bLUN, ILLEGAL_REQUEST, INVALID_CDB);
 80086a2:	2320      	movs	r3, #32
 80086a4:	2205      	movs	r2, #5
 80086a6:	f895 121d 	ldrb.w	r1, [r5, #541]	@ 0x21d
 80086aa:	4620      	mov	r0, r4
 80086ac:	f000 f94a 	bl	8008944 <SCSI_SenseCode>
    hmsc->bot_status = USBD_BOT_STATUS_ERROR;
 80086b0:	2302      	movs	r3, #2
 80086b2:	726b      	strb	r3, [r5, #9]
    MSC_BOT_Abort(pdev);
 80086b4:	4620      	mov	r0, r4
 80086b6:	f7ff ff07 	bl	80084c8 <MSC_BOT_Abort>
}
 80086ba:	bd38      	pop	{r3, r4, r5, pc}
      (hmsc->cbw.bLUN > hmsc->max_lun) || (hmsc->cbw.bCBLength < 1U) ||
 80086bc:	f895 121d 	ldrb.w	r1, [r5, #541]	@ 0x21d
 80086c0:	682b      	ldr	r3, [r5, #0]
      (hmsc->cbw.dSignature != USBD_BOT_CBW_SIGNATURE) ||
 80086c2:	4299      	cmp	r1, r3
 80086c4:	d8ed      	bhi.n	80086a2 <MSC_BOT_CBW_Decode+0x36>
      (hmsc->cbw.bLUN > hmsc->max_lun) || (hmsc->cbw.bCBLength < 1U) ||
 80086c6:	f895 321e 	ldrb.w	r3, [r5, #542]	@ 0x21e
 80086ca:	2b00      	cmp	r3, #0
 80086cc:	d0e9      	beq.n	80086a2 <MSC_BOT_CBW_Decode+0x36>
 80086ce:	2b10      	cmp	r3, #16
 80086d0:	d8e7      	bhi.n	80086a2 <MSC_BOT_CBW_Decode+0x36>
    if (SCSI_ProcessCmd(pdev, hmsc->cbw.bLUN, &hmsc->cbw.CB[0]) < 0)
 80086d2:	f205 221f 	addw	r2, r5, #543	@ 0x21f
 80086d6:	4620      	mov	r0, r4
 80086d8:	f000 fe95 	bl	8009406 <SCSI_ProcessCmd>
 80086dc:	2800      	cmp	r0, #0
 80086de:	db0c      	blt.n	80086fa <MSC_BOT_CBW_Decode+0x8e>
    else if ((hmsc->bot_state != USBD_BOT_DATA_IN) &&
 80086e0:	7a2b      	ldrb	r3, [r5, #8]
             (hmsc->bot_state != USBD_BOT_DATA_OUT) &&
 80086e2:	3b01      	subs	r3, #1
 80086e4:	b2db      	uxtb	r3, r3
    else if ((hmsc->bot_state != USBD_BOT_DATA_IN) &&
 80086e6:	2b02      	cmp	r3, #2
 80086e8:	d9e7      	bls.n	80086ba <MSC_BOT_CBW_Decode+0x4e>
      if (hmsc->bot_data_length > 0U)
 80086ea:	68ea      	ldr	r2, [r5, #12]
 80086ec:	b18a      	cbz	r2, 8008712 <MSC_BOT_CBW_Decode+0xa6>
        MSC_BOT_SendData(pdev, hmsc->bot_data, hmsc->bot_data_length);
 80086ee:	f105 0110 	add.w	r1, r5, #16
 80086f2:	4620      	mov	r0, r4
 80086f4:	f7ff fec8 	bl	8008488 <MSC_BOT_SendData>
 80086f8:	e7df      	b.n	80086ba <MSC_BOT_CBW_Decode+0x4e>
      if (hmsc->bot_state == USBD_BOT_NO_DATA)
 80086fa:	7a2b      	ldrb	r3, [r5, #8]
 80086fc:	2b05      	cmp	r3, #5
 80086fe:	d003      	beq.n	8008708 <MSC_BOT_CBW_Decode+0x9c>
        MSC_BOT_Abort(pdev);
 8008700:	4620      	mov	r0, r4
 8008702:	f7ff fee1 	bl	80084c8 <MSC_BOT_Abort>
 8008706:	e7d8      	b.n	80086ba <MSC_BOT_CBW_Decode+0x4e>
        MSC_BOT_SendCSW(pdev, USBD_CSW_CMD_FAILED);
 8008708:	2101      	movs	r1, #1
 800870a:	4620      	mov	r0, r4
 800870c:	f7ff ff66 	bl	80085dc <MSC_BOT_SendCSW>
 8008710:	e7d3      	b.n	80086ba <MSC_BOT_CBW_Decode+0x4e>
        MSC_BOT_SendCSW(pdev, USBD_CSW_CMD_PASSED);
 8008712:	2100      	movs	r1, #0
 8008714:	4620      	mov	r0, r4
 8008716:	f7ff ff61 	bl	80085dc <MSC_BOT_SendCSW>
 800871a:	e7ce      	b.n	80086ba <MSC_BOT_CBW_Decode+0x4e>
 800871c:	2000005c 	.word	0x2000005c
 8008720:	43425355 	.word	0x43425355

08008724 <MSC_BOT_DataOut>:
  USBD_MSC_BOT_HandleTypeDef *hmsc = (USBD_MSC_BOT_HandleTypeDef *)pdev->pClassDataCmsit[pdev->classId];
 8008724:	f8d0 32d4 	ldr.w	r3, [r0, #724]	@ 0x2d4
 8008728:	33b0      	adds	r3, #176	@ 0xb0
 800872a:	f850 3023 	ldr.w	r3, [r0, r3, lsl #2]
  if (hmsc == NULL)
 800872e:	b1ab      	cbz	r3, 800875c <MSC_BOT_DataOut+0x38>
{
 8008730:	b510      	push	{r4, lr}
 8008732:	4604      	mov	r4, r0
  switch (hmsc->bot_state)
 8008734:	7a1a      	ldrb	r2, [r3, #8]
 8008736:	b172      	cbz	r2, 8008756 <MSC_BOT_DataOut+0x32>
 8008738:	2a01      	cmp	r2, #1
 800873a:	d10e      	bne.n	800875a <MSC_BOT_DataOut+0x36>
      if (SCSI_ProcessCmd(pdev, hmsc->cbw.bLUN, &hmsc->cbw.CB[0]) < 0)
 800873c:	f203 221f 	addw	r2, r3, #543	@ 0x21f
 8008740:	f893 121d 	ldrb.w	r1, [r3, #541]	@ 0x21d
 8008744:	f000 fe5f 	bl	8009406 <SCSI_ProcessCmd>
 8008748:	2800      	cmp	r0, #0
 800874a:	da06      	bge.n	800875a <MSC_BOT_DataOut+0x36>
        MSC_BOT_SendCSW(pdev, USBD_CSW_CMD_FAILED);
 800874c:	2101      	movs	r1, #1
 800874e:	4620      	mov	r0, r4
 8008750:	f7ff ff44 	bl	80085dc <MSC_BOT_SendCSW>
 8008754:	e001      	b.n	800875a <MSC_BOT_DataOut+0x36>
      MSC_BOT_CBW_Decode(pdev);
 8008756:	f7ff ff89 	bl	800866c <MSC_BOT_CBW_Decode>
}
 800875a:	bd10      	pop	{r4, pc}
 800875c:	4770      	bx	lr
	...

08008760 <MSC_BOT_CplClrFeature>:
  * @retval None
  */

void  MSC_BOT_CplClrFeature(USBD_HandleTypeDef *pdev, uint8_t epnum)
{
  USBD_MSC_BOT_HandleTypeDef *hmsc = (USBD_MSC_BOT_HandleTypeDef *)pdev->pClassDataCmsit[pdev->classId];
 8008760:	f8d0 32d4 	ldr.w	r3, [r0, #724]	@ 0x2d4
 8008764:	33b0      	adds	r3, #176	@ 0xb0
 8008766:	f850 3023 	ldr.w	r3, [r0, r3, lsl #2]
  /* Get the Endpoints addresses allocated for this class instance */
  MSCInEpAdd  = USBD_CoreGetEPAdd(pdev, USBD_EP_IN, USBD_EP_TYPE_BULK, (uint8_t)pdev->classId);
  MSCOutEpAdd = USBD_CoreGetEPAdd(pdev, USBD_EP_OUT, USBD_EP_TYPE_BULK, (uint8_t)pdev->classId);
#endif /* USE_USBD_COMPOSITE */

  if (hmsc == NULL)
 800876a:	b1bb      	cbz	r3, 800879c <MSC_BOT_CplClrFeature+0x3c>
{
 800876c:	b510      	push	{r4, lr}
 800876e:	4604      	mov	r4, r0
  {
    return;
  }

  if (hmsc->bot_status == USBD_BOT_STATUS_ERROR) /* Bad CBW Signature */
 8008770:	7a5b      	ldrb	r3, [r3, #9]
 8008772:	2b02      	cmp	r3, #2
 8008774:	d008      	beq.n	8008788 <MSC_BOT_CplClrFeature+0x28>
  {
    (void)USBD_LL_StallEP(pdev, MSCInEpAdd);
    (void)USBD_LL_StallEP(pdev, MSCOutEpAdd);
  }
  else if (((epnum & 0x80U) == 0x80U) && (hmsc->bot_status != USBD_BOT_STATUS_RECOVERY))
 8008776:	f011 0f80 	tst.w	r1, #128	@ 0x80
 800877a:	d004      	beq.n	8008786 <MSC_BOT_CplClrFeature+0x26>
 800877c:	2b01      	cmp	r3, #1
 800877e:	d002      	beq.n	8008786 <MSC_BOT_CplClrFeature+0x26>
  {
    MSC_BOT_SendCSW(pdev, USBD_CSW_CMD_FAILED);
 8008780:	2101      	movs	r1, #1
 8008782:	f7ff ff2b 	bl	80085dc <MSC_BOT_SendCSW>
  }
  else
  {
    return;
  }
}
 8008786:	bd10      	pop	{r4, pc}
    (void)USBD_LL_StallEP(pdev, MSCInEpAdd);
 8008788:	4b05      	ldr	r3, [pc, #20]	@ (80087a0 <MSC_BOT_CplClrFeature+0x40>)
 800878a:	7819      	ldrb	r1, [r3, #0]
 800878c:	f7fe fe2a 	bl	80073e4 <USBD_LL_StallEP>
    (void)USBD_LL_StallEP(pdev, MSCOutEpAdd);
 8008790:	4b04      	ldr	r3, [pc, #16]	@ (80087a4 <MSC_BOT_CplClrFeature+0x44>)
 8008792:	7819      	ldrb	r1, [r3, #0]
 8008794:	4620      	mov	r0, r4
 8008796:	f7fe fe25 	bl	80073e4 <USBD_LL_StallEP>
 800879a:	e7f4      	b.n	8008786 <MSC_BOT_CplClrFeature+0x26>
 800879c:	4770      	bx	lr
 800879e:	bf00      	nop
 80087a0:	2000005d 	.word	0x2000005d
 80087a4:	2000005c 	.word	0x2000005c

080087a8 <SCSI_AllowPreventRemovable>:
  * @retval status
  */
static int8_t SCSI_AllowPreventRemovable(USBD_HandleTypeDef *pdev, uint8_t lun, uint8_t *params)
{
  UNUSED(lun);
  USBD_MSC_BOT_HandleTypeDef *hmsc = (USBD_MSC_BOT_HandleTypeDef *)pdev->pClassDataCmsit[pdev->classId];
 80087a8:	f8d0 32d4 	ldr.w	r3, [r0, #724]	@ 0x2d4
 80087ac:	33b0      	adds	r3, #176	@ 0xb0
 80087ae:	f850 3023 	ldr.w	r3, [r0, r3, lsl #2]

  if (hmsc == NULL)
 80087b2:	b153      	cbz	r3, 80087ca <SCSI_AllowPreventRemovable+0x22>
  {
    return -1;
  }

  if (params[4] == 0U)
 80087b4:	7912      	ldrb	r2, [r2, #4]
 80087b6:	b922      	cbnz	r2, 80087c2 <SCSI_AllowPreventRemovable+0x1a>
  {
    hmsc->scsi_medium_state = SCSI_MEDIUM_UNLOCKED;
 80087b8:	f883 2262 	strb.w	r2, [r3, #610]	@ 0x262
  else
  {
    hmsc->scsi_medium_state = SCSI_MEDIUM_LOCKED;
  }

  hmsc->bot_data_length = 0U;
 80087bc:	2000      	movs	r0, #0
 80087be:	60d8      	str	r0, [r3, #12]

  return 0;
 80087c0:	4770      	bx	lr
    hmsc->scsi_medium_state = SCSI_MEDIUM_LOCKED;
 80087c2:	2201      	movs	r2, #1
 80087c4:	f883 2262 	strb.w	r2, [r3, #610]	@ 0x262
 80087c8:	e7f8      	b.n	80087bc <SCSI_AllowPreventRemovable+0x14>
    return -1;
 80087ca:	f04f 30ff 	mov.w	r0, #4294967295
}
 80087ce:	4770      	bx	lr

080087d0 <SCSI_UpdateBotData>:
static int8_t SCSI_UpdateBotData(USBD_MSC_BOT_HandleTypeDef *hmsc,
                                 uint8_t *pBuff, uint16_t length)
{
  uint16_t len = length;

  if (hmsc == NULL)
 80087d0:	4684      	mov	ip, r0
 80087d2:	b158      	cbz	r0, 80087ec <SCSI_UpdateBotData+0x1c>
  {
    return -1;
  }

  hmsc->bot_data_length = len;
 80087d4:	60c2      	str	r2, [r0, #12]

  while (len != 0U)
 80087d6:	e005      	b.n	80087e4 <SCSI_UpdateBotData+0x14>
  {
    len--;
 80087d8:	3a01      	subs	r2, #1
 80087da:	b292      	uxth	r2, r2
    hmsc->bot_data[len] = pBuff[len];
 80087dc:	5c88      	ldrb	r0, [r1, r2]
 80087de:	eb0c 0302 	add.w	r3, ip, r2
 80087e2:	7418      	strb	r0, [r3, #16]
  while (len != 0U)
 80087e4:	2a00      	cmp	r2, #0
 80087e6:	d1f7      	bne.n	80087d8 <SCSI_UpdateBotData+0x8>
  }

  return 0;
 80087e8:	2000      	movs	r0, #0
 80087ea:	4770      	bx	lr
    return -1;
 80087ec:	f04f 30ff 	mov.w	r0, #4294967295
}
 80087f0:	4770      	bx	lr
	...

080087f4 <SCSI_ModeSense6>:
{
 80087f4:	b570      	push	{r4, r5, r6, lr}
 80087f6:	4603      	mov	r3, r0
 80087f8:	4608      	mov	r0, r1
  USBD_MSC_BOT_HandleTypeDef *hmsc = (USBD_MSC_BOT_HandleTypeDef *)pdev->pClassDataCmsit[pdev->classId];
 80087fa:	f8d3 42d4 	ldr.w	r4, [r3, #724]	@ 0x2d4
 80087fe:	f104 01b0 	add.w	r1, r4, #176	@ 0xb0
 8008802:	f853 5021 	ldr.w	r5, [r3, r1, lsl #2]
  if (hmsc == NULL)
 8008806:	b1dd      	cbz	r5, 8008840 <SCSI_ModeSense6+0x4c>
 8008808:	4616      	mov	r6, r2
  if (((USBD_StorageTypeDef *)pdev->pUserData[pdev->classId])->IsWriteProtected(lun) != 0)
 800880a:	eb03 0381 	add.w	r3, r3, r1, lsl #2
 800880e:	685b      	ldr	r3, [r3, #4]
 8008810:	68db      	ldr	r3, [r3, #12]
 8008812:	4798      	blx	r3
 8008814:	b170      	cbz	r0, 8008834 <SCSI_ModeSense6+0x40>
    MSC_Mode_Sense6_data[2] |= (0x1U << 7); /* Set the WP (write protection) bit */
 8008816:	4a0c      	ldr	r2, [pc, #48]	@ (8008848 <SCSI_ModeSense6+0x54>)
 8008818:	7893      	ldrb	r3, [r2, #2]
 800881a:	f063 037f 	orn	r3, r3, #127	@ 0x7f
 800881e:	7093      	strb	r3, [r2, #2]
  if (params[4] <= len)
 8008820:	7932      	ldrb	r2, [r6, #4]
 8008822:	2a04      	cmp	r2, #4
 8008824:	d900      	bls.n	8008828 <SCSI_ModeSense6+0x34>
  uint16_t len = MODE_SENSE6_LEN;
 8008826:	2204      	movs	r2, #4
  (void)SCSI_UpdateBotData(hmsc, MSC_Mode_Sense6_data, len);
 8008828:	4907      	ldr	r1, [pc, #28]	@ (8008848 <SCSI_ModeSense6+0x54>)
 800882a:	4628      	mov	r0, r5
 800882c:	f7ff ffd0 	bl	80087d0 <SCSI_UpdateBotData>
  return 0;
 8008830:	2000      	movs	r0, #0
}
 8008832:	bd70      	pop	{r4, r5, r6, pc}
    MSC_Mode_Sense10_data[2] &= ~(0x1U << 7); /* Clear the WP (write protection) bit */
 8008834:	4a05      	ldr	r2, [pc, #20]	@ (800884c <SCSI_ModeSense6+0x58>)
 8008836:	7893      	ldrb	r3, [r2, #2]
 8008838:	f003 037f 	and.w	r3, r3, #127	@ 0x7f
 800883c:	7093      	strb	r3, [r2, #2]
 800883e:	e7ef      	b.n	8008820 <SCSI_ModeSense6+0x2c>
    return -1;
 8008840:	f04f 30ff 	mov.w	r0, #4294967295
 8008844:	e7f5      	b.n	8008832 <SCSI_ModeSense6+0x3e>
 8008846:	bf00      	nop
 8008848:	200000cc 	.word	0x200000cc
 800884c:	200000c4 	.word	0x200000c4

08008850 <SCSI_ModeSense10>:
{
 8008850:	b570      	push	{r4, r5, r6, lr}
 8008852:	4603      	mov	r3, r0
 8008854:	4608      	mov	r0, r1
  USBD_MSC_BOT_HandleTypeDef *hmsc = (USBD_MSC_BOT_HandleTypeDef *)pdev->pClassDataCmsit[pdev->classId];
 8008856:	f8d3 42d4 	ldr.w	r4, [r3, #724]	@ 0x2d4
 800885a:	f104 01b0 	add.w	r1, r4, #176	@ 0xb0
 800885e:	f853 5021 	ldr.w	r5, [r3, r1, lsl #2]
  if (hmsc == NULL)
 8008862:	b1dd      	cbz	r5, 800889c <SCSI_ModeSense10+0x4c>
 8008864:	4616      	mov	r6, r2
  if (((USBD_StorageTypeDef *)pdev->pUserData[pdev->classId])->IsWriteProtected(lun) != 0)
 8008866:	eb03 0381 	add.w	r3, r3, r1, lsl #2
 800886a:	685b      	ldr	r3, [r3, #4]
 800886c:	68db      	ldr	r3, [r3, #12]
 800886e:	4798      	blx	r3
 8008870:	b170      	cbz	r0, 8008890 <SCSI_ModeSense10+0x40>
    MSC_Mode_Sense10_data[3] |= (0x1U << 7); /* Set the WP (write protection) bit */
 8008872:	4a0c      	ldr	r2, [pc, #48]	@ (80088a4 <SCSI_ModeSense10+0x54>)
 8008874:	78d3      	ldrb	r3, [r2, #3]
 8008876:	f063 037f 	orn	r3, r3, #127	@ 0x7f
 800887a:	70d3      	strb	r3, [r2, #3]
  if (params[8] <= len)
 800887c:	7a32      	ldrb	r2, [r6, #8]
 800887e:	2a08      	cmp	r2, #8
 8008880:	d900      	bls.n	8008884 <SCSI_ModeSense10+0x34>
  uint16_t len = MODE_SENSE10_LEN;
 8008882:	2208      	movs	r2, #8
  (void)SCSI_UpdateBotData(hmsc, MSC_Mode_Sense10_data, len);
 8008884:	4907      	ldr	r1, [pc, #28]	@ (80088a4 <SCSI_ModeSense10+0x54>)
 8008886:	4628      	mov	r0, r5
 8008888:	f7ff ffa2 	bl	80087d0 <SCSI_UpdateBotData>
  return 0;
 800888c:	2000      	movs	r0, #0
}
 800888e:	bd70      	pop	{r4, r5, r6, pc}
    MSC_Mode_Sense10_data[3] &= ~(0x1U << 7); /* Clear the WP (write protection) bit */
 8008890:	4a04      	ldr	r2, [pc, #16]	@ (80088a4 <SCSI_ModeSense10+0x54>)
 8008892:	78d3      	ldrb	r3, [r2, #3]
 8008894:	f003 037f 	and.w	r3, r3, #127	@ 0x7f
 8008898:	70d3      	strb	r3, [r2, #3]
 800889a:	e7ef      	b.n	800887c <SCSI_ModeSense10+0x2c>
    return -1;
 800889c:	f04f 30ff 	mov.w	r0, #4294967295
 80088a0:	e7f5      	b.n	800888e <SCSI_ModeSense10+0x3e>
 80088a2:	bf00      	nop
 80088a4:	200000c4 	.word	0x200000c4

080088a8 <SCSI_ReceiveDiagnosticResults>:
{
 80088a8:	b508      	push	{r3, lr}
  USBD_MSC_BOT_HandleTypeDef *hmsc = (USBD_MSC_BOT_HandleTypeDef *)pdev->pClassDataCmsit[pdev->classId];
 80088aa:	f8d0 32d4 	ldr.w	r3, [r0, #724]	@ 0x2d4
 80088ae:	33b0      	adds	r3, #176	@ 0xb0
 80088b0:	f850 0023 	ldr.w	r0, [r0, r3, lsl #2]
  allocation_length = (((uint16_t)params[3] << 8) | (uint16_t)params[4]);
 80088b4:	78d3      	ldrb	r3, [r2, #3]
 80088b6:	7912      	ldrb	r2, [r2, #4]
  if (allocation_length == 0U)
 80088b8:	ea52 2203 	orrs.w	r2, r2, r3, lsl #8
 80088bc:	d005      	beq.n	80088ca <SCSI_ReceiveDiagnosticResults+0x22>
  if (allocation_length > DIAGNOSTIC_DATA_LEN)
 80088be:	2a08      	cmp	r2, #8
 80088c0:	d900      	bls.n	80088c4 <SCSI_ReceiveDiagnosticResults+0x1c>
    allocation_length = DIAGNOSTIC_DATA_LEN;
 80088c2:	2208      	movs	r2, #8
  (void)SCSI_UpdateBotData(hmsc, MSC_Diagnostic_Data, allocation_length);
 80088c4:	4902      	ldr	r1, [pc, #8]	@ (80088d0 <SCSI_ReceiveDiagnosticResults+0x28>)
 80088c6:	f7ff ff83 	bl	80087d0 <SCSI_UpdateBotData>
}
 80088ca:	2000      	movs	r0, #0
 80088cc:	bd08      	pop	{r3, pc}
 80088ce:	bf00      	nop
 80088d0:	20001348 	.word	0x20001348

080088d4 <SCSI_ReportLuns>:
{
 80088d4:	b508      	push	{r3, lr}
  hmsc = (USBD_MSC_BOT_HandleTypeDef *)pdev->pClassDataCmsit[pdev->classId];
 80088d6:	f8d0 32d4 	ldr.w	r3, [r0, #724]	@ 0x2d4
 80088da:	33b0      	adds	r3, #176	@ 0xb0
 80088dc:	f850 0023 	ldr.w	r0, [r0, r3, lsl #2]
  if (hmsc == NULL)
 80088e0:	b350      	cbz	r0, 8008938 <SCSI_ReportLuns+0x64>
  (void)USBD_memset(lun_report, 0, sizeof(lun_report));
 80088e2:	4917      	ldr	r1, [pc, #92]	@ (8008940 <SCSI_ReportLuns+0x6c>)
 80088e4:	2300      	movs	r3, #0
 80088e6:	600b      	str	r3, [r1, #0]
 80088e8:	604b      	str	r3, [r1, #4]
 80088ea:	608b      	str	r3, [r1, #8]
 80088ec:	60cb      	str	r3, [r1, #12]
 80088ee:	610b      	str	r3, [r1, #16]
 80088f0:	614b      	str	r3, [r1, #20]
  lun_list_length = 8U * (hmsc->max_lun + 1U);
 80088f2:	6802      	ldr	r2, [r0, #0]
 80088f4:	f102 0c01 	add.w	ip, r2, #1
 80088f8:	ea4f 0ecc 	mov.w	lr, ip, lsl #3
  lun_report[0] = (uint8_t)(lun_list_length >> 24);
 80088fc:	f3cc 5247 	ubfx	r2, ip, #21, #8
 8008900:	700a      	strb	r2, [r1, #0]
  lun_report[1] = (uint8_t)(lun_list_length >> 16);
 8008902:	f3cc 3247 	ubfx	r2, ip, #13, #8
 8008906:	704a      	strb	r2, [r1, #1]
  lun_report[2] = (uint8_t)(lun_list_length >> 8);
 8008908:	f3cc 1c47 	ubfx	ip, ip, #5, #8
 800890c:	f881 c002 	strb.w	ip, [r1, #2]
  lun_report[3] = (uint8_t)(lun_list_length & 0xFFU);
 8008910:	f881 e003 	strb.w	lr, [r1, #3]
  for (lun_idx = 0U; lun_idx <= hmsc->max_lun; lun_idx++)
 8008914:	e005      	b.n	8008922 <SCSI_ReportLuns+0x4e>
    lun_report[(8U * (lun_idx + 1U)) + 1U] = lun_idx;
 8008916:	00d9      	lsls	r1, r3, #3
 8008918:	3109      	adds	r1, #9
 800891a:	4a09      	ldr	r2, [pc, #36]	@ (8008940 <SCSI_ReportLuns+0x6c>)
 800891c:	5453      	strb	r3, [r2, r1]
  for (lun_idx = 0U; lun_idx <= hmsc->max_lun; lun_idx++)
 800891e:	3301      	adds	r3, #1
 8008920:	b2db      	uxtb	r3, r3
 8008922:	6801      	ldr	r1, [r0, #0]
 8008924:	428b      	cmp	r3, r1
 8008926:	d9f6      	bls.n	8008916 <SCSI_ReportLuns+0x42>
  total_length = lun_list_length + 8U;
 8008928:	f10e 0208 	add.w	r2, lr, #8
  (void)SCSI_UpdateBotData(hmsc, lun_report, (uint16_t)total_length);
 800892c:	b292      	uxth	r2, r2
 800892e:	4904      	ldr	r1, [pc, #16]	@ (8008940 <SCSI_ReportLuns+0x6c>)
 8008930:	f7ff ff4e 	bl	80087d0 <SCSI_UpdateBotData>
  return 0;
 8008934:	2000      	movs	r0, #0
}
 8008936:	bd08      	pop	{r3, pc}
    return -1;
 8008938:	f04f 30ff 	mov.w	r0, #4294967295
 800893c:	e7fb      	b.n	8008936 <SCSI_ReportLuns+0x62>
 800893e:	bf00      	nop
 8008940:	20001350 	.word	0x20001350

08008944 <SCSI_SenseCode>:
  USBD_MSC_BOT_HandleTypeDef *hmsc = (USBD_MSC_BOT_HandleTypeDef *)pdev->pClassDataCmsit[pdev->classId];
 8008944:	f8d0 12d4 	ldr.w	r1, [r0, #724]	@ 0x2d4
 8008948:	31b0      	adds	r1, #176	@ 0xb0
 800894a:	f850 0021 	ldr.w	r0, [r0, r1, lsl #2]
  if (hmsc == NULL)
 800894e:	b180      	cbz	r0, 8008972 <SCSI_SenseCode+0x2e>
  hmsc->scsi_sense[hmsc->scsi_sense_tail].Skey = sKey;
 8008950:	f890 1261 	ldrb.w	r1, [r0, #609]	@ 0x261
 8008954:	f101 0c48 	add.w	ip, r1, #72	@ 0x48
 8008958:	f800 203c 	strb.w	r2, [r0, ip, lsl #3]
  hmsc->scsi_sense[hmsc->scsi_sense_tail].w.b.ASC = ASC;
 800895c:	eb00 02cc 	add.w	r2, r0, ip, lsl #3
 8008960:	7113      	strb	r3, [r2, #4]
  hmsc->scsi_sense[hmsc->scsi_sense_tail].w.b.ASCQ = 0U;
 8008962:	2300      	movs	r3, #0
 8008964:	7153      	strb	r3, [r2, #5]
  hmsc->scsi_sense_tail++;
 8008966:	1c4b      	adds	r3, r1, #1
 8008968:	b2db      	uxtb	r3, r3
 800896a:	f880 3261 	strb.w	r3, [r0, #609]	@ 0x261
  if (hmsc->scsi_sense_tail == SENSE_LIST_DEEPTH)
 800896e:	2b04      	cmp	r3, #4
 8008970:	d000      	beq.n	8008974 <SCSI_SenseCode+0x30>
}
 8008972:	4770      	bx	lr
    hmsc->scsi_sense_tail = 0U;
 8008974:	2300      	movs	r3, #0
 8008976:	f880 3261 	strb.w	r3, [r0, #609]	@ 0x261
 800897a:	e7fa      	b.n	8008972 <SCSI_SenseCode+0x2e>

0800897c <SCSI_TestUnitReady>:
{
 800897c:	b570      	push	{r4, r5, r6, lr}
  USBD_MSC_BOT_HandleTypeDef *hmsc = (USBD_MSC_BOT_HandleTypeDef *)pdev->pClassDataCmsit[pdev->classId];
 800897e:	f8d0 32d4 	ldr.w	r3, [r0, #724]	@ 0x2d4
 8008982:	f103 02b0 	add.w	r2, r3, #176	@ 0xb0
 8008986:	f850 5022 	ldr.w	r5, [r0, r2, lsl #2]
  if (hmsc == NULL)
 800898a:	b37d      	cbz	r5, 80089ec <SCSI_TestUnitReady+0x70>
 800898c:	4604      	mov	r4, r0
 800898e:	460e      	mov	r6, r1
  if (hmsc->cbw.dDataLength != 0U)
 8008990:	f8d5 2218 	ldr.w	r2, [r5, #536]	@ 0x218
 8008994:	b972      	cbnz	r2, 80089b4 <SCSI_TestUnitReady+0x38>
  if (hmsc->scsi_medium_state == SCSI_MEDIUM_EJECTED)
 8008996:	f895 2262 	ldrb.w	r2, [r5, #610]	@ 0x262
 800899a:	2a02      	cmp	r2, #2
 800899c:	d013      	beq.n	80089c6 <SCSI_TestUnitReady+0x4a>
  if (((USBD_StorageTypeDef *)pdev->pUserData[pdev->classId])->IsReady(lun) != 0)
 800899e:	33b0      	adds	r3, #176	@ 0xb0
 80089a0:	eb00 0383 	add.w	r3, r0, r3, lsl #2
 80089a4:	685b      	ldr	r3, [r3, #4]
 80089a6:	689b      	ldr	r3, [r3, #8]
 80089a8:	4608      	mov	r0, r1
 80089aa:	4798      	blx	r3
 80089ac:	b998      	cbnz	r0, 80089d6 <SCSI_TestUnitReady+0x5a>
  hmsc->bot_data_length = 0U;
 80089ae:	2300      	movs	r3, #0
 80089b0:	60eb      	str	r3, [r5, #12]
}
 80089b2:	bd70      	pop	{r4, r5, r6, pc}
    SCSI_SenseCode(pdev, hmsc->cbw.bLUN, ILLEGAL_REQUEST, INVALID_CDB);
 80089b4:	2320      	movs	r3, #32
 80089b6:	2205      	movs	r2, #5
 80089b8:	f895 121d 	ldrb.w	r1, [r5, #541]	@ 0x21d
 80089bc:	f7ff ffc2 	bl	8008944 <SCSI_SenseCode>
    return -1;
 80089c0:	f04f 30ff 	mov.w	r0, #4294967295
 80089c4:	e7f5      	b.n	80089b2 <SCSI_TestUnitReady+0x36>
    SCSI_SenseCode(pdev, lun, NOT_READY, MEDIUM_NOT_PRESENT);
 80089c6:	233a      	movs	r3, #58	@ 0x3a
 80089c8:	f7ff ffbc 	bl	8008944 <SCSI_SenseCode>
    hmsc->bot_state = USBD_BOT_NO_DATA;
 80089cc:	2305      	movs	r3, #5
 80089ce:	722b      	strb	r3, [r5, #8]
    return -1;
 80089d0:	f04f 30ff 	mov.w	r0, #4294967295
 80089d4:	e7ed      	b.n	80089b2 <SCSI_TestUnitReady+0x36>
    SCSI_SenseCode(pdev, lun, NOT_READY, MEDIUM_NOT_PRESENT);
 80089d6:	233a      	movs	r3, #58	@ 0x3a
 80089d8:	2202      	movs	r2, #2
 80089da:	4631      	mov	r1, r6
 80089dc:	4620      	mov	r0, r4
 80089de:	f7ff ffb1 	bl	8008944 <SCSI_SenseCode>
    hmsc->bot_state = USBD_BOT_NO_DATA;
 80089e2:	2305      	movs	r3, #5
 80089e4:	722b      	strb	r3, [r5, #8]
    return -1;
 80089e6:	f04f 30ff 	mov.w	r0, #4294967295
 80089ea:	e7e2      	b.n	80089b2 <SCSI_TestUnitReady+0x36>
    return -1;
 80089ec:	f04f 30ff 	mov.w	r0, #4294967295
 80089f0:	e7df      	b.n	80089b2 <SCSI_TestUnitReady+0x36>

080089f2 <SCSI_RequestSense>:
{
 80089f2:	b510      	push	{r4, lr}
  USBD_MSC_BOT_HandleTypeDef *hmsc = (USBD_MSC_BOT_HandleTypeDef *)pdev->pClassDataCmsit[pdev->classId];
 80089f4:	f8d0 32d4 	ldr.w	r3, [r0, #724]	@ 0x2d4
 80089f8:	33b0      	adds	r3, #176	@ 0xb0
 80089fa:	f850 4023 	ldr.w	r4, [r0, r3, lsl #2]
  if (hmsc == NULL)
 80089fe:	2c00      	cmp	r4, #0
 8008a00:	d03b      	beq.n	8008a7a <SCSI_RequestSense+0x88>
  if (hmsc->cbw.dDataLength == 0U)
 8008a02:	f8d4 3218 	ldr.w	r3, [r4, #536]	@ 0x218
 8008a06:	b10b      	cbz	r3, 8008a0c <SCSI_RequestSense+0x1a>
  for (i = 0U; i < REQUEST_SENSE_DATA_LEN; i++)
 8008a08:	2300      	movs	r3, #0
 8008a0a:	e00d      	b.n	8008a28 <SCSI_RequestSense+0x36>
    SCSI_SenseCode(pdev, hmsc->cbw.bLUN, ILLEGAL_REQUEST, INVALID_CDB);
 8008a0c:	2320      	movs	r3, #32
 8008a0e:	2205      	movs	r2, #5
 8008a10:	f894 121d 	ldrb.w	r1, [r4, #541]	@ 0x21d
 8008a14:	f7ff ff96 	bl	8008944 <SCSI_SenseCode>
    return -1;
 8008a18:	f04f 30ff 	mov.w	r0, #4294967295
 8008a1c:	e028      	b.n	8008a70 <SCSI_RequestSense+0x7e>
    hmsc->bot_data[i] = 0U;
 8008a1e:	18e1      	adds	r1, r4, r3
 8008a20:	2000      	movs	r0, #0
 8008a22:	7408      	strb	r0, [r1, #16]
  for (i = 0U; i < REQUEST_SENSE_DATA_LEN; i++)
 8008a24:	3301      	adds	r3, #1
 8008a26:	b2db      	uxtb	r3, r3
 8008a28:	2b11      	cmp	r3, #17
 8008a2a:	d9f8      	bls.n	8008a1e <SCSI_RequestSense+0x2c>
  hmsc->bot_data[0] = 0x70U;
 8008a2c:	2370      	movs	r3, #112	@ 0x70
 8008a2e:	7423      	strb	r3, [r4, #16]
  hmsc->bot_data[7] = REQUEST_SENSE_DATA_LEN - 6U;
 8008a30:	230c      	movs	r3, #12
 8008a32:	75e3      	strb	r3, [r4, #23]
  if ((hmsc->scsi_sense_head != hmsc->scsi_sense_tail))
 8008a34:	f894 3260 	ldrb.w	r3, [r4, #608]	@ 0x260
 8008a38:	f894 1261 	ldrb.w	r1, [r4, #609]	@ 0x261
 8008a3c:	428b      	cmp	r3, r1
 8008a3e:	d010      	beq.n	8008a62 <SCSI_RequestSense+0x70>
    hmsc->bot_data[2] = (uint8_t)hmsc->scsi_sense[hmsc->scsi_sense_head].Skey;
 8008a40:	f103 0148 	add.w	r1, r3, #72	@ 0x48
 8008a44:	f814 0031 	ldrb.w	r0, [r4, r1, lsl #3]
 8008a48:	74a0      	strb	r0, [r4, #18]
    hmsc->bot_data[12] = (uint8_t)hmsc->scsi_sense[hmsc->scsi_sense_head].w.b.ASC;
 8008a4a:	eb04 01c1 	add.w	r1, r4, r1, lsl #3
 8008a4e:	7908      	ldrb	r0, [r1, #4]
 8008a50:	7720      	strb	r0, [r4, #28]
    hmsc->bot_data[13] = (uint8_t)hmsc->scsi_sense[hmsc->scsi_sense_head].w.b.ASCQ;
 8008a52:	7949      	ldrb	r1, [r1, #5]
 8008a54:	7761      	strb	r1, [r4, #29]
    hmsc->scsi_sense_head++;
 8008a56:	3301      	adds	r3, #1
 8008a58:	b2db      	uxtb	r3, r3
 8008a5a:	f884 3260 	strb.w	r3, [r4, #608]	@ 0x260
    if (hmsc->scsi_sense_head == SENSE_LIST_DEEPTH)
 8008a5e:	2b04      	cmp	r3, #4
 8008a60:	d007      	beq.n	8008a72 <SCSI_RequestSense+0x80>
  hmsc->bot_data_length = REQUEST_SENSE_DATA_LEN;
 8008a62:	2312      	movs	r3, #18
 8008a64:	60e3      	str	r3, [r4, #12]
  if (params[4] <= REQUEST_SENSE_DATA_LEN)
 8008a66:	7913      	ldrb	r3, [r2, #4]
 8008a68:	2b12      	cmp	r3, #18
 8008a6a:	d809      	bhi.n	8008a80 <SCSI_RequestSense+0x8e>
    hmsc->bot_data_length = params[4];
 8008a6c:	60e3      	str	r3, [r4, #12]
  return 0;
 8008a6e:	2000      	movs	r0, #0
}
 8008a70:	bd10      	pop	{r4, pc}
      hmsc->scsi_sense_head = 0U;
 8008a72:	2300      	movs	r3, #0
 8008a74:	f884 3260 	strb.w	r3, [r4, #608]	@ 0x260
 8008a78:	e7f3      	b.n	8008a62 <SCSI_RequestSense+0x70>
    return -1;
 8008a7a:	f04f 30ff 	mov.w	r0, #4294967295
 8008a7e:	e7f7      	b.n	8008a70 <SCSI_RequestSense+0x7e>
  return 0;
 8008a80:	2000      	movs	r0, #0
 8008a82:	e7f5      	b.n	8008a70 <SCSI_RequestSense+0x7e>

08008a84 <SCSI_Inquiry>:
{
 8008a84:	4684      	mov	ip, r0
  USBD_MSC_BOT_HandleTypeDef *hmsc = (USBD_MSC_BOT_HandleTypeDef *)pdev->pClassDataCmsit[pdev->classId];
 8008a86:	f8d0 32d4 	ldr.w	r3, [r0, #724]	@ 0x2d4
 8008a8a:	f103 00b0 	add.w	r0, r3, #176	@ 0xb0
 8008a8e:	f85c 0020 	ldr.w	r0, [ip, r0, lsl #2]
  if (hmsc == NULL)
 8008a92:	2800      	cmp	r0, #0
 8008a94:	d040      	beq.n	8008b18 <SCSI_Inquiry+0x94>
{
 8008a96:	b510      	push	{r4, lr}
  if (hmsc->cbw.dDataLength == 0U)
 8008a98:	f8d0 4218 	ldr.w	r4, [r0, #536]	@ 0x218
 8008a9c:	b174      	cbz	r4, 8008abc <SCSI_Inquiry+0x38>
  if ((params[1] & 0x01U) != 0U) /* Evpd is set */
 8008a9e:	f892 e001 	ldrb.w	lr, [r2, #1]
 8008aa2:	f01e 0f01 	tst.w	lr, #1
 8008aa6:	d023      	beq.n	8008af0 <SCSI_Inquiry+0x6c>
    if (params[2] == 0U) /* Request for Supported Vital Product Data Pages*/
 8008aa8:	7893      	ldrb	r3, [r2, #2]
 8008aaa:	b18b      	cbz	r3, 8008ad0 <SCSI_Inquiry+0x4c>
    else if (params[2] == 0x80U) /* Request for VPD page 0x80 Unit Serial Number */
 8008aac:	2b80      	cmp	r3, #128	@ 0x80
 8008aae:	d115      	bne.n	8008adc <SCSI_Inquiry+0x58>
      (void)SCSI_UpdateBotData(hmsc, MSC_Page80_Inquiry_Data, LENGTH_INQUIRY_PAGE80);
 8008ab0:	2208      	movs	r2, #8
 8008ab2:	491b      	ldr	r1, [pc, #108]	@ (8008b20 <SCSI_Inquiry+0x9c>)
 8008ab4:	f7ff fe8c 	bl	80087d0 <SCSI_UpdateBotData>
  return 0;
 8008ab8:	2000      	movs	r0, #0
 8008aba:	e02c      	b.n	8008b16 <SCSI_Inquiry+0x92>
    SCSI_SenseCode(pdev, hmsc->cbw.bLUN, ILLEGAL_REQUEST, INVALID_CDB);
 8008abc:	2320      	movs	r3, #32
 8008abe:	2205      	movs	r2, #5
 8008ac0:	f890 121d 	ldrb.w	r1, [r0, #541]	@ 0x21d
 8008ac4:	4660      	mov	r0, ip
 8008ac6:	f7ff ff3d 	bl	8008944 <SCSI_SenseCode>
    return -1;
 8008aca:	f04f 30ff 	mov.w	r0, #4294967295
 8008ace:	e022      	b.n	8008b16 <SCSI_Inquiry+0x92>
      (void)SCSI_UpdateBotData(hmsc, MSC_Page00_Inquiry_Data, LENGTH_INQUIRY_PAGE00);
 8008ad0:	2206      	movs	r2, #6
 8008ad2:	4914      	ldr	r1, [pc, #80]	@ (8008b24 <SCSI_Inquiry+0xa0>)
 8008ad4:	f7ff fe7c 	bl	80087d0 <SCSI_UpdateBotData>
  return 0;
 8008ad8:	2000      	movs	r0, #0
 8008ada:	e01c      	b.n	8008b16 <SCSI_Inquiry+0x92>
      SCSI_SenseCode(pdev, hmsc->cbw.bLUN, ILLEGAL_REQUEST,
 8008adc:	2324      	movs	r3, #36	@ 0x24
 8008ade:	2205      	movs	r2, #5
 8008ae0:	f890 121d 	ldrb.w	r1, [r0, #541]	@ 0x21d
 8008ae4:	4660      	mov	r0, ip
 8008ae6:	f7ff ff2d 	bl	8008944 <SCSI_SenseCode>
      return -1;
 8008aea:	f04f 30ff 	mov.w	r0, #4294967295
 8008aee:	e012      	b.n	8008b16 <SCSI_Inquiry+0x92>
    pPage = (uint8_t *) & ((USBD_StorageTypeDef *)pdev->pUserData[pdev->classId]) \
 8008af0:	33b0      	adds	r3, #176	@ 0xb0
 8008af2:	eb0c 0c83 	add.w	ip, ip, r3, lsl #2
 8008af6:	f8dc 3004 	ldr.w	r3, [ip, #4]
            ->pInquiry[lun * STANDARD_INQUIRY_DATA_LEN];
 8008afa:	69db      	ldr	r3, [r3, #28]
 8008afc:	eb01 01c1 	add.w	r1, r1, r1, lsl #3
    pPage = (uint8_t *) & ((USBD_StorageTypeDef *)pdev->pUserData[pdev->classId]) \
 8008b00:	eb03 0181 	add.w	r1, r3, r1, lsl #2
    len = (uint16_t)pPage[4] + 5U;
 8008b04:	790b      	ldrb	r3, [r1, #4]
 8008b06:	3305      	adds	r3, #5
    if (params[4] <= len)
 8008b08:	7912      	ldrb	r2, [r2, #4]
 8008b0a:	429a      	cmp	r2, r3
 8008b0c:	d900      	bls.n	8008b10 <SCSI_Inquiry+0x8c>
    len = (uint16_t)pPage[4] + 5U;
 8008b0e:	461a      	mov	r2, r3
    (void)SCSI_UpdateBotData(hmsc, pPage, len);
 8008b10:	f7ff fe5e 	bl	80087d0 <SCSI_UpdateBotData>
  return 0;
 8008b14:	2000      	movs	r0, #0
}
 8008b16:	bd10      	pop	{r4, pc}
    return -1;
 8008b18:	f04f 30ff 	mov.w	r0, #4294967295
}
 8008b1c:	4770      	bx	lr
 8008b1e:	bf00      	nop
 8008b20:	200000d0 	.word	0x200000d0
 8008b24:	200000d8 	.word	0x200000d8

08008b28 <SCSI_StartStopUnit>:
{
 8008b28:	b510      	push	{r4, lr}
  USBD_MSC_BOT_HandleTypeDef *hmsc = (USBD_MSC_BOT_HandleTypeDef *)pdev->pClassDataCmsit[pdev->classId];
 8008b2a:	f8d0 32d4 	ldr.w	r3, [r0, #724]	@ 0x2d4
 8008b2e:	33b0      	adds	r3, #176	@ 0xb0
 8008b30:	f850 4023 	ldr.w	r4, [r0, r3, lsl #2]
  if (hmsc == NULL)
 8008b34:	b32c      	cbz	r4, 8008b82 <SCSI_StartStopUnit+0x5a>
  if ((hmsc->scsi_medium_state == SCSI_MEDIUM_LOCKED) && ((params[4] & 0x3U) == 2U))
 8008b36:	f894 3262 	ldrb.w	r3, [r4, #610]	@ 0x262
 8008b3a:	2b01      	cmp	r3, #1
 8008b3c:	d00c      	beq.n	8008b58 <SCSI_StartStopUnit+0x30>
  if ((params[4] & 0x3U) == 0x1U) /* START=1 */
 8008b3e:	7913      	ldrb	r3, [r2, #4]
 8008b40:	f003 0303 	and.w	r3, r3, #3
 8008b44:	2b01      	cmp	r3, #1
 8008b46:	d013      	beq.n	8008b70 <SCSI_StartStopUnit+0x48>
  else if ((params[4] & 0x3U) == 0x2U) /* START=0 and LOEJ Load Eject=1 */
 8008b48:	2b02      	cmp	r3, #2
 8008b4a:	d017      	beq.n	8008b7c <SCSI_StartStopUnit+0x54>
  else if ((params[4] & 0x3U) == 0x3U) /* START=1 and LOEJ Load Eject=1 */
 8008b4c:	2b03      	cmp	r3, #3
 8008b4e:	d112      	bne.n	8008b76 <SCSI_StartStopUnit+0x4e>
    hmsc->scsi_medium_state = SCSI_MEDIUM_UNLOCKED;
 8008b50:	2300      	movs	r3, #0
 8008b52:	f884 3262 	strb.w	r3, [r4, #610]	@ 0x262
 8008b56:	e00e      	b.n	8008b76 <SCSI_StartStopUnit+0x4e>
  if ((hmsc->scsi_medium_state == SCSI_MEDIUM_LOCKED) && ((params[4] & 0x3U) == 2U))
 8008b58:	7913      	ldrb	r3, [r2, #4]
 8008b5a:	f003 0303 	and.w	r3, r3, #3
 8008b5e:	2b02      	cmp	r3, #2
 8008b60:	d1ed      	bne.n	8008b3e <SCSI_StartStopUnit+0x16>
    SCSI_SenseCode(pdev, lun, ILLEGAL_REQUEST, INVALID_FIELD_IN_COMMAND);
 8008b62:	2324      	movs	r3, #36	@ 0x24
 8008b64:	2205      	movs	r2, #5
 8008b66:	f7ff feed 	bl	8008944 <SCSI_SenseCode>
    return -1;
 8008b6a:	f04f 30ff 	mov.w	r0, #4294967295
 8008b6e:	e004      	b.n	8008b7a <SCSI_StartStopUnit+0x52>
    hmsc->scsi_medium_state = SCSI_MEDIUM_UNLOCKED;
 8008b70:	2300      	movs	r3, #0
 8008b72:	f884 3262 	strb.w	r3, [r4, #610]	@ 0x262
  hmsc->bot_data_length = 0U;
 8008b76:	2000      	movs	r0, #0
 8008b78:	60e0      	str	r0, [r4, #12]
}
 8008b7a:	bd10      	pop	{r4, pc}
    hmsc->scsi_medium_state = SCSI_MEDIUM_EJECTED;
 8008b7c:	f884 3262 	strb.w	r3, [r4, #610]	@ 0x262
 8008b80:	e7f9      	b.n	8008b76 <SCSI_StartStopUnit+0x4e>
    return -1;
 8008b82:	f04f 30ff 	mov.w	r0, #4294967295
 8008b86:	e7f8      	b.n	8008b7a <SCSI_StartStopUnit+0x52>

08008b88 <SCSI_ReadFormatCapacity>:
{
 8008b88:	b570      	push	{r4, r5, r6, lr}
 8008b8a:	b082      	sub	sp, #8
  USBD_MSC_BOT_HandleTypeDef *hmsc = (USBD_MSC_BOT_HandleTypeDef *)pdev->pClassDataCmsit[pdev->classId];
 8008b8c:	f8d0 32d4 	ldr.w	r3, [r0, #724]	@ 0x2d4
 8008b90:	f103 02b0 	add.w	r2, r3, #176	@ 0xb0
 8008b94:	f850 4022 	ldr.w	r4, [r0, r2, lsl #2]
  if (hmsc == NULL)
 8008b98:	2c00      	cmp	r4, #0
 8008b9a:	d03c      	beq.n	8008c16 <SCSI_ReadFormatCapacity+0x8e>
 8008b9c:	4605      	mov	r5, r0
 8008b9e:	460e      	mov	r6, r1
  ret = ((USBD_StorageTypeDef *)pdev->pUserData[pdev->classId])->GetCapacity(lun, &blk_nbr, &blk_size);
 8008ba0:	eb00 0382 	add.w	r3, r0, r2, lsl #2
 8008ba4:	685b      	ldr	r3, [r3, #4]
 8008ba6:	685b      	ldr	r3, [r3, #4]
 8008ba8:	f10d 0206 	add.w	r2, sp, #6
 8008bac:	4669      	mov	r1, sp
 8008bae:	4630      	mov	r0, r6
 8008bb0:	4798      	blx	r3
  if ((ret != 0) || (hmsc->scsi_medium_state == SCSI_MEDIUM_EJECTED))
 8008bb2:	b928      	cbnz	r0, 8008bc0 <SCSI_ReadFormatCapacity+0x38>
 8008bb4:	f894 3262 	ldrb.w	r3, [r4, #610]	@ 0x262
 8008bb8:	2b02      	cmp	r3, #2
 8008bba:	d001      	beq.n	8008bc0 <SCSI_ReadFormatCapacity+0x38>
  for (i = 0U; i < 12U ; i++)
 8008bbc:	2300      	movs	r3, #0
 8008bbe:	e00d      	b.n	8008bdc <SCSI_ReadFormatCapacity+0x54>
    SCSI_SenseCode(pdev, lun, NOT_READY, MEDIUM_NOT_PRESENT);
 8008bc0:	233a      	movs	r3, #58	@ 0x3a
 8008bc2:	2202      	movs	r2, #2
 8008bc4:	4631      	mov	r1, r6
 8008bc6:	4628      	mov	r0, r5
 8008bc8:	f7ff febc 	bl	8008944 <SCSI_SenseCode>
    return -1;
 8008bcc:	f04f 30ff 	mov.w	r0, #4294967295
 8008bd0:	e01f      	b.n	8008c12 <SCSI_ReadFormatCapacity+0x8a>
    hmsc->bot_data[i] = 0U;
 8008bd2:	18e2      	adds	r2, r4, r3
 8008bd4:	2100      	movs	r1, #0
 8008bd6:	7411      	strb	r1, [r2, #16]
  for (i = 0U; i < 12U ; i++)
 8008bd8:	3301      	adds	r3, #1
 8008bda:	b29b      	uxth	r3, r3
 8008bdc:	2b0b      	cmp	r3, #11
 8008bde:	d9f8      	bls.n	8008bd2 <SCSI_ReadFormatCapacity+0x4a>
  hmsc->bot_data[3] = 0x08U;
 8008be0:	2308      	movs	r3, #8
 8008be2:	74e3      	strb	r3, [r4, #19]
  hmsc->bot_data[4] = (uint8_t)((blk_nbr - 1U) >> 24);
 8008be4:	9a00      	ldr	r2, [sp, #0]
 8008be6:	1e53      	subs	r3, r2, #1
 8008be8:	0e19      	lsrs	r1, r3, #24
 8008bea:	7521      	strb	r1, [r4, #20]
  hmsc->bot_data[5] = (uint8_t)((blk_nbr - 1U) >> 16);
 8008bec:	f3c3 4107 	ubfx	r1, r3, #16, #8
 8008bf0:	7561      	strb	r1, [r4, #21]
  hmsc->bot_data[6] = (uint8_t)((blk_nbr - 1U) >>  8);
 8008bf2:	f3c3 2307 	ubfx	r3, r3, #8, #8
 8008bf6:	75a3      	strb	r3, [r4, #22]
  hmsc->bot_data[7] = (uint8_t)(blk_nbr - 1U);
 8008bf8:	3a01      	subs	r2, #1
 8008bfa:	75e2      	strb	r2, [r4, #23]
  hmsc->bot_data[8] = 0x02U;
 8008bfc:	2302      	movs	r3, #2
 8008bfe:	7623      	strb	r3, [r4, #24]
  hmsc->bot_data[9] = (uint8_t)(blk_size >>  16);
 8008c00:	f8bd 3006 	ldrh.w	r3, [sp, #6]
 8008c04:	2200      	movs	r2, #0
 8008c06:	7662      	strb	r2, [r4, #25]
  hmsc->bot_data[10] = (uint8_t)(blk_size >>  8);
 8008c08:	0a1a      	lsrs	r2, r3, #8
 8008c0a:	76a2      	strb	r2, [r4, #26]
  hmsc->bot_data[11] = (uint8_t)(blk_size);
 8008c0c:	76e3      	strb	r3, [r4, #27]
  hmsc->bot_data_length = 12U;
 8008c0e:	230c      	movs	r3, #12
 8008c10:	60e3      	str	r3, [r4, #12]
}
 8008c12:	b002      	add	sp, #8
 8008c14:	bd70      	pop	{r4, r5, r6, pc}
    return -1;
 8008c16:	f04f 30ff 	mov.w	r0, #4294967295
 8008c1a:	e7fa      	b.n	8008c12 <SCSI_ReadFormatCapacity+0x8a>

08008c1c <SCSI_ReadCapacity10>:
{
 8008c1c:	b570      	push	{r4, r5, r6, lr}
  USBD_MSC_BOT_HandleTypeDef *hmsc = (USBD_MSC_BOT_HandleTypeDef *)pdev->pClassDataCmsit[pdev->classId];
 8008c1e:	f8d0 32d4 	ldr.w	r3, [r0, #724]	@ 0x2d4
 8008c22:	f103 02b0 	add.w	r2, r3, #176	@ 0xb0
 8008c26:	f850 4022 	ldr.w	r4, [r0, r2, lsl #2]
  if (hmsc == NULL)
 8008c2a:	b39c      	cbz	r4, 8008c94 <SCSI_ReadCapacity10+0x78>
 8008c2c:	4606      	mov	r6, r0
 8008c2e:	460d      	mov	r5, r1
  ret = ((USBD_StorageTypeDef *)pdev->pUserData[pdev->classId])->GetCapacity(lun, &p_scsi_blk->nbr,
 8008c30:	eb00 0382 	add.w	r3, r0, r2, lsl #2
 8008c34:	685b      	ldr	r3, [r3, #4]
 8008c36:	685b      	ldr	r3, [r3, #4]
 8008c38:	3126      	adds	r1, #38	@ 0x26
 8008c3a:	eb04 1101 	add.w	r1, r4, r1, lsl #4
 8008c3e:	1d0a      	adds	r2, r1, #4
 8008c40:	3108      	adds	r1, #8
 8008c42:	4628      	mov	r0, r5
 8008c44:	4798      	blx	r3
  if ((ret != 0) || (hmsc->scsi_medium_state == SCSI_MEDIUM_EJECTED))
 8008c46:	b9e0      	cbnz	r0, 8008c82 <SCSI_ReadCapacity10+0x66>
 8008c48:	f894 3262 	ldrb.w	r3, [r4, #610]	@ 0x262
 8008c4c:	2b02      	cmp	r3, #2
 8008c4e:	d018      	beq.n	8008c82 <SCSI_ReadCapacity10+0x66>
  hmsc->bot_data[0] = (uint8_t)((p_scsi_blk->nbr - 1U) >> 24);
 8008c50:	3526      	adds	r5, #38	@ 0x26
 8008c52:	eb04 1505 	add.w	r5, r4, r5, lsl #4
 8008c56:	68aa      	ldr	r2, [r5, #8]
 8008c58:	1e53      	subs	r3, r2, #1
 8008c5a:	0e19      	lsrs	r1, r3, #24
 8008c5c:	7421      	strb	r1, [r4, #16]
  hmsc->bot_data[1] = (uint8_t)((p_scsi_blk->nbr - 1U) >> 16);
 8008c5e:	f3c3 4107 	ubfx	r1, r3, #16, #8
 8008c62:	7461      	strb	r1, [r4, #17]
  hmsc->bot_data[2] = (uint8_t)((p_scsi_blk->nbr - 1U) >>  8);
 8008c64:	f3c3 2307 	ubfx	r3, r3, #8, #8
 8008c68:	74a3      	strb	r3, [r4, #18]
  hmsc->bot_data[3] = (uint8_t)(p_scsi_blk->nbr - 1U);
 8008c6a:	3a01      	subs	r2, #1
 8008c6c:	74e2      	strb	r2, [r4, #19]
  hmsc->bot_data[4] = (uint8_t)(p_scsi_blk->size >> 24);
 8008c6e:	88ab      	ldrh	r3, [r5, #4]
 8008c70:	2200      	movs	r2, #0
 8008c72:	7522      	strb	r2, [r4, #20]
  hmsc->bot_data[5] = (uint8_t)(p_scsi_blk->size >> 16);
 8008c74:	7562      	strb	r2, [r4, #21]
  hmsc->bot_data[6] = (uint8_t)(p_scsi_blk->size >> 8);
 8008c76:	0a1a      	lsrs	r2, r3, #8
 8008c78:	75a2      	strb	r2, [r4, #22]
  hmsc->bot_data[7] = (uint8_t)(p_scsi_blk->size);
 8008c7a:	75e3      	strb	r3, [r4, #23]
  hmsc->bot_data_length = 8U;
 8008c7c:	2308      	movs	r3, #8
 8008c7e:	60e3      	str	r3, [r4, #12]
}
 8008c80:	bd70      	pop	{r4, r5, r6, pc}
    SCSI_SenseCode(pdev, lun, NOT_READY, MEDIUM_NOT_PRESENT);
 8008c82:	233a      	movs	r3, #58	@ 0x3a
 8008c84:	2202      	movs	r2, #2
 8008c86:	4629      	mov	r1, r5
 8008c88:	4630      	mov	r0, r6
 8008c8a:	f7ff fe5b 	bl	8008944 <SCSI_SenseCode>
    return -1;
 8008c8e:	f04f 30ff 	mov.w	r0, #4294967295
 8008c92:	e7f5      	b.n	8008c80 <SCSI_ReadCapacity10+0x64>
    return -1;
 8008c94:	f04f 30ff 	mov.w	r0, #4294967295
 8008c98:	e7f2      	b.n	8008c80 <SCSI_ReadCapacity10+0x64>

08008c9a <SCSI_ReadCapacity16>:
{
 8008c9a:	b5f8      	push	{r3, r4, r5, r6, r7, lr}
 8008c9c:	4617      	mov	r7, r2
  USBD_MSC_BOT_HandleTypeDef *hmsc = (USBD_MSC_BOT_HandleTypeDef *)pdev->pClassDataCmsit[pdev->classId];
 8008c9e:	f8d0 32d4 	ldr.w	r3, [r0, #724]	@ 0x2d4
 8008ca2:	f103 02b0 	add.w	r2, r3, #176	@ 0xb0
 8008ca6:	f850 4022 	ldr.w	r4, [r0, r2, lsl #2]
  if (hmsc == NULL)
 8008caa:	2c00      	cmp	r4, #0
 8008cac:	d051      	beq.n	8008d52 <SCSI_ReadCapacity16+0xb8>
 8008cae:	4605      	mov	r5, r0
 8008cb0:	460e      	mov	r6, r1
  ret = ((USBD_StorageTypeDef *)pdev->pUserData[pdev->classId])->GetCapacity(lun, &p_scsi_blk->nbr,
 8008cb2:	eb00 0382 	add.w	r3, r0, r2, lsl #2
 8008cb6:	685b      	ldr	r3, [r3, #4]
 8008cb8:	685b      	ldr	r3, [r3, #4]
 8008cba:	3126      	adds	r1, #38	@ 0x26
 8008cbc:	eb04 1101 	add.w	r1, r4, r1, lsl #4
 8008cc0:	1d0a      	adds	r2, r1, #4
 8008cc2:	3108      	adds	r1, #8
 8008cc4:	4630      	mov	r0, r6
 8008cc6:	4798      	blx	r3
  if ((ret != 0) || (hmsc->scsi_medium_state == SCSI_MEDIUM_EJECTED))
 8008cc8:	4684      	mov	ip, r0
 8008cca:	b980      	cbnz	r0, 8008cee <SCSI_ReadCapacity16+0x54>
 8008ccc:	f894 3262 	ldrb.w	r3, [r4, #610]	@ 0x262
 8008cd0:	2b02      	cmp	r3, #2
 8008cd2:	d00c      	beq.n	8008cee <SCSI_ReadCapacity16+0x54>
  hmsc->bot_data_length = ((uint32_t)params[10] << 24) |
 8008cd4:	7abb      	ldrb	r3, [r7, #10]
                          ((uint32_t)params[11] << 16) |
 8008cd6:	7afd      	ldrb	r5, [r7, #11]
 8008cd8:	042d      	lsls	r5, r5, #16
  hmsc->bot_data_length = ((uint32_t)params[10] << 24) |
 8008cda:	ea45 6503 	orr.w	r5, r5, r3, lsl #24
                          ((uint32_t)params[12] <<  8) |
 8008cde:	7b3b      	ldrb	r3, [r7, #12]
                          ((uint32_t)params[11] << 16) |
 8008ce0:	ea45 2503 	orr.w	r5, r5, r3, lsl #8
                          (uint32_t)params[13];
 8008ce4:	7b7b      	ldrb	r3, [r7, #13]
                          ((uint32_t)params[12] <<  8) |
 8008ce6:	431d      	orrs	r5, r3
  hmsc->bot_data_length = ((uint32_t)params[10] << 24) |
 8008ce8:	60e5      	str	r5, [r4, #12]
  for (idx = 0U; idx < hmsc->bot_data_length; idx++)
 8008cea:	2300      	movs	r3, #0
 8008cec:	e00c      	b.n	8008d08 <SCSI_ReadCapacity16+0x6e>
    SCSI_SenseCode(pdev, lun, NOT_READY, MEDIUM_NOT_PRESENT);
 8008cee:	233a      	movs	r3, #58	@ 0x3a
 8008cf0:	2202      	movs	r2, #2
 8008cf2:	4631      	mov	r1, r6
 8008cf4:	4628      	mov	r0, r5
 8008cf6:	f7ff fe25 	bl	8008944 <SCSI_SenseCode>
    return -1;
 8008cfa:	f04f 3cff 	mov.w	ip, #4294967295
 8008cfe:	e026      	b.n	8008d4e <SCSI_ReadCapacity16+0xb4>
    hmsc->bot_data[idx] = 0U;
 8008d00:	18e2      	adds	r2, r4, r3
 8008d02:	2100      	movs	r1, #0
 8008d04:	7411      	strb	r1, [r2, #16]
  for (idx = 0U; idx < hmsc->bot_data_length; idx++)
 8008d06:	3301      	adds	r3, #1
 8008d08:	429d      	cmp	r5, r3
 8008d0a:	d8f9      	bhi.n	8008d00 <SCSI_ReadCapacity16+0x66>
  hmsc->bot_data[4] = (uint8_t)((p_scsi_blk->nbr - 1U) >> 24);
 8008d0c:	3626      	adds	r6, #38	@ 0x26
 8008d0e:	eb04 1606 	add.w	r6, r4, r6, lsl #4
 8008d12:	68b2      	ldr	r2, [r6, #8]
 8008d14:	1e53      	subs	r3, r2, #1
 8008d16:	0e19      	lsrs	r1, r3, #24
 8008d18:	7521      	strb	r1, [r4, #20]
  hmsc->bot_data[5] = (uint8_t)((p_scsi_blk->nbr - 1U) >> 16);
 8008d1a:	f3c3 4107 	ubfx	r1, r3, #16, #8
 8008d1e:	7561      	strb	r1, [r4, #21]
  hmsc->bot_data[6] = (uint8_t)((p_scsi_blk->nbr - 1U) >>  8);
 8008d20:	f3c3 2307 	ubfx	r3, r3, #8, #8
 8008d24:	75a3      	strb	r3, [r4, #22]
  hmsc->bot_data[7] = (uint8_t)(p_scsi_blk->nbr - 1U);
 8008d26:	3a01      	subs	r2, #1
 8008d28:	75e2      	strb	r2, [r4, #23]
  hmsc->bot_data[8] = (uint8_t)(p_scsi_blk->size >>  24);
 8008d2a:	88b3      	ldrh	r3, [r6, #4]
 8008d2c:	2200      	movs	r2, #0
 8008d2e:	7622      	strb	r2, [r4, #24]
  hmsc->bot_data[9] = (uint8_t)(p_scsi_blk->size >>  16);
 8008d30:	7662      	strb	r2, [r4, #25]
  hmsc->bot_data[10] = (uint8_t)(p_scsi_blk->size >>  8);
 8008d32:	0a1a      	lsrs	r2, r3, #8
 8008d34:	76a2      	strb	r2, [r4, #26]
  hmsc->bot_data[11] = (uint8_t)(p_scsi_blk->size);
 8008d36:	76e3      	strb	r3, [r4, #27]
  hmsc->bot_data_length = ((uint32_t)params[10] << 24) |
 8008d38:	7aba      	ldrb	r2, [r7, #10]
                          ((uint32_t)params[11] << 16) |
 8008d3a:	7afb      	ldrb	r3, [r7, #11]
 8008d3c:	041b      	lsls	r3, r3, #16
  hmsc->bot_data_length = ((uint32_t)params[10] << 24) |
 8008d3e:	ea43 6302 	orr.w	r3, r3, r2, lsl #24
                          ((uint32_t)params[12] <<  8) |
 8008d42:	7b3a      	ldrb	r2, [r7, #12]
                          ((uint32_t)params[11] << 16) |
 8008d44:	ea43 2302 	orr.w	r3, r3, r2, lsl #8
                          (uint32_t)params[13];
 8008d48:	7b7a      	ldrb	r2, [r7, #13]
                          ((uint32_t)params[12] <<  8) |
 8008d4a:	4313      	orrs	r3, r2
  hmsc->bot_data_length = ((uint32_t)params[10] << 24) |
 8008d4c:	60e3      	str	r3, [r4, #12]
}
 8008d4e:	4660      	mov	r0, ip
 8008d50:	bdf8      	pop	{r3, r4, r5, r6, r7, pc}
    return -1;
 8008d52:	f04f 3cff 	mov.w	ip, #4294967295
 8008d56:	e7fa      	b.n	8008d4e <SCSI_ReadCapacity16+0xb4>

08008d58 <SCSI_CheckAddressRange>:
{
 8008d58:	b510      	push	{r4, lr}
  USBD_MSC_BOT_HandleTypeDef *hmsc = (USBD_MSC_BOT_HandleTypeDef *)pdev->pClassDataCmsit[pdev->classId];
 8008d5a:	f8d0 42d4 	ldr.w	r4, [r0, #724]	@ 0x2d4
 8008d5e:	34b0      	adds	r4, #176	@ 0xb0
 8008d60:	f850 4024 	ldr.w	r4, [r0, r4, lsl #2]
  if (hmsc == NULL)
 8008d64:	b184      	cbz	r4, 8008d88 <SCSI_CheckAddressRange+0x30>
  if ((blk_offset + blk_nbr) > p_scsi_blk->nbr)
 8008d66:	441a      	add	r2, r3
 8008d68:	f101 0326 	add.w	r3, r1, #38	@ 0x26
 8008d6c:	eb04 1403 	add.w	r4, r4, r3, lsl #4
 8008d70:	68a3      	ldr	r3, [r4, #8]
 8008d72:	429a      	cmp	r2, r3
 8008d74:	d801      	bhi.n	8008d7a <SCSI_CheckAddressRange+0x22>
  return 0;
 8008d76:	2000      	movs	r0, #0
}
 8008d78:	bd10      	pop	{r4, pc}
    SCSI_SenseCode(pdev, lun, ILLEGAL_REQUEST, ADDRESS_OUT_OF_RANGE);
 8008d7a:	2321      	movs	r3, #33	@ 0x21
 8008d7c:	2205      	movs	r2, #5
 8008d7e:	f7ff fde1 	bl	8008944 <SCSI_SenseCode>
    return -1;
 8008d82:	f04f 30ff 	mov.w	r0, #4294967295
 8008d86:	e7f7      	b.n	8008d78 <SCSI_CheckAddressRange+0x20>
    return -1;
 8008d88:	f04f 30ff 	mov.w	r0, #4294967295
 8008d8c:	e7f4      	b.n	8008d78 <SCSI_CheckAddressRange+0x20>
	...

08008d90 <SCSI_ProcessRead>:
{
 8008d90:	e92d 43f8 	stmdb	sp!, {r3, r4, r5, r6, r7, r8, r9, lr}
  USBD_MSC_BOT_HandleTypeDef *hmsc = (USBD_MSC_BOT_HandleTypeDef *)pdev->pClassDataCmsit[pdev->classId];
 8008d94:	f8d0 22d4 	ldr.w	r2, [r0, #724]	@ 0x2d4
 8008d98:	f102 03b0 	add.w	r3, r2, #176	@ 0xb0
 8008d9c:	f850 5023 	ldr.w	r5, [r0, r3, lsl #2]
  if (hmsc == NULL)
 8008da0:	2d00      	cmp	r5, #0
 8008da2:	d050      	beq.n	8008e46 <SCSI_ProcessRead+0xb6>
 8008da4:	4607      	mov	r7, r0
 8008da6:	460c      	mov	r4, r1
  len = p_scsi_blk->len * p_scsi_blk->size;
 8008da8:	eb05 1101 	add.w	r1, r5, r1, lsl #4
 8008dac:	f8d1 6270 	ldr.w	r6, [r1, #624]	@ 0x270
 8008db0:	f104 0326 	add.w	r3, r4, #38	@ 0x26
 8008db4:	eb05 1303 	add.w	r3, r5, r3, lsl #4
 8008db8:	889b      	ldrh	r3, [r3, #4]
 8008dba:	fb03 f606 	mul.w	r6, r3, r6
  len = MIN(len, MSC_MEDIA_PACKET);
 8008dbe:	f5b6 7f00 	cmp.w	r6, #512	@ 0x200
 8008dc2:	bf28      	it	cs
 8008dc4:	f44f 7600 	movcs.w	r6, #512	@ 0x200
  if (((USBD_StorageTypeDef *)pdev->pUserData[pdev->classId])->Read(lun, hmsc->bot_data,
 8008dc8:	32b0      	adds	r2, #176	@ 0xb0
 8008dca:	eb00 0282 	add.w	r2, r0, r2, lsl #2
 8008dce:	6852      	ldr	r2, [r2, #4]
 8008dd0:	f8d2 9010 	ldr.w	r9, [r2, #16]
 8008dd4:	f105 0810 	add.w	r8, r5, #16
                                                                    (len / p_scsi_blk->size)) < 0)
 8008dd8:	fbb6 f3f3 	udiv	r3, r6, r3
  if (((USBD_StorageTypeDef *)pdev->pUserData[pdev->classId])->Read(lun, hmsc->bot_data,
 8008ddc:	b29b      	uxth	r3, r3
 8008dde:	f8d1 226c 	ldr.w	r2, [r1, #620]	@ 0x26c
 8008de2:	4641      	mov	r1, r8
 8008de4:	4620      	mov	r0, r4
 8008de6:	47c8      	blx	r9
 8008de8:	2800      	cmp	r0, #0
 8008dea:	db23      	blt.n	8008e34 <SCSI_ProcessRead+0xa4>
  (void)USBD_LL_Transmit(pdev, MSCInEpAdd, hmsc->bot_data, len);
 8008dec:	4633      	mov	r3, r6
 8008dee:	4642      	mov	r2, r8
 8008df0:	4917      	ldr	r1, [pc, #92]	@ (8008e50 <SCSI_ProcessRead+0xc0>)
 8008df2:	7809      	ldrb	r1, [r1, #0]
 8008df4:	4638      	mov	r0, r7
 8008df6:	f7fe fb0d 	bl	8007414 <USBD_LL_Transmit>
  p_scsi_blk->addr += (len / p_scsi_blk->size);
 8008dfa:	eb05 1204 	add.w	r2, r5, r4, lsl #4
 8008dfe:	f8d2 326c 	ldr.w	r3, [r2, #620]	@ 0x26c
 8008e02:	3426      	adds	r4, #38	@ 0x26
 8008e04:	eb05 1404 	add.w	r4, r5, r4, lsl #4
 8008e08:	88a1      	ldrh	r1, [r4, #4]
 8008e0a:	fbb6 f1f1 	udiv	r1, r6, r1
 8008e0e:	440b      	add	r3, r1
 8008e10:	f8c2 326c 	str.w	r3, [r2, #620]	@ 0x26c
  p_scsi_blk->len -= (len / p_scsi_blk->size);
 8008e14:	f8d2 3270 	ldr.w	r3, [r2, #624]	@ 0x270
 8008e18:	1a5b      	subs	r3, r3, r1
 8008e1a:	f8c2 3270 	str.w	r3, [r2, #624]	@ 0x270
  hmsc->csw.dDataResidue -= len;
 8008e1e:	f8d5 2238 	ldr.w	r2, [r5, #568]	@ 0x238
 8008e22:	1b92      	subs	r2, r2, r6
 8008e24:	f8c5 2238 	str.w	r2, [r5, #568]	@ 0x238
  if (p_scsi_blk->len == 0U)
 8008e28:	b983      	cbnz	r3, 8008e4c <SCSI_ProcessRead+0xbc>
    hmsc->bot_state = USBD_BOT_LAST_DATA_IN;
 8008e2a:	2303      	movs	r3, #3
 8008e2c:	722b      	strb	r3, [r5, #8]
  return 0;
 8008e2e:	2000      	movs	r0, #0
}
 8008e30:	e8bd 83f8 	ldmia.w	sp!, {r3, r4, r5, r6, r7, r8, r9, pc}
    SCSI_SenseCode(pdev, lun, HARDWARE_ERROR, UNRECOVERED_READ_ERROR);
 8008e34:	2311      	movs	r3, #17
 8008e36:	2204      	movs	r2, #4
 8008e38:	4621      	mov	r1, r4
 8008e3a:	4638      	mov	r0, r7
 8008e3c:	f7ff fd82 	bl	8008944 <SCSI_SenseCode>
    return -1;
 8008e40:	f04f 30ff 	mov.w	r0, #4294967295
 8008e44:	e7f4      	b.n	8008e30 <SCSI_ProcessRead+0xa0>
    return -1;
 8008e46:	f04f 30ff 	mov.w	r0, #4294967295
 8008e4a:	e7f1      	b.n	8008e30 <SCSI_ProcessRead+0xa0>
  return 0;
 8008e4c:	2000      	movs	r0, #0
 8008e4e:	e7ef      	b.n	8008e30 <SCSI_ProcessRead+0xa0>
 8008e50:	2000005d 	.word	0x2000005d

08008e54 <SCSI_Read10>:
{
 8008e54:	b5f8      	push	{r3, r4, r5, r6, r7, lr}
 8008e56:	4617      	mov	r7, r2
  USBD_MSC_BOT_HandleTypeDef *hmsc = (USBD_MSC_BOT_HandleTypeDef *)pdev->pClassDataCmsit[pdev->classId];
 8008e58:	f8d0 32d4 	ldr.w	r3, [r0, #724]	@ 0x2d4
 8008e5c:	f103 02b0 	add.w	r2, r3, #176	@ 0xb0
 8008e60:	f850 4022 	ldr.w	r4, [r0, r2, lsl #2]
  if (hmsc == NULL)
 8008e64:	2c00      	cmp	r4, #0
 8008e66:	d06a      	beq.n	8008f3e <SCSI_Read10+0xea>
 8008e68:	4605      	mov	r5, r0
 8008e6a:	460e      	mov	r6, r1
  if (hmsc->bot_state == USBD_BOT_IDLE) /* Idle */
 8008e6c:	7a22      	ldrb	r2, [r4, #8]
 8008e6e:	2a00      	cmp	r2, #0
 8008e70:	d13b      	bne.n	8008eea <SCSI_Read10+0x96>
    if ((hmsc->cbw.bmFlags & 0x80U) != 0x80U)
 8008e72:	f994 221c 	ldrsb.w	r2, [r4, #540]	@ 0x21c
 8008e76:	2a00      	cmp	r2, #0
 8008e78:	da3f      	bge.n	8008efa <SCSI_Read10+0xa6>
    if (hmsc->scsi_medium_state == SCSI_MEDIUM_EJECTED)
 8008e7a:	f894 2262 	ldrb.w	r2, [r4, #610]	@ 0x262
 8008e7e:	2a02      	cmp	r2, #2
 8008e80:	d044      	beq.n	8008f0c <SCSI_Read10+0xb8>
    if (((USBD_StorageTypeDef *)pdev->pUserData[pdev->classId])->IsReady(lun) != 0)
 8008e82:	33b0      	adds	r3, #176	@ 0xb0
 8008e84:	eb00 0383 	add.w	r3, r0, r3, lsl #2
 8008e88:	685b      	ldr	r3, [r3, #4]
 8008e8a:	689b      	ldr	r3, [r3, #8]
 8008e8c:	4608      	mov	r0, r1
 8008e8e:	4798      	blx	r3
 8008e90:	2800      	cmp	r0, #0
 8008e92:	d141      	bne.n	8008f18 <SCSI_Read10+0xc4>
    p_scsi_blk->addr = ((uint32_t)params[2] << 24) |
 8008e94:	78ba      	ldrb	r2, [r7, #2]
                       ((uint32_t)params[3] << 16) |
 8008e96:	78fb      	ldrb	r3, [r7, #3]
 8008e98:	041b      	lsls	r3, r3, #16
    p_scsi_blk->addr = ((uint32_t)params[2] << 24) |
 8008e9a:	ea43 6302 	orr.w	r3, r3, r2, lsl #24
                       ((uint32_t)params[4] <<  8) |
 8008e9e:	793a      	ldrb	r2, [r7, #4]
                       ((uint32_t)params[3] << 16) |
 8008ea0:	ea43 2302 	orr.w	r3, r3, r2, lsl #8
                       (uint32_t)params[5];
 8008ea4:	797a      	ldrb	r2, [r7, #5]
                       ((uint32_t)params[4] <<  8) |
 8008ea6:	431a      	orrs	r2, r3
    p_scsi_blk->addr = ((uint32_t)params[2] << 24) |
 8008ea8:	eb04 1106 	add.w	r1, r4, r6, lsl #4
 8008eac:	f8c1 226c 	str.w	r2, [r1, #620]	@ 0x26c
    p_scsi_blk->len = ((uint32_t)params[7] <<  8) | (uint32_t)params[8];
 8008eb0:	79f8      	ldrb	r0, [r7, #7]
 8008eb2:	7a3b      	ldrb	r3, [r7, #8]
 8008eb4:	ea43 2300 	orr.w	r3, r3, r0, lsl #8
 8008eb8:	f8c1 3270 	str.w	r3, [r1, #624]	@ 0x270
    if (SCSI_CheckAddressRange(pdev, lun, p_scsi_blk->addr, p_scsi_blk->len) < 0)
 8008ebc:	4631      	mov	r1, r6
 8008ebe:	4628      	mov	r0, r5
 8008ec0:	f7ff ff4a 	bl	8008d58 <SCSI_CheckAddressRange>
 8008ec4:	2800      	cmp	r0, #0
 8008ec6:	db3d      	blt.n	8008f44 <SCSI_Read10+0xf0>
    if (hmsc->cbw.dDataLength != (p_scsi_blk->len * p_scsi_blk->size))
 8008ec8:	f8d4 1218 	ldr.w	r1, [r4, #536]	@ 0x218
 8008ecc:	eb04 1306 	add.w	r3, r4, r6, lsl #4
 8008ed0:	f8d3 3270 	ldr.w	r3, [r3, #624]	@ 0x270
 8008ed4:	f106 0226 	add.w	r2, r6, #38	@ 0x26
 8008ed8:	eb04 1202 	add.w	r2, r4, r2, lsl #4
 8008edc:	8892      	ldrh	r2, [r2, #4]
 8008ede:	fb02 f303 	mul.w	r3, r2, r3
 8008ee2:	4299      	cmp	r1, r3
 8008ee4:	d121      	bne.n	8008f2a <SCSI_Read10+0xd6>
    hmsc->bot_state = USBD_BOT_DATA_IN;
 8008ee6:	2302      	movs	r3, #2
 8008ee8:	7223      	strb	r3, [r4, #8]
  hmsc->bot_data_length = MSC_MEDIA_PACKET;
 8008eea:	f44f 7300 	mov.w	r3, #512	@ 0x200
 8008eee:	60e3      	str	r3, [r4, #12]
  return SCSI_ProcessRead(pdev, lun);
 8008ef0:	4631      	mov	r1, r6
 8008ef2:	4628      	mov	r0, r5
 8008ef4:	f7ff ff4c 	bl	8008d90 <SCSI_ProcessRead>
}
 8008ef8:	bdf8      	pop	{r3, r4, r5, r6, r7, pc}
      SCSI_SenseCode(pdev, hmsc->cbw.bLUN, ILLEGAL_REQUEST, INVALID_CDB);
 8008efa:	2320      	movs	r3, #32
 8008efc:	2205      	movs	r2, #5
 8008efe:	f894 121d 	ldrb.w	r1, [r4, #541]	@ 0x21d
 8008f02:	f7ff fd1f 	bl	8008944 <SCSI_SenseCode>
      return -1;
 8008f06:	f04f 30ff 	mov.w	r0, #4294967295
 8008f0a:	e7f5      	b.n	8008ef8 <SCSI_Read10+0xa4>
      SCSI_SenseCode(pdev, lun, NOT_READY, MEDIUM_NOT_PRESENT);
 8008f0c:	233a      	movs	r3, #58	@ 0x3a
 8008f0e:	f7ff fd19 	bl	8008944 <SCSI_SenseCode>
      return -1;
 8008f12:	f04f 30ff 	mov.w	r0, #4294967295
 8008f16:	e7ef      	b.n	8008ef8 <SCSI_Read10+0xa4>
      SCSI_SenseCode(pdev, lun, NOT_READY, MEDIUM_NOT_PRESENT);
 8008f18:	233a      	movs	r3, #58	@ 0x3a
 8008f1a:	2202      	movs	r2, #2
 8008f1c:	4631      	mov	r1, r6
 8008f1e:	4628      	mov	r0, r5
 8008f20:	f7ff fd10 	bl	8008944 <SCSI_SenseCode>
      return -1;
 8008f24:	f04f 30ff 	mov.w	r0, #4294967295
 8008f28:	e7e6      	b.n	8008ef8 <SCSI_Read10+0xa4>
      SCSI_SenseCode(pdev, hmsc->cbw.bLUN, ILLEGAL_REQUEST, INVALID_CDB);
 8008f2a:	2320      	movs	r3, #32
 8008f2c:	2205      	movs	r2, #5
 8008f2e:	f894 121d 	ldrb.w	r1, [r4, #541]	@ 0x21d
 8008f32:	4628      	mov	r0, r5
 8008f34:	f7ff fd06 	bl	8008944 <SCSI_SenseCode>
      return -1;
 8008f38:	f04f 30ff 	mov.w	r0, #4294967295
 8008f3c:	e7dc      	b.n	8008ef8 <SCSI_Read10+0xa4>
    return -1;
 8008f3e:	f04f 30ff 	mov.w	r0, #4294967295
 8008f42:	e7d9      	b.n	8008ef8 <SCSI_Read10+0xa4>
      return -1; /* error */
 8008f44:	f04f 30ff 	mov.w	r0, #4294967295
 8008f48:	e7d6      	b.n	8008ef8 <SCSI_Read10+0xa4>

08008f4a <SCSI_Read12>:
{
 8008f4a:	b5f8      	push	{r3, r4, r5, r6, r7, lr}
 8008f4c:	4615      	mov	r5, r2
  USBD_MSC_BOT_HandleTypeDef *hmsc = (USBD_MSC_BOT_HandleTypeDef *)pdev->pClassDataCmsit[pdev->classId];
 8008f4e:	f8d0 32d4 	ldr.w	r3, [r0, #724]	@ 0x2d4
 8008f52:	f103 02b0 	add.w	r2, r3, #176	@ 0xb0
 8008f56:	f850 4022 	ldr.w	r4, [r0, r2, lsl #2]
  if (hmsc == NULL)
 8008f5a:	2c00      	cmp	r4, #0
 8008f5c:	d070      	beq.n	8009040 <SCSI_Read12+0xf6>
 8008f5e:	4606      	mov	r6, r0
 8008f60:	460f      	mov	r7, r1
  if (hmsc->bot_state == USBD_BOT_IDLE) /* Idle */
 8008f62:	7a22      	ldrb	r2, [r4, #8]
 8008f64:	2a00      	cmp	r2, #0
 8008f66:	d141      	bne.n	8008fec <SCSI_Read12+0xa2>
    if ((hmsc->cbw.bmFlags & 0x80U) != 0x80U)
 8008f68:	f994 221c 	ldrsb.w	r2, [r4, #540]	@ 0x21c
 8008f6c:	2a00      	cmp	r2, #0
 8008f6e:	da45      	bge.n	8008ffc <SCSI_Read12+0xb2>
    if (hmsc->scsi_medium_state == SCSI_MEDIUM_EJECTED)
 8008f70:	f894 2262 	ldrb.w	r2, [r4, #610]	@ 0x262
 8008f74:	2a02      	cmp	r2, #2
 8008f76:	d04a      	beq.n	800900e <SCSI_Read12+0xc4>
    if (((USBD_StorageTypeDef *)pdev->pUserData[pdev->classId])->IsReady(lun) != 0)
 8008f78:	33b0      	adds	r3, #176	@ 0xb0
 8008f7a:	eb00 0383 	add.w	r3, r0, r3, lsl #2
 8008f7e:	685b      	ldr	r3, [r3, #4]
 8008f80:	689b      	ldr	r3, [r3, #8]
 8008f82:	4608      	mov	r0, r1
 8008f84:	4798      	blx	r3
 8008f86:	2800      	cmp	r0, #0
 8008f88:	d147      	bne.n	800901a <SCSI_Read12+0xd0>
    p_scsi_blk->addr = ((uint32_t)params[2] << 24) |
 8008f8a:	78ab      	ldrb	r3, [r5, #2]
                       ((uint32_t)params[3] << 16) |
 8008f8c:	78ea      	ldrb	r2, [r5, #3]
 8008f8e:	0412      	lsls	r2, r2, #16
    p_scsi_blk->addr = ((uint32_t)params[2] << 24) |
 8008f90:	ea42 6203 	orr.w	r2, r2, r3, lsl #24
                       ((uint32_t)params[4] <<  8) |
 8008f94:	792b      	ldrb	r3, [r5, #4]
                       ((uint32_t)params[3] << 16) |
 8008f96:	ea42 2203 	orr.w	r2, r2, r3, lsl #8
                       (uint32_t)params[5];
 8008f9a:	796b      	ldrb	r3, [r5, #5]
                       ((uint32_t)params[4] <<  8) |
 8008f9c:	431a      	orrs	r2, r3
    p_scsi_blk->addr = ((uint32_t)params[2] << 24) |
 8008f9e:	eb04 1107 	add.w	r1, r4, r7, lsl #4
 8008fa2:	f8c1 226c 	str.w	r2, [r1, #620]	@ 0x26c
    p_scsi_blk->len = ((uint32_t)params[6] << 24) |
 8008fa6:	79a8      	ldrb	r0, [r5, #6]
                      ((uint32_t)params[7] << 16) |
 8008fa8:	79eb      	ldrb	r3, [r5, #7]
 8008faa:	041b      	lsls	r3, r3, #16
    p_scsi_blk->len = ((uint32_t)params[6] << 24) |
 8008fac:	ea43 6300 	orr.w	r3, r3, r0, lsl #24
                      ((uint32_t)params[8] << 8) |
 8008fb0:	7a28      	ldrb	r0, [r5, #8]
                      ((uint32_t)params[7] << 16) |
 8008fb2:	ea43 2300 	orr.w	r3, r3, r0, lsl #8
                      (uint32_t)params[9];
 8008fb6:	7a68      	ldrb	r0, [r5, #9]
                      ((uint32_t)params[8] << 8) |
 8008fb8:	4303      	orrs	r3, r0
    p_scsi_blk->len = ((uint32_t)params[6] << 24) |
 8008fba:	f8c1 3270 	str.w	r3, [r1, #624]	@ 0x270
    if (SCSI_CheckAddressRange(pdev, lun, p_scsi_blk->addr, p_scsi_blk->len) < 0)
 8008fbe:	4639      	mov	r1, r7
 8008fc0:	4630      	mov	r0, r6
 8008fc2:	f7ff fec9 	bl	8008d58 <SCSI_CheckAddressRange>
 8008fc6:	2800      	cmp	r0, #0
 8008fc8:	db3d      	blt.n	8009046 <SCSI_Read12+0xfc>
    if (hmsc->cbw.dDataLength != (p_scsi_blk->len * p_scsi_blk->size))
 8008fca:	f8d4 1218 	ldr.w	r1, [r4, #536]	@ 0x218
 8008fce:	eb04 1307 	add.w	r3, r4, r7, lsl #4
 8008fd2:	f8d3 3270 	ldr.w	r3, [r3, #624]	@ 0x270
 8008fd6:	f107 0226 	add.w	r2, r7, #38	@ 0x26
 8008fda:	eb04 1202 	add.w	r2, r4, r2, lsl #4
 8008fde:	8892      	ldrh	r2, [r2, #4]
 8008fe0:	fb02 f303 	mul.w	r3, r2, r3
 8008fe4:	4299      	cmp	r1, r3
 8008fe6:	d121      	bne.n	800902c <SCSI_Read12+0xe2>
    hmsc->bot_state = USBD_BOT_DATA_IN;
 8008fe8:	2302      	movs	r3, #2
 8008fea:	7223      	strb	r3, [r4, #8]
  hmsc->bot_data_length = MSC_MEDIA_PACKET;
 8008fec:	f44f 7300 	mov.w	r3, #512	@ 0x200
 8008ff0:	60e3      	str	r3, [r4, #12]
  return SCSI_ProcessRead(pdev, lun);
 8008ff2:	4639      	mov	r1, r7
 8008ff4:	4630      	mov	r0, r6
 8008ff6:	f7ff fecb 	bl	8008d90 <SCSI_ProcessRead>
}
 8008ffa:	bdf8      	pop	{r3, r4, r5, r6, r7, pc}
      SCSI_SenseCode(pdev, hmsc->cbw.bLUN, ILLEGAL_REQUEST, INVALID_CDB);
 8008ffc:	2320      	movs	r3, #32
 8008ffe:	2205      	movs	r2, #5
 8009000:	f894 121d 	ldrb.w	r1, [r4, #541]	@ 0x21d
 8009004:	f7ff fc9e 	bl	8008944 <SCSI_SenseCode>
      return -1;
 8009008:	f04f 30ff 	mov.w	r0, #4294967295
 800900c:	e7f5      	b.n	8008ffa <SCSI_Read12+0xb0>
      SCSI_SenseCode(pdev, lun, NOT_READY, MEDIUM_NOT_PRESENT);
 800900e:	233a      	movs	r3, #58	@ 0x3a
 8009010:	f7ff fc98 	bl	8008944 <SCSI_SenseCode>
      return -1;
 8009014:	f04f 30ff 	mov.w	r0, #4294967295
 8009018:	e7ef      	b.n	8008ffa <SCSI_Read12+0xb0>
      SCSI_SenseCode(pdev, lun, NOT_READY, MEDIUM_NOT_PRESENT);
 800901a:	233a      	movs	r3, #58	@ 0x3a
 800901c:	2202      	movs	r2, #2
 800901e:	4639      	mov	r1, r7
 8009020:	4630      	mov	r0, r6
 8009022:	f7ff fc8f 	bl	8008944 <SCSI_SenseCode>
      return -1;
 8009026:	f04f 30ff 	mov.w	r0, #4294967295
 800902a:	e7e6      	b.n	8008ffa <SCSI_Read12+0xb0>
      SCSI_SenseCode(pdev, hmsc->cbw.bLUN, ILLEGAL_REQUEST, INVALID_CDB);
 800902c:	2320      	movs	r3, #32
 800902e:	2205      	movs	r2, #5
 8009030:	f894 121d 	ldrb.w	r1, [r4, #541]	@ 0x21d
 8009034:	4630      	mov	r0, r6
 8009036:	f7ff fc85 	bl	8008944 <SCSI_SenseCode>
      return -1;
 800903a:	f04f 30ff 	mov.w	r0, #4294967295
 800903e:	e7dc      	b.n	8008ffa <SCSI_Read12+0xb0>
    return -1;
 8009040:	f04f 30ff 	mov.w	r0, #4294967295
 8009044:	e7d9      	b.n	8008ffa <SCSI_Read12+0xb0>
      return -1; /* error */
 8009046:	f04f 30ff 	mov.w	r0, #4294967295
 800904a:	e7d6      	b.n	8008ffa <SCSI_Read12+0xb0>

0800904c <SCSI_ProcessWrite>:
{
 800904c:	e92d 43f8 	stmdb	sp!, {r3, r4, r5, r6, r7, r8, r9, lr}
  USBD_MSC_BOT_HandleTypeDef *hmsc = (USBD_MSC_BOT_HandleTypeDef *)pdev->pClassDataCmsit[pdev->classId];
 8009050:	f8d0 22d4 	ldr.w	r2, [r0, #724]	@ 0x2d4
 8009054:	f102 03b0 	add.w	r3, r2, #176	@ 0xb0
 8009058:	f850 5023 	ldr.w	r5, [r0, r3, lsl #2]
  if (hmsc == NULL)
 800905c:	2d00      	cmp	r5, #0
 800905e:	d05a      	beq.n	8009116 <SCSI_ProcessWrite+0xca>
 8009060:	4607      	mov	r7, r0
 8009062:	460c      	mov	r4, r1
  len = p_scsi_blk->len * p_scsi_blk->size;
 8009064:	eb05 1101 	add.w	r1, r5, r1, lsl #4
 8009068:	f8d1 6270 	ldr.w	r6, [r1, #624]	@ 0x270
 800906c:	f104 0326 	add.w	r3, r4, #38	@ 0x26
 8009070:	eb05 1303 	add.w	r3, r5, r3, lsl #4
 8009074:	889b      	ldrh	r3, [r3, #4]
 8009076:	fb03 f606 	mul.w	r6, r3, r6
  len = MIN(len, MSC_MEDIA_PACKET);
 800907a:	f5b6 7f00 	cmp.w	r6, #512	@ 0x200
 800907e:	bf28      	it	cs
 8009080:	f44f 7600 	movcs.w	r6, #512	@ 0x200
  if (((USBD_StorageTypeDef *)pdev->pUserData[pdev->classId])->Write(lun, hmsc->bot_data, p_scsi_blk->addr,
 8009084:	32b0      	adds	r2, #176	@ 0xb0
 8009086:	eb00 0282 	add.w	r2, r0, r2, lsl #2
 800908a:	6852      	ldr	r2, [r2, #4]
 800908c:	f8d2 9014 	ldr.w	r9, [r2, #20]
 8009090:	f105 0810 	add.w	r8, r5, #16
                                                                     (len / p_scsi_blk->size)) < 0)
 8009094:	fbb6 f3f3 	udiv	r3, r6, r3
  if (((USBD_StorageTypeDef *)pdev->pUserData[pdev->classId])->Write(lun, hmsc->bot_data, p_scsi_blk->addr,
 8009098:	b29b      	uxth	r3, r3
 800909a:	f8d1 226c 	ldr.w	r2, [r1, #620]	@ 0x26c
 800909e:	4641      	mov	r1, r8
 80090a0:	4620      	mov	r0, r4
 80090a2:	47c8      	blx	r9
 80090a4:	2800      	cmp	r0, #0
 80090a6:	db1e      	blt.n	80090e6 <SCSI_ProcessWrite+0x9a>
  p_scsi_blk->addr += (len / p_scsi_blk->size);
 80090a8:	eb05 1104 	add.w	r1, r5, r4, lsl #4
 80090ac:	f8d1 226c 	ldr.w	r2, [r1, #620]	@ 0x26c
 80090b0:	3426      	adds	r4, #38	@ 0x26
 80090b2:	eb05 1404 	add.w	r4, r5, r4, lsl #4
 80090b6:	88a3      	ldrh	r3, [r4, #4]
 80090b8:	fbb6 f0f3 	udiv	r0, r6, r3
 80090bc:	4402      	add	r2, r0
 80090be:	f8c1 226c 	str.w	r2, [r1, #620]	@ 0x26c
  p_scsi_blk->len -= (len / p_scsi_blk->size);
 80090c2:	f8d1 2270 	ldr.w	r2, [r1, #624]	@ 0x270
 80090c6:	1a12      	subs	r2, r2, r0
 80090c8:	f8c1 2270 	str.w	r2, [r1, #624]	@ 0x270
  hmsc->csw.dDataResidue -= len;
 80090cc:	f8d5 1238 	ldr.w	r1, [r5, #568]	@ 0x238
 80090d0:	1b89      	subs	r1, r1, r6
 80090d2:	f8c5 1238 	str.w	r1, [r5, #568]	@ 0x238
  if (p_scsi_blk->len == 0U)
 80090d6:	b97a      	cbnz	r2, 80090f8 <SCSI_ProcessWrite+0xac>
    MSC_BOT_SendCSW(pdev, USBD_CSW_CMD_PASSED);
 80090d8:	2100      	movs	r1, #0
 80090da:	4638      	mov	r0, r7
 80090dc:	f7ff fa7e 	bl	80085dc <MSC_BOT_SendCSW>
  return 0;
 80090e0:	2000      	movs	r0, #0
}
 80090e2:	e8bd 83f8 	ldmia.w	sp!, {r3, r4, r5, r6, r7, r8, r9, pc}
    SCSI_SenseCode(pdev, lun, HARDWARE_ERROR, WRITE_FAULT);
 80090e6:	2303      	movs	r3, #3
 80090e8:	2204      	movs	r2, #4
 80090ea:	4621      	mov	r1, r4
 80090ec:	4638      	mov	r0, r7
 80090ee:	f7ff fc29 	bl	8008944 <SCSI_SenseCode>
    return -1;
 80090f2:	f04f 30ff 	mov.w	r0, #4294967295
 80090f6:	e7f4      	b.n	80090e2 <SCSI_ProcessWrite+0x96>
    len = MIN((p_scsi_blk->len * p_scsi_blk->size), MSC_MEDIA_PACKET);
 80090f8:	fb02 f303 	mul.w	r3, r2, r3
    (void)USBD_LL_PrepareReceive(pdev, MSCOutEpAdd, hmsc->bot_data, len);
 80090fc:	f5b3 7f00 	cmp.w	r3, #512	@ 0x200
 8009100:	bf28      	it	cs
 8009102:	f44f 7300 	movcs.w	r3, #512	@ 0x200
 8009106:	4642      	mov	r2, r8
 8009108:	4904      	ldr	r1, [pc, #16]	@ (800911c <SCSI_ProcessWrite+0xd0>)
 800910a:	7809      	ldrb	r1, [r1, #0]
 800910c:	4638      	mov	r0, r7
 800910e:	f7fe f989 	bl	8007424 <USBD_LL_PrepareReceive>
  return 0;
 8009112:	2000      	movs	r0, #0
 8009114:	e7e5      	b.n	80090e2 <SCSI_ProcessWrite+0x96>
    return -1;
 8009116:	f04f 30ff 	mov.w	r0, #4294967295
 800911a:	e7e2      	b.n	80090e2 <SCSI_ProcessWrite+0x96>
 800911c:	2000005c 	.word	0x2000005c

08009120 <SCSI_Write10>:
{
 8009120:	e92d 41f0 	stmdb	sp!, {r4, r5, r6, r7, r8, lr}
 8009124:	4617      	mov	r7, r2
  USBD_MSC_BOT_HandleTypeDef *hmsc = (USBD_MSC_BOT_HandleTypeDef *)pdev->pClassDataCmsit[pdev->classId];
 8009126:	f8d0 32d4 	ldr.w	r3, [r0, #724]	@ 0x2d4
 800912a:	f103 02b0 	add.w	r2, r3, #176	@ 0xb0
 800912e:	f850 5022 	ldr.w	r5, [r0, r2, lsl #2]
  if (hmsc == NULL)
 8009132:	2d00      	cmp	r5, #0
 8009134:	f000 808e 	beq.w	8009254 <SCSI_Write10+0x134>
 8009138:	4606      	mov	r6, r0
 800913a:	460c      	mov	r4, r1
  if (hmsc->bot_state == USBD_BOT_IDLE) /* Idle */
 800913c:	7a2a      	ldrb	r2, [r5, #8]
 800913e:	2a00      	cmp	r2, #0
 8009140:	f040 8084 	bne.w	800924c <SCSI_Write10+0x12c>
    if (hmsc->cbw.dDataLength == 0U)
 8009144:	f8d5 2218 	ldr.w	r2, [r5, #536]	@ 0x218
 8009148:	2a00      	cmp	r2, #0
 800914a:	d051      	beq.n	80091f0 <SCSI_Write10+0xd0>
    if ((hmsc->cbw.bmFlags & 0x80U) == 0x80U)
 800914c:	f995 221c 	ldrsb.w	r2, [r5, #540]	@ 0x21c
 8009150:	2a00      	cmp	r2, #0
 8009152:	db56      	blt.n	8009202 <SCSI_Write10+0xe2>
    if (((USBD_StorageTypeDef *)pdev->pUserData[pdev->classId])->IsReady(lun) != 0)
 8009154:	33b0      	adds	r3, #176	@ 0xb0
 8009156:	eb00 0383 	add.w	r3, r0, r3, lsl #2
 800915a:	685b      	ldr	r3, [r3, #4]
 800915c:	689b      	ldr	r3, [r3, #8]
 800915e:	4608      	mov	r0, r1
 8009160:	4798      	blx	r3
 8009162:	2800      	cmp	r0, #0
 8009164:	d156      	bne.n	8009214 <SCSI_Write10+0xf4>
    if (((USBD_StorageTypeDef *)pdev->pUserData[pdev->classId])->IsWriteProtected(lun) != 0)
 8009166:	f8d6 32d4 	ldr.w	r3, [r6, #724]	@ 0x2d4
 800916a:	33b0      	adds	r3, #176	@ 0xb0
 800916c:	eb06 0383 	add.w	r3, r6, r3, lsl #2
 8009170:	685b      	ldr	r3, [r3, #4]
 8009172:	68db      	ldr	r3, [r3, #12]
 8009174:	4620      	mov	r0, r4
 8009176:	4798      	blx	r3
 8009178:	4680      	mov	r8, r0
 800917a:	2800      	cmp	r0, #0
 800917c:	d153      	bne.n	8009226 <SCSI_Write10+0x106>
    p_scsi_blk->addr = ((uint32_t)params[2] << 24) |
 800917e:	78ba      	ldrb	r2, [r7, #2]
                       ((uint32_t)params[3] << 16) |
 8009180:	78fb      	ldrb	r3, [r7, #3]
 8009182:	041b      	lsls	r3, r3, #16
    p_scsi_blk->addr = ((uint32_t)params[2] << 24) |
 8009184:	ea43 6302 	orr.w	r3, r3, r2, lsl #24
                       ((uint32_t)params[4] << 8) |
 8009188:	793a      	ldrb	r2, [r7, #4]
                       ((uint32_t)params[3] << 16) |
 800918a:	ea43 2302 	orr.w	r3, r3, r2, lsl #8
                       (uint32_t)params[5];
 800918e:	797a      	ldrb	r2, [r7, #5]
                       ((uint32_t)params[4] << 8) |
 8009190:	431a      	orrs	r2, r3
    p_scsi_blk->addr = ((uint32_t)params[2] << 24) |
 8009192:	eb05 1104 	add.w	r1, r5, r4, lsl #4
 8009196:	f8c1 226c 	str.w	r2, [r1, #620]	@ 0x26c
    p_scsi_blk->len = ((uint32_t)params[7] << 8) |
 800919a:	79f8      	ldrb	r0, [r7, #7]
                      (uint32_t)params[8];
 800919c:	7a3b      	ldrb	r3, [r7, #8]
    p_scsi_blk->len = ((uint32_t)params[7] << 8) |
 800919e:	ea43 2300 	orr.w	r3, r3, r0, lsl #8
 80091a2:	f8c1 3270 	str.w	r3, [r1, #624]	@ 0x270
    if (SCSI_CheckAddressRange(pdev, lun, p_scsi_blk->addr, p_scsi_blk->len) < 0)
 80091a6:	4621      	mov	r1, r4
 80091a8:	4630      	mov	r0, r6
 80091aa:	f7ff fdd5 	bl	8008d58 <SCSI_CheckAddressRange>
 80091ae:	2800      	cmp	r0, #0
 80091b0:	db53      	blt.n	800925a <SCSI_Write10+0x13a>
    len = p_scsi_blk->len * p_scsi_blk->size;
 80091b2:	eb05 1304 	add.w	r3, r5, r4, lsl #4
 80091b6:	f8d3 3270 	ldr.w	r3, [r3, #624]	@ 0x270
 80091ba:	3426      	adds	r4, #38	@ 0x26
 80091bc:	eb05 1404 	add.w	r4, r5, r4, lsl #4
 80091c0:	88a2      	ldrh	r2, [r4, #4]
 80091c2:	fb02 f303 	mul.w	r3, r2, r3
    if (hmsc->cbw.dDataLength != len)
 80091c6:	f8d5 2218 	ldr.w	r2, [r5, #536]	@ 0x218
 80091ca:	429a      	cmp	r2, r3
 80091cc:	d134      	bne.n	8009238 <SCSI_Write10+0x118>
    hmsc->bot_state = USBD_BOT_DATA_OUT;
 80091ce:	2201      	movs	r2, #1
 80091d0:	722a      	strb	r2, [r5, #8]
    (void)USBD_LL_PrepareReceive(pdev, MSCOutEpAdd, hmsc->bot_data, len);
 80091d2:	f5b3 7f00 	cmp.w	r3, #512	@ 0x200
 80091d6:	bf28      	it	cs
 80091d8:	f44f 7300 	movcs.w	r3, #512	@ 0x200
 80091dc:	f105 0210 	add.w	r2, r5, #16
 80091e0:	491f      	ldr	r1, [pc, #124]	@ (8009260 <SCSI_Write10+0x140>)
 80091e2:	7809      	ldrb	r1, [r1, #0]
 80091e4:	4630      	mov	r0, r6
 80091e6:	f7fe f91d 	bl	8007424 <USBD_LL_PrepareReceive>
}
 80091ea:	4640      	mov	r0, r8
 80091ec:	e8bd 81f0 	ldmia.w	sp!, {r4, r5, r6, r7, r8, pc}
      SCSI_SenseCode(pdev, hmsc->cbw.bLUN, ILLEGAL_REQUEST, INVALID_CDB);
 80091f0:	2320      	movs	r3, #32
 80091f2:	2205      	movs	r2, #5
 80091f4:	f895 121d 	ldrb.w	r1, [r5, #541]	@ 0x21d
 80091f8:	f7ff fba4 	bl	8008944 <SCSI_SenseCode>
      return -1;
 80091fc:	f04f 38ff 	mov.w	r8, #4294967295
 8009200:	e7f3      	b.n	80091ea <SCSI_Write10+0xca>
      SCSI_SenseCode(pdev, hmsc->cbw.bLUN, ILLEGAL_REQUEST, INVALID_CDB);
 8009202:	2320      	movs	r3, #32
 8009204:	2205      	movs	r2, #5
 8009206:	f895 121d 	ldrb.w	r1, [r5, #541]	@ 0x21d
 800920a:	f7ff fb9b 	bl	8008944 <SCSI_SenseCode>
      return -1;
 800920e:	f04f 38ff 	mov.w	r8, #4294967295
 8009212:	e7ea      	b.n	80091ea <SCSI_Write10+0xca>
      SCSI_SenseCode(pdev, lun, NOT_READY, MEDIUM_NOT_PRESENT);
 8009214:	233a      	movs	r3, #58	@ 0x3a
 8009216:	2202      	movs	r2, #2
 8009218:	4621      	mov	r1, r4
 800921a:	4630      	mov	r0, r6
 800921c:	f7ff fb92 	bl	8008944 <SCSI_SenseCode>
      return -1;
 8009220:	f04f 38ff 	mov.w	r8, #4294967295
 8009224:	e7e1      	b.n	80091ea <SCSI_Write10+0xca>
      SCSI_SenseCode(pdev, lun, NOT_READY, WRITE_PROTECTED);
 8009226:	2327      	movs	r3, #39	@ 0x27
 8009228:	2202      	movs	r2, #2
 800922a:	4621      	mov	r1, r4
 800922c:	4630      	mov	r0, r6
 800922e:	f7ff fb89 	bl	8008944 <SCSI_SenseCode>
      return -1;
 8009232:	f04f 38ff 	mov.w	r8, #4294967295
 8009236:	e7d8      	b.n	80091ea <SCSI_Write10+0xca>
      SCSI_SenseCode(pdev, hmsc->cbw.bLUN, ILLEGAL_REQUEST, INVALID_CDB);
 8009238:	2320      	movs	r3, #32
 800923a:	2205      	movs	r2, #5
 800923c:	f895 121d 	ldrb.w	r1, [r5, #541]	@ 0x21d
 8009240:	4630      	mov	r0, r6
 8009242:	f7ff fb7f 	bl	8008944 <SCSI_SenseCode>
      return -1;
 8009246:	f04f 38ff 	mov.w	r8, #4294967295
 800924a:	e7ce      	b.n	80091ea <SCSI_Write10+0xca>
    return SCSI_ProcessWrite(pdev, lun);
 800924c:	f7ff fefe 	bl	800904c <SCSI_ProcessWrite>
 8009250:	4680      	mov	r8, r0
 8009252:	e7ca      	b.n	80091ea <SCSI_Write10+0xca>
    return -1;
 8009254:	f04f 38ff 	mov.w	r8, #4294967295
 8009258:	e7c7      	b.n	80091ea <SCSI_Write10+0xca>
      return -1; /* error */
 800925a:	f04f 38ff 	mov.w	r8, #4294967295
 800925e:	e7c4      	b.n	80091ea <SCSI_Write10+0xca>
 8009260:	2000005c 	.word	0x2000005c

08009264 <SCSI_Write12>:
{
 8009264:	e92d 41f0 	stmdb	sp!, {r4, r5, r6, r7, r8, lr}
 8009268:	4616      	mov	r6, r2
  USBD_MSC_BOT_HandleTypeDef *hmsc = (USBD_MSC_BOT_HandleTypeDef *)pdev->pClassDataCmsit[pdev->classId];
 800926a:	f8d0 32d4 	ldr.w	r3, [r0, #724]	@ 0x2d4
 800926e:	f103 02b0 	add.w	r2, r3, #176	@ 0xb0
 8009272:	f850 5022 	ldr.w	r5, [r0, r2, lsl #2]
  if (hmsc == NULL)
 8009276:	2d00      	cmp	r5, #0
 8009278:	f000 8098 	beq.w	80093ac <SCSI_Write12+0x148>
 800927c:	4607      	mov	r7, r0
 800927e:	460c      	mov	r4, r1
  if (hmsc->bot_state == USBD_BOT_IDLE) /* Idle */
 8009280:	7a2a      	ldrb	r2, [r5, #8]
 8009282:	2a00      	cmp	r2, #0
 8009284:	f040 808e 	bne.w	80093a4 <SCSI_Write12+0x140>
    if (hmsc->cbw.dDataLength == 0U)
 8009288:	f8d5 2218 	ldr.w	r2, [r5, #536]	@ 0x218
 800928c:	2a00      	cmp	r2, #0
 800928e:	d057      	beq.n	8009340 <SCSI_Write12+0xdc>
    if ((hmsc->cbw.bmFlags & 0x80U) == 0x80U)
 8009290:	f995 221c 	ldrsb.w	r2, [r5, #540]	@ 0x21c
 8009294:	2a00      	cmp	r2, #0
 8009296:	db5c      	blt.n	8009352 <SCSI_Write12+0xee>
    if (((USBD_StorageTypeDef *)pdev->pUserData[pdev->classId])->IsReady(lun) != 0)
 8009298:	33b0      	adds	r3, #176	@ 0xb0
 800929a:	eb00 0383 	add.w	r3, r0, r3, lsl #2
 800929e:	685b      	ldr	r3, [r3, #4]
 80092a0:	689b      	ldr	r3, [r3, #8]
 80092a2:	4608      	mov	r0, r1
 80092a4:	4798      	blx	r3
 80092a6:	2800      	cmp	r0, #0
 80092a8:	d15c      	bne.n	8009364 <SCSI_Write12+0x100>
    if (((USBD_StorageTypeDef *)pdev->pUserData[pdev->classId])->IsWriteProtected(lun) != 0)
 80092aa:	f8d7 32d4 	ldr.w	r3, [r7, #724]	@ 0x2d4
 80092ae:	33b0      	adds	r3, #176	@ 0xb0
 80092b0:	eb07 0383 	add.w	r3, r7, r3, lsl #2
 80092b4:	685b      	ldr	r3, [r3, #4]
 80092b6:	68db      	ldr	r3, [r3, #12]
 80092b8:	4620      	mov	r0, r4
 80092ba:	4798      	blx	r3
 80092bc:	4680      	mov	r8, r0
 80092be:	2800      	cmp	r0, #0
 80092c0:	d15b      	bne.n	800937a <SCSI_Write12+0x116>
    p_scsi_blk->addr = ((uint32_t)params[2] << 24) |
 80092c2:	78b3      	ldrb	r3, [r6, #2]
                       ((uint32_t)params[3] << 16) |
 80092c4:	78f2      	ldrb	r2, [r6, #3]
 80092c6:	0412      	lsls	r2, r2, #16
    p_scsi_blk->addr = ((uint32_t)params[2] << 24) |
 80092c8:	ea42 6203 	orr.w	r2, r2, r3, lsl #24
                       ((uint32_t)params[4] << 8) |
 80092cc:	7933      	ldrb	r3, [r6, #4]
                       ((uint32_t)params[3] << 16) |
 80092ce:	ea42 2203 	orr.w	r2, r2, r3, lsl #8
                       (uint32_t)params[5];
 80092d2:	7973      	ldrb	r3, [r6, #5]
                       ((uint32_t)params[4] << 8) |
 80092d4:	431a      	orrs	r2, r3
    p_scsi_blk->addr = ((uint32_t)params[2] << 24) |
 80092d6:	eb05 1104 	add.w	r1, r5, r4, lsl #4
 80092da:	f8c1 226c 	str.w	r2, [r1, #620]	@ 0x26c
    p_scsi_blk->len = ((uint32_t)params[6] << 24) |
 80092de:	79b0      	ldrb	r0, [r6, #6]
                      ((uint32_t)params[7] << 16) |
 80092e0:	79f3      	ldrb	r3, [r6, #7]
 80092e2:	041b      	lsls	r3, r3, #16
    p_scsi_blk->len = ((uint32_t)params[6] << 24) |
 80092e4:	ea43 6300 	orr.w	r3, r3, r0, lsl #24
                      ((uint32_t)params[8] << 8) |
 80092e8:	7a30      	ldrb	r0, [r6, #8]
                      ((uint32_t)params[7] << 16) |
 80092ea:	ea43 2300 	orr.w	r3, r3, r0, lsl #8
                      (uint32_t)params[9];
 80092ee:	7a70      	ldrb	r0, [r6, #9]
                      ((uint32_t)params[8] << 8) |
 80092f0:	4303      	orrs	r3, r0
    p_scsi_blk->len = ((uint32_t)params[6] << 24) |
 80092f2:	f8c1 3270 	str.w	r3, [r1, #624]	@ 0x270
    if (SCSI_CheckAddressRange(pdev, lun, p_scsi_blk->addr, p_scsi_blk->len) < 0)
 80092f6:	4621      	mov	r1, r4
 80092f8:	4638      	mov	r0, r7
 80092fa:	f7ff fd2d 	bl	8008d58 <SCSI_CheckAddressRange>
 80092fe:	2800      	cmp	r0, #0
 8009300:	db57      	blt.n	80093b2 <SCSI_Write12+0x14e>
    len = p_scsi_blk->len * p_scsi_blk->size;
 8009302:	eb05 1304 	add.w	r3, r5, r4, lsl #4
 8009306:	f8d3 3270 	ldr.w	r3, [r3, #624]	@ 0x270
 800930a:	3426      	adds	r4, #38	@ 0x26
 800930c:	eb05 1404 	add.w	r4, r5, r4, lsl #4
 8009310:	88a2      	ldrh	r2, [r4, #4]
 8009312:	fb02 f303 	mul.w	r3, r2, r3
    if (hmsc->cbw.dDataLength != len)
 8009316:	f8d5 2218 	ldr.w	r2, [r5, #536]	@ 0x218
 800931a:	429a      	cmp	r2, r3
 800931c:	d138      	bne.n	8009390 <SCSI_Write12+0x12c>
    hmsc->bot_state = USBD_BOT_DATA_OUT;
 800931e:	2201      	movs	r2, #1
 8009320:	722a      	strb	r2, [r5, #8]
    (void)USBD_LL_PrepareReceive(pdev, MSCOutEpAdd, hmsc->bot_data, len);
 8009322:	f5b3 7f00 	cmp.w	r3, #512	@ 0x200
 8009326:	bf28      	it	cs
 8009328:	f44f 7300 	movcs.w	r3, #512	@ 0x200
 800932c:	f105 0210 	add.w	r2, r5, #16
 8009330:	4921      	ldr	r1, [pc, #132]	@ (80093b8 <SCSI_Write12+0x154>)
 8009332:	7809      	ldrb	r1, [r1, #0]
 8009334:	4638      	mov	r0, r7
 8009336:	f7fe f875 	bl	8007424 <USBD_LL_PrepareReceive>
}
 800933a:	4640      	mov	r0, r8
 800933c:	e8bd 81f0 	ldmia.w	sp!, {r4, r5, r6, r7, r8, pc}
      SCSI_SenseCode(pdev, hmsc->cbw.bLUN, ILLEGAL_REQUEST, INVALID_CDB);
 8009340:	2320      	movs	r3, #32
 8009342:	2205      	movs	r2, #5
 8009344:	f895 121d 	ldrb.w	r1, [r5, #541]	@ 0x21d
 8009348:	f7ff fafc 	bl	8008944 <SCSI_SenseCode>
      return -1;
 800934c:	f04f 38ff 	mov.w	r8, #4294967295
 8009350:	e7f3      	b.n	800933a <SCSI_Write12+0xd6>
      SCSI_SenseCode(pdev, hmsc->cbw.bLUN, ILLEGAL_REQUEST, INVALID_CDB);
 8009352:	2320      	movs	r3, #32
 8009354:	2205      	movs	r2, #5
 8009356:	f895 121d 	ldrb.w	r1, [r5, #541]	@ 0x21d
 800935a:	f7ff faf3 	bl	8008944 <SCSI_SenseCode>
      return -1;
 800935e:	f04f 38ff 	mov.w	r8, #4294967295
 8009362:	e7ea      	b.n	800933a <SCSI_Write12+0xd6>
      SCSI_SenseCode(pdev, lun, NOT_READY, MEDIUM_NOT_PRESENT);
 8009364:	233a      	movs	r3, #58	@ 0x3a
 8009366:	2202      	movs	r2, #2
 8009368:	4621      	mov	r1, r4
 800936a:	4638      	mov	r0, r7
 800936c:	f7ff faea 	bl	8008944 <SCSI_SenseCode>
      hmsc->bot_state = USBD_BOT_NO_DATA;
 8009370:	2305      	movs	r3, #5
 8009372:	722b      	strb	r3, [r5, #8]
      return -1;
 8009374:	f04f 38ff 	mov.w	r8, #4294967295
 8009378:	e7df      	b.n	800933a <SCSI_Write12+0xd6>
      SCSI_SenseCode(pdev, lun, NOT_READY, WRITE_PROTECTED);
 800937a:	2327      	movs	r3, #39	@ 0x27
 800937c:	2202      	movs	r2, #2
 800937e:	4621      	mov	r1, r4
 8009380:	4638      	mov	r0, r7
 8009382:	f7ff fadf 	bl	8008944 <SCSI_SenseCode>
      hmsc->bot_state = USBD_BOT_NO_DATA;
 8009386:	2305      	movs	r3, #5
 8009388:	722b      	strb	r3, [r5, #8]
      return -1;
 800938a:	f04f 38ff 	mov.w	r8, #4294967295
 800938e:	e7d4      	b.n	800933a <SCSI_Write12+0xd6>
      SCSI_SenseCode(pdev, hmsc->cbw.bLUN, ILLEGAL_REQUEST, INVALID_CDB);
 8009390:	2320      	movs	r3, #32
 8009392:	2205      	movs	r2, #5
 8009394:	f895 121d 	ldrb.w	r1, [r5, #541]	@ 0x21d
 8009398:	4638      	mov	r0, r7
 800939a:	f7ff fad3 	bl	8008944 <SCSI_SenseCode>
      return -1;
 800939e:	f04f 38ff 	mov.w	r8, #4294967295
 80093a2:	e7ca      	b.n	800933a <SCSI_Write12+0xd6>
    return SCSI_ProcessWrite(pdev, lun);
 80093a4:	f7ff fe52 	bl	800904c <SCSI_ProcessWrite>
 80093a8:	4680      	mov	r8, r0
 80093aa:	e7c6      	b.n	800933a <SCSI_Write12+0xd6>
    return -1;
 80093ac:	f04f 38ff 	mov.w	r8, #4294967295
 80093b0:	e7c3      	b.n	800933a <SCSI_Write12+0xd6>
      return -1; /* error */
 80093b2:	f04f 38ff 	mov.w	r8, #4294967295
 80093b6:	e7c0      	b.n	800933a <SCSI_Write12+0xd6>
 80093b8:	2000005c 	.word	0x2000005c

080093bc <SCSI_Verify10>:
{
 80093bc:	b510      	push	{r4, lr}
  USBD_MSC_BOT_HandleTypeDef *hmsc = (USBD_MSC_BOT_HandleTypeDef *)pdev->pClassDataCmsit[pdev->classId];
 80093be:	f8d0 32d4 	ldr.w	r3, [r0, #724]	@ 0x2d4
 80093c2:	33b0      	adds	r3, #176	@ 0xb0
 80093c4:	f850 4023 	ldr.w	r4, [r0, r3, lsl #2]
  if (hmsc == NULL)
 80093c8:	b1bc      	cbz	r4, 80093fa <SCSI_Verify10+0x3e>
  if ((params[1] & 0x02U) == 0x02U)
 80093ca:	7853      	ldrb	r3, [r2, #1]
 80093cc:	f013 0f02 	tst.w	r3, #2
 80093d0:	d10c      	bne.n	80093ec <SCSI_Verify10+0x30>
  if (SCSI_CheckAddressRange(pdev, lun, p_scsi_blk->addr, p_scsi_blk->len) < 0)
 80093d2:	eb04 1201 	add.w	r2, r4, r1, lsl #4
 80093d6:	f8d2 3270 	ldr.w	r3, [r2, #624]	@ 0x270
 80093da:	f8d2 226c 	ldr.w	r2, [r2, #620]	@ 0x26c
 80093de:	f7ff fcbb 	bl	8008d58 <SCSI_CheckAddressRange>
 80093e2:	2800      	cmp	r0, #0
 80093e4:	db0c      	blt.n	8009400 <SCSI_Verify10+0x44>
  hmsc->bot_data_length = 0U;
 80093e6:	2000      	movs	r0, #0
 80093e8:	60e0      	str	r0, [r4, #12]
}
 80093ea:	bd10      	pop	{r4, pc}
    SCSI_SenseCode(pdev, lun, ILLEGAL_REQUEST, INVALID_FIELD_IN_COMMAND);
 80093ec:	2324      	movs	r3, #36	@ 0x24
 80093ee:	2205      	movs	r2, #5
 80093f0:	f7ff faa8 	bl	8008944 <SCSI_SenseCode>
    return -1; /* Error, Verify Mode Not supported*/
 80093f4:	f04f 30ff 	mov.w	r0, #4294967295
 80093f8:	e7f7      	b.n	80093ea <SCSI_Verify10+0x2e>
    return -1;
 80093fa:	f04f 30ff 	mov.w	r0, #4294967295
 80093fe:	e7f4      	b.n	80093ea <SCSI_Verify10+0x2e>
    return -1; /* error */
 8009400:	f04f 30ff 	mov.w	r0, #4294967295
 8009404:	e7f1      	b.n	80093ea <SCSI_Verify10+0x2e>

08009406 <SCSI_ProcessCmd>:
{
 8009406:	b508      	push	{r3, lr}
  USBD_MSC_BOT_HandleTypeDef *hmsc = (USBD_MSC_BOT_HandleTypeDef *)pdev->pClassDataCmsit[pdev->classId];
 8009408:	f8d0 32d4 	ldr.w	r3, [r0, #724]	@ 0x2d4
 800940c:	33b0      	adds	r3, #176	@ 0xb0
 800940e:	f850 3023 	ldr.w	r3, [r0, r3, lsl #2]
  if (hmsc == NULL)
 8009412:	2b00      	cmp	r3, #0
 8009414:	d07e      	beq.n	8009514 <SCSI_ProcessCmd+0x10e>
  switch (cmd[0])
 8009416:	7813      	ldrb	r3, [r2, #0]
 8009418:	2b5a      	cmp	r3, #90	@ 0x5a
 800941a:	d831      	bhi.n	8009480 <SCSI_ProcessCmd+0x7a>
 800941c:	2b5a      	cmp	r3, #90	@ 0x5a
 800941e:	d872      	bhi.n	8009506 <SCSI_ProcessCmd+0x100>
 8009420:	e8df f003 	tbb	[pc, r3]
 8009424:	4171713e 	.word	0x4171713e
 8009428:	71717171 	.word	0x71717171
 800942c:	71717171 	.word	0x71717171
 8009430:	71717171 	.word	0x71717171
 8009434:	71447171 	.word	0x71447171
 8009438:	71717171 	.word	0x71717171
 800943c:	474d7171 	.word	0x474d7171
 8009440:	714a716e 	.word	0x714a716e
 8009444:	53717171 	.word	0x53717171
 8009448:	71715671 	.word	0x71715671
 800944c:	7162715c 	.word	0x7162715c
 8009450:	68717171 	.word	0x68717171
 8009454:	71717171 	.word	0x71717171
 8009458:	71717171 	.word	0x71717171
 800945c:	71717171 	.word	0x71717171
 8009460:	71717171 	.word	0x71717171
 8009464:	71717171 	.word	0x71717171
 8009468:	71717171 	.word	0x71717171
 800946c:	71717171 	.word	0x71717171
 8009470:	71717171 	.word	0x71717171
 8009474:	71717171 	.word	0x71717171
 8009478:	71717171 	.word	0x71717171
 800947c:	7171      	.short	0x7171
 800947e:	50          	.byte	0x50
 800947f:	00          	.byte	0x00
 8009480:	2baa      	cmp	r3, #170	@ 0xaa
 8009482:	d840      	bhi.n	8009506 <SCSI_ProcessCmd+0x100>
 8009484:	2b9e      	cmp	r3, #158	@ 0x9e
 8009486:	d33e      	bcc.n	8009506 <SCSI_ProcessCmd+0x100>
 8009488:	3b9e      	subs	r3, #158	@ 0x9e
 800948a:	2b0c      	cmp	r3, #12
 800948c:	d83b      	bhi.n	8009506 <SCSI_ProcessCmd+0x100>
 800948e:	e8df f003 	tbb	[pc, r3]
 8009492:	3a22      	.short	0x3a22
 8009494:	3a3a3a34 	.word	0x3a3a3a34
 8009498:	3a3a3a3a 	.word	0x3a3a3a3a
 800949c:	3a28      	.short	0x3a28
 800949e:	2e          	.byte	0x2e
 800949f:	00          	.byte	0x00
      ret = SCSI_TestUnitReady(pdev, lun, cmd);
 80094a0:	f7ff fa6c 	bl	800897c <SCSI_TestUnitReady>
      break;
 80094a4:	e035      	b.n	8009512 <SCSI_ProcessCmd+0x10c>
      ret = SCSI_RequestSense(pdev, lun, cmd);
 80094a6:	f7ff faa4 	bl	80089f2 <SCSI_RequestSense>
      break;
 80094aa:	e032      	b.n	8009512 <SCSI_ProcessCmd+0x10c>
      ret = SCSI_Inquiry(pdev, lun, cmd);
 80094ac:	f7ff faea 	bl	8008a84 <SCSI_Inquiry>
      break;
 80094b0:	e02f      	b.n	8009512 <SCSI_ProcessCmd+0x10c>
      ret = SCSI_StartStopUnit(pdev, lun, cmd);
 80094b2:	f7ff fb39 	bl	8008b28 <SCSI_StartStopUnit>
      break;
 80094b6:	e02c      	b.n	8009512 <SCSI_ProcessCmd+0x10c>
      ret = SCSI_AllowPreventRemovable(pdev, lun, cmd);
 80094b8:	f7ff f976 	bl	80087a8 <SCSI_AllowPreventRemovable>
      break;
 80094bc:	e029      	b.n	8009512 <SCSI_ProcessCmd+0x10c>
      ret = SCSI_ModeSense6(pdev, lun, cmd);
 80094be:	f7ff f999 	bl	80087f4 <SCSI_ModeSense6>
      break;
 80094c2:	e026      	b.n	8009512 <SCSI_ProcessCmd+0x10c>
      ret = SCSI_ModeSense10(pdev, lun, cmd);
 80094c4:	f7ff f9c4 	bl	8008850 <SCSI_ModeSense10>
      break;
 80094c8:	e023      	b.n	8009512 <SCSI_ProcessCmd+0x10c>
      ret = SCSI_ReadFormatCapacity(pdev, lun, cmd);
 80094ca:	f7ff fb5d 	bl	8008b88 <SCSI_ReadFormatCapacity>
      break;
 80094ce:	e020      	b.n	8009512 <SCSI_ProcessCmd+0x10c>
      ret = SCSI_ReadCapacity10(pdev, lun, cmd);
 80094d0:	f7ff fba4 	bl	8008c1c <SCSI_ReadCapacity10>
      break;
 80094d4:	e01d      	b.n	8009512 <SCSI_ProcessCmd+0x10c>
      ret = SCSI_ReadCapacity16(pdev, lun, cmd);
 80094d6:	f7ff fbe0 	bl	8008c9a <SCSI_ReadCapacity16>
      break;
 80094da:	e01a      	b.n	8009512 <SCSI_ProcessCmd+0x10c>
      ret = SCSI_Read10(pdev, lun, cmd);
 80094dc:	f7ff fcba 	bl	8008e54 <SCSI_Read10>
      break;
 80094e0:	e017      	b.n	8009512 <SCSI_ProcessCmd+0x10c>
      ret = SCSI_Read12(pdev, lun, cmd);
 80094e2:	f7ff fd32 	bl	8008f4a <SCSI_Read12>
      break;
 80094e6:	e014      	b.n	8009512 <SCSI_ProcessCmd+0x10c>
      ret = SCSI_Write10(pdev, lun, cmd);
 80094e8:	f7ff fe1a 	bl	8009120 <SCSI_Write10>
      break;
 80094ec:	e011      	b.n	8009512 <SCSI_ProcessCmd+0x10c>
      ret = SCSI_Write12(pdev, lun, cmd);
 80094ee:	f7ff feb9 	bl	8009264 <SCSI_Write12>
      break;
 80094f2:	e00e      	b.n	8009512 <SCSI_ProcessCmd+0x10c>
      ret = SCSI_Verify10(pdev, lun, cmd);
 80094f4:	f7ff ff62 	bl	80093bc <SCSI_Verify10>
      break;
 80094f8:	e00b      	b.n	8009512 <SCSI_ProcessCmd+0x10c>
      ret = SCSI_ReportLuns(pdev, lun, cmd);
 80094fa:	f7ff f9eb 	bl	80088d4 <SCSI_ReportLuns>
      break;
 80094fe:	e008      	b.n	8009512 <SCSI_ProcessCmd+0x10c>
      ret = SCSI_ReceiveDiagnosticResults(pdev, lun, cmd);
 8009500:	f7ff f9d2 	bl	80088a8 <SCSI_ReceiveDiagnosticResults>
      break;
 8009504:	e005      	b.n	8009512 <SCSI_ProcessCmd+0x10c>
      SCSI_SenseCode(pdev, lun, ILLEGAL_REQUEST, INVALID_CDB);
 8009506:	2320      	movs	r3, #32
 8009508:	2205      	movs	r2, #5
 800950a:	f7ff fa1b 	bl	8008944 <SCSI_SenseCode>
      ret = -1;
 800950e:	f04f 30ff 	mov.w	r0, #4294967295
}
 8009512:	bd08      	pop	{r3, pc}
    return -1;
 8009514:	f04f 30ff 	mov.w	r0, #4294967295
 8009518:	e7fb      	b.n	8009512 <SCSI_ProcessCmd+0x10c>

0800951a <STORAGE_Init_FS>:
  /* USER CODE BEGIN 2 */
  UNUSED(lun);

  return (USBD_OK);
  /* USER CODE END 2 */
}
 800951a:	2000      	movs	r0, #0
 800951c:	4770      	bx	lr

0800951e <STORAGE_GetCapacity_FS>:
int8_t STORAGE_GetCapacity_FS(uint8_t lun, uint32_t *block_num, uint16_t *block_size)
{
  /* USER CODE BEGIN 3 */
  UNUSED(lun);

  *block_num  = STORAGE_BLK_NBR;
 800951e:	f44f 5380 	mov.w	r3, #4096	@ 0x1000
 8009522:	600b      	str	r3, [r1, #0]
  *block_size = STORAGE_BLK_SIZ;
 8009524:	f44f 7300 	mov.w	r3, #512	@ 0x200
 8009528:	8013      	strh	r3, [r2, #0]
  return (USBD_OK);
  /* USER CODE END 3 */
}
 800952a:	2000      	movs	r0, #0
 800952c:	4770      	bx	lr

0800952e <STORAGE_IsReady_FS>:
  /* USER CODE BEGIN 4 */
  UNUSED(lun);

  return (USBD_OK);
  /* USER CODE END 4 */
}
 800952e:	2000      	movs	r0, #0
 8009530:	4770      	bx	lr

08009532 <STORAGE_IsWriteProtected_FS>:
  /* USER CODE BEGIN 5 */
  UNUSED(lun);

  return (USBD_OK);
  /* USER CODE END 5 */
}
 8009532:	2000      	movs	r0, #0
 8009534:	4770      	bx	lr

08009536 <STORAGE_GetMaxLun_FS>:
int8_t STORAGE_GetMaxLun_FS(void)
{
  /* USER CODE BEGIN 8 */
  return (STORAGE_LUN_NBR - 1);
  /* USER CODE END 8 */
}
 8009536:	2000      	movs	r0, #0
 8009538:	4770      	bx	lr

0800953a <STORAGE_Read_FS>:
{
 800953a:	b508      	push	{r3, lr}
 800953c:	4610      	mov	r0, r2
  MX25FLASH_Continious_Read(blk_start_addr, buf, offset);
 800953e:	025a      	lsls	r2, r3, #9
 8009540:	0240      	lsls	r0, r0, #9
 8009542:	f7f6 fed1 	bl	80002e8 <MX25FLASH_Continious_Read>
}
 8009546:	2000      	movs	r0, #0
 8009548:	bd08      	pop	{r3, pc}
	...

0800954c <STORAGE_Write_FS>:
{
 800954c:	e92d 4ff8 	stmdb	sp!, {r3, r4, r5, r6, r7, r8, r9, sl, fp, lr}
 8009550:	468a      	mov	sl, r1
 8009552:	4691      	mov	r9, r2
 8009554:	4698      	mov	r8, r3
    uint32_t blocks_written = 0;
 8009556:	2600      	movs	r6, #0
    while (blocks_written < blk_len)
 8009558:	e000      	b.n	800955c <STORAGE_Write_FS+0x10>
        blocks_written += blocks_in_this_sector;
 800955a:	443e      	add	r6, r7
    while (blocks_written < blk_len)
 800955c:	45b0      	cmp	r8, r6
 800955e:	d92d      	bls.n	80095bc <STORAGE_Write_FS+0x70>
        uint32_t sector = (blk_addr + blocks_written) / BLOCKS_PER_SECTOR;
 8009560:	eb06 0209 	add.w	r2, r6, r9
 8009564:	08d5      	lsrs	r5, r2, #3
        uint32_t sector_start_block = sector * BLOCKS_PER_SECTOR;
 8009566:	f022 0307 	bic.w	r3, r2, #7
        uint32_t offset_in_sector = (blk_addr + blocks_written - sector_start_block) * BLOCK_SIZE;
 800956a:	f002 0407 	and.w	r4, r2, #7
 800956e:	0264      	lsls	r4, r4, #9
        uint32_t blocks_in_this_sector = BLOCKS_PER_SECTOR - (blk_addr + blocks_written - sector_start_block);
 8009570:	1a9b      	subs	r3, r3, r2
 8009572:	3308      	adds	r3, #8
        if (blocks_in_this_sector > (blk_len - blocks_written))
 8009574:	eba8 0706 	sub.w	r7, r8, r6
 8009578:	429f      	cmp	r7, r3
 800957a:	d300      	bcc.n	800957e <STORAGE_Write_FS+0x32>
        uint32_t blocks_in_this_sector = BLOCKS_PER_SECTOR - (blk_addr + blocks_written - sector_start_block);
 800957c:	461f      	mov	r7, r3
        MX25FLASH_Continious_Read(sector * SECTOR_SIZE, sector_buf, SECTOR_SIZE);
 800957e:	f8df b044 	ldr.w	fp, [pc, #68]	@ 80095c4 <STORAGE_Write_FS+0x78>
 8009582:	f44f 5280 	mov.w	r2, #4096	@ 0x1000
 8009586:	4659      	mov	r1, fp
 8009588:	0328      	lsls	r0, r5, #12
 800958a:	f7f6 fead 	bl	80002e8 <MX25FLASH_Continious_Read>
        memcpy(sector_buf + offset_in_sector,
 800958e:	027a      	lsls	r2, r7, #9
 8009590:	eb0a 2146 	add.w	r1, sl, r6, lsl #9
 8009594:	eb0b 0004 	add.w	r0, fp, r4
 8009598:	f000 f8e6 	bl	8009768 <memcpy>
        _MX25FLASH_Sector_Erase(sector);
 800959c:	4628      	mov	r0, r5
 800959e:	f7f6 ff51 	bl	8000444 <_MX25FLASH_Sector_Erase>
        for (uint32_t page = 0; page < PAGES_PER_SECTOR; page++)
 80095a2:	2400      	movs	r4, #0
 80095a4:	2c0f      	cmp	r4, #15
 80095a6:	d8d8      	bhi.n	800955a <STORAGE_Write_FS+0xe>
            MX25FLASH_Program_Page(sector * PAGES_PER_SECTOR + page,
 80095a8:	eb04 1005 	add.w	r0, r4, r5, lsl #4
 80095ac:	4905      	ldr	r1, [pc, #20]	@ (80095c4 <STORAGE_Write_FS+0x78>)
 80095ae:	eb01 2104 	add.w	r1, r1, r4, lsl #8
 80095b2:	b280      	uxth	r0, r0
 80095b4:	f7f6 fef2 	bl	800039c <MX25FLASH_Program_Page>
        for (uint32_t page = 0; page < PAGES_PER_SECTOR; page++)
 80095b8:	3401      	adds	r4, #1
 80095ba:	e7f3      	b.n	80095a4 <STORAGE_Write_FS+0x58>
}
 80095bc:	2000      	movs	r0, #0
 80095be:	e8bd 8ff8 	ldmia.w	sp!, {r3, r4, r5, r6, r7, r8, r9, sl, fp, pc}
 80095c2:	bf00      	nop
 80095c4:	20001368 	.word	0x20001368

080095c8 <USER_status>:
	BYTE pdrv       /* Physical drive number to identify the drive */
)
{
  /* USER CODE BEGIN STATUS */
  // Stat = STA_NOINIT;
   Stat = 0;
 80095c8:	4b02      	ldr	r3, [pc, #8]	@ (80095d4 <USER_status+0xc>)
 80095ca:	2200      	movs	r2, #0
 80095cc:	701a      	strb	r2, [r3, #0]
    
    return Stat;
 80095ce:	7818      	ldrb	r0, [r3, #0]
  /* USER CODE END STATUS */
}
 80095d0:	4770      	bx	lr
 80095d2:	bf00      	nop
 80095d4:	20000114 	.word	0x20000114

080095d8 <USER_initialize>:
{
 80095d8:	b538      	push	{r3, r4, r5, lr}
  Stat = STA_NOINIT;
 80095da:	4c06      	ldr	r4, [pc, #24]	@ (80095f4 <USER_initialize+0x1c>)
 80095dc:	2501      	movs	r5, #1
 80095de:	7025      	strb	r5, [r4, #0]
  MX25FLASH_Reset();
 80095e0:	f7f6 fe4a 	bl	8000278 <MX25FLASH_Reset>
  HAL_Delay(1);
 80095e4:	4628      	mov	r0, r5
 80095e6:	f7f8 fa87 	bl	8001af8 <HAL_Delay>
  Stat = 0;
 80095ea:	2300      	movs	r3, #0
 80095ec:	7023      	strb	r3, [r4, #0]
  return Stat;
 80095ee:	7820      	ldrb	r0, [r4, #0]
}
 80095f0:	bd38      	pop	{r3, r4, r5, pc}
 80095f2:	bf00      	nop
 80095f4:	20000114 	.word	0x20000114

080095f8 <USER_read>:
	BYTE pdrv,      /* Physical drive nmuber to identify the drive */
	BYTE *buff,     /* Data buffer to store read data */
	DWORD sector,   /* Sector address in LBA */
	UINT count      /* Number of sectors to read */
)
{
 80095f8:	b508      	push	{r3, lr}
 80095fa:	4610      	mov	r0, r2
  /* USER CODE BEGIN READ */
  UNUSED(pdrv);
  MX25FLASH_Continious_Read(sector * 512, buff, count * 512);
 80095fc:	025a      	lsls	r2, r3, #9
 80095fe:	0240      	lsls	r0, r0, #9
 8009600:	f7f6 fe72 	bl	80002e8 <MX25FLASH_Continious_Read>
    return RES_OK;
  /* USER CODE END READ */
}
 8009604:	2000      	movs	r0, #0
 8009606:	bd08      	pop	{r3, pc}

08009608 <USER_write>:
	BYTE pdrv,          /* Physical drive nmuber to identify the drive */
	const BYTE *buff,   /* Data to be written */
	DWORD sector,       /* Sector address in LBA */
	UINT count          /* Number of sectors to write */
)
{
 8009608:	e92d 4ff8 	stmdb	sp!, {r3, r4, r5, r6, r7, r8, r9, sl, fp, lr}
 800960c:	468a      	mov	sl, r1
 800960e:	4691      	mov	r9, r2
 8009610:	4698      	mov	r8, r3
  /* USER CODE BEGIN WRITE */
    uint32_t blocks_written = 0;
 8009612:	2600      	movs	r6, #0
    static uint8_t sector_buf[4096];

    while(blocks_written < count)
 8009614:	e000      	b.n	8009618 <USER_write+0x10>
        // Erase and program pages
        MX25FLASH_Sector_Erase(cur_sector);
        for(uint32_t page=0; page<16; page++)
            MX25FLASH_Program_Page(cur_sector*16 + page, sector_buf + page*256);

        blocks_written += blocks_in_this_sector;
 8009616:	443e      	add	r6, r7
    while(blocks_written < count)
 8009618:	4546      	cmp	r6, r8
 800961a:	d22d      	bcs.n	8009678 <USER_write+0x70>
        uint32_t cur_sector = (sector + blocks_written) / 8;
 800961c:	eb06 0b09 	add.w	fp, r6, r9
 8009620:	ea4f 05db 	mov.w	r5, fp, lsr #3
        uint32_t sector_start_block = cur_sector * 8;
 8009624:	f02b 0707 	bic.w	r7, fp, #7
        uint32_t offset = ((sector + blocks_written) - sector_start_block) * 512;
 8009628:	f00b 0407 	and.w	r4, fp, #7
 800962c:	0264      	lsls	r4, r4, #9
        MX25FLASH_Continious_Read(cur_sector*4096, sector_buf, 4096);
 800962e:	f44f 5280 	mov.w	r2, #4096	@ 0x1000
 8009632:	4913      	ldr	r1, [pc, #76]	@ (8009680 <USER_write+0x78>)
 8009634:	0328      	lsls	r0, r5, #12
 8009636:	f7f6 fe57 	bl	80002e8 <MX25FLASH_Continious_Read>
        uint32_t blocks_in_this_sector = 8 - ((sector + blocks_written) - sector_start_block);
 800963a:	eba7 030b 	sub.w	r3, r7, fp
 800963e:	3308      	adds	r3, #8
        if(blocks_in_this_sector > (count - blocks_written))
 8009640:	eba8 0706 	sub.w	r7, r8, r6
 8009644:	429f      	cmp	r7, r3
 8009646:	d300      	bcc.n	800964a <USER_write+0x42>
        uint32_t blocks_in_this_sector = 8 - ((sector + blocks_written) - sector_start_block);
 8009648:	461f      	mov	r7, r3
        memcpy(sector_buf + offset, buff + blocks_written*512, blocks_in_this_sector*512);
 800964a:	027a      	lsls	r2, r7, #9
 800964c:	eb0a 2146 	add.w	r1, sl, r6, lsl #9
 8009650:	480b      	ldr	r0, [pc, #44]	@ (8009680 <USER_write+0x78>)
 8009652:	4420      	add	r0, r4
 8009654:	f000 f888 	bl	8009768 <memcpy>
        MX25FLASH_Sector_Erase(cur_sector);
 8009658:	4628      	mov	r0, r5
 800965a:	f7f6 fecd 	bl	80003f8 <MX25FLASH_Sector_Erase>
        for(uint32_t page=0; page<16; page++)
 800965e:	2400      	movs	r4, #0
 8009660:	2c0f      	cmp	r4, #15
 8009662:	d8d8      	bhi.n	8009616 <USER_write+0xe>
            MX25FLASH_Program_Page(cur_sector*16 + page, sector_buf + page*256);
 8009664:	eb04 1005 	add.w	r0, r4, r5, lsl #4
 8009668:	4905      	ldr	r1, [pc, #20]	@ (8009680 <USER_write+0x78>)
 800966a:	eb01 2104 	add.w	r1, r1, r4, lsl #8
 800966e:	b280      	uxth	r0, r0
 8009670:	f7f6 fe94 	bl	800039c <MX25FLASH_Program_Page>
        for(uint32_t page=0; page<16; page++)
 8009674:	3401      	adds	r4, #1
 8009676:	e7f3      	b.n	8009660 <USER_write+0x58>
    }

  /* USER CODE HERE */
    return RES_OK;
  /* USER CODE END WRITE */
}
 8009678:	2000      	movs	r0, #0
 800967a:	e8bd 8ff8 	ldmia.w	sp!, {r3, r4, r5, r6, r7, r8, r9, sl, fp, pc}
 800967e:	bf00      	nop
 8009680:	20002368 	.word	0x20002368

08009684 <USER_ioctl>:
	void *buff      /* Buffer to send/receive control data */
)
{
  /* USER CODE BEGIN IOCTL */
DRESULT res = RES_ERROR;
    switch(cmd)
 8009684:	2903      	cmp	r1, #3
 8009686:	d817      	bhi.n	80096b8 <USER_ioctl+0x34>
 8009688:	e8df f001 	tbb	[pc, r1]
 800968c:	120d0802 	.word	0x120d0802
{
 8009690:	b510      	push	{r4, lr}
 8009692:	460c      	mov	r4, r1
    {
        case CTRL_SYNC:
            // Wait until flash is ready
            MX25FLASH_WFE();
 8009694:	f7f6 fe54 	bl	8000340 <MX25FLASH_WFE>
            res = RES_OK;
 8009698:	4620      	mov	r0, r4
        default:
            res = RES_PARERR;
    }
    return res;
  /* USER CODE END IOCTL */
}
 800969a:	bd10      	pop	{r4, pc}
            *(DWORD*)buff = (2*1024*1024) / 512; // 2 MB flash
 800969c:	f44f 5380 	mov.w	r3, #4096	@ 0x1000
 80096a0:	6013      	str	r3, [r2, #0]
            res = RES_OK;
 80096a2:	2000      	movs	r0, #0
            break;
 80096a4:	4770      	bx	lr
            *(WORD*)buff = 512; // logical block size
 80096a6:	f44f 7300 	mov.w	r3, #512	@ 0x200
 80096aa:	8013      	strh	r3, [r2, #0]
            res = RES_OK;
 80096ac:	2000      	movs	r0, #0
            break;
 80096ae:	4770      	bx	lr
            *(DWORD*)buff = 8; // 4 KB sector / 512 B block
 80096b0:	2308      	movs	r3, #8
 80096b2:	6013      	str	r3, [r2, #0]
            res = RES_OK;
 80096b4:	2000      	movs	r0, #0
            break;
 80096b6:	4770      	bx	lr
    switch(cmd)
 80096b8:	2004      	movs	r0, #4
}
 80096ba:	4770      	bx	lr

080096bc <Reset_Handler>:

    .section  .text.Reset_Handler
  .weak  Reset_Handler
  .type  Reset_Handler, %function
Reset_Handler:  
  ldr   sp, =_estack     /* set stack pointer */
 80096bc:	f8df d034 	ldr.w	sp, [pc, #52]	@ 80096f4 <LoopFillZerobss+0xe>
  
/* Call the clock system initialization function.*/
  bl  SystemInit  
 80096c0:	f7fd fd26 	bl	8007110 <SystemInit>

/* Copy the data segment initializers from flash to SRAM */  
  ldr r0, =_sdata
 80096c4:	480c      	ldr	r0, [pc, #48]	@ (80096f8 <LoopFillZerobss+0x12>)
  ldr r1, =_edata
 80096c6:	490d      	ldr	r1, [pc, #52]	@ (80096fc <LoopFillZerobss+0x16>)
  ldr r2, =_sidata
 80096c8:	4a0d      	ldr	r2, [pc, #52]	@ (8009700 <LoopFillZerobss+0x1a>)
  movs r3, #0
 80096ca:	2300      	movs	r3, #0
  b LoopCopyDataInit
 80096cc:	e002      	b.n	80096d4 <LoopCopyDataInit>

080096ce <CopyDataInit>:

CopyDataInit:
  ldr r4, [r2, r3]
 80096ce:	58d4      	ldr	r4, [r2, r3]
  str r4, [r0, r3]
 80096d0:	50c4      	str	r4, [r0, r3]
  adds r3, r3, #4
 80096d2:	3304      	adds	r3, #4

080096d4 <LoopCopyDataInit>:

LoopCopyDataInit:
  adds r4, r0, r3
 80096d4:	18c4      	adds	r4, r0, r3
  cmp r4, r1
 80096d6:	428c      	cmp	r4, r1
  bcc CopyDataInit
 80096d8:	d3f9      	bcc.n	80096ce <CopyDataInit>
  
/* Zero fill the bss segment. */
  ldr r2, =_sbss
 80096da:	4a0a      	ldr	r2, [pc, #40]	@ (8009704 <LoopFillZerobss+0x1e>)
  ldr r4, =_ebss
 80096dc:	4c0a      	ldr	r4, [pc, #40]	@ (8009708 <LoopFillZerobss+0x22>)
  movs r3, #0
 80096de:	2300      	movs	r3, #0
  b LoopFillZerobss
 80096e0:	e001      	b.n	80096e6 <LoopFillZerobss>

080096e2 <FillZerobss>:

FillZerobss:
  str  r3, [r2]
 80096e2:	6013      	str	r3, [r2, #0]
  adds r2, r2, #4
 80096e4:	3204      	adds	r2, #4

080096e6 <LoopFillZerobss>:

LoopFillZerobss:
  cmp r2, r4
 80096e6:	42a2      	cmp	r2, r4
  bcc FillZerobss
 80096e8:	d3fb      	bcc.n	80096e2 <FillZerobss>
 
/* Call static constructors */
    bl __libc_init_array
 80096ea:	f000 f819 	bl	8009720 <__libc_init_array>
/* Call the application's entry point.*/
  bl  main
 80096ee:	f7f8 f88b 	bl	8001808 <main>
  bx  lr    
 80096f2:	4770      	bx	lr
  ldr   sp, =_estack     /* set stack pointer */
 80096f4:	20020000 	.word	0x20020000
  ldr r0, =_sdata
 80096f8:	20000000 	.word	0x20000000
  ldr r1, =_edata
 80096fc:	20000118 	.word	0x20000118
  ldr r2, =_sidata
 8009700:	08009b2c 	.word	0x08009b2c
  ldr r2, =_sbss
 8009704:	20000118 	.word	0x20000118
  ldr r4, =_ebss
 8009708:	20003368 	.word	0x20003368

0800970c <ADC_IRQHandler>:
 * @retval None       
*/
    .section  .text.Default_Handler,"ax",%progbits
Default_Handler:
Infinite_Loop:
  b  Infinite_Loop
 800970c:	e7fe      	b.n	800970c <ADC_IRQHandler>

0800970e <memset>:
 800970e:	4402      	add	r2, r0
 8009710:	4603      	mov	r3, r0
 8009712:	4293      	cmp	r3, r2
 8009714:	d100      	bne.n	8009718 <memset+0xa>
 8009716:	4770      	bx	lr
 8009718:	f803 1b01 	strb.w	r1, [r3], #1
 800971c:	e7f9      	b.n	8009712 <memset+0x4>
	...

08009720 <__libc_init_array>:
 8009720:	b570      	push	{r4, r5, r6, lr}
 8009722:	4b0d      	ldr	r3, [pc, #52]	@ (8009758 <__libc_init_array+0x38>)
 8009724:	4d0d      	ldr	r5, [pc, #52]	@ (800975c <__libc_init_array+0x3c>)
 8009726:	1b5b      	subs	r3, r3, r5
 8009728:	109c      	asrs	r4, r3, #2
 800972a:	2600      	movs	r6, #0
 800972c:	42a6      	cmp	r6, r4
 800972e:	d109      	bne.n	8009744 <__libc_init_array+0x24>
 8009730:	f000 f9a4 	bl	8009a7c <_init>
 8009734:	4d0a      	ldr	r5, [pc, #40]	@ (8009760 <__libc_init_array+0x40>)
 8009736:	4b0b      	ldr	r3, [pc, #44]	@ (8009764 <__libc_init_array+0x44>)
 8009738:	1b5b      	subs	r3, r3, r5
 800973a:	109c      	asrs	r4, r3, #2
 800973c:	2600      	movs	r6, #0
 800973e:	42a6      	cmp	r6, r4
 8009740:	d105      	bne.n	800974e <__libc_init_array+0x2e>
 8009742:	bd70      	pop	{r4, r5, r6, pc}
 8009744:	f855 3b04 	ldr.w	r3, [r5], #4
 8009748:	4798      	blx	r3
 800974a:	3601      	adds	r6, #1
 800974c:	e7ee      	b.n	800972c <__libc_init_array+0xc>
 800974e:	f855 3b04 	ldr.w	r3, [r5], #4
 8009752:	4798      	blx	r3
 8009754:	3601      	adds	r6, #1
 8009756:	e7f2      	b.n	800973e <__libc_init_array+0x1e>
 8009758:	08009b24 	.word	0x08009b24
 800975c:	08009b24 	.word	0x08009b24
 8009760:	08009b24 	.word	0x08009b24
 8009764:	08009b28 	.word	0x08009b28

08009768 <memcpy>:
 8009768:	440a      	add	r2, r1
 800976a:	4291      	cmp	r1, r2
 800976c:	f100 33ff 	add.w	r3, r0, #4294967295
 8009770:	d100      	bne.n	8009774 <memcpy+0xc>
 8009772:	4770      	bx	lr
 8009774:	b510      	push	{r4, lr}
 8009776:	f811 4b01 	ldrb.w	r4, [r1], #1
 800977a:	f803 4f01 	strb.w	r4, [r3, #1]!
 800977e:	4291      	cmp	r1, r2
 8009780:	d1f9      	bne.n	8009776 <memcpy+0xe>
 8009782:	bd10      	pop	{r4, pc}

08009784 <__udivmoddi4>:
 8009784:	e92d 47f0 	stmdb	sp!, {r4, r5, r6, r7, r8, r9, sl, lr}
 8009788:	9d08      	ldr	r5, [sp, #32]
 800978a:	460f      	mov	r7, r1
 800978c:	4604      	mov	r4, r0
 800978e:	468c      	mov	ip, r1
 8009790:	2b00      	cmp	r3, #0
 8009792:	d148      	bne.n	8009826 <__udivmoddi4+0xa2>
 8009794:	428a      	cmp	r2, r1
 8009796:	4616      	mov	r6, r2
 8009798:	d961      	bls.n	800985e <__udivmoddi4+0xda>
 800979a:	fab2 f382 	clz	r3, r2
 800979e:	b14b      	cbz	r3, 80097b4 <__udivmoddi4+0x30>
 80097a0:	f1c3 0220 	rsb	r2, r3, #32
 80097a4:	fa01 fc03 	lsl.w	ip, r1, r3
 80097a8:	fa20 f202 	lsr.w	r2, r0, r2
 80097ac:	409e      	lsls	r6, r3
 80097ae:	ea42 0c0c 	orr.w	ip, r2, ip
 80097b2:	409c      	lsls	r4, r3
 80097b4:	ea4f 4e16 	mov.w	lr, r6, lsr #16
 80097b8:	b2b7      	uxth	r7, r6
 80097ba:	fbbc f1fe 	udiv	r1, ip, lr
 80097be:	0c22      	lsrs	r2, r4, #16
 80097c0:	fb0e cc11 	mls	ip, lr, r1, ip
 80097c4:	ea42 420c 	orr.w	r2, r2, ip, lsl #16
 80097c8:	fb01 f007 	mul.w	r0, r1, r7
 80097cc:	4290      	cmp	r0, r2
 80097ce:	d909      	bls.n	80097e4 <__udivmoddi4+0x60>
 80097d0:	18b2      	adds	r2, r6, r2
 80097d2:	f101 3cff 	add.w	ip, r1, #4294967295
 80097d6:	f080 80ee 	bcs.w	80099b6 <__udivmoddi4+0x232>
 80097da:	4290      	cmp	r0, r2
 80097dc:	f240 80eb 	bls.w	80099b6 <__udivmoddi4+0x232>
 80097e0:	3902      	subs	r1, #2
 80097e2:	4432      	add	r2, r6
 80097e4:	1a12      	subs	r2, r2, r0
 80097e6:	b2a4      	uxth	r4, r4
 80097e8:	fbb2 f0fe 	udiv	r0, r2, lr
 80097ec:	fb0e 2210 	mls	r2, lr, r0, r2
 80097f0:	ea44 4402 	orr.w	r4, r4, r2, lsl #16
 80097f4:	fb00 f707 	mul.w	r7, r0, r7
 80097f8:	42a7      	cmp	r7, r4
 80097fa:	d909      	bls.n	8009810 <__udivmoddi4+0x8c>
 80097fc:	1934      	adds	r4, r6, r4
 80097fe:	f100 32ff 	add.w	r2, r0, #4294967295
 8009802:	f080 80da 	bcs.w	80099ba <__udivmoddi4+0x236>
 8009806:	42a7      	cmp	r7, r4
 8009808:	f240 80d7 	bls.w	80099ba <__udivmoddi4+0x236>
 800980c:	4434      	add	r4, r6
 800980e:	3802      	subs	r0, #2
 8009810:	ea40 4001 	orr.w	r0, r0, r1, lsl #16
 8009814:	1be4      	subs	r4, r4, r7
 8009816:	2100      	movs	r1, #0
 8009818:	b11d      	cbz	r5, 8009822 <__udivmoddi4+0x9e>
 800981a:	40dc      	lsrs	r4, r3
 800981c:	2300      	movs	r3, #0
 800981e:	e9c5 4300 	strd	r4, r3, [r5]
 8009822:	e8bd 87f0 	ldmia.w	sp!, {r4, r5, r6, r7, r8, r9, sl, pc}
 8009826:	428b      	cmp	r3, r1
 8009828:	d906      	bls.n	8009838 <__udivmoddi4+0xb4>
 800982a:	b10d      	cbz	r5, 8009830 <__udivmoddi4+0xac>
 800982c:	e9c5 0100 	strd	r0, r1, [r5]
 8009830:	2100      	movs	r1, #0
 8009832:	4608      	mov	r0, r1
 8009834:	e8bd 87f0 	ldmia.w	sp!, {r4, r5, r6, r7, r8, r9, sl, pc}
 8009838:	fab3 f183 	clz	r1, r3
 800983c:	2900      	cmp	r1, #0
 800983e:	d148      	bne.n	80098d2 <__udivmoddi4+0x14e>
 8009840:	42bb      	cmp	r3, r7
 8009842:	d302      	bcc.n	800984a <__udivmoddi4+0xc6>
 8009844:	4282      	cmp	r2, r0
 8009846:	f200 8107 	bhi.w	8009a58 <__udivmoddi4+0x2d4>
 800984a:	1a84      	subs	r4, r0, r2
 800984c:	eb67 0203 	sbc.w	r2, r7, r3
 8009850:	2001      	movs	r0, #1
 8009852:	4694      	mov	ip, r2
 8009854:	2d00      	cmp	r5, #0
 8009856:	d0e4      	beq.n	8009822 <__udivmoddi4+0x9e>
 8009858:	e9c5 4c00 	strd	r4, ip, [r5]
 800985c:	e7e1      	b.n	8009822 <__udivmoddi4+0x9e>
 800985e:	2a00      	cmp	r2, #0
 8009860:	f000 8092 	beq.w	8009988 <__udivmoddi4+0x204>
 8009864:	fab2 f382 	clz	r3, r2
 8009868:	2b00      	cmp	r3, #0
 800986a:	f040 80a8 	bne.w	80099be <__udivmoddi4+0x23a>
 800986e:	1a8a      	subs	r2, r1, r2
 8009870:	ea4f 4e16 	mov.w	lr, r6, lsr #16
 8009874:	fa1f fc86 	uxth.w	ip, r6
 8009878:	2101      	movs	r1, #1
 800987a:	0c20      	lsrs	r0, r4, #16
 800987c:	fbb2 f7fe 	udiv	r7, r2, lr
 8009880:	fb0e 2217 	mls	r2, lr, r7, r2
 8009884:	ea40 4202 	orr.w	r2, r0, r2, lsl #16
 8009888:	fb0c f007 	mul.w	r0, ip, r7
 800988c:	4290      	cmp	r0, r2
 800988e:	d907      	bls.n	80098a0 <__udivmoddi4+0x11c>
 8009890:	18b2      	adds	r2, r6, r2
 8009892:	f107 38ff 	add.w	r8, r7, #4294967295
 8009896:	d202      	bcs.n	800989e <__udivmoddi4+0x11a>
 8009898:	4290      	cmp	r0, r2
 800989a:	f200 80e2 	bhi.w	8009a62 <__udivmoddi4+0x2de>
 800989e:	4647      	mov	r7, r8
 80098a0:	1a12      	subs	r2, r2, r0
 80098a2:	b2a4      	uxth	r4, r4
 80098a4:	fbb2 f0fe 	udiv	r0, r2, lr
 80098a8:	fb0e 2210 	mls	r2, lr, r0, r2
 80098ac:	ea44 4402 	orr.w	r4, r4, r2, lsl #16
 80098b0:	fb0c fc00 	mul.w	ip, ip, r0
 80098b4:	45a4      	cmp	ip, r4
 80098b6:	d907      	bls.n	80098c8 <__udivmoddi4+0x144>
 80098b8:	1934      	adds	r4, r6, r4
 80098ba:	f100 32ff 	add.w	r2, r0, #4294967295
 80098be:	d202      	bcs.n	80098c6 <__udivmoddi4+0x142>
 80098c0:	45a4      	cmp	ip, r4
 80098c2:	f200 80cb 	bhi.w	8009a5c <__udivmoddi4+0x2d8>
 80098c6:	4610      	mov	r0, r2
 80098c8:	eba4 040c 	sub.w	r4, r4, ip
 80098cc:	ea40 4007 	orr.w	r0, r0, r7, lsl #16
 80098d0:	e7a2      	b.n	8009818 <__udivmoddi4+0x94>
 80098d2:	f1c1 0620 	rsb	r6, r1, #32
 80098d6:	408b      	lsls	r3, r1
 80098d8:	fa22 fc06 	lsr.w	ip, r2, r6
 80098dc:	ea4c 0c03 	orr.w	ip, ip, r3
 80098e0:	fa07 f401 	lsl.w	r4, r7, r1
 80098e4:	fa20 f306 	lsr.w	r3, r0, r6
 80098e8:	40f7      	lsrs	r7, r6
 80098ea:	ea4f 491c 	mov.w	r9, ip, lsr #16
 80098ee:	4323      	orrs	r3, r4
 80098f0:	fa00 f801 	lsl.w	r8, r0, r1
 80098f4:	fa1f fe8c 	uxth.w	lr, ip
 80098f8:	fbb7 f0f9 	udiv	r0, r7, r9
 80098fc:	0c1c      	lsrs	r4, r3, #16
 80098fe:	fb09 7710 	mls	r7, r9, r0, r7
 8009902:	ea44 4407 	orr.w	r4, r4, r7, lsl #16
 8009906:	fb00 f70e 	mul.w	r7, r0, lr
 800990a:	42a7      	cmp	r7, r4
 800990c:	fa02 f201 	lsl.w	r2, r2, r1
 8009910:	d90a      	bls.n	8009928 <__udivmoddi4+0x1a4>
 8009912:	eb1c 0404 	adds.w	r4, ip, r4
 8009916:	f100 3aff 	add.w	sl, r0, #4294967295
 800991a:	f080 809b 	bcs.w	8009a54 <__udivmoddi4+0x2d0>
 800991e:	42a7      	cmp	r7, r4
 8009920:	f240 8098 	bls.w	8009a54 <__udivmoddi4+0x2d0>
 8009924:	3802      	subs	r0, #2
 8009926:	4464      	add	r4, ip
 8009928:	1be4      	subs	r4, r4, r7
 800992a:	b29f      	uxth	r7, r3
 800992c:	fbb4 f3f9 	udiv	r3, r4, r9
 8009930:	fb09 4413 	mls	r4, r9, r3, r4
 8009934:	ea47 4404 	orr.w	r4, r7, r4, lsl #16
 8009938:	fb03 fe0e 	mul.w	lr, r3, lr
 800993c:	45a6      	cmp	lr, r4
 800993e:	d909      	bls.n	8009954 <__udivmoddi4+0x1d0>
 8009940:	eb1c 0404 	adds.w	r4, ip, r4
 8009944:	f103 37ff 	add.w	r7, r3, #4294967295
 8009948:	f080 8082 	bcs.w	8009a50 <__udivmoddi4+0x2cc>
 800994c:	45a6      	cmp	lr, r4
 800994e:	d97f      	bls.n	8009a50 <__udivmoddi4+0x2cc>
 8009950:	3b02      	subs	r3, #2
 8009952:	4464      	add	r4, ip
 8009954:	ea43 4000 	orr.w	r0, r3, r0, lsl #16
 8009958:	eba4 040e 	sub.w	r4, r4, lr
 800995c:	fba0 e702 	umull	lr, r7, r0, r2
 8009960:	42bc      	cmp	r4, r7
 8009962:	4673      	mov	r3, lr
 8009964:	46b9      	mov	r9, r7
 8009966:	d363      	bcc.n	8009a30 <__udivmoddi4+0x2ac>
 8009968:	d060      	beq.n	8009a2c <__udivmoddi4+0x2a8>
 800996a:	b15d      	cbz	r5, 8009984 <__udivmoddi4+0x200>
 800996c:	ebb8 0203 	subs.w	r2, r8, r3
 8009970:	eb64 0409 	sbc.w	r4, r4, r9
 8009974:	fa04 f606 	lsl.w	r6, r4, r6
 8009978:	fa22 f301 	lsr.w	r3, r2, r1
 800997c:	431e      	orrs	r6, r3
 800997e:	40cc      	lsrs	r4, r1
 8009980:	e9c5 6400 	strd	r6, r4, [r5]
 8009984:	2100      	movs	r1, #0
 8009986:	e74c      	b.n	8009822 <__udivmoddi4+0x9e>
 8009988:	0862      	lsrs	r2, r4, #1
 800998a:	0848      	lsrs	r0, r1, #1
 800998c:	ea42 71c1 	orr.w	r1, r2, r1, lsl #31
 8009990:	0c0b      	lsrs	r3, r1, #16
 8009992:	ea43 4300 	orr.w	r3, r3, r0, lsl #16
 8009996:	b28a      	uxth	r2, r1
 8009998:	ea42 4203 	orr.w	r2, r2, r3, lsl #16
 800999c:	fbb3 f1f6 	udiv	r1, r3, r6
 80099a0:	07e4      	lsls	r4, r4, #31
 80099a2:	46b4      	mov	ip, r6
 80099a4:	4637      	mov	r7, r6
 80099a6:	46b6      	mov	lr, r6
 80099a8:	231f      	movs	r3, #31
 80099aa:	fbb0 f0f6 	udiv	r0, r0, r6
 80099ae:	1bd2      	subs	r2, r2, r7
 80099b0:	ea41 4100 	orr.w	r1, r1, r0, lsl #16
 80099b4:	e761      	b.n	800987a <__udivmoddi4+0xf6>
 80099b6:	4661      	mov	r1, ip
 80099b8:	e714      	b.n	80097e4 <__udivmoddi4+0x60>
 80099ba:	4610      	mov	r0, r2
 80099bc:	e728      	b.n	8009810 <__udivmoddi4+0x8c>
 80099be:	f1c3 0120 	rsb	r1, r3, #32
 80099c2:	fa20 f201 	lsr.w	r2, r0, r1
 80099c6:	409e      	lsls	r6, r3
 80099c8:	fa27 f101 	lsr.w	r1, r7, r1
 80099cc:	409f      	lsls	r7, r3
 80099ce:	433a      	orrs	r2, r7
 80099d0:	ea4f 4e16 	mov.w	lr, r6, lsr #16
 80099d4:	fa1f fc86 	uxth.w	ip, r6
 80099d8:	fbb1 f7fe 	udiv	r7, r1, lr
 80099dc:	fb0e 1017 	mls	r0, lr, r7, r1
 80099e0:	0c11      	lsrs	r1, r2, #16
 80099e2:	ea41 4100 	orr.w	r1, r1, r0, lsl #16
 80099e6:	fb07 f80c 	mul.w	r8, r7, ip
 80099ea:	4588      	cmp	r8, r1
 80099ec:	fa04 f403 	lsl.w	r4, r4, r3
 80099f0:	d93a      	bls.n	8009a68 <__udivmoddi4+0x2e4>
 80099f2:	1871      	adds	r1, r6, r1
 80099f4:	f107 30ff 	add.w	r0, r7, #4294967295
 80099f8:	d201      	bcs.n	80099fe <__udivmoddi4+0x27a>
 80099fa:	4588      	cmp	r8, r1
 80099fc:	d81f      	bhi.n	8009a3e <__udivmoddi4+0x2ba>
 80099fe:	eba1 0108 	sub.w	r1, r1, r8
 8009a02:	fbb1 f8fe 	udiv	r8, r1, lr
 8009a06:	fb08 f70c 	mul.w	r7, r8, ip
 8009a0a:	fb0e 1118 	mls	r1, lr, r8, r1
 8009a0e:	b292      	uxth	r2, r2
 8009a10:	ea42 4201 	orr.w	r2, r2, r1, lsl #16
 8009a14:	42ba      	cmp	r2, r7
 8009a16:	d22f      	bcs.n	8009a78 <__udivmoddi4+0x2f4>
 8009a18:	18b2      	adds	r2, r6, r2
 8009a1a:	f108 31ff 	add.w	r1, r8, #4294967295
 8009a1e:	d2c6      	bcs.n	80099ae <__udivmoddi4+0x22a>
 8009a20:	42ba      	cmp	r2, r7
 8009a22:	d2c4      	bcs.n	80099ae <__udivmoddi4+0x22a>
 8009a24:	f1a8 0102 	sub.w	r1, r8, #2
 8009a28:	4432      	add	r2, r6
 8009a2a:	e7c0      	b.n	80099ae <__udivmoddi4+0x22a>
 8009a2c:	45f0      	cmp	r8, lr
 8009a2e:	d29c      	bcs.n	800996a <__udivmoddi4+0x1e6>
 8009a30:	ebbe 0302 	subs.w	r3, lr, r2
 8009a34:	eb67 070c 	sbc.w	r7, r7, ip
 8009a38:	3801      	subs	r0, #1
 8009a3a:	46b9      	mov	r9, r7
 8009a3c:	e795      	b.n	800996a <__udivmoddi4+0x1e6>
 8009a3e:	eba6 0808 	sub.w	r8, r6, r8
 8009a42:	4441      	add	r1, r8
 8009a44:	1eb8      	subs	r0, r7, #2
 8009a46:	fbb1 f8fe 	udiv	r8, r1, lr
 8009a4a:	fb08 f70c 	mul.w	r7, r8, ip
 8009a4e:	e7dc      	b.n	8009a0a <__udivmoddi4+0x286>
 8009a50:	463b      	mov	r3, r7
 8009a52:	e77f      	b.n	8009954 <__udivmoddi4+0x1d0>
 8009a54:	4650      	mov	r0, sl
 8009a56:	e767      	b.n	8009928 <__udivmoddi4+0x1a4>
 8009a58:	4608      	mov	r0, r1
 8009a5a:	e6fb      	b.n	8009854 <__udivmoddi4+0xd0>
 8009a5c:	4434      	add	r4, r6
 8009a5e:	3802      	subs	r0, #2
 8009a60:	e732      	b.n	80098c8 <__udivmoddi4+0x144>
 8009a62:	3f02      	subs	r7, #2
 8009a64:	4432      	add	r2, r6
 8009a66:	e71b      	b.n	80098a0 <__udivmoddi4+0x11c>
 8009a68:	eba1 0108 	sub.w	r1, r1, r8
 8009a6c:	4638      	mov	r0, r7
 8009a6e:	fbb1 f8fe 	udiv	r8, r1, lr
 8009a72:	fb08 f70c 	mul.w	r7, r8, ip
 8009a76:	e7c8      	b.n	8009a0a <__udivmoddi4+0x286>
 8009a78:	4641      	mov	r1, r8
 8009a7a:	e798      	b.n	80099ae <__udivmoddi4+0x22a>

08009a7c <_init>:
 8009a7c:	b5f8      	push	{r3, r4, r5, r6, r7, lr}
 8009a7e:	bf00      	nop
 8009a80:	bcf8      	pop	{r3, r4, r5, r6, r7}
 8009a82:	bc08      	pop	{r3}
 8009a84:	469e      	mov	lr, r3
 8009a86:	4770      	bx	lr

08009a88 <_fini>:
 8009a88:	b5f8      	push	{r3, r4, r5, r6, r7, lr}
 8009a8a:	bf00      	nop
 8009a8c:	bcf8      	pop	{r3, r4, r5, r6, r7}
 8009a8e:	bc08      	pop	{r3}
 8009a90:	469e      	mov	lr, r3
 8009a92:	4770      	bx	lr
