ARM GAS  C:\Users\Miks\AppData\Local\Temp\ccm1mhzP.s 			page 1


   1              		.cpu cortex-m4
   2              		.arch armv7e-m
   3              		.fpu fpv4-sp-d16
   4              		.eabi_attribute 27, 1
   5              		.eabi_attribute 28, 1
   6              		.eabi_attribute 20, 1
   7              		.eabi_attribute 21, 1
   8              		.eabi_attribute 23, 3
   9              		.eabi_attribute 24, 1
  10              		.eabi_attribute 25, 1
  11              		.eabi_attribute 26, 1
  12              		.eabi_attribute 30, 1
  13              		.eabi_attribute 34, 1
  14              		.eabi_attribute 18, 4
  15              		.file	"main.c"
  16              		.text
  17              	.Ltext0:
  18              		.cfi_sections	.debug_frame
  19              		.file 1 "Core/Src/main.c"
  20              		.section	.text.platform_imu_init,"ax",%progbits
  21              		.align	1
  22              		.global	platform_imu_init
  23              		.syntax unified
  24              		.thumb
  25              		.thumb_func
  27              	platform_imu_init:
  28              	.LFB262:
   1:Core/Src/main.c **** /* USER CODE BEGIN Header */
   2:Core/Src/main.c **** /**
   3:Core/Src/main.c ****   ******************************************************************************
   4:Core/Src/main.c ****   * @file           : main.c
   5:Core/Src/main.c ****   * @brief          : Main program body
   6:Core/Src/main.c ****   ******************************************************************************
   7:Core/Src/main.c ****   * @attention
   8:Core/Src/main.c ****   *
   9:Core/Src/main.c ****   * Copyright (c) 2026 STMicroelectronics.
  10:Core/Src/main.c ****   * All rights reserved.
  11:Core/Src/main.c ****   *
  12:Core/Src/main.c ****   * This software is licensed under terms that can be found in the LICENSE file
  13:Core/Src/main.c ****   * in the root directory of this software component.
  14:Core/Src/main.c ****   * If no LICENSE file comes with this software, it is provided AS-IS.
  15:Core/Src/main.c ****   *
  16:Core/Src/main.c ****   ******************************************************************************
  17:Core/Src/main.c ****   */
  18:Core/Src/main.c **** /* USER CODE END Header */
  19:Core/Src/main.c **** /* Includes ------------------------------------------------------------------*/
  20:Core/Src/main.c **** #include "main.h"
  21:Core/Src/main.c **** #include "fatfs.h"
  22:Core/Src/main.c **** #include "usb_device.h"
  23:Core/Src/main.c **** 
  24:Core/Src/main.c **** /* Private includes ----------------------------------------------------------*/
  25:Core/Src/main.c **** /* USER CODE BEGIN Includes */
  26:Core/Src/main.c **** #include "25flash.h"
  27:Core/Src/main.c **** #include "neopixel.h"
  28:Core/Src/main.c **** #include "buzzer.h"
  29:Core/Src/main.c **** #include "lsm6dso.h"
  30:Core/Src/main.c **** #include "BMP388.h"
ARM GAS  C:\Users\Miks\AppData\Local\Temp\ccm1mhzP.s 			page 2


  31:Core/Src/main.c **** #include "ee24.h"
  32:Core/Src/main.c **** #include "servo.h"
  33:Core/Src/main.c **** #include "GNSS.h"
  34:Core/Src/main.c **** #include "SX1262.h"
  35:Core/Src/main.c **** #include "imu_fusion.h"
  36:Core/Src/main.c **** #include "mission.h"
  37:Core/Src/main.c **** #include <string.h>
  38:Core/Src/main.c **** /* USER CODE END Includes */
  39:Core/Src/main.c **** 
  40:Core/Src/main.c **** /* Private typedef -----------------------------------------------------------*/
  41:Core/Src/main.c **** /* USER CODE BEGIN PTD */
  42:Core/Src/main.c **** 
  43:Core/Src/main.c **** /* USER CODE END PTD */
  44:Core/Src/main.c **** 
  45:Core/Src/main.c **** /* Private define ------------------------------------------------------------*/
  46:Core/Src/main.c **** /* USER CODE BEGIN PD */
  47:Core/Src/main.c **** #define VBAT_DIV_K  2.54
  48:Core/Src/main.c **** 
  49:Core/Src/main.c **** #define LSM6DSO_I2C_ADDR (0x6A << 1)
  50:Core/Src/main.c **** /* USER CODE END PD */
  51:Core/Src/main.c **** 
  52:Core/Src/main.c **** /* Private macro -------------------------------------------------------------*/
  53:Core/Src/main.c **** /* USER CODE BEGIN PM */
  54:Core/Src/main.c **** 
  55:Core/Src/main.c **** /* USER CODE END PM */
  56:Core/Src/main.c **** 
  57:Core/Src/main.c **** /* Private variables ---------------------------------------------------------*/
  58:Core/Src/main.c **** ADC_HandleTypeDef hadc1;
  59:Core/Src/main.c **** 
  60:Core/Src/main.c **** CRC_HandleTypeDef hcrc;
  61:Core/Src/main.c **** 
  62:Core/Src/main.c **** I2C_HandleTypeDef hi2c1;
  63:Core/Src/main.c **** I2C_HandleTypeDef hi2c2;
  64:Core/Src/main.c **** I2C_HandleTypeDef hi2c3;
  65:Core/Src/main.c **** 
  66:Core/Src/main.c **** RTC_HandleTypeDef hrtc;
  67:Core/Src/main.c **** 
  68:Core/Src/main.c **** SPI_HandleTypeDef hspi1;
  69:Core/Src/main.c **** SPI_HandleTypeDef hspi2;
  70:Core/Src/main.c **** SPI_HandleTypeDef hspi3;
  71:Core/Src/main.c **** 
  72:Core/Src/main.c **** TIM_HandleTypeDef htim3;
  73:Core/Src/main.c **** TIM_HandleTypeDef htim4;
  74:Core/Src/main.c **** TIM_HandleTypeDef htim5;
  75:Core/Src/main.c **** DMA_HandleTypeDef hdma_tim3_ch1_trig;
  76:Core/Src/main.c **** 
  77:Core/Src/main.c **** UART_HandleTypeDef huart1;
  78:Core/Src/main.c **** 
  79:Core/Src/main.c **** /* USER CODE BEGIN PV */
  80:Core/Src/main.c **** LSM6DSO_Object_t hlsm6dso1;
  81:Core/Src/main.c **** LSM6DSO_IO_t lsm6dso_io;
  82:Core/Src/main.c **** 
  83:Core/Src/main.c **** BMP388_HandleTypeDef hbmp388;
  84:Core/Src/main.c **** 
  85:Core/Src/main.c **** EE24_HandleTypeDef h24lc64;
  86:Core/Src/main.c **** 
  87:Core/Src/main.c **** servo_t hservo1;
ARM GAS  C:\Users\Miks\AppData\Local\Temp\ccm1mhzP.s 			page 3


  88:Core/Src/main.c **** 
  89:Core/Src/main.c **** FATFS fs;
  90:Core/Src/main.c **** 
  91:Core/Src/main.c **** float battery_v;
  92:Core/Src/main.c **** uint32_t adc_buff[1];
  93:Core/Src/main.c **** /* USER CODE END PV */
  94:Core/Src/main.c **** 
  95:Core/Src/main.c **** /* Private function prototypes -----------------------------------------------*/
  96:Core/Src/main.c **** void SystemClock_Config(void);
  97:Core/Src/main.c **** static void MX_GPIO_Init(void);
  98:Core/Src/main.c **** static void MX_DMA_Init(void);
  99:Core/Src/main.c **** static void MX_ADC1_Init(void);
 100:Core/Src/main.c **** static void MX_I2C1_Init(void);
 101:Core/Src/main.c **** static void MX_I2C2_Init(void);
 102:Core/Src/main.c **** static void MX_I2C3_Init(void);
 103:Core/Src/main.c **** static void MX_RTC_Init(void);
 104:Core/Src/main.c **** static void MX_SPI1_Init(void);
 105:Core/Src/main.c **** static void MX_SPI2_Init(void);
 106:Core/Src/main.c **** static void MX_SPI3_Init(void);
 107:Core/Src/main.c **** static void MX_TIM3_Init(void);
 108:Core/Src/main.c **** static void MX_TIM4_Init(void);
 109:Core/Src/main.c **** static void MX_TIM5_Init(void);
 110:Core/Src/main.c **** static void MX_USART1_UART_Init(void);
 111:Core/Src/main.c **** static void MX_CRC_Init(void);
 112:Core/Src/main.c **** /* USER CODE BEGIN PFP */
 113:Core/Src/main.c **** void Get_Vbat(void);
 114:Core/Src/main.c **** void platform_delay(uint32_t ms);
 115:Core/Src/main.c **** 
 116:Core/Src/main.c **** int32_t platform_imu_init(void);
 117:Core/Src/main.c **** int32_t platform_imu_deinit(void);
 118:Core/Src/main.c **** int32_t platform_imu_read(uint16_t Address, uint16_t Reg, uint8_t *Data, uint16_t Length);
 119:Core/Src/main.c **** int32_t platform_imu_write(uint16_t Address, uint16_t Reg, uint8_t *Data, uint16_t Length);
 120:Core/Src/main.c **** int32_t platform_get_tick(void);
 121:Core/Src/main.c **** /* USER CODE END PFP */
 122:Core/Src/main.c **** 
 123:Core/Src/main.c **** /* Private user code ---------------------------------------------------------*/
 124:Core/Src/main.c **** /* USER CODE BEGIN 0 */
 125:Core/Src/main.c **** 
 126:Core/Src/main.c **** /* USER CODE END 0 */
 127:Core/Src/main.c **** 
 128:Core/Src/main.c **** /**
 129:Core/Src/main.c ****   * @brief  The application entry point.
 130:Core/Src/main.c ****   * @retval int
 131:Core/Src/main.c ****   */
 132:Core/Src/main.c **** int main(void)
 133:Core/Src/main.c **** {
 134:Core/Src/main.c **** 
 135:Core/Src/main.c ****   /* USER CODE BEGIN 1 */
 136:Core/Src/main.c **** 
 137:Core/Src/main.c ****   /* USER CODE END 1 */
 138:Core/Src/main.c **** 
 139:Core/Src/main.c ****   /* MCU Configuration--------------------------------------------------------*/
 140:Core/Src/main.c **** 
 141:Core/Src/main.c ****   /* Reset of all peripherals, Initializes the Flash interface and the Systick. */
 142:Core/Src/main.c ****   HAL_Init();
 143:Core/Src/main.c **** 
 144:Core/Src/main.c ****   /* USER CODE BEGIN Init */
ARM GAS  C:\Users\Miks\AppData\Local\Temp\ccm1mhzP.s 			page 4


 145:Core/Src/main.c **** 
 146:Core/Src/main.c ****   /* USER CODE END Init */
 147:Core/Src/main.c **** 
 148:Core/Src/main.c ****   /* Configure the system clock */
 149:Core/Src/main.c ****   SystemClock_Config();
 150:Core/Src/main.c **** 
 151:Core/Src/main.c ****   /* USER CODE BEGIN SysInit */
 152:Core/Src/main.c **** 
 153:Core/Src/main.c ****   /* USER CODE END SysInit */
 154:Core/Src/main.c **** 
 155:Core/Src/main.c ****   /* Initialize all configured peripherals */
 156:Core/Src/main.c ****   MX_GPIO_Init();
 157:Core/Src/main.c ****   MX_DMA_Init();
 158:Core/Src/main.c ****   MX_ADC1_Init();
 159:Core/Src/main.c ****   MX_I2C1_Init();
 160:Core/Src/main.c ****   MX_I2C2_Init();
 161:Core/Src/main.c ****   MX_I2C3_Init();
 162:Core/Src/main.c ****   MX_RTC_Init();
 163:Core/Src/main.c ****   MX_SPI1_Init();
 164:Core/Src/main.c ****   MX_SPI2_Init();
 165:Core/Src/main.c ****   MX_SPI3_Init();
 166:Core/Src/main.c ****   MX_TIM3_Init();
 167:Core/Src/main.c ****   MX_TIM4_Init();
 168:Core/Src/main.c ****   MX_TIM5_Init();
 169:Core/Src/main.c ****   MX_USART1_UART_Init();
 170:Core/Src/main.c ****   MX_USB_DEVICE_Init();
 171:Core/Src/main.c ****   MX_CRC_Init();
 172:Core/Src/main.c ****   MX_FATFS_Init();
 173:Core/Src/main.c ****   /* USER CODE BEGIN 2 */
 174:Core/Src/main.c ****   HAL_GPIO_WritePin(BUZZER_GPIO_Port, BUZZER_Pin, GPIO_PIN_SET);
 175:Core/Src/main.c ****   HAL_Delay(300);
 176:Core/Src/main.c ****   HAL_GPIO_WritePin(BUZZER_GPIO_Port, BUZZER_Pin, GPIO_PIN_RESET);
 177:Core/Src/main.c **** 
 178:Core/Src/main.c ****   HAL_GPIO_WritePin(PYRO1_GPIO_Port, PYRO1_Pin, GPIO_PIN_SET);
 179:Core/Src/main.c ****   HAL_GPIO_WritePin(PYRO2_GPIO_Port, PYRO2_Pin, GPIO_PIN_SET);
 180:Core/Src/main.c **** 
 181:Core/Src/main.c ****   hbmp388.hi2c = &hi2c2;
 182:Core/Src/main.c ****   uint32_t rprs, rtemp, time;
 183:Core/Src/main.c ****   if(BMP388_Init(&hbmp388) == HAL_OK){
 184:Core/Src/main.c ****     HAL_Delay(5);
 185:Core/Src/main.c ****     BMP388_SetTempOS(&hbmp388, BMP388_OVERSAMPLING_8X);
 186:Core/Src/main.c ****     BMP388_SetPressOS(&hbmp388, BMP388_OVERSAMPLING_8X);
 187:Core/Src/main.c ****     BMP388_SetIIRFilterCoeff(&hbmp388, BMP3_IIR_FILTER_COEFF_3);
 188:Core/Src/main.c ****     BMP388_SetOutputDataRate(&hbmp388, BMP3_ODR_50_HZ);
 189:Core/Src/main.c ****     BMP388_ReadRawPressTempTime(&hbmp388, &rprs, &rtemp, &time);  // DUMMY
 190:Core/Src/main.c ****   }
 191:Core/Src/main.c **** 
 192:Core/Src/main.c ****   uint8_t ID = 0;
 193:Core/Src/main.c **** 
 194:Core/Src/main.c ****   lsm6dso_io.BusType  = LSM6DSO_SPI_4WIRES_BUS;
 195:Core/Src/main.c ****   lsm6dso_io.Address  = 0;
 196:Core/Src/main.c ****   lsm6dso_io.Init     = platform_imu_init;
 197:Core/Src/main.c ****   lsm6dso_io.DeInit   = platform_imu_deinit;
 198:Core/Src/main.c ****   lsm6dso_io.ReadReg  = platform_imu_read;
 199:Core/Src/main.c ****   lsm6dso_io.WriteReg = platform_imu_write;
 200:Core/Src/main.c ****   lsm6dso_io.GetTick  = platform_get_tick;
 201:Core/Src/main.c ****   lsm6dso_io.Delay    = platform_delay;
ARM GAS  C:\Users\Miks\AppData\Local\Temp\ccm1mhzP.s 			page 5


 202:Core/Src/main.c **** 
 203:Core/Src/main.c ****   if (LSM6DSO_RegisterBusIO(&hlsm6dso1, &lsm6dso_io) == LSM6DSO_OK)
 204:Core/Src/main.c ****   {
 205:Core/Src/main.c ****     if (LSM6DSO_Init(&hlsm6dso1) == LSM6DSO_OK)
 206:Core/Src/main.c ****     {
 207:Core/Src/main.c ****       LSM6DSO_ReadID(&hlsm6dso1, &ID);
 208:Core/Src/main.c **** 
 209:Core/Src/main.c ****       IMU_Fusion_Init(&hlsm6dso1);
 210:Core/Src/main.c ****       HAL_Delay(100);
 211:Core/Src/main.c ****       IMU_Fusion_CalibrateGyro(200);
 212:Core/Src/main.c ****     }
 213:Core/Src/main.c ****   }
 214:Core/Src/main.c **** 
 215:Core/Src/main.c **** // uint8_t tx[2] = {0x8F, 0x00};
 216:Core/Src/main.c **** // uint8_t rx[2];
 217:Core/Src/main.c **** 
 218:Core/Src/main.c **** // HAL_GPIO_WritePin(IMU_NSS_GPIO_Port, IMU_NSS_Pin, GPIO_PIN_RESET);
 219:Core/Src/main.c **** // HAL_SPI_TransmitReceive(&hspi2, tx, rx, 2, HAL_MAX_DELAY);
 220:Core/Src/main.c **** // HAL_GPIO_WritePin(IMU_NSS_GPIO_Port, IMU_NSS_Pin, GPIO_PIN_SET);
 221:Core/Src/main.c **** 
 222:Core/Src/main.c **** // uint8_t who_am_i = rx[1];
 223:Core/Src/main.c **** 
 224:Core/Src/main.c ****   Servo_Init(&hservo1, &htim5, TIM_CHANNEL_1);
 225:Core/Src/main.c **** 
 226:Core/Src/main.c ****   uint8_t fl_data[512];
 227:Core/Src/main.c ****   memset(fl_data, 0, 512);
 228:Core/Src/main.c ****   // fl_data[0] = 0xAA;
 229:Core/Src/main.c ****   // fl_data[1] = 0x55;
 230:Core/Src/main.c ****   // fl_data[2] = 0x14;
 231:Core/Src/main.c ****   //MX25FLASH_Sector_Erase(0);
 232:Core/Src/main.c ****   // MX25FLASH_Program_Page(0, fl_data);
 233:Core/Src/main.c ****   // memset(fl_data, 0, 512);
 234:Core/Src/main.c **** 
 235:Core/Src/main.c **** 
 236:Core/Src/main.c **** 
 237:Core/Src/main.c **** //   FRESULT fr;
 238:Core/Src/main.c **** //   uint8_t work[4096]; // work buffer = at least one sector size
 239:Core/Src/main.c **** 
 240:Core/Src/main.c **** //   fr = f_mount(&fs, "", 1);  
 241:Core/Src/main.c **** //   if (fr == FR_NO_FILESYSTEM)
 242:Core/Src/main.c **** // {
 243:Core/Src/main.c **** //     fr = f_mkfs("", FM_ANY, 0, work, sizeof work);
 244:Core/Src/main.c **** //     if(fr != FR_OK) {
 245:Core/Src/main.c **** //         // formatting failed
 246:Core/Src/main.c **** //         Error_Handler();
 247:Core/Src/main.c **** //     }
 248:Core/Src/main.c **** 
 249:Core/Src/main.c **** //     // mount again
 250:Core/Src/main.c **** //     fr = f_mount(&fs, "", 1);
 251:Core/Src/main.c **** //         if(fr != FR_OK) {
 252:Core/Src/main.c **** //         // formatting failed
 253:Core/Src/main.c **** //         Error_Handler();
 254:Core/Src/main.c **** //     }
 255:Core/Src/main.c **** // }
 256:Core/Src/main.c **** //   FIL file;
 257:Core/Src/main.c **** //   UINT bw;
 258:Core/Src/main.c ****   
ARM GAS  C:\Users\Miks\AppData\Local\Temp\ccm1mhzP.s 			page 6


 259:Core/Src/main.c **** //   if(f_open(&file, "test.txt", FA_WRITE | FA_CREATE_ALWAYS) == FR_OK && fr == FR_OK){
 260:Core/Src/main.c **** //     f_write(&file, "Hello STM32", 11, &bw);
 261:Core/Src/main.c **** //     f_close(&file);
 262:Core/Src/main.c **** //   }
 263:Core/Src/main.c **** 
 264:Core/Src/main.c ****   Mission_Init();
 265:Core/Src/main.c **** 
 266:Core/Src/main.c ****   LED_Set_Color(0, 64, 0);
 267:Core/Src/main.c ****   /* USER CODE END 2 */
 268:Core/Src/main.c **** 
 269:Core/Src/main.c ****   /* Infinite loop */
 270:Core/Src/main.c ****   /* USER CODE BEGIN WHILE */
 271:Core/Src/main.c ****   while (1)
 272:Core/Src/main.c ****   {
 273:Core/Src/main.c ****     Mission_Update();
 274:Core/Src/main.c ****     HAL_Delay(5);
 275:Core/Src/main.c **** 
 276:Core/Src/main.c ****     // MX25FLASH_Continious_Read(0, fl_data, 2);
 277:Core/Src/main.c ****     /* USER CODE END WHILE */
 278:Core/Src/main.c **** 
 279:Core/Src/main.c ****     /* USER CODE BEGIN 3 */
 280:Core/Src/main.c ****   }
 281:Core/Src/main.c ****   /* USER CODE END 3 */
 282:Core/Src/main.c **** }
 283:Core/Src/main.c **** 
 284:Core/Src/main.c **** /**
 285:Core/Src/main.c ****   * @brief System Clock Configuration
 286:Core/Src/main.c ****   * @retval None
 287:Core/Src/main.c ****   */
 288:Core/Src/main.c **** void SystemClock_Config(void)
 289:Core/Src/main.c **** {
 290:Core/Src/main.c ****   RCC_OscInitTypeDef RCC_OscInitStruct = {0};
 291:Core/Src/main.c ****   RCC_ClkInitTypeDef RCC_ClkInitStruct = {0};
 292:Core/Src/main.c **** 
 293:Core/Src/main.c ****   /** Configure the main internal regulator output voltage
 294:Core/Src/main.c ****   */
 295:Core/Src/main.c ****   __HAL_RCC_PWR_CLK_ENABLE();
 296:Core/Src/main.c ****   __HAL_PWR_VOLTAGESCALING_CONFIG(PWR_REGULATOR_VOLTAGE_SCALE1);
 297:Core/Src/main.c **** 
 298:Core/Src/main.c ****   /** Initializes the RCC Oscillators according to the specified parameters
 299:Core/Src/main.c ****   * in the RCC_OscInitTypeDef structure.
 300:Core/Src/main.c ****   */
 301:Core/Src/main.c ****   RCC_OscInitStruct.OscillatorType = RCC_OSCILLATORTYPE_LSI|RCC_OSCILLATORTYPE_HSE;
 302:Core/Src/main.c ****   RCC_OscInitStruct.HSEState = RCC_HSE_ON;
 303:Core/Src/main.c ****   RCC_OscInitStruct.LSIState = RCC_LSI_ON;
 304:Core/Src/main.c ****   RCC_OscInitStruct.PLL.PLLState = RCC_PLL_ON;
 305:Core/Src/main.c ****   RCC_OscInitStruct.PLL.PLLSource = RCC_PLLSOURCE_HSE;
 306:Core/Src/main.c ****   RCC_OscInitStruct.PLL.PLLM = 4;
 307:Core/Src/main.c ****   RCC_OscInitStruct.PLL.PLLN = 144;
 308:Core/Src/main.c ****   RCC_OscInitStruct.PLL.PLLP = RCC_PLLP_DIV2;
 309:Core/Src/main.c ****   RCC_OscInitStruct.PLL.PLLQ = 6;
 310:Core/Src/main.c ****   if (HAL_RCC_OscConfig(&RCC_OscInitStruct) != HAL_OK)
 311:Core/Src/main.c ****   {
 312:Core/Src/main.c ****     Error_Handler();
 313:Core/Src/main.c ****   }
 314:Core/Src/main.c **** 
 315:Core/Src/main.c ****   /** Initializes the CPU, AHB and APB buses clocks
ARM GAS  C:\Users\Miks\AppData\Local\Temp\ccm1mhzP.s 			page 7


 316:Core/Src/main.c ****   */
 317:Core/Src/main.c ****   RCC_ClkInitStruct.ClockType = RCC_CLOCKTYPE_HCLK|RCC_CLOCKTYPE_SYSCLK
 318:Core/Src/main.c ****                               |RCC_CLOCKTYPE_PCLK1|RCC_CLOCKTYPE_PCLK2;
 319:Core/Src/main.c ****   RCC_ClkInitStruct.SYSCLKSource = RCC_SYSCLKSOURCE_PLLCLK;
 320:Core/Src/main.c ****   RCC_ClkInitStruct.AHBCLKDivider = RCC_SYSCLK_DIV1;
 321:Core/Src/main.c ****   RCC_ClkInitStruct.APB1CLKDivider = RCC_HCLK_DIV4;
 322:Core/Src/main.c ****   RCC_ClkInitStruct.APB2CLKDivider = RCC_HCLK_DIV2;
 323:Core/Src/main.c **** 
 324:Core/Src/main.c ****   if (HAL_RCC_ClockConfig(&RCC_ClkInitStruct, FLASH_LATENCY_4) != HAL_OK)
 325:Core/Src/main.c ****   {
 326:Core/Src/main.c ****     Error_Handler();
 327:Core/Src/main.c ****   }
 328:Core/Src/main.c **** }
 329:Core/Src/main.c **** 
 330:Core/Src/main.c **** /**
 331:Core/Src/main.c ****   * @brief ADC1 Initialization Function
 332:Core/Src/main.c ****   * @param None
 333:Core/Src/main.c ****   * @retval None
 334:Core/Src/main.c ****   */
 335:Core/Src/main.c **** static void MX_ADC1_Init(void)
 336:Core/Src/main.c **** {
 337:Core/Src/main.c **** 
 338:Core/Src/main.c ****   /* USER CODE BEGIN ADC1_Init 0 */
 339:Core/Src/main.c **** 
 340:Core/Src/main.c ****   /* USER CODE END ADC1_Init 0 */
 341:Core/Src/main.c **** 
 342:Core/Src/main.c ****   ADC_ChannelConfTypeDef sConfig = {0};
 343:Core/Src/main.c **** 
 344:Core/Src/main.c ****   /* USER CODE BEGIN ADC1_Init 1 */
 345:Core/Src/main.c **** 
 346:Core/Src/main.c ****   /* USER CODE END ADC1_Init 1 */
 347:Core/Src/main.c **** 
 348:Core/Src/main.c ****   /** Configure the global features of the ADC (Clock, Resolution, Data Alignment and number of con
 349:Core/Src/main.c ****   */
 350:Core/Src/main.c ****   hadc1.Instance = ADC1;
 351:Core/Src/main.c ****   hadc1.Init.ClockPrescaler = ADC_CLOCK_SYNC_PCLK_DIV2;
 352:Core/Src/main.c ****   hadc1.Init.Resolution = ADC_RESOLUTION_12B;
 353:Core/Src/main.c ****   hadc1.Init.ScanConvMode = DISABLE;
 354:Core/Src/main.c ****   hadc1.Init.ContinuousConvMode = DISABLE;
 355:Core/Src/main.c ****   hadc1.Init.DiscontinuousConvMode = DISABLE;
 356:Core/Src/main.c ****   hadc1.Init.ExternalTrigConvEdge = ADC_EXTERNALTRIGCONVEDGE_NONE;
 357:Core/Src/main.c ****   hadc1.Init.ExternalTrigConv = ADC_SOFTWARE_START;
 358:Core/Src/main.c ****   hadc1.Init.DataAlign = ADC_DATAALIGN_RIGHT;
 359:Core/Src/main.c ****   hadc1.Init.NbrOfConversion = 1;
 360:Core/Src/main.c ****   hadc1.Init.DMAContinuousRequests = DISABLE;
 361:Core/Src/main.c ****   hadc1.Init.EOCSelection = ADC_EOC_SINGLE_CONV;
 362:Core/Src/main.c ****   if (HAL_ADC_Init(&hadc1) != HAL_OK)
 363:Core/Src/main.c ****   {
 364:Core/Src/main.c ****     Error_Handler();
 365:Core/Src/main.c ****   }
 366:Core/Src/main.c **** 
 367:Core/Src/main.c ****   /** Configure for the selected ADC regular channel its corresponding rank in the sequencer and it
 368:Core/Src/main.c ****   */
 369:Core/Src/main.c ****   sConfig.Channel = ADC_CHANNEL_4;
 370:Core/Src/main.c ****   sConfig.Rank = 1;
 371:Core/Src/main.c ****   sConfig.SamplingTime = ADC_SAMPLETIME_3CYCLES;
 372:Core/Src/main.c ****   if (HAL_ADC_ConfigChannel(&hadc1, &sConfig) != HAL_OK)
ARM GAS  C:\Users\Miks\AppData\Local\Temp\ccm1mhzP.s 			page 8


 373:Core/Src/main.c ****   {
 374:Core/Src/main.c ****     Error_Handler();
 375:Core/Src/main.c ****   }
 376:Core/Src/main.c ****   /* USER CODE BEGIN ADC1_Init 2 */
 377:Core/Src/main.c **** 
 378:Core/Src/main.c ****   /* USER CODE END ADC1_Init 2 */
 379:Core/Src/main.c **** 
 380:Core/Src/main.c **** }
 381:Core/Src/main.c **** 
 382:Core/Src/main.c **** /**
 383:Core/Src/main.c ****   * @brief CRC Initialization Function
 384:Core/Src/main.c ****   * @param None
 385:Core/Src/main.c ****   * @retval None
 386:Core/Src/main.c ****   */
 387:Core/Src/main.c **** static void MX_CRC_Init(void)
 388:Core/Src/main.c **** {
 389:Core/Src/main.c **** 
 390:Core/Src/main.c ****   /* USER CODE BEGIN CRC_Init 0 */
 391:Core/Src/main.c **** 
 392:Core/Src/main.c ****   /* USER CODE END CRC_Init 0 */
 393:Core/Src/main.c **** 
 394:Core/Src/main.c ****   /* USER CODE BEGIN CRC_Init 1 */
 395:Core/Src/main.c **** 
 396:Core/Src/main.c ****   /* USER CODE END CRC_Init 1 */
 397:Core/Src/main.c ****   hcrc.Instance = CRC;
 398:Core/Src/main.c ****   if (HAL_CRC_Init(&hcrc) != HAL_OK)
 399:Core/Src/main.c ****   {
 400:Core/Src/main.c ****     Error_Handler();
 401:Core/Src/main.c ****   }
 402:Core/Src/main.c ****   /* USER CODE BEGIN CRC_Init 2 */
 403:Core/Src/main.c **** 
 404:Core/Src/main.c ****   /* USER CODE END CRC_Init 2 */
 405:Core/Src/main.c **** 
 406:Core/Src/main.c **** }
 407:Core/Src/main.c **** 
 408:Core/Src/main.c **** /**
 409:Core/Src/main.c ****   * @brief I2C1 Initialization Function
 410:Core/Src/main.c ****   * @param None
 411:Core/Src/main.c ****   * @retval None
 412:Core/Src/main.c ****   */
 413:Core/Src/main.c **** static void MX_I2C1_Init(void)
 414:Core/Src/main.c **** {
 415:Core/Src/main.c **** 
 416:Core/Src/main.c ****   /* USER CODE BEGIN I2C1_Init 0 */
 417:Core/Src/main.c **** 
 418:Core/Src/main.c ****   /* USER CODE END I2C1_Init 0 */
 419:Core/Src/main.c **** 
 420:Core/Src/main.c ****   /* USER CODE BEGIN I2C1_Init 1 */
 421:Core/Src/main.c **** 
 422:Core/Src/main.c ****   /* USER CODE END I2C1_Init 1 */
 423:Core/Src/main.c ****   hi2c1.Instance = I2C1;
 424:Core/Src/main.c ****   hi2c1.Init.ClockSpeed = 400000;
 425:Core/Src/main.c ****   hi2c1.Init.DutyCycle = I2C_DUTYCYCLE_2;
 426:Core/Src/main.c ****   hi2c1.Init.OwnAddress1 = 0;
 427:Core/Src/main.c ****   hi2c1.Init.AddressingMode = I2C_ADDRESSINGMODE_7BIT;
 428:Core/Src/main.c ****   hi2c1.Init.DualAddressMode = I2C_DUALADDRESS_DISABLE;
 429:Core/Src/main.c ****   hi2c1.Init.OwnAddress2 = 0;
ARM GAS  C:\Users\Miks\AppData\Local\Temp\ccm1mhzP.s 			page 9


 430:Core/Src/main.c ****   hi2c1.Init.GeneralCallMode = I2C_GENERALCALL_DISABLE;
 431:Core/Src/main.c ****   hi2c1.Init.NoStretchMode = I2C_NOSTRETCH_DISABLE;
 432:Core/Src/main.c ****   if (HAL_I2C_Init(&hi2c1) != HAL_OK)
 433:Core/Src/main.c ****   {
 434:Core/Src/main.c ****     Error_Handler();
 435:Core/Src/main.c ****   }
 436:Core/Src/main.c ****   /* USER CODE BEGIN I2C1_Init 2 */
 437:Core/Src/main.c **** 
 438:Core/Src/main.c ****   /* USER CODE END I2C1_Init 2 */
 439:Core/Src/main.c **** 
 440:Core/Src/main.c **** }
 441:Core/Src/main.c **** 
 442:Core/Src/main.c **** /**
 443:Core/Src/main.c ****   * @brief I2C2 Initialization Function
 444:Core/Src/main.c ****   * @param None
 445:Core/Src/main.c ****   * @retval None
 446:Core/Src/main.c ****   */
 447:Core/Src/main.c **** static void MX_I2C2_Init(void)
 448:Core/Src/main.c **** {
 449:Core/Src/main.c **** 
 450:Core/Src/main.c ****   /* USER CODE BEGIN I2C2_Init 0 */
 451:Core/Src/main.c **** 
 452:Core/Src/main.c ****   /* USER CODE END I2C2_Init 0 */
 453:Core/Src/main.c **** 
 454:Core/Src/main.c ****   /* USER CODE BEGIN I2C2_Init 1 */
 455:Core/Src/main.c **** 
 456:Core/Src/main.c ****   /* USER CODE END I2C2_Init 1 */
 457:Core/Src/main.c ****   hi2c2.Instance = I2C2;
 458:Core/Src/main.c ****   hi2c2.Init.ClockSpeed = 400000;
 459:Core/Src/main.c ****   hi2c2.Init.DutyCycle = I2C_DUTYCYCLE_2;
 460:Core/Src/main.c ****   hi2c2.Init.OwnAddress1 = 0;
 461:Core/Src/main.c ****   hi2c2.Init.AddressingMode = I2C_ADDRESSINGMODE_7BIT;
 462:Core/Src/main.c ****   hi2c2.Init.DualAddressMode = I2C_DUALADDRESS_DISABLE;
 463:Core/Src/main.c ****   hi2c2.Init.OwnAddress2 = 0;
 464:Core/Src/main.c ****   hi2c2.Init.GeneralCallMode = I2C_GENERALCALL_DISABLE;
 465:Core/Src/main.c ****   hi2c2.Init.NoStretchMode = I2C_NOSTRETCH_DISABLE;
 466:Core/Src/main.c ****   if (HAL_I2C_Init(&hi2c2) != HAL_OK)
 467:Core/Src/main.c ****   {
 468:Core/Src/main.c ****     Error_Handler();
 469:Core/Src/main.c ****   }
 470:Core/Src/main.c ****   /* USER CODE BEGIN I2C2_Init 2 */
 471:Core/Src/main.c **** 
 472:Core/Src/main.c ****   /* USER CODE END I2C2_Init 2 */
 473:Core/Src/main.c **** 
 474:Core/Src/main.c **** }
 475:Core/Src/main.c **** 
 476:Core/Src/main.c **** /**
 477:Core/Src/main.c ****   * @brief I2C3 Initialization Function
 478:Core/Src/main.c ****   * @param None
 479:Core/Src/main.c ****   * @retval None
 480:Core/Src/main.c ****   */
 481:Core/Src/main.c **** static void MX_I2C3_Init(void)
 482:Core/Src/main.c **** {
 483:Core/Src/main.c **** 
 484:Core/Src/main.c ****   /* USER CODE BEGIN I2C3_Init 0 */
 485:Core/Src/main.c **** 
 486:Core/Src/main.c ****   /* USER CODE END I2C3_Init 0 */
ARM GAS  C:\Users\Miks\AppData\Local\Temp\ccm1mhzP.s 			page 10


 487:Core/Src/main.c **** 
 488:Core/Src/main.c ****   /* USER CODE BEGIN I2C3_Init 1 */
 489:Core/Src/main.c **** 
 490:Core/Src/main.c ****   /* USER CODE END I2C3_Init 1 */
 491:Core/Src/main.c ****   hi2c3.Instance = I2C3;
 492:Core/Src/main.c ****   hi2c3.Init.ClockSpeed = 100000;
 493:Core/Src/main.c ****   hi2c3.Init.DutyCycle = I2C_DUTYCYCLE_2;
 494:Core/Src/main.c ****   hi2c3.Init.OwnAddress1 = 0;
 495:Core/Src/main.c ****   hi2c3.Init.AddressingMode = I2C_ADDRESSINGMODE_7BIT;
 496:Core/Src/main.c ****   hi2c3.Init.DualAddressMode = I2C_DUALADDRESS_DISABLE;
 497:Core/Src/main.c ****   hi2c3.Init.OwnAddress2 = 0;
 498:Core/Src/main.c ****   hi2c3.Init.GeneralCallMode = I2C_GENERALCALL_DISABLE;
 499:Core/Src/main.c ****   hi2c3.Init.NoStretchMode = I2C_NOSTRETCH_DISABLE;
 500:Core/Src/main.c ****   if (HAL_I2C_Init(&hi2c3) != HAL_OK)
 501:Core/Src/main.c ****   {
 502:Core/Src/main.c ****     Error_Handler();
 503:Core/Src/main.c ****   }
 504:Core/Src/main.c ****   /* USER CODE BEGIN I2C3_Init 2 */
 505:Core/Src/main.c **** 
 506:Core/Src/main.c ****   /* USER CODE END I2C3_Init 2 */
 507:Core/Src/main.c **** 
 508:Core/Src/main.c **** }
 509:Core/Src/main.c **** 
 510:Core/Src/main.c **** /**
 511:Core/Src/main.c ****   * @brief RTC Initialization Function
 512:Core/Src/main.c ****   * @param None
 513:Core/Src/main.c ****   * @retval None
 514:Core/Src/main.c ****   */
 515:Core/Src/main.c **** static void MX_RTC_Init(void)
 516:Core/Src/main.c **** {
 517:Core/Src/main.c **** 
 518:Core/Src/main.c ****   /* USER CODE BEGIN RTC_Init 0 */
 519:Core/Src/main.c **** 
 520:Core/Src/main.c ****   /* USER CODE END RTC_Init 0 */
 521:Core/Src/main.c **** 
 522:Core/Src/main.c ****   /* USER CODE BEGIN RTC_Init 1 */
 523:Core/Src/main.c **** 
 524:Core/Src/main.c ****   /* USER CODE END RTC_Init 1 */
 525:Core/Src/main.c **** 
 526:Core/Src/main.c ****   /** Initialize RTC Only
 527:Core/Src/main.c ****   */
 528:Core/Src/main.c ****   hrtc.Instance = RTC;
 529:Core/Src/main.c ****   hrtc.Init.HourFormat = RTC_HOURFORMAT_24;
 530:Core/Src/main.c ****   hrtc.Init.AsynchPrediv = 127;
 531:Core/Src/main.c ****   hrtc.Init.SynchPrediv = 255;
 532:Core/Src/main.c ****   hrtc.Init.OutPut = RTC_OUTPUT_DISABLE;
 533:Core/Src/main.c ****   hrtc.Init.OutPutPolarity = RTC_OUTPUT_POLARITY_HIGH;
 534:Core/Src/main.c ****   hrtc.Init.OutPutType = RTC_OUTPUT_TYPE_OPENDRAIN;
 535:Core/Src/main.c ****   if (HAL_RTC_Init(&hrtc) != HAL_OK)
 536:Core/Src/main.c ****   {
 537:Core/Src/main.c ****     Error_Handler();
 538:Core/Src/main.c ****   }
 539:Core/Src/main.c ****   /* USER CODE BEGIN RTC_Init 2 */
 540:Core/Src/main.c **** 
 541:Core/Src/main.c ****   /* USER CODE END RTC_Init 2 */
 542:Core/Src/main.c **** 
 543:Core/Src/main.c **** }
ARM GAS  C:\Users\Miks\AppData\Local\Temp\ccm1mhzP.s 			page 11


 544:Core/Src/main.c **** 
 545:Core/Src/main.c **** /**
 546:Core/Src/main.c ****   * @brief SPI1 Initialization Function
 547:Core/Src/main.c ****   * @param None
 548:Core/Src/main.c ****   * @retval None
 549:Core/Src/main.c ****   */
 550:Core/Src/main.c **** static void MX_SPI1_Init(void)
 551:Core/Src/main.c **** {
 552:Core/Src/main.c **** 
 553:Core/Src/main.c ****   /* USER CODE BEGIN SPI1_Init 0 */
 554:Core/Src/main.c **** 
 555:Core/Src/main.c ****   /* USER CODE END SPI1_Init 0 */
 556:Core/Src/main.c **** 
 557:Core/Src/main.c ****   /* USER CODE BEGIN SPI1_Init 1 */
 558:Core/Src/main.c **** 
 559:Core/Src/main.c ****   /* USER CODE END SPI1_Init 1 */
 560:Core/Src/main.c ****   /* SPI1 parameter configuration*/
 561:Core/Src/main.c ****   hspi1.Instance = SPI1;
 562:Core/Src/main.c ****   hspi1.Init.Mode = SPI_MODE_MASTER;
 563:Core/Src/main.c ****   hspi1.Init.Direction = SPI_DIRECTION_2LINES;
 564:Core/Src/main.c ****   hspi1.Init.DataSize = SPI_DATASIZE_8BIT;
 565:Core/Src/main.c ****   hspi1.Init.CLKPolarity = SPI_POLARITY_LOW;
 566:Core/Src/main.c ****   hspi1.Init.CLKPhase = SPI_PHASE_1EDGE;
 567:Core/Src/main.c ****   hspi1.Init.NSS = SPI_NSS_SOFT;
 568:Core/Src/main.c ****   hspi1.Init.BaudRatePrescaler = SPI_BAUDRATEPRESCALER_2;
 569:Core/Src/main.c ****   hspi1.Init.FirstBit = SPI_FIRSTBIT_MSB;
 570:Core/Src/main.c ****   hspi1.Init.TIMode = SPI_TIMODE_DISABLE;
 571:Core/Src/main.c ****   hspi1.Init.CRCCalculation = SPI_CRCCALCULATION_DISABLE;
 572:Core/Src/main.c ****   hspi1.Init.CRCPolynomial = 10;
 573:Core/Src/main.c ****   if (HAL_SPI_Init(&hspi1) != HAL_OK)
 574:Core/Src/main.c ****   {
 575:Core/Src/main.c ****     Error_Handler();
 576:Core/Src/main.c ****   }
 577:Core/Src/main.c ****   /* USER CODE BEGIN SPI1_Init 2 */
 578:Core/Src/main.c **** 
 579:Core/Src/main.c ****   /* USER CODE END SPI1_Init 2 */
 580:Core/Src/main.c **** 
 581:Core/Src/main.c **** }
 582:Core/Src/main.c **** 
 583:Core/Src/main.c **** /**
 584:Core/Src/main.c ****   * @brief SPI2 Initialization Function
 585:Core/Src/main.c ****   * @param None
 586:Core/Src/main.c ****   * @retval None
 587:Core/Src/main.c ****   */
 588:Core/Src/main.c **** static void MX_SPI2_Init(void)
 589:Core/Src/main.c **** {
 590:Core/Src/main.c **** 
 591:Core/Src/main.c ****   /* USER CODE BEGIN SPI2_Init 0 */
 592:Core/Src/main.c **** 
 593:Core/Src/main.c ****   /* USER CODE END SPI2_Init 0 */
 594:Core/Src/main.c **** 
 595:Core/Src/main.c ****   /* USER CODE BEGIN SPI2_Init 1 */
 596:Core/Src/main.c **** 
 597:Core/Src/main.c ****   /* USER CODE END SPI2_Init 1 */
 598:Core/Src/main.c ****   /* SPI2 parameter configuration*/
 599:Core/Src/main.c ****   hspi2.Instance = SPI2;
 600:Core/Src/main.c ****   hspi2.Init.Mode = SPI_MODE_MASTER;
ARM GAS  C:\Users\Miks\AppData\Local\Temp\ccm1mhzP.s 			page 12


 601:Core/Src/main.c ****   hspi2.Init.Direction = SPI_DIRECTION_2LINES;
 602:Core/Src/main.c ****   hspi2.Init.DataSize = SPI_DATASIZE_8BIT;
 603:Core/Src/main.c ****   hspi2.Init.CLKPolarity = SPI_POLARITY_HIGH;
 604:Core/Src/main.c ****   hspi2.Init.CLKPhase = SPI_PHASE_2EDGE;
 605:Core/Src/main.c ****   hspi2.Init.NSS = SPI_NSS_SOFT;
 606:Core/Src/main.c ****   hspi2.Init.BaudRatePrescaler = SPI_BAUDRATEPRESCALER_4;
 607:Core/Src/main.c ****   hspi2.Init.FirstBit = SPI_FIRSTBIT_MSB;
 608:Core/Src/main.c ****   hspi2.Init.TIMode = SPI_TIMODE_DISABLE;
 609:Core/Src/main.c ****   hspi2.Init.CRCCalculation = SPI_CRCCALCULATION_DISABLE;
 610:Core/Src/main.c ****   hspi2.Init.CRCPolynomial = 10;
 611:Core/Src/main.c ****   if (HAL_SPI_Init(&hspi2) != HAL_OK)
 612:Core/Src/main.c ****   {
 613:Core/Src/main.c ****     Error_Handler();
 614:Core/Src/main.c ****   }
 615:Core/Src/main.c ****   /* USER CODE BEGIN SPI2_Init 2 */
 616:Core/Src/main.c **** 
 617:Core/Src/main.c ****   /* USER CODE END SPI2_Init 2 */
 618:Core/Src/main.c **** 
 619:Core/Src/main.c **** }
 620:Core/Src/main.c **** 
 621:Core/Src/main.c **** /**
 622:Core/Src/main.c ****   * @brief SPI3 Initialization Function
 623:Core/Src/main.c ****   * @param None
 624:Core/Src/main.c ****   * @retval None
 625:Core/Src/main.c ****   */
 626:Core/Src/main.c **** static void MX_SPI3_Init(void)
 627:Core/Src/main.c **** {
 628:Core/Src/main.c **** 
 629:Core/Src/main.c ****   /* USER CODE BEGIN SPI3_Init 0 */
 630:Core/Src/main.c **** 
 631:Core/Src/main.c ****   /* USER CODE END SPI3_Init 0 */
 632:Core/Src/main.c **** 
 633:Core/Src/main.c ****   /* USER CODE BEGIN SPI3_Init 1 */
 634:Core/Src/main.c **** 
 635:Core/Src/main.c ****   /* USER CODE END SPI3_Init 1 */
 636:Core/Src/main.c ****   /* SPI3 parameter configuration*/
 637:Core/Src/main.c ****   hspi3.Instance = SPI3;
 638:Core/Src/main.c ****   hspi3.Init.Mode = SPI_MODE_MASTER;
 639:Core/Src/main.c ****   hspi3.Init.Direction = SPI_DIRECTION_2LINES;
 640:Core/Src/main.c ****   hspi3.Init.DataSize = SPI_DATASIZE_8BIT;
 641:Core/Src/main.c ****   hspi3.Init.CLKPolarity = SPI_POLARITY_LOW;
 642:Core/Src/main.c ****   hspi3.Init.CLKPhase = SPI_PHASE_1EDGE;
 643:Core/Src/main.c ****   hspi3.Init.NSS = SPI_NSS_HARD_OUTPUT;
 644:Core/Src/main.c ****   hspi3.Init.BaudRatePrescaler = SPI_BAUDRATEPRESCALER_2;
 645:Core/Src/main.c ****   hspi3.Init.FirstBit = SPI_FIRSTBIT_MSB;
 646:Core/Src/main.c ****   hspi3.Init.TIMode = SPI_TIMODE_DISABLE;
 647:Core/Src/main.c ****   hspi3.Init.CRCCalculation = SPI_CRCCALCULATION_DISABLE;
 648:Core/Src/main.c ****   hspi3.Init.CRCPolynomial = 10;
 649:Core/Src/main.c ****   if (HAL_SPI_Init(&hspi3) != HAL_OK)
 650:Core/Src/main.c ****   {
 651:Core/Src/main.c ****     Error_Handler();
 652:Core/Src/main.c ****   }
 653:Core/Src/main.c ****   /* USER CODE BEGIN SPI3_Init 2 */
 654:Core/Src/main.c **** 
 655:Core/Src/main.c ****   /* USER CODE END SPI3_Init 2 */
 656:Core/Src/main.c **** 
 657:Core/Src/main.c **** }
ARM GAS  C:\Users\Miks\AppData\Local\Temp\ccm1mhzP.s 			page 13


 658:Core/Src/main.c **** 
 659:Core/Src/main.c **** /**
 660:Core/Src/main.c ****   * @brief TIM3 Initialization Function
 661:Core/Src/main.c ****   * @param None
 662:Core/Src/main.c ****   * @retval None
 663:Core/Src/main.c ****   */
 664:Core/Src/main.c **** static void MX_TIM3_Init(void)
 665:Core/Src/main.c **** {
 666:Core/Src/main.c **** 
 667:Core/Src/main.c ****   /* USER CODE BEGIN TIM3_Init 0 */
 668:Core/Src/main.c **** 
 669:Core/Src/main.c ****   /* USER CODE END TIM3_Init 0 */
 670:Core/Src/main.c **** 
 671:Core/Src/main.c ****   TIM_ClockConfigTypeDef sClockSourceConfig = {0};
 672:Core/Src/main.c ****   TIM_MasterConfigTypeDef sMasterConfig = {0};
 673:Core/Src/main.c ****   TIM_OC_InitTypeDef sConfigOC = {0};
 674:Core/Src/main.c **** 
 675:Core/Src/main.c ****   /* USER CODE BEGIN TIM3_Init 1 */
 676:Core/Src/main.c **** 
 677:Core/Src/main.c ****   /* USER CODE END TIM3_Init 1 */
 678:Core/Src/main.c ****   htim3.Instance = TIM3;
 679:Core/Src/main.c ****   htim3.Init.Prescaler = 0;
 680:Core/Src/main.c ****   htim3.Init.CounterMode = TIM_COUNTERMODE_UP;
 681:Core/Src/main.c ****   htim3.Init.Period = 90-1;
 682:Core/Src/main.c ****   htim3.Init.ClockDivision = TIM_CLOCKDIVISION_DIV1;
 683:Core/Src/main.c ****   htim3.Init.AutoReloadPreload = TIM_AUTORELOAD_PRELOAD_DISABLE;
 684:Core/Src/main.c ****   if (HAL_TIM_Base_Init(&htim3) != HAL_OK)
 685:Core/Src/main.c ****   {
 686:Core/Src/main.c ****     Error_Handler();
 687:Core/Src/main.c ****   }
 688:Core/Src/main.c ****   sClockSourceConfig.ClockSource = TIM_CLOCKSOURCE_INTERNAL;
 689:Core/Src/main.c ****   if (HAL_TIM_ConfigClockSource(&htim3, &sClockSourceConfig) != HAL_OK)
 690:Core/Src/main.c ****   {
 691:Core/Src/main.c ****     Error_Handler();
 692:Core/Src/main.c ****   }
 693:Core/Src/main.c ****   if (HAL_TIM_PWM_Init(&htim3) != HAL_OK)
 694:Core/Src/main.c ****   {
 695:Core/Src/main.c ****     Error_Handler();
 696:Core/Src/main.c ****   }
 697:Core/Src/main.c ****   sMasterConfig.MasterOutputTrigger = TIM_TRGO_RESET;
 698:Core/Src/main.c ****   sMasterConfig.MasterSlaveMode = TIM_MASTERSLAVEMODE_DISABLE;
 699:Core/Src/main.c ****   if (HAL_TIMEx_MasterConfigSynchronization(&htim3, &sMasterConfig) != HAL_OK)
 700:Core/Src/main.c ****   {
 701:Core/Src/main.c ****     Error_Handler();
 702:Core/Src/main.c ****   }
 703:Core/Src/main.c ****   sConfigOC.OCMode = TIM_OCMODE_PWM1;
 704:Core/Src/main.c ****   sConfigOC.Pulse = 0;
 705:Core/Src/main.c ****   sConfigOC.OCPolarity = TIM_OCPOLARITY_HIGH;
 706:Core/Src/main.c ****   sConfigOC.OCFastMode = TIM_OCFAST_DISABLE;
 707:Core/Src/main.c ****   if (HAL_TIM_PWM_ConfigChannel(&htim3, &sConfigOC, TIM_CHANNEL_1) != HAL_OK)
 708:Core/Src/main.c ****   {
 709:Core/Src/main.c ****     Error_Handler();
 710:Core/Src/main.c ****   }
 711:Core/Src/main.c ****   /* USER CODE BEGIN TIM3_Init 2 */
 712:Core/Src/main.c **** 
 713:Core/Src/main.c ****   /* USER CODE END TIM3_Init 2 */
 714:Core/Src/main.c ****   HAL_TIM_MspPostInit(&htim3);
ARM GAS  C:\Users\Miks\AppData\Local\Temp\ccm1mhzP.s 			page 14


 715:Core/Src/main.c **** 
 716:Core/Src/main.c **** }
 717:Core/Src/main.c **** 
 718:Core/Src/main.c **** /**
 719:Core/Src/main.c ****   * @brief TIM4 Initialization Function
 720:Core/Src/main.c ****   * @param None
 721:Core/Src/main.c ****   * @retval None
 722:Core/Src/main.c ****   */
 723:Core/Src/main.c **** static void MX_TIM4_Init(void)
 724:Core/Src/main.c **** {
 725:Core/Src/main.c **** 
 726:Core/Src/main.c ****   /* USER CODE BEGIN TIM4_Init 0 */
 727:Core/Src/main.c **** 
 728:Core/Src/main.c ****   /* USER CODE END TIM4_Init 0 */
 729:Core/Src/main.c **** 
 730:Core/Src/main.c ****   TIM_ClockConfigTypeDef sClockSourceConfig = {0};
 731:Core/Src/main.c ****   TIM_MasterConfigTypeDef sMasterConfig = {0};
 732:Core/Src/main.c ****   TIM_OC_InitTypeDef sConfigOC = {0};
 733:Core/Src/main.c **** 
 734:Core/Src/main.c ****   /* USER CODE BEGIN TIM4_Init 1 */
 735:Core/Src/main.c **** 
 736:Core/Src/main.c ****   /* USER CODE END TIM4_Init 1 */
 737:Core/Src/main.c ****   htim4.Instance = TIM4;
 738:Core/Src/main.c ****   htim4.Init.Prescaler = 591;
 739:Core/Src/main.c ****   htim4.Init.CounterMode = TIM_COUNTERMODE_UP;
 740:Core/Src/main.c ****   htim4.Init.Period = 2430;
 741:Core/Src/main.c ****   htim4.Init.ClockDivision = TIM_CLOCKDIVISION_DIV1;
 742:Core/Src/main.c ****   htim4.Init.AutoReloadPreload = TIM_AUTORELOAD_PRELOAD_DISABLE;
 743:Core/Src/main.c ****   if (HAL_TIM_Base_Init(&htim4) != HAL_OK)
 744:Core/Src/main.c ****   {
 745:Core/Src/main.c ****     Error_Handler();
 746:Core/Src/main.c ****   }
 747:Core/Src/main.c ****   sClockSourceConfig.ClockSource = TIM_CLOCKSOURCE_INTERNAL;
 748:Core/Src/main.c ****   if (HAL_TIM_ConfigClockSource(&htim4, &sClockSourceConfig) != HAL_OK)
 749:Core/Src/main.c ****   {
 750:Core/Src/main.c ****     Error_Handler();
 751:Core/Src/main.c ****   }
 752:Core/Src/main.c ****   if (HAL_TIM_PWM_Init(&htim4) != HAL_OK)
 753:Core/Src/main.c ****   {
 754:Core/Src/main.c ****     Error_Handler();
 755:Core/Src/main.c ****   }
 756:Core/Src/main.c ****   sMasterConfig.MasterOutputTrigger = TIM_TRGO_RESET;
 757:Core/Src/main.c ****   sMasterConfig.MasterSlaveMode = TIM_MASTERSLAVEMODE_DISABLE;
 758:Core/Src/main.c ****   if (HAL_TIMEx_MasterConfigSynchronization(&htim4, &sMasterConfig) != HAL_OK)
 759:Core/Src/main.c ****   {
 760:Core/Src/main.c ****     Error_Handler();
 761:Core/Src/main.c ****   }
 762:Core/Src/main.c ****   sConfigOC.OCMode = TIM_OCMODE_PWM1;
 763:Core/Src/main.c ****   sConfigOC.Pulse = 0;
 764:Core/Src/main.c ****   sConfigOC.OCPolarity = TIM_OCPOLARITY_HIGH;
 765:Core/Src/main.c ****   sConfigOC.OCFastMode = TIM_OCFAST_DISABLE;
 766:Core/Src/main.c ****   if (HAL_TIM_PWM_ConfigChannel(&htim4, &sConfigOC, TIM_CHANNEL_3) != HAL_OK)
 767:Core/Src/main.c ****   {
 768:Core/Src/main.c ****     Error_Handler();
 769:Core/Src/main.c ****   }
 770:Core/Src/main.c ****   if (HAL_TIM_PWM_ConfigChannel(&htim4, &sConfigOC, TIM_CHANNEL_4) != HAL_OK)
 771:Core/Src/main.c ****   {
ARM GAS  C:\Users\Miks\AppData\Local\Temp\ccm1mhzP.s 			page 15


 772:Core/Src/main.c ****     Error_Handler();
 773:Core/Src/main.c ****   }
 774:Core/Src/main.c ****   /* USER CODE BEGIN TIM4_Init 2 */
 775:Core/Src/main.c **** 
 776:Core/Src/main.c ****   /* USER CODE END TIM4_Init 2 */
 777:Core/Src/main.c ****   HAL_TIM_MspPostInit(&htim4);
 778:Core/Src/main.c **** 
 779:Core/Src/main.c **** }
 780:Core/Src/main.c **** 
 781:Core/Src/main.c **** /**
 782:Core/Src/main.c ****   * @brief TIM5 Initialization Function
 783:Core/Src/main.c ****   * @param None
 784:Core/Src/main.c ****   * @retval None
 785:Core/Src/main.c ****   */
 786:Core/Src/main.c **** static void MX_TIM5_Init(void)
 787:Core/Src/main.c **** {
 788:Core/Src/main.c **** 
 789:Core/Src/main.c ****   /* USER CODE BEGIN TIM5_Init 0 */
 790:Core/Src/main.c **** 
 791:Core/Src/main.c ****   /* USER CODE END TIM5_Init 0 */
 792:Core/Src/main.c **** 
 793:Core/Src/main.c ****   TIM_ClockConfigTypeDef sClockSourceConfig = {0};
 794:Core/Src/main.c ****   TIM_MasterConfigTypeDef sMasterConfig = {0};
 795:Core/Src/main.c ****   TIM_OC_InitTypeDef sConfigOC = {0};
 796:Core/Src/main.c **** 
 797:Core/Src/main.c ****   /* USER CODE BEGIN TIM5_Init 1 */
 798:Core/Src/main.c **** 
 799:Core/Src/main.c ****   /* USER CODE END TIM5_Init 1 */
 800:Core/Src/main.c ****   htim5.Instance = TIM5;
 801:Core/Src/main.c ****   htim5.Init.Prescaler = 591;
 802:Core/Src/main.c ****   htim5.Init.CounterMode = TIM_COUNTERMODE_UP;
 803:Core/Src/main.c ****   htim5.Init.Period = 2430;
 804:Core/Src/main.c ****   htim5.Init.ClockDivision = TIM_CLOCKDIVISION_DIV1;
 805:Core/Src/main.c ****   htim5.Init.AutoReloadPreload = TIM_AUTORELOAD_PRELOAD_DISABLE;
 806:Core/Src/main.c ****   if (HAL_TIM_Base_Init(&htim5) != HAL_OK)
 807:Core/Src/main.c ****   {
 808:Core/Src/main.c ****     Error_Handler();
 809:Core/Src/main.c ****   }
 810:Core/Src/main.c ****   sClockSourceConfig.ClockSource = TIM_CLOCKSOURCE_INTERNAL;
 811:Core/Src/main.c ****   if (HAL_TIM_ConfigClockSource(&htim5, &sClockSourceConfig) != HAL_OK)
 812:Core/Src/main.c ****   {
 813:Core/Src/main.c ****     Error_Handler();
 814:Core/Src/main.c ****   }
 815:Core/Src/main.c ****   if (HAL_TIM_PWM_Init(&htim5) != HAL_OK)
 816:Core/Src/main.c ****   {
 817:Core/Src/main.c ****     Error_Handler();
 818:Core/Src/main.c ****   }
 819:Core/Src/main.c ****   if (HAL_TIM_OC_Init(&htim5) != HAL_OK)
 820:Core/Src/main.c ****   {
 821:Core/Src/main.c ****     Error_Handler();
 822:Core/Src/main.c ****   }
 823:Core/Src/main.c ****   sMasterConfig.MasterOutputTrigger = TIM_TRGO_RESET;
 824:Core/Src/main.c ****   sMasterConfig.MasterSlaveMode = TIM_MASTERSLAVEMODE_DISABLE;
 825:Core/Src/main.c ****   if (HAL_TIMEx_MasterConfigSynchronization(&htim5, &sMasterConfig) != HAL_OK)
 826:Core/Src/main.c ****   {
 827:Core/Src/main.c ****     Error_Handler();
 828:Core/Src/main.c ****   }
ARM GAS  C:\Users\Miks\AppData\Local\Temp\ccm1mhzP.s 			page 16


 829:Core/Src/main.c ****   sConfigOC.OCMode = TIM_OCMODE_PWM1;
 830:Core/Src/main.c ****   sConfigOC.Pulse = 0;
 831:Core/Src/main.c ****   sConfigOC.OCPolarity = TIM_OCPOLARITY_HIGH;
 832:Core/Src/main.c ****   sConfigOC.OCFastMode = TIM_OCFAST_DISABLE;
 833:Core/Src/main.c ****   if (HAL_TIM_PWM_ConfigChannel(&htim5, &sConfigOC, TIM_CHANNEL_1) != HAL_OK)
 834:Core/Src/main.c ****   {
 835:Core/Src/main.c ****     Error_Handler();
 836:Core/Src/main.c ****   }
 837:Core/Src/main.c ****   if (HAL_TIM_PWM_ConfigChannel(&htim5, &sConfigOC, TIM_CHANNEL_2) != HAL_OK)
 838:Core/Src/main.c ****   {
 839:Core/Src/main.c ****     Error_Handler();
 840:Core/Src/main.c ****   }
 841:Core/Src/main.c ****   if (HAL_TIM_PWM_ConfigChannel(&htim5, &sConfigOC, TIM_CHANNEL_3) != HAL_OK)
 842:Core/Src/main.c ****   {
 843:Core/Src/main.c ****     Error_Handler();
 844:Core/Src/main.c ****   }
 845:Core/Src/main.c ****   sConfigOC.OCMode = TIM_OCMODE_TIMING;
 846:Core/Src/main.c ****   if (HAL_TIM_OC_ConfigChannel(&htim5, &sConfigOC, TIM_CHANNEL_4) != HAL_OK)
 847:Core/Src/main.c ****   {
 848:Core/Src/main.c ****     Error_Handler();
 849:Core/Src/main.c ****   }
 850:Core/Src/main.c ****   /* USER CODE BEGIN TIM5_Init 2 */
 851:Core/Src/main.c **** 
 852:Core/Src/main.c ****   /* USER CODE END TIM5_Init 2 */
 853:Core/Src/main.c ****   HAL_TIM_MspPostInit(&htim5);
 854:Core/Src/main.c **** 
 855:Core/Src/main.c **** }
 856:Core/Src/main.c **** 
 857:Core/Src/main.c **** /**
 858:Core/Src/main.c ****   * @brief USART1 Initialization Function
 859:Core/Src/main.c ****   * @param None
 860:Core/Src/main.c ****   * @retval None
 861:Core/Src/main.c ****   */
 862:Core/Src/main.c **** static void MX_USART1_UART_Init(void)
 863:Core/Src/main.c **** {
 864:Core/Src/main.c **** 
 865:Core/Src/main.c ****   /* USER CODE BEGIN USART1_Init 0 */
 866:Core/Src/main.c **** 
 867:Core/Src/main.c ****   /* USER CODE END USART1_Init 0 */
 868:Core/Src/main.c **** 
 869:Core/Src/main.c ****   /* USER CODE BEGIN USART1_Init 1 */
 870:Core/Src/main.c **** 
 871:Core/Src/main.c ****   /* USER CODE END USART1_Init 1 */
 872:Core/Src/main.c ****   huart1.Instance = USART1;
 873:Core/Src/main.c ****   huart1.Init.BaudRate = 115200;
 874:Core/Src/main.c ****   huart1.Init.WordLength = UART_WORDLENGTH_8B;
 875:Core/Src/main.c ****   huart1.Init.StopBits = UART_STOPBITS_1;
 876:Core/Src/main.c ****   huart1.Init.Parity = UART_PARITY_NONE;
 877:Core/Src/main.c ****   huart1.Init.Mode = UART_MODE_TX_RX;
 878:Core/Src/main.c ****   huart1.Init.HwFlowCtl = UART_HWCONTROL_NONE;
 879:Core/Src/main.c ****   huart1.Init.OverSampling = UART_OVERSAMPLING_16;
 880:Core/Src/main.c ****   if (HAL_UART_Init(&huart1) != HAL_OK)
 881:Core/Src/main.c ****   {
 882:Core/Src/main.c ****     Error_Handler();
 883:Core/Src/main.c ****   }
 884:Core/Src/main.c ****   /* USER CODE BEGIN USART1_Init 2 */
 885:Core/Src/main.c **** 
ARM GAS  C:\Users\Miks\AppData\Local\Temp\ccm1mhzP.s 			page 17


 886:Core/Src/main.c ****   /* USER CODE END USART1_Init 2 */
 887:Core/Src/main.c **** 
 888:Core/Src/main.c **** }
 889:Core/Src/main.c **** 
 890:Core/Src/main.c **** /**
 891:Core/Src/main.c ****   * Enable DMA controller clock
 892:Core/Src/main.c ****   */
 893:Core/Src/main.c **** static void MX_DMA_Init(void)
 894:Core/Src/main.c **** {
 895:Core/Src/main.c **** 
 896:Core/Src/main.c ****   /* DMA controller clock enable */
 897:Core/Src/main.c ****   __HAL_RCC_DMA1_CLK_ENABLE();
 898:Core/Src/main.c **** 
 899:Core/Src/main.c ****   /* DMA interrupt init */
 900:Core/Src/main.c ****   /* DMA1_Stream4_IRQn interrupt configuration */
 901:Core/Src/main.c ****   HAL_NVIC_SetPriority(DMA1_Stream4_IRQn, 0, 0);
 902:Core/Src/main.c ****   HAL_NVIC_EnableIRQ(DMA1_Stream4_IRQn);
 903:Core/Src/main.c **** 
 904:Core/Src/main.c **** }
 905:Core/Src/main.c **** 
 906:Core/Src/main.c **** /**
 907:Core/Src/main.c ****   * @brief GPIO Initialization Function
 908:Core/Src/main.c ****   * @param None
 909:Core/Src/main.c ****   * @retval None
 910:Core/Src/main.c ****   */
 911:Core/Src/main.c **** static void MX_GPIO_Init(void)
 912:Core/Src/main.c **** {
 913:Core/Src/main.c ****   GPIO_InitTypeDef GPIO_InitStruct = {0};
 914:Core/Src/main.c ****   /* USER CODE BEGIN MX_GPIO_Init_1 */
 915:Core/Src/main.c **** 
 916:Core/Src/main.c ****   /* USER CODE END MX_GPIO_Init_1 */
 917:Core/Src/main.c **** 
 918:Core/Src/main.c ****   /* GPIO Ports Clock Enable */
 919:Core/Src/main.c ****   __HAL_RCC_GPIOC_CLK_ENABLE();
 920:Core/Src/main.c ****   __HAL_RCC_GPIOH_CLK_ENABLE();
 921:Core/Src/main.c ****   __HAL_RCC_GPIOA_CLK_ENABLE();
 922:Core/Src/main.c ****   __HAL_RCC_GPIOB_CLK_ENABLE();
 923:Core/Src/main.c ****   __HAL_RCC_GPIOD_CLK_ENABLE();
 924:Core/Src/main.c **** 
 925:Core/Src/main.c ****   /*Configure GPIO pin Output Level */
 926:Core/Src/main.c ****   HAL_GPIO_WritePin(GPIOC, CAM_CTRL_Pin|BUZZER_Pin|PYRO1_Pin|PYRO2_Pin, GPIO_PIN_RESET);
 927:Core/Src/main.c **** 
 928:Core/Src/main.c ****   /*Configure GPIO pin Output Level */
 929:Core/Src/main.c ****   HAL_GPIO_WritePin(GPIOC, FLASH_NSS_Pin|FLASH_WP_Pin, GPIO_PIN_SET);
 930:Core/Src/main.c **** 
 931:Core/Src/main.c ****   /*Configure GPIO pin Output Level */
 932:Core/Src/main.c ****   HAL_GPIO_WritePin(GPIOB, LORA_DIO1_Pin|EEP_WP_Pin, GPIO_PIN_RESET);
 933:Core/Src/main.c **** 
 934:Core/Src/main.c ****   /*Configure GPIO pin Output Level */
 935:Core/Src/main.c ****   HAL_GPIO_WritePin(IMU_NSS_GPIO_Port, IMU_NSS_Pin, GPIO_PIN_SET);
 936:Core/Src/main.c **** 
 937:Core/Src/main.c ****   /*Configure GPIO pin Output Level */
 938:Core/Src/main.c ****   HAL_GPIO_WritePin(LORA_NRST_GPIO_Port, LORA_NRST_Pin, GPIO_PIN_RESET);
 939:Core/Src/main.c **** 
 940:Core/Src/main.c ****   /*Configure GPIO pins : CAM_CTRL_Pin BUZZER_Pin PYRO1_Pin PYRO2_Pin */
 941:Core/Src/main.c ****   GPIO_InitStruct.Pin = CAM_CTRL_Pin|BUZZER_Pin|PYRO1_Pin|PYRO2_Pin;
 942:Core/Src/main.c ****   GPIO_InitStruct.Mode = GPIO_MODE_OUTPUT_PP;
ARM GAS  C:\Users\Miks\AppData\Local\Temp\ccm1mhzP.s 			page 18


 943:Core/Src/main.c ****   GPIO_InitStruct.Pull = GPIO_NOPULL;
 944:Core/Src/main.c ****   GPIO_InitStruct.Speed = GPIO_SPEED_FREQ_LOW;
 945:Core/Src/main.c ****   HAL_GPIO_Init(GPIOC, &GPIO_InitStruct);
 946:Core/Src/main.c **** 
 947:Core/Src/main.c ****   /*Configure GPIO pins : FLASH_NSS_Pin FLASH_WP_Pin */
 948:Core/Src/main.c ****   GPIO_InitStruct.Pin = FLASH_NSS_Pin|FLASH_WP_Pin;
 949:Core/Src/main.c ****   GPIO_InitStruct.Mode = GPIO_MODE_OUTPUT_PP;
 950:Core/Src/main.c ****   GPIO_InitStruct.Pull = GPIO_NOPULL;
 951:Core/Src/main.c ****   GPIO_InitStruct.Speed = GPIO_SPEED_FREQ_VERY_HIGH;
 952:Core/Src/main.c ****   HAL_GPIO_Init(GPIOC, &GPIO_InitStruct);
 953:Core/Src/main.c **** 
 954:Core/Src/main.c ****   /*Configure GPIO pin : LORA_DIO1_Pin */
 955:Core/Src/main.c ****   GPIO_InitStruct.Pin = LORA_DIO1_Pin;
 956:Core/Src/main.c ****   GPIO_InitStruct.Mode = GPIO_MODE_OUTPUT_PP;
 957:Core/Src/main.c ****   GPIO_InitStruct.Pull = GPIO_NOPULL;
 958:Core/Src/main.c ****   GPIO_InitStruct.Speed = GPIO_SPEED_FREQ_LOW;
 959:Core/Src/main.c ****   HAL_GPIO_Init(LORA_DIO1_GPIO_Port, &GPIO_InitStruct);
 960:Core/Src/main.c **** 
 961:Core/Src/main.c ****   /*Configure GPIO pin : LORA_IO0_Pin */
 962:Core/Src/main.c ****   GPIO_InitStruct.Pin = LORA_IO0_Pin;
 963:Core/Src/main.c ****   GPIO_InitStruct.Mode = GPIO_MODE_INPUT;
 964:Core/Src/main.c ****   GPIO_InitStruct.Pull = GPIO_NOPULL;
 965:Core/Src/main.c ****   HAL_GPIO_Init(LORA_IO0_GPIO_Port, &GPIO_InitStruct);
 966:Core/Src/main.c **** 
 967:Core/Src/main.c ****   /*Configure GPIO pin : BMP_INT_Pin */
 968:Core/Src/main.c ****   GPIO_InitStruct.Pin = BMP_INT_Pin;
 969:Core/Src/main.c ****   GPIO_InitStruct.Mode = GPIO_MODE_IT_RISING;
 970:Core/Src/main.c ****   GPIO_InitStruct.Pull = GPIO_NOPULL;
 971:Core/Src/main.c ****   HAL_GPIO_Init(BMP_INT_GPIO_Port, &GPIO_InitStruct);
 972:Core/Src/main.c **** 
 973:Core/Src/main.c ****   /*Configure GPIO pins : IMU_NSS_Pin EEP_WP_Pin */
 974:Core/Src/main.c ****   GPIO_InitStruct.Pin = IMU_NSS_Pin|EEP_WP_Pin;
 975:Core/Src/main.c ****   GPIO_InitStruct.Mode = GPIO_MODE_OUTPUT_PP;
 976:Core/Src/main.c ****   GPIO_InitStruct.Pull = GPIO_NOPULL;
 977:Core/Src/main.c ****   GPIO_InitStruct.Speed = GPIO_SPEED_FREQ_VERY_HIGH;
 978:Core/Src/main.c ****   HAL_GPIO_Init(GPIOB, &GPIO_InitStruct);
 979:Core/Src/main.c **** 
 980:Core/Src/main.c ****   /*Configure GPIO pin : IMU_INT1_Pin */
 981:Core/Src/main.c ****   GPIO_InitStruct.Pin = IMU_INT1_Pin;
 982:Core/Src/main.c ****   GPIO_InitStruct.Mode = GPIO_MODE_IT_RISING;
 983:Core/Src/main.c ****   GPIO_InitStruct.Pull = GPIO_NOPULL;
 984:Core/Src/main.c ****   HAL_GPIO_Init(IMU_INT1_GPIO_Port, &GPIO_InitStruct);
 985:Core/Src/main.c **** 
 986:Core/Src/main.c ****   /*Configure GPIO pin : LORA_NRST_Pin */
 987:Core/Src/main.c ****   GPIO_InitStruct.Pin = LORA_NRST_Pin;
 988:Core/Src/main.c ****   GPIO_InitStruct.Mode = GPIO_MODE_OUTPUT_PP;
 989:Core/Src/main.c ****   GPIO_InitStruct.Pull = GPIO_NOPULL;
 990:Core/Src/main.c ****   GPIO_InitStruct.Speed = GPIO_SPEED_FREQ_LOW;
 991:Core/Src/main.c ****   HAL_GPIO_Init(LORA_NRST_GPIO_Port, &GPIO_InitStruct);
 992:Core/Src/main.c **** 
 993:Core/Src/main.c ****   /* USER CODE BEGIN MX_GPIO_Init_2 */
 994:Core/Src/main.c **** 
 995:Core/Src/main.c ****   /* USER CODE END MX_GPIO_Init_2 */
 996:Core/Src/main.c **** }
 997:Core/Src/main.c **** 
 998:Core/Src/main.c **** /* USER CODE BEGIN 4 */
 999:Core/Src/main.c **** 
ARM GAS  C:\Users\Miks\AppData\Local\Temp\ccm1mhzP.s 			page 19


1000:Core/Src/main.c **** void Get_Vbat(void){
1001:Core/Src/main.c ****   HAL_ADC_Start_DMA(&hadc1, adc_buff, 1);
1002:Core/Src/main.c **** }
1003:Core/Src/main.c **** 
1004:Core/Src/main.c **** void HAL_ADC_ConvCpltCallback(ADC_HandleTypeDef *hadc)
1005:Core/Src/main.c **** {
1006:Core/Src/main.c ****   if(hadc->Instance == ADC1){
1007:Core/Src/main.c ****     battery_v = (adc_buff[0] * 3.3f / 4095.0f) * VBAT_DIV_K;
1008:Core/Src/main.c ****   }
1009:Core/Src/main.c **** }
1010:Core/Src/main.c **** 
1011:Core/Src/main.c **** int32_t platform_imu_init(void)
1012:Core/Src/main.c **** {
  29              		.loc 1 1012 1 view -0
  30              		.cfi_startproc
  31              		@ args = 0, pretend = 0, frame = 0
  32              		@ frame_needed = 0, uses_anonymous_args = 0
  33              		@ link register save eliminated.
1013:Core/Src/main.c ****   return 0;
  34              		.loc 1 1013 3 view .LVU1
1014:Core/Src/main.c **** }
  35              		.loc 1 1014 1 is_stmt 0 view .LVU2
  36 0000 0020     		movs	r0, #0
  37 0002 7047     		bx	lr
  38              		.cfi_endproc
  39              	.LFE262:
  41              		.section	.text.platform_imu_deinit,"ax",%progbits
  42              		.align	1
  43              		.global	platform_imu_deinit
  44              		.syntax unified
  45              		.thumb
  46              		.thumb_func
  48              	platform_imu_deinit:
  49              	.LFB263:
1015:Core/Src/main.c **** 
1016:Core/Src/main.c **** int32_t platform_imu_deinit(void)
1017:Core/Src/main.c **** {
  50              		.loc 1 1017 1 is_stmt 1 view -0
  51              		.cfi_startproc
  52              		@ args = 0, pretend = 0, frame = 0
  53              		@ frame_needed = 0, uses_anonymous_args = 0
  54              		@ link register save eliminated.
1018:Core/Src/main.c ****   return 0;
  55              		.loc 1 1018 3 view .LVU4
1019:Core/Src/main.c **** }
  56              		.loc 1 1019 1 is_stmt 0 view .LVU5
  57 0000 0020     		movs	r0, #0
  58 0002 7047     		bx	lr
  59              		.cfi_endproc
  60              	.LFE263:
  62              		.section	.text.platform_delay,"ax",%progbits
  63              		.align	1
  64              		.global	platform_delay
  65              		.syntax unified
  66              		.thumb
  67              		.thumb_func
  69              	platform_delay:
ARM GAS  C:\Users\Miks\AppData\Local\Temp\ccm1mhzP.s 			page 20


  70              	.LVL0:
  71              	.LFB267:
1020:Core/Src/main.c **** 
1021:Core/Src/main.c **** int32_t platform_imu_write(uint16_t Address, uint16_t Reg, uint8_t *Data, uint16_t Length)
1022:Core/Src/main.c **** {
1023:Core/Src/main.c ****   (void)Address;
1024:Core/Src/main.c **** 
1025:Core/Src/main.c ****   uint8_t buf[256];
1026:Core/Src/main.c ****   if (Length + 1 > sizeof(buf)) return -1;
1027:Core/Src/main.c **** 
1028:Core/Src/main.c ****   buf[0] = ((uint8_t)Reg) & 0x7F;
1029:Core/Src/main.c ****   memcpy(&buf[1], Data, Length);
1030:Core/Src/main.c **** 
1031:Core/Src/main.c ****   HAL_GPIO_WritePin(IMU_NSS_GPIO_Port, IMU_NSS_Pin, GPIO_PIN_RESET);
1032:Core/Src/main.c ****   if (HAL_SPI_Transmit(&hspi2, buf, Length + 1, HAL_MAX_DELAY) != HAL_OK)
1033:Core/Src/main.c ****   {
1034:Core/Src/main.c ****     HAL_GPIO_WritePin(IMU_NSS_GPIO_Port, IMU_NSS_Pin, GPIO_PIN_SET);
1035:Core/Src/main.c ****     return -1;
1036:Core/Src/main.c ****   }
1037:Core/Src/main.c ****   HAL_GPIO_WritePin(IMU_NSS_GPIO_Port, IMU_NSS_Pin, GPIO_PIN_SET);
1038:Core/Src/main.c **** 
1039:Core/Src/main.c ****   return 0;
1040:Core/Src/main.c **** }
1041:Core/Src/main.c **** 
1042:Core/Src/main.c **** int32_t platform_imu_read(uint16_t Address, uint16_t Reg, uint8_t *Data, uint16_t Length)
1043:Core/Src/main.c **** {
1044:Core/Src/main.c ****   (void)Address;
1045:Core/Src/main.c **** 
1046:Core/Src/main.c ****   uint8_t reg_addr = ((uint8_t)Reg) | 0x80;
1047:Core/Src/main.c **** 
1048:Core/Src/main.c ****   HAL_GPIO_WritePin(IMU_NSS_GPIO_Port, IMU_NSS_Pin, GPIO_PIN_RESET);
1049:Core/Src/main.c **** 
1050:Core/Src/main.c ****   if (HAL_SPI_Transmit(&hspi2, &reg_addr, 1, HAL_MAX_DELAY) != HAL_OK)
1051:Core/Src/main.c ****   {
1052:Core/Src/main.c ****     HAL_GPIO_WritePin(IMU_NSS_GPIO_Port, IMU_NSS_Pin, GPIO_PIN_SET);
1053:Core/Src/main.c ****     return -1;
1054:Core/Src/main.c ****   }
1055:Core/Src/main.c **** 
1056:Core/Src/main.c ****   if (HAL_SPI_Receive(&hspi2, Data, Length, HAL_MAX_DELAY) != HAL_OK)
1057:Core/Src/main.c ****   {
1058:Core/Src/main.c ****     HAL_GPIO_WritePin(IMU_NSS_GPIO_Port, IMU_NSS_Pin, GPIO_PIN_SET);
1059:Core/Src/main.c ****     return -1;
1060:Core/Src/main.c ****   }
1061:Core/Src/main.c **** 
1062:Core/Src/main.c ****   HAL_GPIO_WritePin(IMU_NSS_GPIO_Port, IMU_NSS_Pin, GPIO_PIN_SET);
1063:Core/Src/main.c **** 
1064:Core/Src/main.c ****   return 0;
1065:Core/Src/main.c **** }
1066:Core/Src/main.c **** 
1067:Core/Src/main.c **** int32_t platform_get_tick(void)
1068:Core/Src/main.c **** {
1069:Core/Src/main.c ****   return (int32_t)HAL_GetTick();
1070:Core/Src/main.c **** }
1071:Core/Src/main.c **** 
1072:Core/Src/main.c **** void platform_delay(uint32_t ms)
1073:Core/Src/main.c **** {
  72              		.loc 1 1073 1 is_stmt 1 view -0
ARM GAS  C:\Users\Miks\AppData\Local\Temp\ccm1mhzP.s 			page 21


  73              		.cfi_startproc
  74              		@ args = 0, pretend = 0, frame = 0
  75              		@ frame_needed = 0, uses_anonymous_args = 0
  76              		.loc 1 1073 1 is_stmt 0 view .LVU7
  77 0000 08B5     		push	{r3, lr}
  78              		.cfi_def_cfa_offset 8
  79              		.cfi_offset 3, -8
  80              		.cfi_offset 14, -4
1074:Core/Src/main.c ****     HAL_Delay(ms);
  81              		.loc 1 1074 5 is_stmt 1 view .LVU8
  82 0002 FFF7FEFF 		bl	HAL_Delay
  83              	.LVL1:
1075:Core/Src/main.c **** }
  84              		.loc 1 1075 1 is_stmt 0 view .LVU9
  85 0006 08BD     		pop	{r3, pc}
  86              		.cfi_endproc
  87              	.LFE267:
  89              		.section	.text.MX_GPIO_Init,"ax",%progbits
  90              		.align	1
  91              		.syntax unified
  92              		.thumb
  93              		.thumb_func
  95              	MX_GPIO_Init:
  96              	.LFB259:
 912:Core/Src/main.c ****   GPIO_InitTypeDef GPIO_InitStruct = {0};
  97              		.loc 1 912 1 is_stmt 1 view -0
  98              		.cfi_startproc
  99              		@ args = 0, pretend = 0, frame = 40
 100              		@ frame_needed = 0, uses_anonymous_args = 0
 101 0000 2DE9F04F 		push	{r4, r5, r6, r7, r8, r9, r10, fp, lr}
 102              		.cfi_def_cfa_offset 36
 103              		.cfi_offset 4, -36
 104              		.cfi_offset 5, -32
 105              		.cfi_offset 6, -28
 106              		.cfi_offset 7, -24
 107              		.cfi_offset 8, -20
 108              		.cfi_offset 9, -16
 109              		.cfi_offset 10, -12
 110              		.cfi_offset 11, -8
 111              		.cfi_offset 14, -4
 112 0004 8BB0     		sub	sp, sp, #44
 113              		.cfi_def_cfa_offset 80
 913:Core/Src/main.c ****   /* USER CODE BEGIN MX_GPIO_Init_1 */
 114              		.loc 1 913 3 view .LVU11
 913:Core/Src/main.c ****   /* USER CODE BEGIN MX_GPIO_Init_1 */
 115              		.loc 1 913 20 is_stmt 0 view .LVU12
 116 0006 05AD     		add	r5, sp, #20
 117 0008 0024     		movs	r4, #0
 118 000a 0594     		str	r4, [sp, #20]
 119 000c 0694     		str	r4, [sp, #24]
 120 000e 0794     		str	r4, [sp, #28]
 121 0010 0894     		str	r4, [sp, #32]
 122 0012 0994     		str	r4, [sp, #36]
 919:Core/Src/main.c ****   __HAL_RCC_GPIOH_CLK_ENABLE();
 123              		.loc 1 919 3 is_stmt 1 view .LVU13
 124              	.LBB4:
 919:Core/Src/main.c ****   __HAL_RCC_GPIOH_CLK_ENABLE();
ARM GAS  C:\Users\Miks\AppData\Local\Temp\ccm1mhzP.s 			page 22


 125              		.loc 1 919 3 view .LVU14
 126 0014 0094     		str	r4, [sp]
 919:Core/Src/main.c ****   __HAL_RCC_GPIOH_CLK_ENABLE();
 127              		.loc 1 919 3 view .LVU15
 128 0016 524B     		ldr	r3, .L7
 129 0018 1A6B     		ldr	r2, [r3, #48]
 130 001a 42F00402 		orr	r2, r2, #4
 131 001e 1A63     		str	r2, [r3, #48]
 919:Core/Src/main.c ****   __HAL_RCC_GPIOH_CLK_ENABLE();
 132              		.loc 1 919 3 view .LVU16
 133 0020 1A6B     		ldr	r2, [r3, #48]
 134 0022 02F00402 		and	r2, r2, #4
 135 0026 0092     		str	r2, [sp]
 919:Core/Src/main.c ****   __HAL_RCC_GPIOH_CLK_ENABLE();
 136              		.loc 1 919 3 view .LVU17
 137 0028 009A     		ldr	r2, [sp]
 138              	.LBE4:
 919:Core/Src/main.c ****   __HAL_RCC_GPIOH_CLK_ENABLE();
 139              		.loc 1 919 3 view .LVU18
 920:Core/Src/main.c ****   __HAL_RCC_GPIOA_CLK_ENABLE();
 140              		.loc 1 920 3 view .LVU19
 141              	.LBB5:
 920:Core/Src/main.c ****   __HAL_RCC_GPIOA_CLK_ENABLE();
 142              		.loc 1 920 3 view .LVU20
 143 002a 0194     		str	r4, [sp, #4]
 920:Core/Src/main.c ****   __HAL_RCC_GPIOA_CLK_ENABLE();
 144              		.loc 1 920 3 view .LVU21
 145 002c 1A6B     		ldr	r2, [r3, #48]
 146 002e 42F08002 		orr	r2, r2, #128
 147 0032 1A63     		str	r2, [r3, #48]
 920:Core/Src/main.c ****   __HAL_RCC_GPIOA_CLK_ENABLE();
 148              		.loc 1 920 3 view .LVU22
 149 0034 1A6B     		ldr	r2, [r3, #48]
 150 0036 02F08002 		and	r2, r2, #128
 151 003a 0192     		str	r2, [sp, #4]
 920:Core/Src/main.c ****   __HAL_RCC_GPIOA_CLK_ENABLE();
 152              		.loc 1 920 3 view .LVU23
 153 003c 019A     		ldr	r2, [sp, #4]
 154              	.LBE5:
 920:Core/Src/main.c ****   __HAL_RCC_GPIOA_CLK_ENABLE();
 155              		.loc 1 920 3 view .LVU24
 921:Core/Src/main.c ****   __HAL_RCC_GPIOB_CLK_ENABLE();
 156              		.loc 1 921 3 view .LVU25
 157              	.LBB6:
 921:Core/Src/main.c ****   __HAL_RCC_GPIOB_CLK_ENABLE();
 158              		.loc 1 921 3 view .LVU26
 159 003e 0294     		str	r4, [sp, #8]
 921:Core/Src/main.c ****   __HAL_RCC_GPIOB_CLK_ENABLE();
 160              		.loc 1 921 3 view .LVU27
 161 0040 1A6B     		ldr	r2, [r3, #48]
 162 0042 42F00102 		orr	r2, r2, #1
 163 0046 1A63     		str	r2, [r3, #48]
 921:Core/Src/main.c ****   __HAL_RCC_GPIOB_CLK_ENABLE();
 164              		.loc 1 921 3 view .LVU28
 165 0048 1A6B     		ldr	r2, [r3, #48]
 166 004a 02F00102 		and	r2, r2, #1
 167 004e 0292     		str	r2, [sp, #8]
ARM GAS  C:\Users\Miks\AppData\Local\Temp\ccm1mhzP.s 			page 23


 921:Core/Src/main.c ****   __HAL_RCC_GPIOB_CLK_ENABLE();
 168              		.loc 1 921 3 view .LVU29
 169 0050 029A     		ldr	r2, [sp, #8]
 170              	.LBE6:
 921:Core/Src/main.c ****   __HAL_RCC_GPIOB_CLK_ENABLE();
 171              		.loc 1 921 3 view .LVU30
 922:Core/Src/main.c ****   __HAL_RCC_GPIOD_CLK_ENABLE();
 172              		.loc 1 922 3 view .LVU31
 173              	.LBB7:
 922:Core/Src/main.c ****   __HAL_RCC_GPIOD_CLK_ENABLE();
 174              		.loc 1 922 3 view .LVU32
 175 0052 0394     		str	r4, [sp, #12]
 922:Core/Src/main.c ****   __HAL_RCC_GPIOD_CLK_ENABLE();
 176              		.loc 1 922 3 view .LVU33
 177 0054 1A6B     		ldr	r2, [r3, #48]
 178 0056 42F00202 		orr	r2, r2, #2
 179 005a 1A63     		str	r2, [r3, #48]
 922:Core/Src/main.c ****   __HAL_RCC_GPIOD_CLK_ENABLE();
 180              		.loc 1 922 3 view .LVU34
 181 005c 1A6B     		ldr	r2, [r3, #48]
 182 005e 02F00202 		and	r2, r2, #2
 183 0062 0392     		str	r2, [sp, #12]
 922:Core/Src/main.c ****   __HAL_RCC_GPIOD_CLK_ENABLE();
 184              		.loc 1 922 3 view .LVU35
 185 0064 039A     		ldr	r2, [sp, #12]
 186              	.LBE7:
 922:Core/Src/main.c ****   __HAL_RCC_GPIOD_CLK_ENABLE();
 187              		.loc 1 922 3 view .LVU36
 923:Core/Src/main.c **** 
 188              		.loc 1 923 3 view .LVU37
 189              	.LBB8:
 923:Core/Src/main.c **** 
 190              		.loc 1 923 3 view .LVU38
 191 0066 0494     		str	r4, [sp, #16]
 923:Core/Src/main.c **** 
 192              		.loc 1 923 3 view .LVU39
 193 0068 1A6B     		ldr	r2, [r3, #48]
 194 006a 42F00802 		orr	r2, r2, #8
 195 006e 1A63     		str	r2, [r3, #48]
 923:Core/Src/main.c **** 
 196              		.loc 1 923 3 view .LVU40
 197 0070 1B6B     		ldr	r3, [r3, #48]
 198 0072 03F00803 		and	r3, r3, #8
 199 0076 0493     		str	r3, [sp, #16]
 923:Core/Src/main.c **** 
 200              		.loc 1 923 3 view .LVU41
 201 0078 049B     		ldr	r3, [sp, #16]
 202              	.LBE8:
 923:Core/Src/main.c **** 
 203              		.loc 1 923 3 view .LVU42
 926:Core/Src/main.c **** 
 204              		.loc 1 926 3 view .LVU43
 205 007a DFF8F080 		ldr	r8, .L7+12
 206 007e 2246     		mov	r2, r4
 207 0080 40F28911 		movw	r1, #393
 208 0084 4046     		mov	r0, r8
 209 0086 FFF7FEFF 		bl	HAL_GPIO_WritePin
ARM GAS  C:\Users\Miks\AppData\Local\Temp\ccm1mhzP.s 			page 24


 210              	.LVL2:
 929:Core/Src/main.c **** 
 211              		.loc 1 929 3 view .LVU44
 212 008a 0122     		movs	r2, #1
 213 008c 3021     		movs	r1, #48
 214 008e 4046     		mov	r0, r8
 215 0090 FFF7FEFF 		bl	HAL_GPIO_WritePin
 216              	.LVL3:
 932:Core/Src/main.c **** 
 217              		.loc 1 932 3 view .LVU45
 218 0094 334F     		ldr	r7, .L7+4
 219 0096 2246     		mov	r2, r4
 220 0098 2121     		movs	r1, #33
 221 009a 3846     		mov	r0, r7
 222 009c FFF7FEFF 		bl	HAL_GPIO_WritePin
 223              	.LVL4:
 935:Core/Src/main.c **** 
 224              		.loc 1 935 3 view .LVU46
 225 00a0 0122     		movs	r2, #1
 226 00a2 4FF48051 		mov	r1, #4096
 227 00a6 3846     		mov	r0, r7
 228 00a8 FFF7FEFF 		bl	HAL_GPIO_WritePin
 229              	.LVL5:
 938:Core/Src/main.c **** 
 230              		.loc 1 938 3 view .LVU47
 231 00ac 2246     		mov	r2, r4
 232 00ae 0421     		movs	r1, #4
 233 00b0 2D48     		ldr	r0, .L7+8
 234 00b2 FFF7FEFF 		bl	HAL_GPIO_WritePin
 235              	.LVL6:
 941:Core/Src/main.c ****   GPIO_InitStruct.Mode = GPIO_MODE_OUTPUT_PP;
 236              		.loc 1 941 3 view .LVU48
 941:Core/Src/main.c ****   GPIO_InitStruct.Mode = GPIO_MODE_OUTPUT_PP;
 237              		.loc 1 941 23 is_stmt 0 view .LVU49
 238 00b6 40F28913 		movw	r3, #393
 239 00ba 0593     		str	r3, [sp, #20]
 942:Core/Src/main.c ****   GPIO_InitStruct.Pull = GPIO_NOPULL;
 240              		.loc 1 942 3 is_stmt 1 view .LVU50
 942:Core/Src/main.c ****   GPIO_InitStruct.Pull = GPIO_NOPULL;
 241              		.loc 1 942 24 is_stmt 0 view .LVU51
 242 00bc 0126     		movs	r6, #1
 243 00be 0696     		str	r6, [sp, #24]
 943:Core/Src/main.c ****   GPIO_InitStruct.Speed = GPIO_SPEED_FREQ_LOW;
 244              		.loc 1 943 3 is_stmt 1 view .LVU52
 943:Core/Src/main.c ****   GPIO_InitStruct.Speed = GPIO_SPEED_FREQ_LOW;
 245              		.loc 1 943 24 is_stmt 0 view .LVU53
 246 00c0 0794     		str	r4, [sp, #28]
 944:Core/Src/main.c ****   HAL_GPIO_Init(GPIOC, &GPIO_InitStruct);
 247              		.loc 1 944 3 is_stmt 1 view .LVU54
 944:Core/Src/main.c ****   HAL_GPIO_Init(GPIOC, &GPIO_InitStruct);
 248              		.loc 1 944 25 is_stmt 0 view .LVU55
 249 00c2 0894     		str	r4, [sp, #32]
 945:Core/Src/main.c **** 
 250              		.loc 1 945 3 is_stmt 1 view .LVU56
 251 00c4 2946     		mov	r1, r5
 252 00c6 4046     		mov	r0, r8
 253 00c8 FFF7FEFF 		bl	HAL_GPIO_Init
ARM GAS  C:\Users\Miks\AppData\Local\Temp\ccm1mhzP.s 			page 25


 254              	.LVL7:
 948:Core/Src/main.c ****   GPIO_InitStruct.Mode = GPIO_MODE_OUTPUT_PP;
 255              		.loc 1 948 3 view .LVU57
 948:Core/Src/main.c ****   GPIO_InitStruct.Mode = GPIO_MODE_OUTPUT_PP;
 256              		.loc 1 948 23 is_stmt 0 view .LVU58
 257 00cc 3023     		movs	r3, #48
 258 00ce 0593     		str	r3, [sp, #20]
 949:Core/Src/main.c ****   GPIO_InitStruct.Pull = GPIO_NOPULL;
 259              		.loc 1 949 3 is_stmt 1 view .LVU59
 949:Core/Src/main.c ****   GPIO_InitStruct.Pull = GPIO_NOPULL;
 260              		.loc 1 949 24 is_stmt 0 view .LVU60
 261 00d0 0696     		str	r6, [sp, #24]
 950:Core/Src/main.c ****   GPIO_InitStruct.Speed = GPIO_SPEED_FREQ_VERY_HIGH;
 262              		.loc 1 950 3 is_stmt 1 view .LVU61
 950:Core/Src/main.c ****   GPIO_InitStruct.Speed = GPIO_SPEED_FREQ_VERY_HIGH;
 263              		.loc 1 950 24 is_stmt 0 view .LVU62
 264 00d2 0794     		str	r4, [sp, #28]
 951:Core/Src/main.c ****   HAL_GPIO_Init(GPIOC, &GPIO_InitStruct);
 265              		.loc 1 951 3 is_stmt 1 view .LVU63
 951:Core/Src/main.c ****   HAL_GPIO_Init(GPIOC, &GPIO_InitStruct);
 266              		.loc 1 951 25 is_stmt 0 view .LVU64
 267 00d4 4FF0030B 		mov	fp, #3
 268 00d8 CDF820B0 		str	fp, [sp, #32]
 952:Core/Src/main.c **** 
 269              		.loc 1 952 3 is_stmt 1 view .LVU65
 270 00dc 2946     		mov	r1, r5
 271 00de 4046     		mov	r0, r8
 272 00e0 FFF7FEFF 		bl	HAL_GPIO_Init
 273              	.LVL8:
 955:Core/Src/main.c ****   GPIO_InitStruct.Mode = GPIO_MODE_OUTPUT_PP;
 274              		.loc 1 955 3 view .LVU66
 955:Core/Src/main.c ****   GPIO_InitStruct.Mode = GPIO_MODE_OUTPUT_PP;
 275              		.loc 1 955 23 is_stmt 0 view .LVU67
 276 00e4 0596     		str	r6, [sp, #20]
 956:Core/Src/main.c ****   GPIO_InitStruct.Pull = GPIO_NOPULL;
 277              		.loc 1 956 3 is_stmt 1 view .LVU68
 956:Core/Src/main.c ****   GPIO_InitStruct.Pull = GPIO_NOPULL;
 278              		.loc 1 956 24 is_stmt 0 view .LVU69
 279 00e6 0696     		str	r6, [sp, #24]
 957:Core/Src/main.c ****   GPIO_InitStruct.Speed = GPIO_SPEED_FREQ_LOW;
 280              		.loc 1 957 3 is_stmt 1 view .LVU70
 957:Core/Src/main.c ****   GPIO_InitStruct.Speed = GPIO_SPEED_FREQ_LOW;
 281              		.loc 1 957 24 is_stmt 0 view .LVU71
 282 00e8 0794     		str	r4, [sp, #28]
 958:Core/Src/main.c ****   HAL_GPIO_Init(LORA_DIO1_GPIO_Port, &GPIO_InitStruct);
 283              		.loc 1 958 3 is_stmt 1 view .LVU72
 958:Core/Src/main.c ****   HAL_GPIO_Init(LORA_DIO1_GPIO_Port, &GPIO_InitStruct);
 284              		.loc 1 958 25 is_stmt 0 view .LVU73
 285 00ea 0894     		str	r4, [sp, #32]
 959:Core/Src/main.c **** 
 286              		.loc 1 959 3 is_stmt 1 view .LVU74
 287 00ec 2946     		mov	r1, r5
 288 00ee 3846     		mov	r0, r7
 289 00f0 FFF7FEFF 		bl	HAL_GPIO_Init
 290              	.LVL9:
 962:Core/Src/main.c ****   GPIO_InitStruct.Mode = GPIO_MODE_INPUT;
 291              		.loc 1 962 3 view .LVU75
ARM GAS  C:\Users\Miks\AppData\Local\Temp\ccm1mhzP.s 			page 26


 962:Core/Src/main.c ****   GPIO_InitStruct.Mode = GPIO_MODE_INPUT;
 292              		.loc 1 962 23 is_stmt 0 view .LVU76
 293 00f4 0223     		movs	r3, #2
 294 00f6 0593     		str	r3, [sp, #20]
 963:Core/Src/main.c ****   GPIO_InitStruct.Pull = GPIO_NOPULL;
 295              		.loc 1 963 3 is_stmt 1 view .LVU77
 963:Core/Src/main.c ****   GPIO_InitStruct.Pull = GPIO_NOPULL;
 296              		.loc 1 963 24 is_stmt 0 view .LVU78
 297 00f8 0694     		str	r4, [sp, #24]
 964:Core/Src/main.c ****   HAL_GPIO_Init(LORA_IO0_GPIO_Port, &GPIO_InitStruct);
 298              		.loc 1 964 3 is_stmt 1 view .LVU79
 964:Core/Src/main.c ****   HAL_GPIO_Init(LORA_IO0_GPIO_Port, &GPIO_InitStruct);
 299              		.loc 1 964 24 is_stmt 0 view .LVU80
 300 00fa 0794     		str	r4, [sp, #28]
 965:Core/Src/main.c **** 
 301              		.loc 1 965 3 is_stmt 1 view .LVU81
 302 00fc 2946     		mov	r1, r5
 303 00fe 3846     		mov	r0, r7
 304 0100 FFF7FEFF 		bl	HAL_GPIO_Init
 305              	.LVL10:
 968:Core/Src/main.c ****   GPIO_InitStruct.Mode = GPIO_MODE_IT_RISING;
 306              		.loc 1 968 3 view .LVU82
 968:Core/Src/main.c ****   GPIO_InitStruct.Mode = GPIO_MODE_IT_RISING;
 307              		.loc 1 968 23 is_stmt 0 view .LVU83
 308 0104 4FF00409 		mov	r9, #4
 309 0108 CDF81490 		str	r9, [sp, #20]
 969:Core/Src/main.c ****   GPIO_InitStruct.Pull = GPIO_NOPULL;
 310              		.loc 1 969 3 is_stmt 1 view .LVU84
 969:Core/Src/main.c ****   GPIO_InitStruct.Pull = GPIO_NOPULL;
 311              		.loc 1 969 24 is_stmt 0 view .LVU85
 312 010c 4FF4881A 		mov	r10, #1114112
 313 0110 CDF818A0 		str	r10, [sp, #24]
 970:Core/Src/main.c ****   HAL_GPIO_Init(BMP_INT_GPIO_Port, &GPIO_InitStruct);
 314              		.loc 1 970 3 is_stmt 1 view .LVU86
 970:Core/Src/main.c ****   HAL_GPIO_Init(BMP_INT_GPIO_Port, &GPIO_InitStruct);
 315              		.loc 1 970 24 is_stmt 0 view .LVU87
 316 0114 0794     		str	r4, [sp, #28]
 971:Core/Src/main.c **** 
 317              		.loc 1 971 3 is_stmt 1 view .LVU88
 318 0116 2946     		mov	r1, r5
 319 0118 3846     		mov	r0, r7
 320 011a FFF7FEFF 		bl	HAL_GPIO_Init
 321              	.LVL11:
 974:Core/Src/main.c ****   GPIO_InitStruct.Mode = GPIO_MODE_OUTPUT_PP;
 322              		.loc 1 974 3 view .LVU89
 974:Core/Src/main.c ****   GPIO_InitStruct.Mode = GPIO_MODE_OUTPUT_PP;
 323              		.loc 1 974 23 is_stmt 0 view .LVU90
 324 011e 4FF48153 		mov	r3, #4128
 325 0122 0593     		str	r3, [sp, #20]
 975:Core/Src/main.c ****   GPIO_InitStruct.Pull = GPIO_NOPULL;
 326              		.loc 1 975 3 is_stmt 1 view .LVU91
 975:Core/Src/main.c ****   GPIO_InitStruct.Pull = GPIO_NOPULL;
 327              		.loc 1 975 24 is_stmt 0 view .LVU92
 328 0124 0696     		str	r6, [sp, #24]
 976:Core/Src/main.c ****   GPIO_InitStruct.Speed = GPIO_SPEED_FREQ_VERY_HIGH;
 329              		.loc 1 976 3 is_stmt 1 view .LVU93
 976:Core/Src/main.c ****   GPIO_InitStruct.Speed = GPIO_SPEED_FREQ_VERY_HIGH;
ARM GAS  C:\Users\Miks\AppData\Local\Temp\ccm1mhzP.s 			page 27


 330              		.loc 1 976 24 is_stmt 0 view .LVU94
 331 0126 0794     		str	r4, [sp, #28]
 977:Core/Src/main.c ****   HAL_GPIO_Init(GPIOB, &GPIO_InitStruct);
 332              		.loc 1 977 3 is_stmt 1 view .LVU95
 977:Core/Src/main.c ****   HAL_GPIO_Init(GPIOB, &GPIO_InitStruct);
 333              		.loc 1 977 25 is_stmt 0 view .LVU96
 334 0128 CDF820B0 		str	fp, [sp, #32]
 978:Core/Src/main.c **** 
 335              		.loc 1 978 3 is_stmt 1 view .LVU97
 336 012c 2946     		mov	r1, r5
 337 012e 3846     		mov	r0, r7
 338 0130 FFF7FEFF 		bl	HAL_GPIO_Init
 339              	.LVL12:
 981:Core/Src/main.c ****   GPIO_InitStruct.Mode = GPIO_MODE_IT_RISING;
 340              		.loc 1 981 3 view .LVU98
 981:Core/Src/main.c ****   GPIO_InitStruct.Mode = GPIO_MODE_IT_RISING;
 341              		.loc 1 981 23 is_stmt 0 view .LVU99
 342 0134 4023     		movs	r3, #64
 343 0136 0593     		str	r3, [sp, #20]
 982:Core/Src/main.c ****   GPIO_InitStruct.Pull = GPIO_NOPULL;
 344              		.loc 1 982 3 is_stmt 1 view .LVU100
 982:Core/Src/main.c ****   GPIO_InitStruct.Pull = GPIO_NOPULL;
 345              		.loc 1 982 24 is_stmt 0 view .LVU101
 346 0138 CDF818A0 		str	r10, [sp, #24]
 983:Core/Src/main.c ****   HAL_GPIO_Init(IMU_INT1_GPIO_Port, &GPIO_InitStruct);
 347              		.loc 1 983 3 is_stmt 1 view .LVU102
 983:Core/Src/main.c ****   HAL_GPIO_Init(IMU_INT1_GPIO_Port, &GPIO_InitStruct);
 348              		.loc 1 983 24 is_stmt 0 view .LVU103
 349 013c 0794     		str	r4, [sp, #28]
 984:Core/Src/main.c **** 
 350              		.loc 1 984 3 is_stmt 1 view .LVU104
 351 013e 2946     		mov	r1, r5
 352 0140 4046     		mov	r0, r8
 353 0142 FFF7FEFF 		bl	HAL_GPIO_Init
 354              	.LVL13:
 987:Core/Src/main.c ****   GPIO_InitStruct.Mode = GPIO_MODE_OUTPUT_PP;
 355              		.loc 1 987 3 view .LVU105
 987:Core/Src/main.c ****   GPIO_InitStruct.Mode = GPIO_MODE_OUTPUT_PP;
 356              		.loc 1 987 23 is_stmt 0 view .LVU106
 357 0146 CDF81490 		str	r9, [sp, #20]
 988:Core/Src/main.c ****   GPIO_InitStruct.Pull = GPIO_NOPULL;
 358              		.loc 1 988 3 is_stmt 1 view .LVU107
 988:Core/Src/main.c ****   GPIO_InitStruct.Pull = GPIO_NOPULL;
 359              		.loc 1 988 24 is_stmt 0 view .LVU108
 360 014a 0696     		str	r6, [sp, #24]
 989:Core/Src/main.c ****   GPIO_InitStruct.Speed = GPIO_SPEED_FREQ_LOW;
 361              		.loc 1 989 3 is_stmt 1 view .LVU109
 989:Core/Src/main.c ****   GPIO_InitStruct.Speed = GPIO_SPEED_FREQ_LOW;
 362              		.loc 1 989 24 is_stmt 0 view .LVU110
 363 014c 0794     		str	r4, [sp, #28]
 990:Core/Src/main.c ****   HAL_GPIO_Init(LORA_NRST_GPIO_Port, &GPIO_InitStruct);
 364              		.loc 1 990 3 is_stmt 1 view .LVU111
 990:Core/Src/main.c ****   HAL_GPIO_Init(LORA_NRST_GPIO_Port, &GPIO_InitStruct);
 365              		.loc 1 990 25 is_stmt 0 view .LVU112
 366 014e 0894     		str	r4, [sp, #32]
 991:Core/Src/main.c **** 
 367              		.loc 1 991 3 is_stmt 1 view .LVU113
ARM GAS  C:\Users\Miks\AppData\Local\Temp\ccm1mhzP.s 			page 28


 368 0150 2946     		mov	r1, r5
 369 0152 0548     		ldr	r0, .L7+8
 370 0154 FFF7FEFF 		bl	HAL_GPIO_Init
 371              	.LVL14:
 996:Core/Src/main.c **** 
 372              		.loc 1 996 1 is_stmt 0 view .LVU114
 373 0158 0BB0     		add	sp, sp, #44
 374              		.cfi_def_cfa_offset 36
 375              		@ sp needed
 376 015a BDE8F08F 		pop	{r4, r5, r6, r7, r8, r9, r10, fp, pc}
 377              	.L8:
 378 015e 00BF     		.align	2
 379              	.L7:
 380 0160 00380240 		.word	1073887232
 381 0164 00040240 		.word	1073873920
 382 0168 000C0240 		.word	1073875968
 383 016c 00080240 		.word	1073874944
 384              		.cfi_endproc
 385              	.LFE259:
 387              		.section	.text.MX_DMA_Init,"ax",%progbits
 388              		.align	1
 389              		.syntax unified
 390              		.thumb
 391              		.thumb_func
 393              	MX_DMA_Init:
 394              	.LFB258:
 894:Core/Src/main.c **** 
 395              		.loc 1 894 1 is_stmt 1 view -0
 396              		.cfi_startproc
 397              		@ args = 0, pretend = 0, frame = 8
 398              		@ frame_needed = 0, uses_anonymous_args = 0
 399 0000 00B5     		push	{lr}
 400              		.cfi_def_cfa_offset 4
 401              		.cfi_offset 14, -4
 402 0002 83B0     		sub	sp, sp, #12
 403              		.cfi_def_cfa_offset 16
 897:Core/Src/main.c **** 
 404              		.loc 1 897 3 view .LVU116
 405              	.LBB9:
 897:Core/Src/main.c **** 
 406              		.loc 1 897 3 view .LVU117
 407 0004 0021     		movs	r1, #0
 408 0006 0191     		str	r1, [sp, #4]
 897:Core/Src/main.c **** 
 409              		.loc 1 897 3 view .LVU118
 410 0008 094B     		ldr	r3, .L11
 411 000a 1A6B     		ldr	r2, [r3, #48]
 412 000c 42F40012 		orr	r2, r2, #2097152
 413 0010 1A63     		str	r2, [r3, #48]
 897:Core/Src/main.c **** 
 414              		.loc 1 897 3 view .LVU119
 415 0012 1B6B     		ldr	r3, [r3, #48]
 416 0014 03F40013 		and	r3, r3, #2097152
 417 0018 0193     		str	r3, [sp, #4]
 897:Core/Src/main.c **** 
 418              		.loc 1 897 3 view .LVU120
 419 001a 019B     		ldr	r3, [sp, #4]
ARM GAS  C:\Users\Miks\AppData\Local\Temp\ccm1mhzP.s 			page 29


 420              	.LBE9:
 897:Core/Src/main.c **** 
 421              		.loc 1 897 3 view .LVU121
 901:Core/Src/main.c ****   HAL_NVIC_EnableIRQ(DMA1_Stream4_IRQn);
 422              		.loc 1 901 3 view .LVU122
 423 001c 0A46     		mov	r2, r1
 424 001e 0F20     		movs	r0, #15
 425 0020 FFF7FEFF 		bl	HAL_NVIC_SetPriority
 426              	.LVL15:
 902:Core/Src/main.c **** 
 427              		.loc 1 902 3 view .LVU123
 428 0024 0F20     		movs	r0, #15
 429 0026 FFF7FEFF 		bl	HAL_NVIC_EnableIRQ
 430              	.LVL16:
 904:Core/Src/main.c **** 
 431              		.loc 1 904 1 is_stmt 0 view .LVU124
 432 002a 03B0     		add	sp, sp, #12
 433              		.cfi_def_cfa_offset 4
 434              		@ sp needed
 435 002c 5DF804FB 		ldr	pc, [sp], #4
 436              	.L12:
 437              		.align	2
 438              	.L11:
 439 0030 00380240 		.word	1073887232
 440              		.cfi_endproc
 441              	.LFE258:
 443              		.section	.text.platform_imu_write,"ax",%progbits
 444              		.align	1
 445              		.global	platform_imu_write
 446              		.syntax unified
 447              		.thumb
 448              		.thumb_func
 450              	platform_imu_write:
 451              	.LVL17:
 452              	.LFB264:
1022:Core/Src/main.c ****   (void)Address;
 453              		.loc 1 1022 1 is_stmt 1 view -0
 454              		.cfi_startproc
 455              		@ args = 0, pretend = 0, frame = 256
 456              		@ frame_needed = 0, uses_anonymous_args = 0
1022:Core/Src/main.c ****   (void)Address;
 457              		.loc 1 1022 1 is_stmt 0 view .LVU126
 458 0000 30B5     		push	{r4, r5, lr}
 459              		.cfi_def_cfa_offset 12
 460              		.cfi_offset 4, -12
 461              		.cfi_offset 5, -8
 462              		.cfi_offset 14, -4
 463 0002 C1B0     		sub	sp, sp, #260
 464              		.cfi_def_cfa_offset 272
 465 0004 1C46     		mov	r4, r3
1023:Core/Src/main.c **** 
 466              		.loc 1 1023 3 is_stmt 1 view .LVU127
1025:Core/Src/main.c ****   if (Length + 1 > sizeof(buf)) return -1;
 467              		.loc 1 1025 3 view .LVU128
1026:Core/Src/main.c **** 
 468              		.loc 1 1026 3 view .LVU129
1026:Core/Src/main.c **** 
ARM GAS  C:\Users\Miks\AppData\Local\Temp\ccm1mhzP.s 			page 30


 469              		.loc 1 1026 14 is_stmt 0 view .LVU130
 470 0006 0133     		adds	r3, r3, #1
 471              	.LVL18:
1026:Core/Src/main.c **** 
 472              		.loc 1 1026 6 view .LVU131
 473 0008 B3F5807F 		cmp	r3, #256
 474 000c 2BD8     		bhi	.L16
 475 000e 0846     		mov	r0, r1
 476              	.LVL19:
1026:Core/Src/main.c **** 
 477              		.loc 1 1026 6 view .LVU132
 478 0010 1146     		mov	r1, r2
 479              	.LVL20:
1028:Core/Src/main.c ****   memcpy(&buf[1], Data, Length);
 480              		.loc 1 1028 3 is_stmt 1 view .LVU133
1028:Core/Src/main.c ****   memcpy(&buf[1], Data, Length);
 481              		.loc 1 1028 27 is_stmt 0 view .LVU134
 482 0012 00F07F00 		and	r0, r0, #127
 483              	.LVL21:
1028:Core/Src/main.c ****   memcpy(&buf[1], Data, Length);
 484              		.loc 1 1028 10 view .LVU135
 485 0016 8DF80000 		strb	r0, [sp]
1029:Core/Src/main.c **** 
 486              		.loc 1 1029 3 is_stmt 1 view .LVU136
 487 001a 2246     		mov	r2, r4
 488              	.LVL22:
1029:Core/Src/main.c **** 
 489              		.loc 1 1029 3 is_stmt 0 view .LVU137
 490 001c 0DF10100 		add	r0, sp, #1
 491 0020 FFF7FEFF 		bl	memcpy
 492              	.LVL23:
1031:Core/Src/main.c ****   if (HAL_SPI_Transmit(&hspi2, buf, Length + 1, HAL_MAX_DELAY) != HAL_OK)
 493              		.loc 1 1031 3 is_stmt 1 view .LVU138
 494 0024 0022     		movs	r2, #0
 495 0026 4FF48051 		mov	r1, #4096
 496 002a 1048     		ldr	r0, .L19
 497 002c FFF7FEFF 		bl	HAL_GPIO_WritePin
 498              	.LVL24:
1032:Core/Src/main.c ****   {
 499              		.loc 1 1032 3 view .LVU139
1032:Core/Src/main.c ****   {
 500              		.loc 1 1032 7 is_stmt 0 view .LVU140
 501 0030 621C     		adds	r2, r4, #1
 502 0032 4FF0FF33 		mov	r3, #-1
 503 0036 92B2     		uxth	r2, r2
 504 0038 6946     		mov	r1, sp
 505 003a 0D48     		ldr	r0, .L19+4
 506 003c FFF7FEFF 		bl	HAL_SPI_Transmit
 507              	.LVL25:
1032:Core/Src/main.c ****   {
 508              		.loc 1 1032 6 discriminator 1 view .LVU141
 509 0040 40B9     		cbnz	r0, .L18
1037:Core/Src/main.c **** 
 510              		.loc 1 1037 3 is_stmt 1 view .LVU142
 511 0042 0122     		movs	r2, #1
 512 0044 4FF48051 		mov	r1, #4096
 513 0048 0848     		ldr	r0, .L19
ARM GAS  C:\Users\Miks\AppData\Local\Temp\ccm1mhzP.s 			page 31


 514 004a FFF7FEFF 		bl	HAL_GPIO_WritePin
 515              	.LVL26:
1039:Core/Src/main.c **** }
 516              		.loc 1 1039 3 view .LVU143
1039:Core/Src/main.c **** }
 517              		.loc 1 1039 10 is_stmt 0 view .LVU144
 518 004e 0020     		movs	r0, #0
 519              	.L13:
1040:Core/Src/main.c **** 
 520              		.loc 1 1040 1 view .LVU145
 521 0050 41B0     		add	sp, sp, #260
 522              		.cfi_remember_state
 523              		.cfi_def_cfa_offset 12
 524              		@ sp needed
 525 0052 30BD     		pop	{r4, r5, pc}
 526              	.LVL27:
 527              	.L18:
 528              		.cfi_restore_state
1034:Core/Src/main.c ****     return -1;
 529              		.loc 1 1034 5 is_stmt 1 view .LVU146
 530 0054 0122     		movs	r2, #1
 531 0056 4FF48051 		mov	r1, #4096
 532 005a 0448     		ldr	r0, .L19
 533 005c FFF7FEFF 		bl	HAL_GPIO_WritePin
 534              	.LVL28:
1035:Core/Src/main.c ****   }
 535              		.loc 1 1035 5 view .LVU147
1035:Core/Src/main.c ****   }
 536              		.loc 1 1035 12 is_stmt 0 view .LVU148
 537 0060 4FF0FF30 		mov	r0, #-1
 538 0064 F4E7     		b	.L13
 539              	.LVL29:
 540              	.L16:
1026:Core/Src/main.c **** 
 541              		.loc 1 1026 40 discriminator 1 view .LVU149
 542 0066 4FF0FF30 		mov	r0, #-1
 543              	.LVL30:
1026:Core/Src/main.c **** 
 544              		.loc 1 1026 40 discriminator 1 view .LVU150
 545 006a F1E7     		b	.L13
 546              	.L20:
 547              		.align	2
 548              	.L19:
 549 006c 00040240 		.word	1073873920
 550 0070 00000000 		.word	hspi2
 551              		.cfi_endproc
 552              	.LFE264:
 554              		.section	.text.platform_imu_read,"ax",%progbits
 555              		.align	1
 556              		.global	platform_imu_read
 557              		.syntax unified
 558              		.thumb
 559              		.thumb_func
 561              	platform_imu_read:
 562              	.LVL31:
 563              	.LFB265:
1043:Core/Src/main.c ****   (void)Address;
ARM GAS  C:\Users\Miks\AppData\Local\Temp\ccm1mhzP.s 			page 32


 564              		.loc 1 1043 1 is_stmt 1 view -0
 565              		.cfi_startproc
 566              		@ args = 0, pretend = 0, frame = 8
 567              		@ frame_needed = 0, uses_anonymous_args = 0
1043:Core/Src/main.c ****   (void)Address;
 568              		.loc 1 1043 1 is_stmt 0 view .LVU152
 569 0000 30B5     		push	{r4, r5, lr}
 570              		.cfi_def_cfa_offset 12
 571              		.cfi_offset 4, -12
 572              		.cfi_offset 5, -8
 573              		.cfi_offset 14, -4
 574 0002 83B0     		sub	sp, sp, #12
 575              		.cfi_def_cfa_offset 24
 576 0004 1446     		mov	r4, r2
 577 0006 1D46     		mov	r5, r3
1044:Core/Src/main.c **** 
 578              		.loc 1 1044 3 is_stmt 1 view .LVU153
1046:Core/Src/main.c **** 
 579              		.loc 1 1046 3 view .LVU154
1046:Core/Src/main.c **** 
 580              		.loc 1 1046 11 is_stmt 0 view .LVU155
 581 0008 61F07F01 		orn	r1, r1, #127
 582              	.LVL32:
1046:Core/Src/main.c **** 
 583              		.loc 1 1046 11 view .LVU156
 584 000c 8DF80710 		strb	r1, [sp, #7]
1048:Core/Src/main.c **** 
 585              		.loc 1 1048 3 is_stmt 1 view .LVU157
 586 0010 0022     		movs	r2, #0
 587              	.LVL33:
1048:Core/Src/main.c **** 
 588              		.loc 1 1048 3 is_stmt 0 view .LVU158
 589 0012 4FF48051 		mov	r1, #4096
 590 0016 1748     		ldr	r0, .L28
 591              	.LVL34:
1048:Core/Src/main.c **** 
 592              		.loc 1 1048 3 view .LVU159
 593 0018 FFF7FEFF 		bl	HAL_GPIO_WritePin
 594              	.LVL35:
1050:Core/Src/main.c ****   {
 595              		.loc 1 1050 3 is_stmt 1 view .LVU160
1050:Core/Src/main.c ****   {
 596              		.loc 1 1050 7 is_stmt 0 view .LVU161
 597 001c 4FF0FF33 		mov	r3, #-1
 598 0020 0122     		movs	r2, #1
 599 0022 0DF10701 		add	r1, sp, #7
 600 0026 1448     		ldr	r0, .L28+4
 601 0028 FFF7FEFF 		bl	HAL_SPI_Transmit
 602              	.LVL36:
1050:Core/Src/main.c ****   {
 603              		.loc 1 1050 6 discriminator 1 view .LVU162
 604 002c 80B9     		cbnz	r0, .L26
1056:Core/Src/main.c ****   {
 605              		.loc 1 1056 3 is_stmt 1 view .LVU163
1056:Core/Src/main.c ****   {
 606              		.loc 1 1056 7 is_stmt 0 view .LVU164
 607 002e 4FF0FF33 		mov	r3, #-1
ARM GAS  C:\Users\Miks\AppData\Local\Temp\ccm1mhzP.s 			page 33


 608 0032 2A46     		mov	r2, r5
 609 0034 2146     		mov	r1, r4
 610 0036 1048     		ldr	r0, .L28+4
 611 0038 FFF7FEFF 		bl	HAL_SPI_Receive
 612              	.LVL37:
1056:Core/Src/main.c ****   {
 613              		.loc 1 1056 6 discriminator 1 view .LVU165
 614 003c 88B9     		cbnz	r0, .L27
1062:Core/Src/main.c **** 
 615              		.loc 1 1062 3 is_stmt 1 view .LVU166
 616 003e 0122     		movs	r2, #1
 617 0040 4FF48051 		mov	r1, #4096
 618 0044 0B48     		ldr	r0, .L28
 619 0046 FFF7FEFF 		bl	HAL_GPIO_WritePin
 620              	.LVL38:
1064:Core/Src/main.c **** }
 621              		.loc 1 1064 3 view .LVU167
1064:Core/Src/main.c **** }
 622              		.loc 1 1064 10 is_stmt 0 view .LVU168
 623 004a 0020     		movs	r0, #0
 624              	.L21:
1065:Core/Src/main.c **** 
 625              		.loc 1 1065 1 view .LVU169
 626 004c 03B0     		add	sp, sp, #12
 627              		.cfi_remember_state
 628              		.cfi_def_cfa_offset 12
 629              		@ sp needed
 630 004e 30BD     		pop	{r4, r5, pc}
 631              	.LVL39:
 632              	.L26:
 633              		.cfi_restore_state
1052:Core/Src/main.c ****     return -1;
 634              		.loc 1 1052 5 is_stmt 1 view .LVU170
 635 0050 0122     		movs	r2, #1
 636 0052 4FF48051 		mov	r1, #4096
 637 0056 0748     		ldr	r0, .L28
 638 0058 FFF7FEFF 		bl	HAL_GPIO_WritePin
 639              	.LVL40:
1053:Core/Src/main.c ****   }
 640              		.loc 1 1053 5 view .LVU171
1053:Core/Src/main.c ****   }
 641              		.loc 1 1053 12 is_stmt 0 view .LVU172
 642 005c 4FF0FF30 		mov	r0, #-1
 643 0060 F4E7     		b	.L21
 644              	.L27:
1058:Core/Src/main.c ****     return -1;
 645              		.loc 1 1058 5 is_stmt 1 view .LVU173
 646 0062 0122     		movs	r2, #1
 647 0064 4FF48051 		mov	r1, #4096
 648 0068 0248     		ldr	r0, .L28
 649 006a FFF7FEFF 		bl	HAL_GPIO_WritePin
 650              	.LVL41:
1059:Core/Src/main.c ****   }
 651              		.loc 1 1059 5 view .LVU174
1059:Core/Src/main.c ****   }
 652              		.loc 1 1059 12 is_stmt 0 view .LVU175
 653 006e 4FF0FF30 		mov	r0, #-1
ARM GAS  C:\Users\Miks\AppData\Local\Temp\ccm1mhzP.s 			page 34


 654 0072 EBE7     		b	.L21
 655              	.L29:
 656              		.align	2
 657              	.L28:
 658 0074 00040240 		.word	1073873920
 659 0078 00000000 		.word	hspi2
 660              		.cfi_endproc
 661              	.LFE265:
 663              		.section	.text.platform_get_tick,"ax",%progbits
 664              		.align	1
 665              		.global	platform_get_tick
 666              		.syntax unified
 667              		.thumb
 668              		.thumb_func
 670              	platform_get_tick:
 671              	.LFB266:
1068:Core/Src/main.c ****   return (int32_t)HAL_GetTick();
 672              		.loc 1 1068 1 is_stmt 1 view -0
 673              		.cfi_startproc
 674              		@ args = 0, pretend = 0, frame = 0
 675              		@ frame_needed = 0, uses_anonymous_args = 0
 676 0000 08B5     		push	{r3, lr}
 677              		.cfi_def_cfa_offset 8
 678              		.cfi_offset 3, -8
 679              		.cfi_offset 14, -4
1069:Core/Src/main.c **** }
 680              		.loc 1 1069 3 view .LVU177
1069:Core/Src/main.c **** }
 681              		.loc 1 1069 19 is_stmt 0 view .LVU178
 682 0002 FFF7FEFF 		bl	HAL_GetTick
 683              	.LVL42:
1070:Core/Src/main.c **** 
 684              		.loc 1 1070 1 view .LVU179
 685 0006 08BD     		pop	{r3, pc}
 686              		.cfi_endproc
 687              	.LFE266:
 689              		.section	.text.Get_Vbat,"ax",%progbits
 690              		.align	1
 691              		.global	Get_Vbat
 692              		.syntax unified
 693              		.thumb
 694              		.thumb_func
 696              	Get_Vbat:
 697              	.LFB260:
1000:Core/Src/main.c ****   HAL_ADC_Start_DMA(&hadc1, adc_buff, 1);
 698              		.loc 1 1000 20 is_stmt 1 view -0
 699              		.cfi_startproc
 700              		@ args = 0, pretend = 0, frame = 0
 701              		@ frame_needed = 0, uses_anonymous_args = 0
 702 0000 08B5     		push	{r3, lr}
 703              		.cfi_def_cfa_offset 8
 704              		.cfi_offset 3, -8
 705              		.cfi_offset 14, -4
1001:Core/Src/main.c **** }
 706              		.loc 1 1001 3 view .LVU181
 707 0002 0122     		movs	r2, #1
 708 0004 0249     		ldr	r1, .L34
ARM GAS  C:\Users\Miks\AppData\Local\Temp\ccm1mhzP.s 			page 35


 709 0006 0348     		ldr	r0, .L34+4
 710 0008 FFF7FEFF 		bl	HAL_ADC_Start_DMA
 711              	.LVL43:
1002:Core/Src/main.c **** 
 712              		.loc 1 1002 1 is_stmt 0 view .LVU182
 713 000c 08BD     		pop	{r3, pc}
 714              	.L35:
 715 000e 00BF     		.align	2
 716              	.L34:
 717 0010 00000000 		.word	adc_buff
 718 0014 00000000 		.word	hadc1
 719              		.cfi_endproc
 720              	.LFE260:
 722              		.section	.text.HAL_ADC_ConvCpltCallback,"ax",%progbits
 723              		.align	1
 724              		.global	HAL_ADC_ConvCpltCallback
 725              		.syntax unified
 726              		.thumb
 727              		.thumb_func
 729              	HAL_ADC_ConvCpltCallback:
 730              	.LVL44:
 731              	.LFB261:
1005:Core/Src/main.c ****   if(hadc->Instance == ADC1){
 732              		.loc 1 1005 1 is_stmt 1 view -0
 733              		.cfi_startproc
 734              		@ args = 0, pretend = 0, frame = 0
 735              		@ frame_needed = 0, uses_anonymous_args = 0
1005:Core/Src/main.c ****   if(hadc->Instance == ADC1){
 736              		.loc 1 1005 1 is_stmt 0 view .LVU184
 737 0000 08B5     		push	{r3, lr}
 738              		.cfi_def_cfa_offset 8
 739              		.cfi_offset 3, -8
 740              		.cfi_offset 14, -4
1006:Core/Src/main.c ****     battery_v = (adc_buff[0] * 3.3f / 4095.0f) * VBAT_DIV_K;
 741              		.loc 1 1006 3 is_stmt 1 view .LVU185
1006:Core/Src/main.c ****     battery_v = (adc_buff[0] * 3.3f / 4095.0f) * VBAT_DIV_K;
 742              		.loc 1 1006 10 is_stmt 0 view .LVU186
 743 0002 0268     		ldr	r2, [r0]
1006:Core/Src/main.c ****     battery_v = (adc_buff[0] * 3.3f / 4095.0f) * VBAT_DIV_K;
 744              		.loc 1 1006 5 view .LVU187
 745 0004 124B     		ldr	r3, .L40+8
 746 0006 9A42     		cmp	r2, r3
 747 0008 00D0     		beq	.L39
 748              	.LVL45:
 749              	.L36:
1009:Core/Src/main.c **** 
 750              		.loc 1 1009 1 view .LVU188
 751 000a 08BD     		pop	{r3, pc}
 752              	.LVL46:
 753              	.L39:
1007:Core/Src/main.c ****   }
 754              		.loc 1 1007 5 is_stmt 1 view .LVU189
1007:Core/Src/main.c ****   }
 755              		.loc 1 1007 26 is_stmt 0 view .LVU190
 756 000c 114B     		ldr	r3, .L40+12
 757 000e D3ED007A 		vldr.32	s15, [r3]	@ int
1007:Core/Src/main.c ****   }
ARM GAS  C:\Users\Miks\AppData\Local\Temp\ccm1mhzP.s 			page 36


 758              		.loc 1 1007 30 view .LVU191
 759 0012 F8EE677A 		vcvt.f32.u32	s15, s15
 760 0016 9FED107A 		vldr.32	s14, .L40+16
 761 001a 67EE877A 		vmul.f32	s15, s15, s14
1007:Core/Src/main.c ****   }
 762              		.loc 1 1007 37 view .LVU192
 763 001e 9FED0F7A 		vldr.32	s14, .L40+20
 764 0022 C7EE877A 		vdiv.f32	s15, s15, s14
 765 0026 17EE900A 		vmov	r0, s15
 766              	.LVL47:
1007:Core/Src/main.c ****   }
 767              		.loc 1 1007 37 view .LVU193
 768 002a FFF7FEFF 		bl	__aeabi_f2d
 769              	.LVL48:
1007:Core/Src/main.c ****   }
 770              		.loc 1 1007 48 view .LVU194
 771 002e 06A3     		adr	r3, .L40
 772 0030 D3E90023 		ldrd	r2, [r3]
 773 0034 FFF7FEFF 		bl	__aeabi_dmul
 774              	.LVL49:
 775 0038 FFF7FEFF 		bl	__aeabi_d2f
 776              	.LVL50:
1007:Core/Src/main.c ****   }
 777              		.loc 1 1007 15 view .LVU195
 778 003c 084B     		ldr	r3, .L40+24
 779 003e 1860     		str	r0, [r3]	@ float
1009:Core/Src/main.c **** 
 780              		.loc 1 1009 1 view .LVU196
 781 0040 E3E7     		b	.L36
 782              	.L41:
 783 0042 00BFAFF3 		.align	3
 783      0080
 784              	.L40:
 785 0048 52B81E85 		.word	-2061584302
 786 004c EB510440 		.word	1074024939
 787 0050 00200140 		.word	1073815552
 788 0054 00000000 		.word	adc_buff
 789 0058 33335340 		.word	1079194419
 790 005c 00F07F45 		.word	1166012416
 791 0060 00000000 		.word	battery_v
 792              		.cfi_endproc
 793              	.LFE261:
 795              		.section	.text.Error_Handler,"ax",%progbits
 796              		.align	1
 797              		.global	Error_Handler
 798              		.syntax unified
 799              		.thumb
 800              		.thumb_func
 802              	Error_Handler:
 803              	.LFB268:
1076:Core/Src/main.c **** 
1077:Core/Src/main.c **** /* USER CODE END 4 */
1078:Core/Src/main.c **** 
1079:Core/Src/main.c **** /**
1080:Core/Src/main.c ****   * @brief  This function is executed in case of error occurrence.
1081:Core/Src/main.c ****   * @retval None
1082:Core/Src/main.c ****   */
ARM GAS  C:\Users\Miks\AppData\Local\Temp\ccm1mhzP.s 			page 37


1083:Core/Src/main.c **** void Error_Handler(void)
1084:Core/Src/main.c **** {
 804              		.loc 1 1084 1 is_stmt 1 view -0
 805              		.cfi_startproc
 806              		@ Volatile: function does not return.
 807              		@ args = 0, pretend = 0, frame = 0
 808              		@ frame_needed = 0, uses_anonymous_args = 0
 809              		@ link register save eliminated.
1085:Core/Src/main.c ****   /* USER CODE BEGIN Error_Handler_Debug */
1086:Core/Src/main.c ****   /* User can add his own implementation to report the HAL error return state */
1087:Core/Src/main.c ****   __disable_irq();
 810              		.loc 1 1087 3 view .LVU198
 811              	.LBB10:
 812              	.LBI10:
 813              		.file 2 "Drivers/CMSIS/Include/cmsis_gcc.h"
   1:Drivers/CMSIS/Include/cmsis_gcc.h **** /**************************************************************************//**
   2:Drivers/CMSIS/Include/cmsis_gcc.h ****  * @file     cmsis_gcc.h
   3:Drivers/CMSIS/Include/cmsis_gcc.h ****  * @brief    CMSIS compiler GCC header file
   4:Drivers/CMSIS/Include/cmsis_gcc.h ****  * @version  V5.4.1
   5:Drivers/CMSIS/Include/cmsis_gcc.h ****  * @date     27. May 2021
   6:Drivers/CMSIS/Include/cmsis_gcc.h ****  ******************************************************************************/
   7:Drivers/CMSIS/Include/cmsis_gcc.h **** /*
   8:Drivers/CMSIS/Include/cmsis_gcc.h ****  * Copyright (c) 2009-2021 Arm Limited. All rights reserved.
   9:Drivers/CMSIS/Include/cmsis_gcc.h ****  *
  10:Drivers/CMSIS/Include/cmsis_gcc.h ****  * SPDX-License-Identifier: Apache-2.0
  11:Drivers/CMSIS/Include/cmsis_gcc.h ****  *
  12:Drivers/CMSIS/Include/cmsis_gcc.h ****  * Licensed under the Apache License, Version 2.0 (the License); you may
  13:Drivers/CMSIS/Include/cmsis_gcc.h ****  * not use this file except in compliance with the License.
  14:Drivers/CMSIS/Include/cmsis_gcc.h ****  * You may obtain a copy of the License at
  15:Drivers/CMSIS/Include/cmsis_gcc.h ****  *
  16:Drivers/CMSIS/Include/cmsis_gcc.h ****  * www.apache.org/licenses/LICENSE-2.0
  17:Drivers/CMSIS/Include/cmsis_gcc.h ****  *
  18:Drivers/CMSIS/Include/cmsis_gcc.h ****  * Unless required by applicable law or agreed to in writing, software
  19:Drivers/CMSIS/Include/cmsis_gcc.h ****  * distributed under the License is distributed on an AS IS BASIS, WITHOUT
  20:Drivers/CMSIS/Include/cmsis_gcc.h ****  * WARRANTIES OR CONDITIONS OF ANY KIND, either express or implied.
  21:Drivers/CMSIS/Include/cmsis_gcc.h ****  * See the License for the specific language governing permissions and
  22:Drivers/CMSIS/Include/cmsis_gcc.h ****  * limitations under the License.
  23:Drivers/CMSIS/Include/cmsis_gcc.h ****  */
  24:Drivers/CMSIS/Include/cmsis_gcc.h **** 
  25:Drivers/CMSIS/Include/cmsis_gcc.h **** #ifndef __CMSIS_GCC_H
  26:Drivers/CMSIS/Include/cmsis_gcc.h **** #define __CMSIS_GCC_H
  27:Drivers/CMSIS/Include/cmsis_gcc.h **** 
  28:Drivers/CMSIS/Include/cmsis_gcc.h **** /* ignore some GCC warnings */
  29:Drivers/CMSIS/Include/cmsis_gcc.h **** #pragma GCC diagnostic push
  30:Drivers/CMSIS/Include/cmsis_gcc.h **** #pragma GCC diagnostic ignored "-Wsign-conversion"
  31:Drivers/CMSIS/Include/cmsis_gcc.h **** #pragma GCC diagnostic ignored "-Wconversion"
  32:Drivers/CMSIS/Include/cmsis_gcc.h **** #pragma GCC diagnostic ignored "-Wunused-parameter"
  33:Drivers/CMSIS/Include/cmsis_gcc.h **** 
  34:Drivers/CMSIS/Include/cmsis_gcc.h **** /* Fallback for __has_builtin */
  35:Drivers/CMSIS/Include/cmsis_gcc.h **** #ifndef __has_builtin
  36:Drivers/CMSIS/Include/cmsis_gcc.h ****   #define __has_builtin(x) (0)
  37:Drivers/CMSIS/Include/cmsis_gcc.h **** #endif
  38:Drivers/CMSIS/Include/cmsis_gcc.h **** 
  39:Drivers/CMSIS/Include/cmsis_gcc.h **** /* CMSIS compiler specific defines */
  40:Drivers/CMSIS/Include/cmsis_gcc.h **** #ifndef   __ASM
  41:Drivers/CMSIS/Include/cmsis_gcc.h ****   #define __ASM                                  __asm
  42:Drivers/CMSIS/Include/cmsis_gcc.h **** #endif
ARM GAS  C:\Users\Miks\AppData\Local\Temp\ccm1mhzP.s 			page 38


  43:Drivers/CMSIS/Include/cmsis_gcc.h **** #ifndef   __INLINE
  44:Drivers/CMSIS/Include/cmsis_gcc.h ****   #define __INLINE                               inline
  45:Drivers/CMSIS/Include/cmsis_gcc.h **** #endif
  46:Drivers/CMSIS/Include/cmsis_gcc.h **** #ifndef   __STATIC_INLINE
  47:Drivers/CMSIS/Include/cmsis_gcc.h ****   #define __STATIC_INLINE                        static inline
  48:Drivers/CMSIS/Include/cmsis_gcc.h **** #endif
  49:Drivers/CMSIS/Include/cmsis_gcc.h **** #ifndef   __STATIC_FORCEINLINE
  50:Drivers/CMSIS/Include/cmsis_gcc.h ****   #define __STATIC_FORCEINLINE                   __attribute__((always_inline)) static inline
  51:Drivers/CMSIS/Include/cmsis_gcc.h **** #endif
  52:Drivers/CMSIS/Include/cmsis_gcc.h **** #ifndef   __NO_RETURN
  53:Drivers/CMSIS/Include/cmsis_gcc.h ****   #define __NO_RETURN                            __attribute__((__noreturn__))
  54:Drivers/CMSIS/Include/cmsis_gcc.h **** #endif
  55:Drivers/CMSIS/Include/cmsis_gcc.h **** #ifndef   __USED
  56:Drivers/CMSIS/Include/cmsis_gcc.h ****   #define __USED                                 __attribute__((used))
  57:Drivers/CMSIS/Include/cmsis_gcc.h **** #endif
  58:Drivers/CMSIS/Include/cmsis_gcc.h **** #ifndef   __WEAK
  59:Drivers/CMSIS/Include/cmsis_gcc.h ****   #define __WEAK                                 __attribute__((weak))
  60:Drivers/CMSIS/Include/cmsis_gcc.h **** #endif
  61:Drivers/CMSIS/Include/cmsis_gcc.h **** #ifndef   __PACKED
  62:Drivers/CMSIS/Include/cmsis_gcc.h ****   #define __PACKED                               __attribute__((packed, aligned(1)))
  63:Drivers/CMSIS/Include/cmsis_gcc.h **** #endif
  64:Drivers/CMSIS/Include/cmsis_gcc.h **** #ifndef   __PACKED_STRUCT
  65:Drivers/CMSIS/Include/cmsis_gcc.h ****   #define __PACKED_STRUCT                        struct __attribute__((packed, aligned(1)))
  66:Drivers/CMSIS/Include/cmsis_gcc.h **** #endif
  67:Drivers/CMSIS/Include/cmsis_gcc.h **** #ifndef   __PACKED_UNION
  68:Drivers/CMSIS/Include/cmsis_gcc.h ****   #define __PACKED_UNION                         union __attribute__((packed, aligned(1)))
  69:Drivers/CMSIS/Include/cmsis_gcc.h **** #endif
  70:Drivers/CMSIS/Include/cmsis_gcc.h **** #ifndef   __UNALIGNED_UINT32        /* deprecated */
  71:Drivers/CMSIS/Include/cmsis_gcc.h ****   #pragma GCC diagnostic push
  72:Drivers/CMSIS/Include/cmsis_gcc.h ****   #pragma GCC diagnostic ignored "-Wpacked"
  73:Drivers/CMSIS/Include/cmsis_gcc.h ****   #pragma GCC diagnostic ignored "-Wattributes"
  74:Drivers/CMSIS/Include/cmsis_gcc.h ****   struct __attribute__((packed)) T_UINT32 { uint32_t v; };
  75:Drivers/CMSIS/Include/cmsis_gcc.h ****   #pragma GCC diagnostic pop
  76:Drivers/CMSIS/Include/cmsis_gcc.h ****   #define __UNALIGNED_UINT32(x)                  (((struct T_UINT32 *)(x))->v)
  77:Drivers/CMSIS/Include/cmsis_gcc.h **** #endif
  78:Drivers/CMSIS/Include/cmsis_gcc.h **** #ifndef   __UNALIGNED_UINT16_WRITE
  79:Drivers/CMSIS/Include/cmsis_gcc.h ****   #pragma GCC diagnostic push
  80:Drivers/CMSIS/Include/cmsis_gcc.h ****   #pragma GCC diagnostic ignored "-Wpacked"
  81:Drivers/CMSIS/Include/cmsis_gcc.h ****   #pragma GCC diagnostic ignored "-Wattributes"
  82:Drivers/CMSIS/Include/cmsis_gcc.h ****   __PACKED_STRUCT T_UINT16_WRITE { uint16_t v; };
  83:Drivers/CMSIS/Include/cmsis_gcc.h ****   #pragma GCC diagnostic pop
  84:Drivers/CMSIS/Include/cmsis_gcc.h ****   #define __UNALIGNED_UINT16_WRITE(addr, val)    (void)((((struct T_UINT16_WRITE *)(void *)(addr))-
  85:Drivers/CMSIS/Include/cmsis_gcc.h **** #endif
  86:Drivers/CMSIS/Include/cmsis_gcc.h **** #ifndef   __UNALIGNED_UINT16_READ
  87:Drivers/CMSIS/Include/cmsis_gcc.h ****   #pragma GCC diagnostic push
  88:Drivers/CMSIS/Include/cmsis_gcc.h ****   #pragma GCC diagnostic ignored "-Wpacked"
  89:Drivers/CMSIS/Include/cmsis_gcc.h ****   #pragma GCC diagnostic ignored "-Wattributes"
  90:Drivers/CMSIS/Include/cmsis_gcc.h ****   __PACKED_STRUCT T_UINT16_READ { uint16_t v; };
  91:Drivers/CMSIS/Include/cmsis_gcc.h ****   #pragma GCC diagnostic pop
  92:Drivers/CMSIS/Include/cmsis_gcc.h ****   #define __UNALIGNED_UINT16_READ(addr)          (((const struct T_UINT16_READ *)(const void *)(add
  93:Drivers/CMSIS/Include/cmsis_gcc.h **** #endif
  94:Drivers/CMSIS/Include/cmsis_gcc.h **** #ifndef   __UNALIGNED_UINT32_WRITE
  95:Drivers/CMSIS/Include/cmsis_gcc.h ****   #pragma GCC diagnostic push
  96:Drivers/CMSIS/Include/cmsis_gcc.h ****   #pragma GCC diagnostic ignored "-Wpacked"
  97:Drivers/CMSIS/Include/cmsis_gcc.h ****   #pragma GCC diagnostic ignored "-Wattributes"
  98:Drivers/CMSIS/Include/cmsis_gcc.h ****   __PACKED_STRUCT T_UINT32_WRITE { uint32_t v; };
  99:Drivers/CMSIS/Include/cmsis_gcc.h ****   #pragma GCC diagnostic pop
ARM GAS  C:\Users\Miks\AppData\Local\Temp\ccm1mhzP.s 			page 39


 100:Drivers/CMSIS/Include/cmsis_gcc.h ****   #define __UNALIGNED_UINT32_WRITE(addr, val)    (void)((((struct T_UINT32_WRITE *)(void *)(addr))-
 101:Drivers/CMSIS/Include/cmsis_gcc.h **** #endif
 102:Drivers/CMSIS/Include/cmsis_gcc.h **** #ifndef   __UNALIGNED_UINT32_READ
 103:Drivers/CMSIS/Include/cmsis_gcc.h ****   #pragma GCC diagnostic push
 104:Drivers/CMSIS/Include/cmsis_gcc.h ****   #pragma GCC diagnostic ignored "-Wpacked"
 105:Drivers/CMSIS/Include/cmsis_gcc.h ****   #pragma GCC diagnostic ignored "-Wattributes"
 106:Drivers/CMSIS/Include/cmsis_gcc.h ****   __PACKED_STRUCT T_UINT32_READ { uint32_t v; };
 107:Drivers/CMSIS/Include/cmsis_gcc.h ****   #pragma GCC diagnostic pop
 108:Drivers/CMSIS/Include/cmsis_gcc.h ****   #define __UNALIGNED_UINT32_READ(addr)          (((const struct T_UINT32_READ *)(const void *)(add
 109:Drivers/CMSIS/Include/cmsis_gcc.h **** #endif
 110:Drivers/CMSIS/Include/cmsis_gcc.h **** #ifndef   __ALIGNED
 111:Drivers/CMSIS/Include/cmsis_gcc.h ****   #define __ALIGNED(x)                           __attribute__((aligned(x)))
 112:Drivers/CMSIS/Include/cmsis_gcc.h **** #endif
 113:Drivers/CMSIS/Include/cmsis_gcc.h **** #ifndef   __RESTRICT
 114:Drivers/CMSIS/Include/cmsis_gcc.h ****   #define __RESTRICT                             __restrict
 115:Drivers/CMSIS/Include/cmsis_gcc.h **** #endif
 116:Drivers/CMSIS/Include/cmsis_gcc.h **** #ifndef   __COMPILER_BARRIER
 117:Drivers/CMSIS/Include/cmsis_gcc.h ****   #define __COMPILER_BARRIER()                   __ASM volatile("":::"memory")
 118:Drivers/CMSIS/Include/cmsis_gcc.h **** #endif
 119:Drivers/CMSIS/Include/cmsis_gcc.h **** 
 120:Drivers/CMSIS/Include/cmsis_gcc.h **** /* #########################  Startup and Lowlevel Init  ######################## */
 121:Drivers/CMSIS/Include/cmsis_gcc.h **** 
 122:Drivers/CMSIS/Include/cmsis_gcc.h **** #ifndef __PROGRAM_START
 123:Drivers/CMSIS/Include/cmsis_gcc.h **** 
 124:Drivers/CMSIS/Include/cmsis_gcc.h **** /**
 125:Drivers/CMSIS/Include/cmsis_gcc.h ****   \brief   Initializes data and bss sections
 126:Drivers/CMSIS/Include/cmsis_gcc.h ****   \details This default implementations initialized all data and additional bss
 127:Drivers/CMSIS/Include/cmsis_gcc.h ****            sections relying on .copy.table and .zero.table specified properly
 128:Drivers/CMSIS/Include/cmsis_gcc.h ****            in the used linker script.
 129:Drivers/CMSIS/Include/cmsis_gcc.h **** 
 130:Drivers/CMSIS/Include/cmsis_gcc.h ****  */
 131:Drivers/CMSIS/Include/cmsis_gcc.h **** __STATIC_FORCEINLINE __NO_RETURN void __cmsis_start(void)
 132:Drivers/CMSIS/Include/cmsis_gcc.h **** {
 133:Drivers/CMSIS/Include/cmsis_gcc.h ****   extern void _start(void) __NO_RETURN;
 134:Drivers/CMSIS/Include/cmsis_gcc.h **** 
 135:Drivers/CMSIS/Include/cmsis_gcc.h ****   typedef struct {
 136:Drivers/CMSIS/Include/cmsis_gcc.h ****     uint32_t const* src;
 137:Drivers/CMSIS/Include/cmsis_gcc.h ****     uint32_t* dest;
 138:Drivers/CMSIS/Include/cmsis_gcc.h ****     uint32_t  wlen;
 139:Drivers/CMSIS/Include/cmsis_gcc.h ****   } __copy_table_t;
 140:Drivers/CMSIS/Include/cmsis_gcc.h **** 
 141:Drivers/CMSIS/Include/cmsis_gcc.h ****   typedef struct {
 142:Drivers/CMSIS/Include/cmsis_gcc.h ****     uint32_t* dest;
 143:Drivers/CMSIS/Include/cmsis_gcc.h ****     uint32_t  wlen;
 144:Drivers/CMSIS/Include/cmsis_gcc.h ****   } __zero_table_t;
 145:Drivers/CMSIS/Include/cmsis_gcc.h **** 
 146:Drivers/CMSIS/Include/cmsis_gcc.h ****   extern const __copy_table_t __copy_table_start__;
 147:Drivers/CMSIS/Include/cmsis_gcc.h ****   extern const __copy_table_t __copy_table_end__;
 148:Drivers/CMSIS/Include/cmsis_gcc.h ****   extern const __zero_table_t __zero_table_start__;
 149:Drivers/CMSIS/Include/cmsis_gcc.h ****   extern const __zero_table_t __zero_table_end__;
 150:Drivers/CMSIS/Include/cmsis_gcc.h **** 
 151:Drivers/CMSIS/Include/cmsis_gcc.h ****   for (__copy_table_t const* pTable = &__copy_table_start__; pTable < &__copy_table_end__; ++pTable
 152:Drivers/CMSIS/Include/cmsis_gcc.h ****     for(uint32_t i=0u; i<pTable->wlen; ++i) {
 153:Drivers/CMSIS/Include/cmsis_gcc.h ****       pTable->dest[i] = pTable->src[i];
 154:Drivers/CMSIS/Include/cmsis_gcc.h ****     }
 155:Drivers/CMSIS/Include/cmsis_gcc.h ****   }
 156:Drivers/CMSIS/Include/cmsis_gcc.h **** 
ARM GAS  C:\Users\Miks\AppData\Local\Temp\ccm1mhzP.s 			page 40


 157:Drivers/CMSIS/Include/cmsis_gcc.h ****   for (__zero_table_t const* pTable = &__zero_table_start__; pTable < &__zero_table_end__; ++pTable
 158:Drivers/CMSIS/Include/cmsis_gcc.h ****     for(uint32_t i=0u; i<pTable->wlen; ++i) {
 159:Drivers/CMSIS/Include/cmsis_gcc.h ****       pTable->dest[i] = 0u;
 160:Drivers/CMSIS/Include/cmsis_gcc.h ****     }
 161:Drivers/CMSIS/Include/cmsis_gcc.h ****   }
 162:Drivers/CMSIS/Include/cmsis_gcc.h **** 
 163:Drivers/CMSIS/Include/cmsis_gcc.h ****   _start();
 164:Drivers/CMSIS/Include/cmsis_gcc.h **** }
 165:Drivers/CMSIS/Include/cmsis_gcc.h **** 
 166:Drivers/CMSIS/Include/cmsis_gcc.h **** #define __PROGRAM_START           __cmsis_start
 167:Drivers/CMSIS/Include/cmsis_gcc.h **** #endif
 168:Drivers/CMSIS/Include/cmsis_gcc.h **** 
 169:Drivers/CMSIS/Include/cmsis_gcc.h **** #ifndef __INITIAL_SP
 170:Drivers/CMSIS/Include/cmsis_gcc.h **** #define __INITIAL_SP              __StackTop
 171:Drivers/CMSIS/Include/cmsis_gcc.h **** #endif
 172:Drivers/CMSIS/Include/cmsis_gcc.h **** 
 173:Drivers/CMSIS/Include/cmsis_gcc.h **** #ifndef __STACK_LIMIT
 174:Drivers/CMSIS/Include/cmsis_gcc.h **** #define __STACK_LIMIT             __StackLimit
 175:Drivers/CMSIS/Include/cmsis_gcc.h **** #endif
 176:Drivers/CMSIS/Include/cmsis_gcc.h **** 
 177:Drivers/CMSIS/Include/cmsis_gcc.h **** #ifndef __VECTOR_TABLE
 178:Drivers/CMSIS/Include/cmsis_gcc.h **** #define __VECTOR_TABLE            __Vectors
 179:Drivers/CMSIS/Include/cmsis_gcc.h **** #endif
 180:Drivers/CMSIS/Include/cmsis_gcc.h **** 
 181:Drivers/CMSIS/Include/cmsis_gcc.h **** #ifndef __VECTOR_TABLE_ATTRIBUTE
 182:Drivers/CMSIS/Include/cmsis_gcc.h **** #define __VECTOR_TABLE_ATTRIBUTE  __attribute__((used, section(".vectors")))
 183:Drivers/CMSIS/Include/cmsis_gcc.h **** #endif
 184:Drivers/CMSIS/Include/cmsis_gcc.h **** 
 185:Drivers/CMSIS/Include/cmsis_gcc.h **** #if defined (__ARM_FEATURE_CMSE) && (__ARM_FEATURE_CMSE == 3U)
 186:Drivers/CMSIS/Include/cmsis_gcc.h **** #ifndef __STACK_SEAL
 187:Drivers/CMSIS/Include/cmsis_gcc.h **** #define __STACK_SEAL              __StackSeal
 188:Drivers/CMSIS/Include/cmsis_gcc.h **** #endif
 189:Drivers/CMSIS/Include/cmsis_gcc.h **** 
 190:Drivers/CMSIS/Include/cmsis_gcc.h **** #ifndef __TZ_STACK_SEAL_SIZE
 191:Drivers/CMSIS/Include/cmsis_gcc.h **** #define __TZ_STACK_SEAL_SIZE      8U
 192:Drivers/CMSIS/Include/cmsis_gcc.h **** #endif
 193:Drivers/CMSIS/Include/cmsis_gcc.h **** 
 194:Drivers/CMSIS/Include/cmsis_gcc.h **** #ifndef __TZ_STACK_SEAL_VALUE
 195:Drivers/CMSIS/Include/cmsis_gcc.h **** #define __TZ_STACK_SEAL_VALUE     0xFEF5EDA5FEF5EDA5ULL
 196:Drivers/CMSIS/Include/cmsis_gcc.h **** #endif
 197:Drivers/CMSIS/Include/cmsis_gcc.h **** 
 198:Drivers/CMSIS/Include/cmsis_gcc.h **** 
 199:Drivers/CMSIS/Include/cmsis_gcc.h **** __STATIC_FORCEINLINE void __TZ_set_STACKSEAL_S (uint32_t* stackTop) {
 200:Drivers/CMSIS/Include/cmsis_gcc.h ****   *((uint64_t *)stackTop) = __TZ_STACK_SEAL_VALUE;
 201:Drivers/CMSIS/Include/cmsis_gcc.h **** }
 202:Drivers/CMSIS/Include/cmsis_gcc.h **** #endif
 203:Drivers/CMSIS/Include/cmsis_gcc.h **** 
 204:Drivers/CMSIS/Include/cmsis_gcc.h **** 
 205:Drivers/CMSIS/Include/cmsis_gcc.h **** /* ##########################  Core Instruction Access  ######################### */
 206:Drivers/CMSIS/Include/cmsis_gcc.h **** /** \defgroup CMSIS_Core_InstructionInterface CMSIS Core Instruction Interface
 207:Drivers/CMSIS/Include/cmsis_gcc.h ****   Access to dedicated instructions
 208:Drivers/CMSIS/Include/cmsis_gcc.h ****   @{
 209:Drivers/CMSIS/Include/cmsis_gcc.h **** */
 210:Drivers/CMSIS/Include/cmsis_gcc.h **** 
 211:Drivers/CMSIS/Include/cmsis_gcc.h **** /* Define macros for porting to both thumb1 and thumb2.
 212:Drivers/CMSIS/Include/cmsis_gcc.h ****  * For thumb1, use low register (r0-r7), specified by constraint "l"
 213:Drivers/CMSIS/Include/cmsis_gcc.h ****  * Otherwise, use general registers, specified by constraint "r" */
ARM GAS  C:\Users\Miks\AppData\Local\Temp\ccm1mhzP.s 			page 41


 214:Drivers/CMSIS/Include/cmsis_gcc.h **** #if defined (__thumb__) && !defined (__thumb2__)
 215:Drivers/CMSIS/Include/cmsis_gcc.h **** #define __CMSIS_GCC_OUT_REG(r) "=l" (r)
 216:Drivers/CMSIS/Include/cmsis_gcc.h **** #define __CMSIS_GCC_RW_REG(r) "+l" (r)
 217:Drivers/CMSIS/Include/cmsis_gcc.h **** #define __CMSIS_GCC_USE_REG(r) "l" (r)
 218:Drivers/CMSIS/Include/cmsis_gcc.h **** #else
 219:Drivers/CMSIS/Include/cmsis_gcc.h **** #define __CMSIS_GCC_OUT_REG(r) "=r" (r)
 220:Drivers/CMSIS/Include/cmsis_gcc.h **** #define __CMSIS_GCC_RW_REG(r) "+r" (r)
 221:Drivers/CMSIS/Include/cmsis_gcc.h **** #define __CMSIS_GCC_USE_REG(r) "r" (r)
 222:Drivers/CMSIS/Include/cmsis_gcc.h **** #endif
 223:Drivers/CMSIS/Include/cmsis_gcc.h **** 
 224:Drivers/CMSIS/Include/cmsis_gcc.h **** /**
 225:Drivers/CMSIS/Include/cmsis_gcc.h ****   \brief   No Operation
 226:Drivers/CMSIS/Include/cmsis_gcc.h ****   \details No Operation does nothing. This instruction can be used for code alignment purposes.
 227:Drivers/CMSIS/Include/cmsis_gcc.h ****  */
 228:Drivers/CMSIS/Include/cmsis_gcc.h **** #define __NOP()                             __ASM volatile ("nop")
 229:Drivers/CMSIS/Include/cmsis_gcc.h **** 
 230:Drivers/CMSIS/Include/cmsis_gcc.h **** /**
 231:Drivers/CMSIS/Include/cmsis_gcc.h ****   \brief   Wait For Interrupt
 232:Drivers/CMSIS/Include/cmsis_gcc.h ****   \details Wait For Interrupt is a hint instruction that suspends execution until one of a number o
 233:Drivers/CMSIS/Include/cmsis_gcc.h ****  */
 234:Drivers/CMSIS/Include/cmsis_gcc.h **** #define __WFI()                             __ASM volatile ("wfi":::"memory")
 235:Drivers/CMSIS/Include/cmsis_gcc.h **** 
 236:Drivers/CMSIS/Include/cmsis_gcc.h **** 
 237:Drivers/CMSIS/Include/cmsis_gcc.h **** /**
 238:Drivers/CMSIS/Include/cmsis_gcc.h ****   \brief   Wait For Event
 239:Drivers/CMSIS/Include/cmsis_gcc.h ****   \details Wait For Event is a hint instruction that permits the processor to enter
 240:Drivers/CMSIS/Include/cmsis_gcc.h ****            a low-power state until one of a number of events occurs.
 241:Drivers/CMSIS/Include/cmsis_gcc.h ****  */
 242:Drivers/CMSIS/Include/cmsis_gcc.h **** #define __WFE()                             __ASM volatile ("wfe":::"memory")
 243:Drivers/CMSIS/Include/cmsis_gcc.h **** 
 244:Drivers/CMSIS/Include/cmsis_gcc.h **** 
 245:Drivers/CMSIS/Include/cmsis_gcc.h **** /**
 246:Drivers/CMSIS/Include/cmsis_gcc.h ****   \brief   Send Event
 247:Drivers/CMSIS/Include/cmsis_gcc.h ****   \details Send Event is a hint instruction. It causes an event to be signaled to the CPU.
 248:Drivers/CMSIS/Include/cmsis_gcc.h ****  */
 249:Drivers/CMSIS/Include/cmsis_gcc.h **** #define __SEV()                             __ASM volatile ("sev")
 250:Drivers/CMSIS/Include/cmsis_gcc.h **** 
 251:Drivers/CMSIS/Include/cmsis_gcc.h **** 
 252:Drivers/CMSIS/Include/cmsis_gcc.h **** /**
 253:Drivers/CMSIS/Include/cmsis_gcc.h ****   \brief   Instruction Synchronization Barrier
 254:Drivers/CMSIS/Include/cmsis_gcc.h ****   \details Instruction Synchronization Barrier flushes the pipeline in the processor,
 255:Drivers/CMSIS/Include/cmsis_gcc.h ****            so that all instructions following the ISB are fetched from cache or memory,
 256:Drivers/CMSIS/Include/cmsis_gcc.h ****            after the instruction has been completed.
 257:Drivers/CMSIS/Include/cmsis_gcc.h ****  */
 258:Drivers/CMSIS/Include/cmsis_gcc.h **** __STATIC_FORCEINLINE void __ISB(void)
 259:Drivers/CMSIS/Include/cmsis_gcc.h **** {
 260:Drivers/CMSIS/Include/cmsis_gcc.h ****   __ASM volatile ("isb 0xF":::"memory");
 261:Drivers/CMSIS/Include/cmsis_gcc.h **** }
 262:Drivers/CMSIS/Include/cmsis_gcc.h **** 
 263:Drivers/CMSIS/Include/cmsis_gcc.h **** 
 264:Drivers/CMSIS/Include/cmsis_gcc.h **** /**
 265:Drivers/CMSIS/Include/cmsis_gcc.h ****   \brief   Data Synchronization Barrier
 266:Drivers/CMSIS/Include/cmsis_gcc.h ****   \details Acts as a special kind of Data Memory Barrier.
 267:Drivers/CMSIS/Include/cmsis_gcc.h ****            It completes when all explicit memory accesses before this instruction complete.
 268:Drivers/CMSIS/Include/cmsis_gcc.h ****  */
 269:Drivers/CMSIS/Include/cmsis_gcc.h **** __STATIC_FORCEINLINE void __DSB(void)
 270:Drivers/CMSIS/Include/cmsis_gcc.h **** {
ARM GAS  C:\Users\Miks\AppData\Local\Temp\ccm1mhzP.s 			page 42


 271:Drivers/CMSIS/Include/cmsis_gcc.h ****   __ASM volatile ("dsb 0xF":::"memory");
 272:Drivers/CMSIS/Include/cmsis_gcc.h **** }
 273:Drivers/CMSIS/Include/cmsis_gcc.h **** 
 274:Drivers/CMSIS/Include/cmsis_gcc.h **** 
 275:Drivers/CMSIS/Include/cmsis_gcc.h **** /**
 276:Drivers/CMSIS/Include/cmsis_gcc.h ****   \brief   Data Memory Barrier
 277:Drivers/CMSIS/Include/cmsis_gcc.h ****   \details Ensures the apparent order of the explicit memory operations before
 278:Drivers/CMSIS/Include/cmsis_gcc.h ****            and after the instruction, without ensuring their completion.
 279:Drivers/CMSIS/Include/cmsis_gcc.h ****  */
 280:Drivers/CMSIS/Include/cmsis_gcc.h **** __STATIC_FORCEINLINE void __DMB(void)
 281:Drivers/CMSIS/Include/cmsis_gcc.h **** {
 282:Drivers/CMSIS/Include/cmsis_gcc.h ****   __ASM volatile ("dmb 0xF":::"memory");
 283:Drivers/CMSIS/Include/cmsis_gcc.h **** }
 284:Drivers/CMSIS/Include/cmsis_gcc.h **** 
 285:Drivers/CMSIS/Include/cmsis_gcc.h **** 
 286:Drivers/CMSIS/Include/cmsis_gcc.h **** /**
 287:Drivers/CMSIS/Include/cmsis_gcc.h ****   \brief   Reverse byte order (32 bit)
 288:Drivers/CMSIS/Include/cmsis_gcc.h ****   \details Reverses the byte order in unsigned integer value. For example, 0x12345678 becomes 0x785
 289:Drivers/CMSIS/Include/cmsis_gcc.h ****   \param [in]    value  Value to reverse
 290:Drivers/CMSIS/Include/cmsis_gcc.h ****   \return               Reversed value
 291:Drivers/CMSIS/Include/cmsis_gcc.h ****  */
 292:Drivers/CMSIS/Include/cmsis_gcc.h **** __STATIC_FORCEINLINE uint32_t __REV(uint32_t value)
 293:Drivers/CMSIS/Include/cmsis_gcc.h **** {
 294:Drivers/CMSIS/Include/cmsis_gcc.h **** #if (__GNUC__ > 4) || (__GNUC__ == 4 && __GNUC_MINOR__ >= 5)
 295:Drivers/CMSIS/Include/cmsis_gcc.h ****   return __builtin_bswap32(value);
 296:Drivers/CMSIS/Include/cmsis_gcc.h **** #else
 297:Drivers/CMSIS/Include/cmsis_gcc.h ****   uint32_t result;
 298:Drivers/CMSIS/Include/cmsis_gcc.h **** 
 299:Drivers/CMSIS/Include/cmsis_gcc.h ****   __ASM ("rev %0, %1" : __CMSIS_GCC_OUT_REG (result) : __CMSIS_GCC_USE_REG (value) );
 300:Drivers/CMSIS/Include/cmsis_gcc.h ****   return result;
 301:Drivers/CMSIS/Include/cmsis_gcc.h **** #endif
 302:Drivers/CMSIS/Include/cmsis_gcc.h **** }
 303:Drivers/CMSIS/Include/cmsis_gcc.h **** 
 304:Drivers/CMSIS/Include/cmsis_gcc.h **** 
 305:Drivers/CMSIS/Include/cmsis_gcc.h **** /**
 306:Drivers/CMSIS/Include/cmsis_gcc.h ****   \brief   Reverse byte order (16 bit)
 307:Drivers/CMSIS/Include/cmsis_gcc.h ****   \details Reverses the byte order within each halfword of a word. For example, 0x12345678 becomes 
 308:Drivers/CMSIS/Include/cmsis_gcc.h ****   \param [in]    value  Value to reverse
 309:Drivers/CMSIS/Include/cmsis_gcc.h ****   \return               Reversed value
 310:Drivers/CMSIS/Include/cmsis_gcc.h ****  */
 311:Drivers/CMSIS/Include/cmsis_gcc.h **** __STATIC_FORCEINLINE uint32_t __REV16(uint32_t value)
 312:Drivers/CMSIS/Include/cmsis_gcc.h **** {
 313:Drivers/CMSIS/Include/cmsis_gcc.h ****   uint32_t result;
 314:Drivers/CMSIS/Include/cmsis_gcc.h **** 
 315:Drivers/CMSIS/Include/cmsis_gcc.h ****   __ASM ("rev16 %0, %1" : __CMSIS_GCC_OUT_REG (result) : __CMSIS_GCC_USE_REG (value) );
 316:Drivers/CMSIS/Include/cmsis_gcc.h ****   return result;
 317:Drivers/CMSIS/Include/cmsis_gcc.h **** }
 318:Drivers/CMSIS/Include/cmsis_gcc.h **** 
 319:Drivers/CMSIS/Include/cmsis_gcc.h **** 
 320:Drivers/CMSIS/Include/cmsis_gcc.h **** /**
 321:Drivers/CMSIS/Include/cmsis_gcc.h ****   \brief   Reverse byte order (16 bit)
 322:Drivers/CMSIS/Include/cmsis_gcc.h ****   \details Reverses the byte order in a 16-bit value and returns the signed 16-bit result. For exam
 323:Drivers/CMSIS/Include/cmsis_gcc.h ****   \param [in]    value  Value to reverse
 324:Drivers/CMSIS/Include/cmsis_gcc.h ****   \return               Reversed value
 325:Drivers/CMSIS/Include/cmsis_gcc.h ****  */
 326:Drivers/CMSIS/Include/cmsis_gcc.h **** __STATIC_FORCEINLINE int16_t __REVSH(int16_t value)
 327:Drivers/CMSIS/Include/cmsis_gcc.h **** {
ARM GAS  C:\Users\Miks\AppData\Local\Temp\ccm1mhzP.s 			page 43


 328:Drivers/CMSIS/Include/cmsis_gcc.h **** #if (__GNUC__ > 4) || (__GNUC__ == 4 && __GNUC_MINOR__ >= 8)
 329:Drivers/CMSIS/Include/cmsis_gcc.h ****   return (int16_t)__builtin_bswap16(value);
 330:Drivers/CMSIS/Include/cmsis_gcc.h **** #else
 331:Drivers/CMSIS/Include/cmsis_gcc.h ****   int16_t result;
 332:Drivers/CMSIS/Include/cmsis_gcc.h **** 
 333:Drivers/CMSIS/Include/cmsis_gcc.h ****   __ASM ("revsh %0, %1" : __CMSIS_GCC_OUT_REG (result) : __CMSIS_GCC_USE_REG (value) );
 334:Drivers/CMSIS/Include/cmsis_gcc.h ****   return result;
 335:Drivers/CMSIS/Include/cmsis_gcc.h **** #endif
 336:Drivers/CMSIS/Include/cmsis_gcc.h **** }
 337:Drivers/CMSIS/Include/cmsis_gcc.h **** 
 338:Drivers/CMSIS/Include/cmsis_gcc.h **** 
 339:Drivers/CMSIS/Include/cmsis_gcc.h **** /**
 340:Drivers/CMSIS/Include/cmsis_gcc.h ****   \brief   Rotate Right in unsigned value (32 bit)
 341:Drivers/CMSIS/Include/cmsis_gcc.h ****   \details Rotate Right (immediate) provides the value of the contents of a register rotated by a v
 342:Drivers/CMSIS/Include/cmsis_gcc.h ****   \param [in]    op1  Value to rotate
 343:Drivers/CMSIS/Include/cmsis_gcc.h ****   \param [in]    op2  Number of Bits to rotate
 344:Drivers/CMSIS/Include/cmsis_gcc.h ****   \return               Rotated value
 345:Drivers/CMSIS/Include/cmsis_gcc.h ****  */
 346:Drivers/CMSIS/Include/cmsis_gcc.h **** __STATIC_FORCEINLINE uint32_t __ROR(uint32_t op1, uint32_t op2)
 347:Drivers/CMSIS/Include/cmsis_gcc.h **** {
 348:Drivers/CMSIS/Include/cmsis_gcc.h ****   op2 %= 32U;
 349:Drivers/CMSIS/Include/cmsis_gcc.h ****   if (op2 == 0U)
 350:Drivers/CMSIS/Include/cmsis_gcc.h ****   {
 351:Drivers/CMSIS/Include/cmsis_gcc.h ****     return op1;
 352:Drivers/CMSIS/Include/cmsis_gcc.h ****   }
 353:Drivers/CMSIS/Include/cmsis_gcc.h ****   return (op1 >> op2) | (op1 << (32U - op2));
 354:Drivers/CMSIS/Include/cmsis_gcc.h **** }
 355:Drivers/CMSIS/Include/cmsis_gcc.h **** 
 356:Drivers/CMSIS/Include/cmsis_gcc.h **** 
 357:Drivers/CMSIS/Include/cmsis_gcc.h **** /**
 358:Drivers/CMSIS/Include/cmsis_gcc.h ****   \brief   Breakpoint
 359:Drivers/CMSIS/Include/cmsis_gcc.h ****   \details Causes the processor to enter Debug state.
 360:Drivers/CMSIS/Include/cmsis_gcc.h ****            Debug tools can use this to investigate system state when the instruction at a particula
 361:Drivers/CMSIS/Include/cmsis_gcc.h ****   \param [in]    value  is ignored by the processor.
 362:Drivers/CMSIS/Include/cmsis_gcc.h ****                  If required, a debugger can use it to store additional information about the break
 363:Drivers/CMSIS/Include/cmsis_gcc.h ****  */
 364:Drivers/CMSIS/Include/cmsis_gcc.h **** #define __BKPT(value)                       __ASM volatile ("bkpt "#value)
 365:Drivers/CMSIS/Include/cmsis_gcc.h **** 
 366:Drivers/CMSIS/Include/cmsis_gcc.h **** 
 367:Drivers/CMSIS/Include/cmsis_gcc.h **** /**
 368:Drivers/CMSIS/Include/cmsis_gcc.h ****   \brief   Reverse bit order of value
 369:Drivers/CMSIS/Include/cmsis_gcc.h ****   \details Reverses the bit order of the given value.
 370:Drivers/CMSIS/Include/cmsis_gcc.h ****   \param [in]    value  Value to reverse
 371:Drivers/CMSIS/Include/cmsis_gcc.h ****   \return               Reversed value
 372:Drivers/CMSIS/Include/cmsis_gcc.h ****  */
 373:Drivers/CMSIS/Include/cmsis_gcc.h **** __STATIC_FORCEINLINE uint32_t __RBIT(uint32_t value)
 374:Drivers/CMSIS/Include/cmsis_gcc.h **** {
 375:Drivers/CMSIS/Include/cmsis_gcc.h ****   uint32_t result;
 376:Drivers/CMSIS/Include/cmsis_gcc.h **** 
 377:Drivers/CMSIS/Include/cmsis_gcc.h **** #if ((defined (__ARM_ARCH_7M__      ) && (__ARM_ARCH_7M__      == 1)) || \
 378:Drivers/CMSIS/Include/cmsis_gcc.h ****      (defined (__ARM_ARCH_7EM__     ) && (__ARM_ARCH_7EM__     == 1)) || \
 379:Drivers/CMSIS/Include/cmsis_gcc.h ****      (defined (__ARM_ARCH_8M_MAIN__ ) && (__ARM_ARCH_8M_MAIN__ == 1))    )
 380:Drivers/CMSIS/Include/cmsis_gcc.h ****    __ASM ("rbit %0, %1" : "=r" (result) : "r" (value) );
 381:Drivers/CMSIS/Include/cmsis_gcc.h **** #else
 382:Drivers/CMSIS/Include/cmsis_gcc.h ****   uint32_t s = (4U /*sizeof(v)*/ * 8U) - 1U; /* extra shift needed at end */
 383:Drivers/CMSIS/Include/cmsis_gcc.h **** 
 384:Drivers/CMSIS/Include/cmsis_gcc.h ****   result = value;                      /* r will be reversed bits of v; first get LSB of v */
ARM GAS  C:\Users\Miks\AppData\Local\Temp\ccm1mhzP.s 			page 44


 385:Drivers/CMSIS/Include/cmsis_gcc.h ****   for (value >>= 1U; value != 0U; value >>= 1U)
 386:Drivers/CMSIS/Include/cmsis_gcc.h ****   {
 387:Drivers/CMSIS/Include/cmsis_gcc.h ****     result <<= 1U;
 388:Drivers/CMSIS/Include/cmsis_gcc.h ****     result |= value & 1U;
 389:Drivers/CMSIS/Include/cmsis_gcc.h ****     s--;
 390:Drivers/CMSIS/Include/cmsis_gcc.h ****   }
 391:Drivers/CMSIS/Include/cmsis_gcc.h ****   result <<= s;                        /* shift when v's highest bits are zero */
 392:Drivers/CMSIS/Include/cmsis_gcc.h **** #endif
 393:Drivers/CMSIS/Include/cmsis_gcc.h ****   return result;
 394:Drivers/CMSIS/Include/cmsis_gcc.h **** }
 395:Drivers/CMSIS/Include/cmsis_gcc.h **** 
 396:Drivers/CMSIS/Include/cmsis_gcc.h **** 
 397:Drivers/CMSIS/Include/cmsis_gcc.h **** /**
 398:Drivers/CMSIS/Include/cmsis_gcc.h ****   \brief   Count leading zeros
 399:Drivers/CMSIS/Include/cmsis_gcc.h ****   \details Counts the number of leading zeros of a data value.
 400:Drivers/CMSIS/Include/cmsis_gcc.h ****   \param [in]  value  Value to count the leading zeros
 401:Drivers/CMSIS/Include/cmsis_gcc.h ****   \return             number of leading zeros in value
 402:Drivers/CMSIS/Include/cmsis_gcc.h ****  */
 403:Drivers/CMSIS/Include/cmsis_gcc.h **** __STATIC_FORCEINLINE uint8_t __CLZ(uint32_t value)
 404:Drivers/CMSIS/Include/cmsis_gcc.h **** {
 405:Drivers/CMSIS/Include/cmsis_gcc.h ****   /* Even though __builtin_clz produces a CLZ instruction on ARM, formally
 406:Drivers/CMSIS/Include/cmsis_gcc.h ****      __builtin_clz(0) is undefined behaviour, so handle this case specially.
 407:Drivers/CMSIS/Include/cmsis_gcc.h ****      This guarantees ARM-compatible results if happening to compile on a non-ARM
 408:Drivers/CMSIS/Include/cmsis_gcc.h ****      target, and ensures the compiler doesn't decide to activate any
 409:Drivers/CMSIS/Include/cmsis_gcc.h ****      optimisations using the logic "value was passed to __builtin_clz, so it
 410:Drivers/CMSIS/Include/cmsis_gcc.h ****      is non-zero".
 411:Drivers/CMSIS/Include/cmsis_gcc.h ****      ARM GCC 7.3 and possibly earlier will optimise this test away, leaving a
 412:Drivers/CMSIS/Include/cmsis_gcc.h ****      single CLZ instruction.
 413:Drivers/CMSIS/Include/cmsis_gcc.h ****    */
 414:Drivers/CMSIS/Include/cmsis_gcc.h ****   if (value == 0U)
 415:Drivers/CMSIS/Include/cmsis_gcc.h ****   {
 416:Drivers/CMSIS/Include/cmsis_gcc.h ****     return 32U;
 417:Drivers/CMSIS/Include/cmsis_gcc.h ****   }
 418:Drivers/CMSIS/Include/cmsis_gcc.h ****   return __builtin_clz(value);
 419:Drivers/CMSIS/Include/cmsis_gcc.h **** }
 420:Drivers/CMSIS/Include/cmsis_gcc.h **** 
 421:Drivers/CMSIS/Include/cmsis_gcc.h **** 
 422:Drivers/CMSIS/Include/cmsis_gcc.h **** #if ((defined (__ARM_ARCH_7M__      ) && (__ARM_ARCH_7M__      == 1)) || \
 423:Drivers/CMSIS/Include/cmsis_gcc.h ****      (defined (__ARM_ARCH_7EM__     ) && (__ARM_ARCH_7EM__     == 1)) || \
 424:Drivers/CMSIS/Include/cmsis_gcc.h ****      (defined (__ARM_ARCH_8M_MAIN__ ) && (__ARM_ARCH_8M_MAIN__ == 1)) || \
 425:Drivers/CMSIS/Include/cmsis_gcc.h ****      (defined (__ARM_ARCH_8M_BASE__ ) && (__ARM_ARCH_8M_BASE__ == 1))    )
 426:Drivers/CMSIS/Include/cmsis_gcc.h **** /**
 427:Drivers/CMSIS/Include/cmsis_gcc.h ****   \brief   LDR Exclusive (8 bit)
 428:Drivers/CMSIS/Include/cmsis_gcc.h ****   \details Executes a exclusive LDR instruction for 8 bit value.
 429:Drivers/CMSIS/Include/cmsis_gcc.h ****   \param [in]    ptr  Pointer to data
 430:Drivers/CMSIS/Include/cmsis_gcc.h ****   \return             value of type uint8_t at (*ptr)
 431:Drivers/CMSIS/Include/cmsis_gcc.h ****  */
 432:Drivers/CMSIS/Include/cmsis_gcc.h **** __STATIC_FORCEINLINE uint8_t __LDREXB(volatile uint8_t *addr)
 433:Drivers/CMSIS/Include/cmsis_gcc.h **** {
 434:Drivers/CMSIS/Include/cmsis_gcc.h ****     uint32_t result;
 435:Drivers/CMSIS/Include/cmsis_gcc.h **** 
 436:Drivers/CMSIS/Include/cmsis_gcc.h **** #if (__GNUC__ > 4) || (__GNUC__ == 4 && __GNUC_MINOR__ >= 8)
 437:Drivers/CMSIS/Include/cmsis_gcc.h ****    __ASM volatile ("ldrexb %0, %1" : "=r" (result) : "Q" (*addr) );
 438:Drivers/CMSIS/Include/cmsis_gcc.h **** #else
 439:Drivers/CMSIS/Include/cmsis_gcc.h ****     /* Prior to GCC 4.8, "Q" will be expanded to [rx, #0] which is not
 440:Drivers/CMSIS/Include/cmsis_gcc.h ****        accepted by assembler. So has to use following less efficient pattern.
 441:Drivers/CMSIS/Include/cmsis_gcc.h ****     */
ARM GAS  C:\Users\Miks\AppData\Local\Temp\ccm1mhzP.s 			page 45


 442:Drivers/CMSIS/Include/cmsis_gcc.h ****    __ASM volatile ("ldrexb %0, [%1]" : "=r" (result) : "r" (addr) : "memory" );
 443:Drivers/CMSIS/Include/cmsis_gcc.h **** #endif
 444:Drivers/CMSIS/Include/cmsis_gcc.h ****    return ((uint8_t) result);    /* Add explicit type cast here */
 445:Drivers/CMSIS/Include/cmsis_gcc.h **** }
 446:Drivers/CMSIS/Include/cmsis_gcc.h **** 
 447:Drivers/CMSIS/Include/cmsis_gcc.h **** 
 448:Drivers/CMSIS/Include/cmsis_gcc.h **** /**
 449:Drivers/CMSIS/Include/cmsis_gcc.h ****   \brief   LDR Exclusive (16 bit)
 450:Drivers/CMSIS/Include/cmsis_gcc.h ****   \details Executes a exclusive LDR instruction for 16 bit values.
 451:Drivers/CMSIS/Include/cmsis_gcc.h ****   \param [in]    ptr  Pointer to data
 452:Drivers/CMSIS/Include/cmsis_gcc.h ****   \return        value of type uint16_t at (*ptr)
 453:Drivers/CMSIS/Include/cmsis_gcc.h ****  */
 454:Drivers/CMSIS/Include/cmsis_gcc.h **** __STATIC_FORCEINLINE uint16_t __LDREXH(volatile uint16_t *addr)
 455:Drivers/CMSIS/Include/cmsis_gcc.h **** {
 456:Drivers/CMSIS/Include/cmsis_gcc.h ****     uint32_t result;
 457:Drivers/CMSIS/Include/cmsis_gcc.h **** 
 458:Drivers/CMSIS/Include/cmsis_gcc.h **** #if (__GNUC__ > 4) || (__GNUC__ == 4 && __GNUC_MINOR__ >= 8)
 459:Drivers/CMSIS/Include/cmsis_gcc.h ****    __ASM volatile ("ldrexh %0, %1" : "=r" (result) : "Q" (*addr) );
 460:Drivers/CMSIS/Include/cmsis_gcc.h **** #else
 461:Drivers/CMSIS/Include/cmsis_gcc.h ****     /* Prior to GCC 4.8, "Q" will be expanded to [rx, #0] which is not
 462:Drivers/CMSIS/Include/cmsis_gcc.h ****        accepted by assembler. So has to use following less efficient pattern.
 463:Drivers/CMSIS/Include/cmsis_gcc.h ****     */
 464:Drivers/CMSIS/Include/cmsis_gcc.h ****    __ASM volatile ("ldrexh %0, [%1]" : "=r" (result) : "r" (addr) : "memory" );
 465:Drivers/CMSIS/Include/cmsis_gcc.h **** #endif
 466:Drivers/CMSIS/Include/cmsis_gcc.h ****    return ((uint16_t) result);    /* Add explicit type cast here */
 467:Drivers/CMSIS/Include/cmsis_gcc.h **** }
 468:Drivers/CMSIS/Include/cmsis_gcc.h **** 
 469:Drivers/CMSIS/Include/cmsis_gcc.h **** 
 470:Drivers/CMSIS/Include/cmsis_gcc.h **** /**
 471:Drivers/CMSIS/Include/cmsis_gcc.h ****   \brief   LDR Exclusive (32 bit)
 472:Drivers/CMSIS/Include/cmsis_gcc.h ****   \details Executes a exclusive LDR instruction for 32 bit values.
 473:Drivers/CMSIS/Include/cmsis_gcc.h ****   \param [in]    ptr  Pointer to data
 474:Drivers/CMSIS/Include/cmsis_gcc.h ****   \return        value of type uint32_t at (*ptr)
 475:Drivers/CMSIS/Include/cmsis_gcc.h ****  */
 476:Drivers/CMSIS/Include/cmsis_gcc.h **** __STATIC_FORCEINLINE uint32_t __LDREXW(volatile uint32_t *addr)
 477:Drivers/CMSIS/Include/cmsis_gcc.h **** {
 478:Drivers/CMSIS/Include/cmsis_gcc.h ****     uint32_t result;
 479:Drivers/CMSIS/Include/cmsis_gcc.h **** 
 480:Drivers/CMSIS/Include/cmsis_gcc.h ****    __ASM volatile ("ldrex %0, %1" : "=r" (result) : "Q" (*addr) );
 481:Drivers/CMSIS/Include/cmsis_gcc.h ****    return(result);
 482:Drivers/CMSIS/Include/cmsis_gcc.h **** }
 483:Drivers/CMSIS/Include/cmsis_gcc.h **** 
 484:Drivers/CMSIS/Include/cmsis_gcc.h **** 
 485:Drivers/CMSIS/Include/cmsis_gcc.h **** /**
 486:Drivers/CMSIS/Include/cmsis_gcc.h ****   \brief   STR Exclusive (8 bit)
 487:Drivers/CMSIS/Include/cmsis_gcc.h ****   \details Executes a exclusive STR instruction for 8 bit values.
 488:Drivers/CMSIS/Include/cmsis_gcc.h ****   \param [in]  value  Value to store
 489:Drivers/CMSIS/Include/cmsis_gcc.h ****   \param [in]    ptr  Pointer to location
 490:Drivers/CMSIS/Include/cmsis_gcc.h ****   \return          0  Function succeeded
 491:Drivers/CMSIS/Include/cmsis_gcc.h ****   \return          1  Function failed
 492:Drivers/CMSIS/Include/cmsis_gcc.h ****  */
 493:Drivers/CMSIS/Include/cmsis_gcc.h **** __STATIC_FORCEINLINE uint32_t __STREXB(uint8_t value, volatile uint8_t *addr)
 494:Drivers/CMSIS/Include/cmsis_gcc.h **** {
 495:Drivers/CMSIS/Include/cmsis_gcc.h ****    uint32_t result;
 496:Drivers/CMSIS/Include/cmsis_gcc.h **** 
 497:Drivers/CMSIS/Include/cmsis_gcc.h ****    __ASM volatile ("strexb %0, %2, %1" : "=&r" (result), "=Q" (*addr) : "r" ((uint32_t)value) );
 498:Drivers/CMSIS/Include/cmsis_gcc.h ****    return(result);
ARM GAS  C:\Users\Miks\AppData\Local\Temp\ccm1mhzP.s 			page 46


 499:Drivers/CMSIS/Include/cmsis_gcc.h **** }
 500:Drivers/CMSIS/Include/cmsis_gcc.h **** 
 501:Drivers/CMSIS/Include/cmsis_gcc.h **** 
 502:Drivers/CMSIS/Include/cmsis_gcc.h **** /**
 503:Drivers/CMSIS/Include/cmsis_gcc.h ****   \brief   STR Exclusive (16 bit)
 504:Drivers/CMSIS/Include/cmsis_gcc.h ****   \details Executes a exclusive STR instruction for 16 bit values.
 505:Drivers/CMSIS/Include/cmsis_gcc.h ****   \param [in]  value  Value to store
 506:Drivers/CMSIS/Include/cmsis_gcc.h ****   \param [in]    ptr  Pointer to location
 507:Drivers/CMSIS/Include/cmsis_gcc.h ****   \return          0  Function succeeded
 508:Drivers/CMSIS/Include/cmsis_gcc.h ****   \return          1  Function failed
 509:Drivers/CMSIS/Include/cmsis_gcc.h ****  */
 510:Drivers/CMSIS/Include/cmsis_gcc.h **** __STATIC_FORCEINLINE uint32_t __STREXH(uint16_t value, volatile uint16_t *addr)
 511:Drivers/CMSIS/Include/cmsis_gcc.h **** {
 512:Drivers/CMSIS/Include/cmsis_gcc.h ****    uint32_t result;
 513:Drivers/CMSIS/Include/cmsis_gcc.h **** 
 514:Drivers/CMSIS/Include/cmsis_gcc.h ****    __ASM volatile ("strexh %0, %2, %1" : "=&r" (result), "=Q" (*addr) : "r" ((uint32_t)value) );
 515:Drivers/CMSIS/Include/cmsis_gcc.h ****    return(result);
 516:Drivers/CMSIS/Include/cmsis_gcc.h **** }
 517:Drivers/CMSIS/Include/cmsis_gcc.h **** 
 518:Drivers/CMSIS/Include/cmsis_gcc.h **** 
 519:Drivers/CMSIS/Include/cmsis_gcc.h **** /**
 520:Drivers/CMSIS/Include/cmsis_gcc.h ****   \brief   STR Exclusive (32 bit)
 521:Drivers/CMSIS/Include/cmsis_gcc.h ****   \details Executes a exclusive STR instruction for 32 bit values.
 522:Drivers/CMSIS/Include/cmsis_gcc.h ****   \param [in]  value  Value to store
 523:Drivers/CMSIS/Include/cmsis_gcc.h ****   \param [in]    ptr  Pointer to location
 524:Drivers/CMSIS/Include/cmsis_gcc.h ****   \return          0  Function succeeded
 525:Drivers/CMSIS/Include/cmsis_gcc.h ****   \return          1  Function failed
 526:Drivers/CMSIS/Include/cmsis_gcc.h ****  */
 527:Drivers/CMSIS/Include/cmsis_gcc.h **** __STATIC_FORCEINLINE uint32_t __STREXW(uint32_t value, volatile uint32_t *addr)
 528:Drivers/CMSIS/Include/cmsis_gcc.h **** {
 529:Drivers/CMSIS/Include/cmsis_gcc.h ****    uint32_t result;
 530:Drivers/CMSIS/Include/cmsis_gcc.h **** 
 531:Drivers/CMSIS/Include/cmsis_gcc.h ****    __ASM volatile ("strex %0, %2, %1" : "=&r" (result), "=Q" (*addr) : "r" (value) );
 532:Drivers/CMSIS/Include/cmsis_gcc.h ****    return(result);
 533:Drivers/CMSIS/Include/cmsis_gcc.h **** }
 534:Drivers/CMSIS/Include/cmsis_gcc.h **** 
 535:Drivers/CMSIS/Include/cmsis_gcc.h **** 
 536:Drivers/CMSIS/Include/cmsis_gcc.h **** /**
 537:Drivers/CMSIS/Include/cmsis_gcc.h ****   \brief   Remove the exclusive lock
 538:Drivers/CMSIS/Include/cmsis_gcc.h ****   \details Removes the exclusive lock which is created by LDREX.
 539:Drivers/CMSIS/Include/cmsis_gcc.h ****  */
 540:Drivers/CMSIS/Include/cmsis_gcc.h **** __STATIC_FORCEINLINE void __CLREX(void)
 541:Drivers/CMSIS/Include/cmsis_gcc.h **** {
 542:Drivers/CMSIS/Include/cmsis_gcc.h ****   __ASM volatile ("clrex" ::: "memory");
 543:Drivers/CMSIS/Include/cmsis_gcc.h **** }
 544:Drivers/CMSIS/Include/cmsis_gcc.h **** 
 545:Drivers/CMSIS/Include/cmsis_gcc.h **** #endif /* ((defined (__ARM_ARCH_7M__      ) && (__ARM_ARCH_7M__      == 1)) || \
 546:Drivers/CMSIS/Include/cmsis_gcc.h ****            (defined (__ARM_ARCH_7EM__     ) && (__ARM_ARCH_7EM__     == 1)) || \
 547:Drivers/CMSIS/Include/cmsis_gcc.h ****            (defined (__ARM_ARCH_8M_MAIN__ ) && (__ARM_ARCH_8M_MAIN__ == 1)) || \
 548:Drivers/CMSIS/Include/cmsis_gcc.h ****            (defined (__ARM_ARCH_8M_BASE__ ) && (__ARM_ARCH_8M_BASE__ == 1))    ) */
 549:Drivers/CMSIS/Include/cmsis_gcc.h **** 
 550:Drivers/CMSIS/Include/cmsis_gcc.h **** 
 551:Drivers/CMSIS/Include/cmsis_gcc.h **** #if ((defined (__ARM_ARCH_7M__      ) && (__ARM_ARCH_7M__      == 1)) || \
 552:Drivers/CMSIS/Include/cmsis_gcc.h ****      (defined (__ARM_ARCH_7EM__     ) && (__ARM_ARCH_7EM__     == 1)) || \
 553:Drivers/CMSIS/Include/cmsis_gcc.h ****      (defined (__ARM_ARCH_8M_MAIN__ ) && (__ARM_ARCH_8M_MAIN__ == 1))    )
 554:Drivers/CMSIS/Include/cmsis_gcc.h **** /**
 555:Drivers/CMSIS/Include/cmsis_gcc.h ****   \brief   Signed Saturate
ARM GAS  C:\Users\Miks\AppData\Local\Temp\ccm1mhzP.s 			page 47


 556:Drivers/CMSIS/Include/cmsis_gcc.h ****   \details Saturates a signed value.
 557:Drivers/CMSIS/Include/cmsis_gcc.h ****   \param [in]  ARG1  Value to be saturated
 558:Drivers/CMSIS/Include/cmsis_gcc.h ****   \param [in]  ARG2  Bit position to saturate to (1..32)
 559:Drivers/CMSIS/Include/cmsis_gcc.h ****   \return             Saturated value
 560:Drivers/CMSIS/Include/cmsis_gcc.h ****  */
 561:Drivers/CMSIS/Include/cmsis_gcc.h **** #define __SSAT(ARG1, ARG2) \
 562:Drivers/CMSIS/Include/cmsis_gcc.h **** __extension__ \
 563:Drivers/CMSIS/Include/cmsis_gcc.h **** ({                          \
 564:Drivers/CMSIS/Include/cmsis_gcc.h ****   int32_t __RES, __ARG1 = (ARG1); \
 565:Drivers/CMSIS/Include/cmsis_gcc.h ****   __ASM volatile ("ssat %0, %1, %2" : "=r" (__RES) :  "I" (ARG2), "r" (__ARG1) : "cc" ); \
 566:Drivers/CMSIS/Include/cmsis_gcc.h ****   __RES; \
 567:Drivers/CMSIS/Include/cmsis_gcc.h ****  })
 568:Drivers/CMSIS/Include/cmsis_gcc.h **** 
 569:Drivers/CMSIS/Include/cmsis_gcc.h **** 
 570:Drivers/CMSIS/Include/cmsis_gcc.h **** /**
 571:Drivers/CMSIS/Include/cmsis_gcc.h ****   \brief   Unsigned Saturate
 572:Drivers/CMSIS/Include/cmsis_gcc.h ****   \details Saturates an unsigned value.
 573:Drivers/CMSIS/Include/cmsis_gcc.h ****   \param [in]  ARG1  Value to be saturated
 574:Drivers/CMSIS/Include/cmsis_gcc.h ****   \param [in]  ARG2  Bit position to saturate to (0..31)
 575:Drivers/CMSIS/Include/cmsis_gcc.h ****   \return             Saturated value
 576:Drivers/CMSIS/Include/cmsis_gcc.h ****  */
 577:Drivers/CMSIS/Include/cmsis_gcc.h **** #define __USAT(ARG1, ARG2) \
 578:Drivers/CMSIS/Include/cmsis_gcc.h **** __extension__ \
 579:Drivers/CMSIS/Include/cmsis_gcc.h **** ({                          \
 580:Drivers/CMSIS/Include/cmsis_gcc.h ****   uint32_t __RES, __ARG1 = (ARG1); \
 581:Drivers/CMSIS/Include/cmsis_gcc.h ****   __ASM volatile ("usat %0, %1, %2" : "=r" (__RES) :  "I" (ARG2), "r" (__ARG1) : "cc" ); \
 582:Drivers/CMSIS/Include/cmsis_gcc.h ****   __RES; \
 583:Drivers/CMSIS/Include/cmsis_gcc.h ****  })
 584:Drivers/CMSIS/Include/cmsis_gcc.h **** 
 585:Drivers/CMSIS/Include/cmsis_gcc.h **** 
 586:Drivers/CMSIS/Include/cmsis_gcc.h **** /**
 587:Drivers/CMSIS/Include/cmsis_gcc.h ****   \brief   Rotate Right with Extend (32 bit)
 588:Drivers/CMSIS/Include/cmsis_gcc.h ****   \details Moves each bit of a bitstring right by one bit.
 589:Drivers/CMSIS/Include/cmsis_gcc.h ****            The carry input is shifted in at the left end of the bitstring.
 590:Drivers/CMSIS/Include/cmsis_gcc.h ****   \param [in]    value  Value to rotate
 591:Drivers/CMSIS/Include/cmsis_gcc.h ****   \return               Rotated value
 592:Drivers/CMSIS/Include/cmsis_gcc.h ****  */
 593:Drivers/CMSIS/Include/cmsis_gcc.h **** __STATIC_FORCEINLINE uint32_t __RRX(uint32_t value)
 594:Drivers/CMSIS/Include/cmsis_gcc.h **** {
 595:Drivers/CMSIS/Include/cmsis_gcc.h ****   uint32_t result;
 596:Drivers/CMSIS/Include/cmsis_gcc.h **** 
 597:Drivers/CMSIS/Include/cmsis_gcc.h ****   __ASM volatile ("rrx %0, %1" : __CMSIS_GCC_OUT_REG (result) : __CMSIS_GCC_USE_REG (value) );
 598:Drivers/CMSIS/Include/cmsis_gcc.h ****   return(result);
 599:Drivers/CMSIS/Include/cmsis_gcc.h **** }
 600:Drivers/CMSIS/Include/cmsis_gcc.h **** 
 601:Drivers/CMSIS/Include/cmsis_gcc.h **** 
 602:Drivers/CMSIS/Include/cmsis_gcc.h **** /**
 603:Drivers/CMSIS/Include/cmsis_gcc.h ****   \brief   LDRT Unprivileged (8 bit)
 604:Drivers/CMSIS/Include/cmsis_gcc.h ****   \details Executes a Unprivileged LDRT instruction for 8 bit value.
 605:Drivers/CMSIS/Include/cmsis_gcc.h ****   \param [in]    ptr  Pointer to data
 606:Drivers/CMSIS/Include/cmsis_gcc.h ****   \return             value of type uint8_t at (*ptr)
 607:Drivers/CMSIS/Include/cmsis_gcc.h ****  */
 608:Drivers/CMSIS/Include/cmsis_gcc.h **** __STATIC_FORCEINLINE uint8_t __LDRBT(volatile uint8_t *ptr)
 609:Drivers/CMSIS/Include/cmsis_gcc.h **** {
 610:Drivers/CMSIS/Include/cmsis_gcc.h ****     uint32_t result;
 611:Drivers/CMSIS/Include/cmsis_gcc.h **** 
 612:Drivers/CMSIS/Include/cmsis_gcc.h **** #if (__GNUC__ > 4) || (__GNUC__ == 4 && __GNUC_MINOR__ >= 8)
ARM GAS  C:\Users\Miks\AppData\Local\Temp\ccm1mhzP.s 			page 48


 613:Drivers/CMSIS/Include/cmsis_gcc.h ****    __ASM volatile ("ldrbt %0, %1" : "=r" (result) : "Q" (*ptr) );
 614:Drivers/CMSIS/Include/cmsis_gcc.h **** #else
 615:Drivers/CMSIS/Include/cmsis_gcc.h ****     /* Prior to GCC 4.8, "Q" will be expanded to [rx, #0] which is not
 616:Drivers/CMSIS/Include/cmsis_gcc.h ****        accepted by assembler. So has to use following less efficient pattern.
 617:Drivers/CMSIS/Include/cmsis_gcc.h ****     */
 618:Drivers/CMSIS/Include/cmsis_gcc.h ****    __ASM volatile ("ldrbt %0, [%1]" : "=r" (result) : "r" (ptr) : "memory" );
 619:Drivers/CMSIS/Include/cmsis_gcc.h **** #endif
 620:Drivers/CMSIS/Include/cmsis_gcc.h ****    return ((uint8_t) result);    /* Add explicit type cast here */
 621:Drivers/CMSIS/Include/cmsis_gcc.h **** }
 622:Drivers/CMSIS/Include/cmsis_gcc.h **** 
 623:Drivers/CMSIS/Include/cmsis_gcc.h **** 
 624:Drivers/CMSIS/Include/cmsis_gcc.h **** /**
 625:Drivers/CMSIS/Include/cmsis_gcc.h ****   \brief   LDRT Unprivileged (16 bit)
 626:Drivers/CMSIS/Include/cmsis_gcc.h ****   \details Executes a Unprivileged LDRT instruction for 16 bit values.
 627:Drivers/CMSIS/Include/cmsis_gcc.h ****   \param [in]    ptr  Pointer to data
 628:Drivers/CMSIS/Include/cmsis_gcc.h ****   \return        value of type uint16_t at (*ptr)
 629:Drivers/CMSIS/Include/cmsis_gcc.h ****  */
 630:Drivers/CMSIS/Include/cmsis_gcc.h **** __STATIC_FORCEINLINE uint16_t __LDRHT(volatile uint16_t *ptr)
 631:Drivers/CMSIS/Include/cmsis_gcc.h **** {
 632:Drivers/CMSIS/Include/cmsis_gcc.h ****     uint32_t result;
 633:Drivers/CMSIS/Include/cmsis_gcc.h **** 
 634:Drivers/CMSIS/Include/cmsis_gcc.h **** #if (__GNUC__ > 4) || (__GNUC__ == 4 && __GNUC_MINOR__ >= 8)
 635:Drivers/CMSIS/Include/cmsis_gcc.h ****    __ASM volatile ("ldrht %0, %1" : "=r" (result) : "Q" (*ptr) );
 636:Drivers/CMSIS/Include/cmsis_gcc.h **** #else
 637:Drivers/CMSIS/Include/cmsis_gcc.h ****     /* Prior to GCC 4.8, "Q" will be expanded to [rx, #0] which is not
 638:Drivers/CMSIS/Include/cmsis_gcc.h ****        accepted by assembler. So has to use following less efficient pattern.
 639:Drivers/CMSIS/Include/cmsis_gcc.h ****     */
 640:Drivers/CMSIS/Include/cmsis_gcc.h ****    __ASM volatile ("ldrht %0, [%1]" : "=r" (result) : "r" (ptr) : "memory" );
 641:Drivers/CMSIS/Include/cmsis_gcc.h **** #endif
 642:Drivers/CMSIS/Include/cmsis_gcc.h ****    return ((uint16_t) result);    /* Add explicit type cast here */
 643:Drivers/CMSIS/Include/cmsis_gcc.h **** }
 644:Drivers/CMSIS/Include/cmsis_gcc.h **** 
 645:Drivers/CMSIS/Include/cmsis_gcc.h **** 
 646:Drivers/CMSIS/Include/cmsis_gcc.h **** /**
 647:Drivers/CMSIS/Include/cmsis_gcc.h ****   \brief   LDRT Unprivileged (32 bit)
 648:Drivers/CMSIS/Include/cmsis_gcc.h ****   \details Executes a Unprivileged LDRT instruction for 32 bit values.
 649:Drivers/CMSIS/Include/cmsis_gcc.h ****   \param [in]    ptr  Pointer to data
 650:Drivers/CMSIS/Include/cmsis_gcc.h ****   \return        value of type uint32_t at (*ptr)
 651:Drivers/CMSIS/Include/cmsis_gcc.h ****  */
 652:Drivers/CMSIS/Include/cmsis_gcc.h **** __STATIC_FORCEINLINE uint32_t __LDRT(volatile uint32_t *ptr)
 653:Drivers/CMSIS/Include/cmsis_gcc.h **** {
 654:Drivers/CMSIS/Include/cmsis_gcc.h ****     uint32_t result;
 655:Drivers/CMSIS/Include/cmsis_gcc.h **** 
 656:Drivers/CMSIS/Include/cmsis_gcc.h ****    __ASM volatile ("ldrt %0, %1" : "=r" (result) : "Q" (*ptr) );
 657:Drivers/CMSIS/Include/cmsis_gcc.h ****    return(result);
 658:Drivers/CMSIS/Include/cmsis_gcc.h **** }
 659:Drivers/CMSIS/Include/cmsis_gcc.h **** 
 660:Drivers/CMSIS/Include/cmsis_gcc.h **** 
 661:Drivers/CMSIS/Include/cmsis_gcc.h **** /**
 662:Drivers/CMSIS/Include/cmsis_gcc.h ****   \brief   STRT Unprivileged (8 bit)
 663:Drivers/CMSIS/Include/cmsis_gcc.h ****   \details Executes a Unprivileged STRT instruction for 8 bit values.
 664:Drivers/CMSIS/Include/cmsis_gcc.h ****   \param [in]  value  Value to store
 665:Drivers/CMSIS/Include/cmsis_gcc.h ****   \param [in]    ptr  Pointer to location
 666:Drivers/CMSIS/Include/cmsis_gcc.h ****  */
 667:Drivers/CMSIS/Include/cmsis_gcc.h **** __STATIC_FORCEINLINE void __STRBT(uint8_t value, volatile uint8_t *ptr)
 668:Drivers/CMSIS/Include/cmsis_gcc.h **** {
 669:Drivers/CMSIS/Include/cmsis_gcc.h ****    __ASM volatile ("strbt %1, %0" : "=Q" (*ptr) : "r" ((uint32_t)value) );
ARM GAS  C:\Users\Miks\AppData\Local\Temp\ccm1mhzP.s 			page 49


 670:Drivers/CMSIS/Include/cmsis_gcc.h **** }
 671:Drivers/CMSIS/Include/cmsis_gcc.h **** 
 672:Drivers/CMSIS/Include/cmsis_gcc.h **** 
 673:Drivers/CMSIS/Include/cmsis_gcc.h **** /**
 674:Drivers/CMSIS/Include/cmsis_gcc.h ****   \brief   STRT Unprivileged (16 bit)
 675:Drivers/CMSIS/Include/cmsis_gcc.h ****   \details Executes a Unprivileged STRT instruction for 16 bit values.
 676:Drivers/CMSIS/Include/cmsis_gcc.h ****   \param [in]  value  Value to store
 677:Drivers/CMSIS/Include/cmsis_gcc.h ****   \param [in]    ptr  Pointer to location
 678:Drivers/CMSIS/Include/cmsis_gcc.h ****  */
 679:Drivers/CMSIS/Include/cmsis_gcc.h **** __STATIC_FORCEINLINE void __STRHT(uint16_t value, volatile uint16_t *ptr)
 680:Drivers/CMSIS/Include/cmsis_gcc.h **** {
 681:Drivers/CMSIS/Include/cmsis_gcc.h ****    __ASM volatile ("strht %1, %0" : "=Q" (*ptr) : "r" ((uint32_t)value) );
 682:Drivers/CMSIS/Include/cmsis_gcc.h **** }
 683:Drivers/CMSIS/Include/cmsis_gcc.h **** 
 684:Drivers/CMSIS/Include/cmsis_gcc.h **** 
 685:Drivers/CMSIS/Include/cmsis_gcc.h **** /**
 686:Drivers/CMSIS/Include/cmsis_gcc.h ****   \brief   STRT Unprivileged (32 bit)
 687:Drivers/CMSIS/Include/cmsis_gcc.h ****   \details Executes a Unprivileged STRT instruction for 32 bit values.
 688:Drivers/CMSIS/Include/cmsis_gcc.h ****   \param [in]  value  Value to store
 689:Drivers/CMSIS/Include/cmsis_gcc.h ****   \param [in]    ptr  Pointer to location
 690:Drivers/CMSIS/Include/cmsis_gcc.h ****  */
 691:Drivers/CMSIS/Include/cmsis_gcc.h **** __STATIC_FORCEINLINE void __STRT(uint32_t value, volatile uint32_t *ptr)
 692:Drivers/CMSIS/Include/cmsis_gcc.h **** {
 693:Drivers/CMSIS/Include/cmsis_gcc.h ****    __ASM volatile ("strt %1, %0" : "=Q" (*ptr) : "r" (value) );
 694:Drivers/CMSIS/Include/cmsis_gcc.h **** }
 695:Drivers/CMSIS/Include/cmsis_gcc.h **** 
 696:Drivers/CMSIS/Include/cmsis_gcc.h **** #else  /* ((defined (__ARM_ARCH_7M__      ) && (__ARM_ARCH_7M__      == 1)) || \
 697:Drivers/CMSIS/Include/cmsis_gcc.h ****            (defined (__ARM_ARCH_7EM__     ) && (__ARM_ARCH_7EM__     == 1)) || \
 698:Drivers/CMSIS/Include/cmsis_gcc.h ****            (defined (__ARM_ARCH_8M_MAIN__ ) && (__ARM_ARCH_8M_MAIN__ == 1))    ) */
 699:Drivers/CMSIS/Include/cmsis_gcc.h **** 
 700:Drivers/CMSIS/Include/cmsis_gcc.h **** /**
 701:Drivers/CMSIS/Include/cmsis_gcc.h ****   \brief   Signed Saturate
 702:Drivers/CMSIS/Include/cmsis_gcc.h ****   \details Saturates a signed value.
 703:Drivers/CMSIS/Include/cmsis_gcc.h ****   \param [in]  value  Value to be saturated
 704:Drivers/CMSIS/Include/cmsis_gcc.h ****   \param [in]    sat  Bit position to saturate to (1..32)
 705:Drivers/CMSIS/Include/cmsis_gcc.h ****   \return             Saturated value
 706:Drivers/CMSIS/Include/cmsis_gcc.h ****  */
 707:Drivers/CMSIS/Include/cmsis_gcc.h **** __STATIC_FORCEINLINE int32_t __SSAT(int32_t val, uint32_t sat)
 708:Drivers/CMSIS/Include/cmsis_gcc.h **** {
 709:Drivers/CMSIS/Include/cmsis_gcc.h ****   if ((sat >= 1U) && (sat <= 32U))
 710:Drivers/CMSIS/Include/cmsis_gcc.h ****   {
 711:Drivers/CMSIS/Include/cmsis_gcc.h ****     const int32_t max = (int32_t)((1U << (sat - 1U)) - 1U);
 712:Drivers/CMSIS/Include/cmsis_gcc.h ****     const int32_t min = -1 - max ;
 713:Drivers/CMSIS/Include/cmsis_gcc.h ****     if (val > max)
 714:Drivers/CMSIS/Include/cmsis_gcc.h ****     {
 715:Drivers/CMSIS/Include/cmsis_gcc.h ****       return max;
 716:Drivers/CMSIS/Include/cmsis_gcc.h ****     }
 717:Drivers/CMSIS/Include/cmsis_gcc.h ****     else if (val < min)
 718:Drivers/CMSIS/Include/cmsis_gcc.h ****     {
 719:Drivers/CMSIS/Include/cmsis_gcc.h ****       return min;
 720:Drivers/CMSIS/Include/cmsis_gcc.h ****     }
 721:Drivers/CMSIS/Include/cmsis_gcc.h ****   }
 722:Drivers/CMSIS/Include/cmsis_gcc.h ****   return val;
 723:Drivers/CMSIS/Include/cmsis_gcc.h **** }
 724:Drivers/CMSIS/Include/cmsis_gcc.h **** 
 725:Drivers/CMSIS/Include/cmsis_gcc.h **** /**
 726:Drivers/CMSIS/Include/cmsis_gcc.h ****   \brief   Unsigned Saturate
ARM GAS  C:\Users\Miks\AppData\Local\Temp\ccm1mhzP.s 			page 50


 727:Drivers/CMSIS/Include/cmsis_gcc.h ****   \details Saturates an unsigned value.
 728:Drivers/CMSIS/Include/cmsis_gcc.h ****   \param [in]  value  Value to be saturated
 729:Drivers/CMSIS/Include/cmsis_gcc.h ****   \param [in]    sat  Bit position to saturate to (0..31)
 730:Drivers/CMSIS/Include/cmsis_gcc.h ****   \return             Saturated value
 731:Drivers/CMSIS/Include/cmsis_gcc.h ****  */
 732:Drivers/CMSIS/Include/cmsis_gcc.h **** __STATIC_FORCEINLINE uint32_t __USAT(int32_t val, uint32_t sat)
 733:Drivers/CMSIS/Include/cmsis_gcc.h **** {
 734:Drivers/CMSIS/Include/cmsis_gcc.h ****   if (sat <= 31U)
 735:Drivers/CMSIS/Include/cmsis_gcc.h ****   {
 736:Drivers/CMSIS/Include/cmsis_gcc.h ****     const uint32_t max = ((1U << sat) - 1U);
 737:Drivers/CMSIS/Include/cmsis_gcc.h ****     if (val > (int32_t)max)
 738:Drivers/CMSIS/Include/cmsis_gcc.h ****     {
 739:Drivers/CMSIS/Include/cmsis_gcc.h ****       return max;
 740:Drivers/CMSIS/Include/cmsis_gcc.h ****     }
 741:Drivers/CMSIS/Include/cmsis_gcc.h ****     else if (val < 0)
 742:Drivers/CMSIS/Include/cmsis_gcc.h ****     {
 743:Drivers/CMSIS/Include/cmsis_gcc.h ****       return 0U;
 744:Drivers/CMSIS/Include/cmsis_gcc.h ****     }
 745:Drivers/CMSIS/Include/cmsis_gcc.h ****   }
 746:Drivers/CMSIS/Include/cmsis_gcc.h ****   return (uint32_t)val;
 747:Drivers/CMSIS/Include/cmsis_gcc.h **** }
 748:Drivers/CMSIS/Include/cmsis_gcc.h **** 
 749:Drivers/CMSIS/Include/cmsis_gcc.h **** #endif /* ((defined (__ARM_ARCH_7M__      ) && (__ARM_ARCH_7M__      == 1)) || \
 750:Drivers/CMSIS/Include/cmsis_gcc.h ****            (defined (__ARM_ARCH_7EM__     ) && (__ARM_ARCH_7EM__     == 1)) || \
 751:Drivers/CMSIS/Include/cmsis_gcc.h ****            (defined (__ARM_ARCH_8M_MAIN__ ) && (__ARM_ARCH_8M_MAIN__ == 1))    ) */
 752:Drivers/CMSIS/Include/cmsis_gcc.h **** 
 753:Drivers/CMSIS/Include/cmsis_gcc.h **** 
 754:Drivers/CMSIS/Include/cmsis_gcc.h **** #if ((defined (__ARM_ARCH_8M_MAIN__ ) && (__ARM_ARCH_8M_MAIN__ == 1)) || \
 755:Drivers/CMSIS/Include/cmsis_gcc.h ****      (defined (__ARM_ARCH_8M_BASE__ ) && (__ARM_ARCH_8M_BASE__ == 1))    )
 756:Drivers/CMSIS/Include/cmsis_gcc.h **** /**
 757:Drivers/CMSIS/Include/cmsis_gcc.h ****   \brief   Load-Acquire (8 bit)
 758:Drivers/CMSIS/Include/cmsis_gcc.h ****   \details Executes a LDAB instruction for 8 bit value.
 759:Drivers/CMSIS/Include/cmsis_gcc.h ****   \param [in]    ptr  Pointer to data
 760:Drivers/CMSIS/Include/cmsis_gcc.h ****   \return             value of type uint8_t at (*ptr)
 761:Drivers/CMSIS/Include/cmsis_gcc.h ****  */
 762:Drivers/CMSIS/Include/cmsis_gcc.h **** __STATIC_FORCEINLINE uint8_t __LDAB(volatile uint8_t *ptr)
 763:Drivers/CMSIS/Include/cmsis_gcc.h **** {
 764:Drivers/CMSIS/Include/cmsis_gcc.h ****     uint32_t result;
 765:Drivers/CMSIS/Include/cmsis_gcc.h **** 
 766:Drivers/CMSIS/Include/cmsis_gcc.h ****    __ASM volatile ("ldab %0, %1" : "=r" (result) : "Q" (*ptr) : "memory" );
 767:Drivers/CMSIS/Include/cmsis_gcc.h ****    return ((uint8_t) result);
 768:Drivers/CMSIS/Include/cmsis_gcc.h **** }
 769:Drivers/CMSIS/Include/cmsis_gcc.h **** 
 770:Drivers/CMSIS/Include/cmsis_gcc.h **** 
 771:Drivers/CMSIS/Include/cmsis_gcc.h **** /**
 772:Drivers/CMSIS/Include/cmsis_gcc.h ****   \brief   Load-Acquire (16 bit)
 773:Drivers/CMSIS/Include/cmsis_gcc.h ****   \details Executes a LDAH instruction for 16 bit values.
 774:Drivers/CMSIS/Include/cmsis_gcc.h ****   \param [in]    ptr  Pointer to data
 775:Drivers/CMSIS/Include/cmsis_gcc.h ****   \return        value of type uint16_t at (*ptr)
 776:Drivers/CMSIS/Include/cmsis_gcc.h ****  */
 777:Drivers/CMSIS/Include/cmsis_gcc.h **** __STATIC_FORCEINLINE uint16_t __LDAH(volatile uint16_t *ptr)
 778:Drivers/CMSIS/Include/cmsis_gcc.h **** {
 779:Drivers/CMSIS/Include/cmsis_gcc.h ****     uint32_t result;
 780:Drivers/CMSIS/Include/cmsis_gcc.h **** 
 781:Drivers/CMSIS/Include/cmsis_gcc.h ****    __ASM volatile ("ldah %0, %1" : "=r" (result) : "Q" (*ptr) : "memory" );
 782:Drivers/CMSIS/Include/cmsis_gcc.h ****    return ((uint16_t) result);
 783:Drivers/CMSIS/Include/cmsis_gcc.h **** }
ARM GAS  C:\Users\Miks\AppData\Local\Temp\ccm1mhzP.s 			page 51


 784:Drivers/CMSIS/Include/cmsis_gcc.h **** 
 785:Drivers/CMSIS/Include/cmsis_gcc.h **** 
 786:Drivers/CMSIS/Include/cmsis_gcc.h **** /**
 787:Drivers/CMSIS/Include/cmsis_gcc.h ****   \brief   Load-Acquire (32 bit)
 788:Drivers/CMSIS/Include/cmsis_gcc.h ****   \details Executes a LDA instruction for 32 bit values.
 789:Drivers/CMSIS/Include/cmsis_gcc.h ****   \param [in]    ptr  Pointer to data
 790:Drivers/CMSIS/Include/cmsis_gcc.h ****   \return        value of type uint32_t at (*ptr)
 791:Drivers/CMSIS/Include/cmsis_gcc.h ****  */
 792:Drivers/CMSIS/Include/cmsis_gcc.h **** __STATIC_FORCEINLINE uint32_t __LDA(volatile uint32_t *ptr)
 793:Drivers/CMSIS/Include/cmsis_gcc.h **** {
 794:Drivers/CMSIS/Include/cmsis_gcc.h ****     uint32_t result;
 795:Drivers/CMSIS/Include/cmsis_gcc.h **** 
 796:Drivers/CMSIS/Include/cmsis_gcc.h ****    __ASM volatile ("lda %0, %1" : "=r" (result) : "Q" (*ptr) : "memory" );
 797:Drivers/CMSIS/Include/cmsis_gcc.h ****    return(result);
 798:Drivers/CMSIS/Include/cmsis_gcc.h **** }
 799:Drivers/CMSIS/Include/cmsis_gcc.h **** 
 800:Drivers/CMSIS/Include/cmsis_gcc.h **** 
 801:Drivers/CMSIS/Include/cmsis_gcc.h **** /**
 802:Drivers/CMSIS/Include/cmsis_gcc.h ****   \brief   Store-Release (8 bit)
 803:Drivers/CMSIS/Include/cmsis_gcc.h ****   \details Executes a STLB instruction for 8 bit values.
 804:Drivers/CMSIS/Include/cmsis_gcc.h ****   \param [in]  value  Value to store
 805:Drivers/CMSIS/Include/cmsis_gcc.h ****   \param [in]    ptr  Pointer to location
 806:Drivers/CMSIS/Include/cmsis_gcc.h ****  */
 807:Drivers/CMSIS/Include/cmsis_gcc.h **** __STATIC_FORCEINLINE void __STLB(uint8_t value, volatile uint8_t *ptr)
 808:Drivers/CMSIS/Include/cmsis_gcc.h **** {
 809:Drivers/CMSIS/Include/cmsis_gcc.h ****    __ASM volatile ("stlb %1, %0" : "=Q" (*ptr) : "r" ((uint32_t)value) : "memory" );
 810:Drivers/CMSIS/Include/cmsis_gcc.h **** }
 811:Drivers/CMSIS/Include/cmsis_gcc.h **** 
 812:Drivers/CMSIS/Include/cmsis_gcc.h **** 
 813:Drivers/CMSIS/Include/cmsis_gcc.h **** /**
 814:Drivers/CMSIS/Include/cmsis_gcc.h ****   \brief   Store-Release (16 bit)
 815:Drivers/CMSIS/Include/cmsis_gcc.h ****   \details Executes a STLH instruction for 16 bit values.
 816:Drivers/CMSIS/Include/cmsis_gcc.h ****   \param [in]  value  Value to store
 817:Drivers/CMSIS/Include/cmsis_gcc.h ****   \param [in]    ptr  Pointer to location
 818:Drivers/CMSIS/Include/cmsis_gcc.h ****  */
 819:Drivers/CMSIS/Include/cmsis_gcc.h **** __STATIC_FORCEINLINE void __STLH(uint16_t value, volatile uint16_t *ptr)
 820:Drivers/CMSIS/Include/cmsis_gcc.h **** {
 821:Drivers/CMSIS/Include/cmsis_gcc.h ****    __ASM volatile ("stlh %1, %0" : "=Q" (*ptr) : "r" ((uint32_t)value) : "memory" );
 822:Drivers/CMSIS/Include/cmsis_gcc.h **** }
 823:Drivers/CMSIS/Include/cmsis_gcc.h **** 
 824:Drivers/CMSIS/Include/cmsis_gcc.h **** 
 825:Drivers/CMSIS/Include/cmsis_gcc.h **** /**
 826:Drivers/CMSIS/Include/cmsis_gcc.h ****   \brief   Store-Release (32 bit)
 827:Drivers/CMSIS/Include/cmsis_gcc.h ****   \details Executes a STL instruction for 32 bit values.
 828:Drivers/CMSIS/Include/cmsis_gcc.h ****   \param [in]  value  Value to store
 829:Drivers/CMSIS/Include/cmsis_gcc.h ****   \param [in]    ptr  Pointer to location
 830:Drivers/CMSIS/Include/cmsis_gcc.h ****  */
 831:Drivers/CMSIS/Include/cmsis_gcc.h **** __STATIC_FORCEINLINE void __STL(uint32_t value, volatile uint32_t *ptr)
 832:Drivers/CMSIS/Include/cmsis_gcc.h **** {
 833:Drivers/CMSIS/Include/cmsis_gcc.h ****    __ASM volatile ("stl %1, %0" : "=Q" (*ptr) : "r" ((uint32_t)value) : "memory" );
 834:Drivers/CMSIS/Include/cmsis_gcc.h **** }
 835:Drivers/CMSIS/Include/cmsis_gcc.h **** 
 836:Drivers/CMSIS/Include/cmsis_gcc.h **** 
 837:Drivers/CMSIS/Include/cmsis_gcc.h **** /**
 838:Drivers/CMSIS/Include/cmsis_gcc.h ****   \brief   Load-Acquire Exclusive (8 bit)
 839:Drivers/CMSIS/Include/cmsis_gcc.h ****   \details Executes a LDAB exclusive instruction for 8 bit value.
 840:Drivers/CMSIS/Include/cmsis_gcc.h ****   \param [in]    ptr  Pointer to data
ARM GAS  C:\Users\Miks\AppData\Local\Temp\ccm1mhzP.s 			page 52


 841:Drivers/CMSIS/Include/cmsis_gcc.h ****   \return             value of type uint8_t at (*ptr)
 842:Drivers/CMSIS/Include/cmsis_gcc.h ****  */
 843:Drivers/CMSIS/Include/cmsis_gcc.h **** __STATIC_FORCEINLINE uint8_t __LDAEXB(volatile uint8_t *ptr)
 844:Drivers/CMSIS/Include/cmsis_gcc.h **** {
 845:Drivers/CMSIS/Include/cmsis_gcc.h ****     uint32_t result;
 846:Drivers/CMSIS/Include/cmsis_gcc.h **** 
 847:Drivers/CMSIS/Include/cmsis_gcc.h ****    __ASM volatile ("ldaexb %0, %1" : "=r" (result) : "Q" (*ptr) : "memory" );
 848:Drivers/CMSIS/Include/cmsis_gcc.h ****    return ((uint8_t) result);
 849:Drivers/CMSIS/Include/cmsis_gcc.h **** }
 850:Drivers/CMSIS/Include/cmsis_gcc.h **** 
 851:Drivers/CMSIS/Include/cmsis_gcc.h **** 
 852:Drivers/CMSIS/Include/cmsis_gcc.h **** /**
 853:Drivers/CMSIS/Include/cmsis_gcc.h ****   \brief   Load-Acquire Exclusive (16 bit)
 854:Drivers/CMSIS/Include/cmsis_gcc.h ****   \details Executes a LDAH exclusive instruction for 16 bit values.
 855:Drivers/CMSIS/Include/cmsis_gcc.h ****   \param [in]    ptr  Pointer to data
 856:Drivers/CMSIS/Include/cmsis_gcc.h ****   \return        value of type uint16_t at (*ptr)
 857:Drivers/CMSIS/Include/cmsis_gcc.h ****  */
 858:Drivers/CMSIS/Include/cmsis_gcc.h **** __STATIC_FORCEINLINE uint16_t __LDAEXH(volatile uint16_t *ptr)
 859:Drivers/CMSIS/Include/cmsis_gcc.h **** {
 860:Drivers/CMSIS/Include/cmsis_gcc.h ****     uint32_t result;
 861:Drivers/CMSIS/Include/cmsis_gcc.h **** 
 862:Drivers/CMSIS/Include/cmsis_gcc.h ****    __ASM volatile ("ldaexh %0, %1" : "=r" (result) : "Q" (*ptr) : "memory" );
 863:Drivers/CMSIS/Include/cmsis_gcc.h ****    return ((uint16_t) result);
 864:Drivers/CMSIS/Include/cmsis_gcc.h **** }
 865:Drivers/CMSIS/Include/cmsis_gcc.h **** 
 866:Drivers/CMSIS/Include/cmsis_gcc.h **** 
 867:Drivers/CMSIS/Include/cmsis_gcc.h **** /**
 868:Drivers/CMSIS/Include/cmsis_gcc.h ****   \brief   Load-Acquire Exclusive (32 bit)
 869:Drivers/CMSIS/Include/cmsis_gcc.h ****   \details Executes a LDA exclusive instruction for 32 bit values.
 870:Drivers/CMSIS/Include/cmsis_gcc.h ****   \param [in]    ptr  Pointer to data
 871:Drivers/CMSIS/Include/cmsis_gcc.h ****   \return        value of type uint32_t at (*ptr)
 872:Drivers/CMSIS/Include/cmsis_gcc.h ****  */
 873:Drivers/CMSIS/Include/cmsis_gcc.h **** __STATIC_FORCEINLINE uint32_t __LDAEX(volatile uint32_t *ptr)
 874:Drivers/CMSIS/Include/cmsis_gcc.h **** {
 875:Drivers/CMSIS/Include/cmsis_gcc.h ****     uint32_t result;
 876:Drivers/CMSIS/Include/cmsis_gcc.h **** 
 877:Drivers/CMSIS/Include/cmsis_gcc.h ****    __ASM volatile ("ldaex %0, %1" : "=r" (result) : "Q" (*ptr) : "memory" );
 878:Drivers/CMSIS/Include/cmsis_gcc.h ****    return(result);
 879:Drivers/CMSIS/Include/cmsis_gcc.h **** }
 880:Drivers/CMSIS/Include/cmsis_gcc.h **** 
 881:Drivers/CMSIS/Include/cmsis_gcc.h **** 
 882:Drivers/CMSIS/Include/cmsis_gcc.h **** /**
 883:Drivers/CMSIS/Include/cmsis_gcc.h ****   \brief   Store-Release Exclusive (8 bit)
 884:Drivers/CMSIS/Include/cmsis_gcc.h ****   \details Executes a STLB exclusive instruction for 8 bit values.
 885:Drivers/CMSIS/Include/cmsis_gcc.h ****   \param [in]  value  Value to store
 886:Drivers/CMSIS/Include/cmsis_gcc.h ****   \param [in]    ptr  Pointer to location
 887:Drivers/CMSIS/Include/cmsis_gcc.h ****   \return          0  Function succeeded
 888:Drivers/CMSIS/Include/cmsis_gcc.h ****   \return          1  Function failed
 889:Drivers/CMSIS/Include/cmsis_gcc.h ****  */
 890:Drivers/CMSIS/Include/cmsis_gcc.h **** __STATIC_FORCEINLINE uint32_t __STLEXB(uint8_t value, volatile uint8_t *ptr)
 891:Drivers/CMSIS/Include/cmsis_gcc.h **** {
 892:Drivers/CMSIS/Include/cmsis_gcc.h ****    uint32_t result;
 893:Drivers/CMSIS/Include/cmsis_gcc.h **** 
 894:Drivers/CMSIS/Include/cmsis_gcc.h ****    __ASM volatile ("stlexb %0, %2, %1" : "=&r" (result), "=Q" (*ptr) : "r" ((uint32_t)value) : "mem
 895:Drivers/CMSIS/Include/cmsis_gcc.h ****    return(result);
 896:Drivers/CMSIS/Include/cmsis_gcc.h **** }
 897:Drivers/CMSIS/Include/cmsis_gcc.h **** 
ARM GAS  C:\Users\Miks\AppData\Local\Temp\ccm1mhzP.s 			page 53


 898:Drivers/CMSIS/Include/cmsis_gcc.h **** 
 899:Drivers/CMSIS/Include/cmsis_gcc.h **** /**
 900:Drivers/CMSIS/Include/cmsis_gcc.h ****   \brief   Store-Release Exclusive (16 bit)
 901:Drivers/CMSIS/Include/cmsis_gcc.h ****   \details Executes a STLH exclusive instruction for 16 bit values.
 902:Drivers/CMSIS/Include/cmsis_gcc.h ****   \param [in]  value  Value to store
 903:Drivers/CMSIS/Include/cmsis_gcc.h ****   \param [in]    ptr  Pointer to location
 904:Drivers/CMSIS/Include/cmsis_gcc.h ****   \return          0  Function succeeded
 905:Drivers/CMSIS/Include/cmsis_gcc.h ****   \return          1  Function failed
 906:Drivers/CMSIS/Include/cmsis_gcc.h ****  */
 907:Drivers/CMSIS/Include/cmsis_gcc.h **** __STATIC_FORCEINLINE uint32_t __STLEXH(uint16_t value, volatile uint16_t *ptr)
 908:Drivers/CMSIS/Include/cmsis_gcc.h **** {
 909:Drivers/CMSIS/Include/cmsis_gcc.h ****    uint32_t result;
 910:Drivers/CMSIS/Include/cmsis_gcc.h **** 
 911:Drivers/CMSIS/Include/cmsis_gcc.h ****    __ASM volatile ("stlexh %0, %2, %1" : "=&r" (result), "=Q" (*ptr) : "r" ((uint32_t)value) : "mem
 912:Drivers/CMSIS/Include/cmsis_gcc.h ****    return(result);
 913:Drivers/CMSIS/Include/cmsis_gcc.h **** }
 914:Drivers/CMSIS/Include/cmsis_gcc.h **** 
 915:Drivers/CMSIS/Include/cmsis_gcc.h **** 
 916:Drivers/CMSIS/Include/cmsis_gcc.h **** /**
 917:Drivers/CMSIS/Include/cmsis_gcc.h ****   \brief   Store-Release Exclusive (32 bit)
 918:Drivers/CMSIS/Include/cmsis_gcc.h ****   \details Executes a STL exclusive instruction for 32 bit values.
 919:Drivers/CMSIS/Include/cmsis_gcc.h ****   \param [in]  value  Value to store
 920:Drivers/CMSIS/Include/cmsis_gcc.h ****   \param [in]    ptr  Pointer to location
 921:Drivers/CMSIS/Include/cmsis_gcc.h ****   \return          0  Function succeeded
 922:Drivers/CMSIS/Include/cmsis_gcc.h ****   \return          1  Function failed
 923:Drivers/CMSIS/Include/cmsis_gcc.h ****  */
 924:Drivers/CMSIS/Include/cmsis_gcc.h **** __STATIC_FORCEINLINE uint32_t __STLEX(uint32_t value, volatile uint32_t *ptr)
 925:Drivers/CMSIS/Include/cmsis_gcc.h **** {
 926:Drivers/CMSIS/Include/cmsis_gcc.h ****    uint32_t result;
 927:Drivers/CMSIS/Include/cmsis_gcc.h **** 
 928:Drivers/CMSIS/Include/cmsis_gcc.h ****    __ASM volatile ("stlex %0, %2, %1" : "=&r" (result), "=Q" (*ptr) : "r" ((uint32_t)value) : "memo
 929:Drivers/CMSIS/Include/cmsis_gcc.h ****    return(result);
 930:Drivers/CMSIS/Include/cmsis_gcc.h **** }
 931:Drivers/CMSIS/Include/cmsis_gcc.h **** 
 932:Drivers/CMSIS/Include/cmsis_gcc.h **** #endif /* ((defined (__ARM_ARCH_8M_MAIN__ ) && (__ARM_ARCH_8M_MAIN__ == 1)) || \
 933:Drivers/CMSIS/Include/cmsis_gcc.h ****            (defined (__ARM_ARCH_8M_BASE__ ) && (__ARM_ARCH_8M_BASE__ == 1))    ) */
 934:Drivers/CMSIS/Include/cmsis_gcc.h **** 
 935:Drivers/CMSIS/Include/cmsis_gcc.h **** /*@}*/ /* end of group CMSIS_Core_InstructionInterface */
 936:Drivers/CMSIS/Include/cmsis_gcc.h **** 
 937:Drivers/CMSIS/Include/cmsis_gcc.h **** 
 938:Drivers/CMSIS/Include/cmsis_gcc.h **** /* ###########################  Core Function Access  ########################### */
 939:Drivers/CMSIS/Include/cmsis_gcc.h **** /** \ingroup  CMSIS_Core_FunctionInterface
 940:Drivers/CMSIS/Include/cmsis_gcc.h ****     \defgroup CMSIS_Core_RegAccFunctions CMSIS Core Register Access Functions
 941:Drivers/CMSIS/Include/cmsis_gcc.h ****   @{
 942:Drivers/CMSIS/Include/cmsis_gcc.h ****  */
 943:Drivers/CMSIS/Include/cmsis_gcc.h **** 
 944:Drivers/CMSIS/Include/cmsis_gcc.h **** /**
 945:Drivers/CMSIS/Include/cmsis_gcc.h ****   \brief   Enable IRQ Interrupts
 946:Drivers/CMSIS/Include/cmsis_gcc.h ****   \details Enables IRQ interrupts by clearing special-purpose register PRIMASK.
 947:Drivers/CMSIS/Include/cmsis_gcc.h ****            Can only be executed in Privileged modes.
 948:Drivers/CMSIS/Include/cmsis_gcc.h ****  */
 949:Drivers/CMSIS/Include/cmsis_gcc.h **** __STATIC_FORCEINLINE void __enable_irq(void)
 950:Drivers/CMSIS/Include/cmsis_gcc.h **** {
 951:Drivers/CMSIS/Include/cmsis_gcc.h ****   __ASM volatile ("cpsie i" : : : "memory");
 952:Drivers/CMSIS/Include/cmsis_gcc.h **** }
 953:Drivers/CMSIS/Include/cmsis_gcc.h **** 
 954:Drivers/CMSIS/Include/cmsis_gcc.h **** 
ARM GAS  C:\Users\Miks\AppData\Local\Temp\ccm1mhzP.s 			page 54


 955:Drivers/CMSIS/Include/cmsis_gcc.h **** /**
 956:Drivers/CMSIS/Include/cmsis_gcc.h ****   \brief   Disable IRQ Interrupts
 957:Drivers/CMSIS/Include/cmsis_gcc.h ****   \details Disables IRQ interrupts by setting special-purpose register PRIMASK.
 958:Drivers/CMSIS/Include/cmsis_gcc.h ****            Can only be executed in Privileged modes.
 959:Drivers/CMSIS/Include/cmsis_gcc.h ****  */
 960:Drivers/CMSIS/Include/cmsis_gcc.h **** __STATIC_FORCEINLINE void __disable_irq(void)
 814              		.loc 2 960 27 view .LVU199
 815              	.LBB11:
 961:Drivers/CMSIS/Include/cmsis_gcc.h **** {
 962:Drivers/CMSIS/Include/cmsis_gcc.h ****   __ASM volatile ("cpsid i" : : : "memory");
 816              		.loc 2 962 3 view .LVU200
 817              		.syntax unified
 818              	@ 962 "Drivers/CMSIS/Include/cmsis_gcc.h" 1
 819 0000 72B6     		cpsid i
 820              	@ 0 "" 2
 821              		.thumb
 822              		.syntax unified
 823              	.L43:
 824              	.LBE11:
 825              	.LBE10:
1088:Core/Src/main.c ****   while (1)
 826              		.loc 1 1088 3 view .LVU201
1089:Core/Src/main.c ****   {
1090:Core/Src/main.c ****   }
 827              		.loc 1 1090 3 view .LVU202
1088:Core/Src/main.c ****   while (1)
 828              		.loc 1 1088 9 view .LVU203
 829 0002 FEE7     		b	.L43
 830              		.cfi_endproc
 831              	.LFE268:
 833              		.section	.text.MX_ADC1_Init,"ax",%progbits
 834              		.align	1
 835              		.syntax unified
 836              		.thumb
 837              		.thumb_func
 839              	MX_ADC1_Init:
 840              	.LFB245:
 336:Core/Src/main.c **** 
 841              		.loc 1 336 1 view -0
 842              		.cfi_startproc
 843              		@ args = 0, pretend = 0, frame = 16
 844              		@ frame_needed = 0, uses_anonymous_args = 0
 845 0000 00B5     		push	{lr}
 846              		.cfi_def_cfa_offset 4
 847              		.cfi_offset 14, -4
 848 0002 85B0     		sub	sp, sp, #20
 849              		.cfi_def_cfa_offset 24
 342:Core/Src/main.c **** 
 850              		.loc 1 342 3 view .LVU205
 342:Core/Src/main.c **** 
 851              		.loc 1 342 26 is_stmt 0 view .LVU206
 852 0004 0023     		movs	r3, #0
 853 0006 0093     		str	r3, [sp]
 854 0008 0193     		str	r3, [sp, #4]
 855 000a 0293     		str	r3, [sp, #8]
 856 000c 0393     		str	r3, [sp, #12]
 350:Core/Src/main.c ****   hadc1.Init.ClockPrescaler = ADC_CLOCK_SYNC_PCLK_DIV2;
ARM GAS  C:\Users\Miks\AppData\Local\Temp\ccm1mhzP.s 			page 55


 857              		.loc 1 350 3 is_stmt 1 view .LVU207
 350:Core/Src/main.c ****   hadc1.Init.ClockPrescaler = ADC_CLOCK_SYNC_PCLK_DIV2;
 858              		.loc 1 350 18 is_stmt 0 view .LVU208
 859 000e 1348     		ldr	r0, .L50
 860 0010 134A     		ldr	r2, .L50+4
 861 0012 0260     		str	r2, [r0]
 351:Core/Src/main.c ****   hadc1.Init.Resolution = ADC_RESOLUTION_12B;
 862              		.loc 1 351 3 is_stmt 1 view .LVU209
 351:Core/Src/main.c ****   hadc1.Init.Resolution = ADC_RESOLUTION_12B;
 863              		.loc 1 351 29 is_stmt 0 view .LVU210
 864 0014 4360     		str	r3, [r0, #4]
 352:Core/Src/main.c ****   hadc1.Init.ScanConvMode = DISABLE;
 865              		.loc 1 352 3 is_stmt 1 view .LVU211
 352:Core/Src/main.c ****   hadc1.Init.ScanConvMode = DISABLE;
 866              		.loc 1 352 25 is_stmt 0 view .LVU212
 867 0016 8360     		str	r3, [r0, #8]
 353:Core/Src/main.c ****   hadc1.Init.ContinuousConvMode = DISABLE;
 868              		.loc 1 353 3 is_stmt 1 view .LVU213
 353:Core/Src/main.c ****   hadc1.Init.ContinuousConvMode = DISABLE;
 869              		.loc 1 353 27 is_stmt 0 view .LVU214
 870 0018 0361     		str	r3, [r0, #16]
 354:Core/Src/main.c ****   hadc1.Init.DiscontinuousConvMode = DISABLE;
 871              		.loc 1 354 3 is_stmt 1 view .LVU215
 354:Core/Src/main.c ****   hadc1.Init.DiscontinuousConvMode = DISABLE;
 872              		.loc 1 354 33 is_stmt 0 view .LVU216
 873 001a 0376     		strb	r3, [r0, #24]
 355:Core/Src/main.c ****   hadc1.Init.ExternalTrigConvEdge = ADC_EXTERNALTRIGCONVEDGE_NONE;
 874              		.loc 1 355 3 is_stmt 1 view .LVU217
 355:Core/Src/main.c ****   hadc1.Init.ExternalTrigConvEdge = ADC_EXTERNALTRIGCONVEDGE_NONE;
 875              		.loc 1 355 36 is_stmt 0 view .LVU218
 876 001c 80F82030 		strb	r3, [r0, #32]
 356:Core/Src/main.c ****   hadc1.Init.ExternalTrigConv = ADC_SOFTWARE_START;
 877              		.loc 1 356 3 is_stmt 1 view .LVU219
 356:Core/Src/main.c ****   hadc1.Init.ExternalTrigConv = ADC_SOFTWARE_START;
 878              		.loc 1 356 35 is_stmt 0 view .LVU220
 879 0020 C362     		str	r3, [r0, #44]
 357:Core/Src/main.c ****   hadc1.Init.DataAlign = ADC_DATAALIGN_RIGHT;
 880              		.loc 1 357 3 is_stmt 1 view .LVU221
 357:Core/Src/main.c ****   hadc1.Init.DataAlign = ADC_DATAALIGN_RIGHT;
 881              		.loc 1 357 31 is_stmt 0 view .LVU222
 882 0022 104A     		ldr	r2, .L50+8
 883 0024 8262     		str	r2, [r0, #40]
 358:Core/Src/main.c ****   hadc1.Init.NbrOfConversion = 1;
 884              		.loc 1 358 3 is_stmt 1 view .LVU223
 358:Core/Src/main.c ****   hadc1.Init.NbrOfConversion = 1;
 885              		.loc 1 358 24 is_stmt 0 view .LVU224
 886 0026 C360     		str	r3, [r0, #12]
 359:Core/Src/main.c ****   hadc1.Init.DMAContinuousRequests = DISABLE;
 887              		.loc 1 359 3 is_stmt 1 view .LVU225
 359:Core/Src/main.c ****   hadc1.Init.DMAContinuousRequests = DISABLE;
 888              		.loc 1 359 30 is_stmt 0 view .LVU226
 889 0028 0122     		movs	r2, #1
 890 002a C261     		str	r2, [r0, #28]
 360:Core/Src/main.c ****   hadc1.Init.EOCSelection = ADC_EOC_SINGLE_CONV;
 891              		.loc 1 360 3 is_stmt 1 view .LVU227
 360:Core/Src/main.c ****   hadc1.Init.EOCSelection = ADC_EOC_SINGLE_CONV;
 892              		.loc 1 360 36 is_stmt 0 view .LVU228
ARM GAS  C:\Users\Miks\AppData\Local\Temp\ccm1mhzP.s 			page 56


 893 002c 80F83030 		strb	r3, [r0, #48]
 361:Core/Src/main.c ****   if (HAL_ADC_Init(&hadc1) != HAL_OK)
 894              		.loc 1 361 3 is_stmt 1 view .LVU229
 361:Core/Src/main.c ****   if (HAL_ADC_Init(&hadc1) != HAL_OK)
 895              		.loc 1 361 27 is_stmt 0 view .LVU230
 896 0030 4261     		str	r2, [r0, #20]
 362:Core/Src/main.c ****   {
 897              		.loc 1 362 3 is_stmt 1 view .LVU231
 362:Core/Src/main.c ****   {
 898              		.loc 1 362 7 is_stmt 0 view .LVU232
 899 0032 FFF7FEFF 		bl	HAL_ADC_Init
 900              	.LVL51:
 362:Core/Src/main.c ****   {
 901              		.loc 1 362 6 discriminator 1 view .LVU233
 902 0036 68B9     		cbnz	r0, .L48
 369:Core/Src/main.c ****   sConfig.Rank = 1;
 903              		.loc 1 369 3 is_stmt 1 view .LVU234
 369:Core/Src/main.c ****   sConfig.Rank = 1;
 904              		.loc 1 369 19 is_stmt 0 view .LVU235
 905 0038 0423     		movs	r3, #4
 906 003a 0093     		str	r3, [sp]
 370:Core/Src/main.c ****   sConfig.SamplingTime = ADC_SAMPLETIME_3CYCLES;
 907              		.loc 1 370 3 is_stmt 1 view .LVU236
 370:Core/Src/main.c ****   sConfig.SamplingTime = ADC_SAMPLETIME_3CYCLES;
 908              		.loc 1 370 16 is_stmt 0 view .LVU237
 909 003c 0123     		movs	r3, #1
 910 003e 0193     		str	r3, [sp, #4]
 371:Core/Src/main.c ****   if (HAL_ADC_ConfigChannel(&hadc1, &sConfig) != HAL_OK)
 911              		.loc 1 371 3 is_stmt 1 view .LVU238
 371:Core/Src/main.c ****   if (HAL_ADC_ConfigChannel(&hadc1, &sConfig) != HAL_OK)
 912              		.loc 1 371 24 is_stmt 0 view .LVU239
 913 0040 0023     		movs	r3, #0
 914 0042 0293     		str	r3, [sp, #8]
 372:Core/Src/main.c ****   {
 915              		.loc 1 372 3 is_stmt 1 view .LVU240
 372:Core/Src/main.c ****   {
 916              		.loc 1 372 7 is_stmt 0 view .LVU241
 917 0044 6946     		mov	r1, sp
 918 0046 0548     		ldr	r0, .L50
 919 0048 FFF7FEFF 		bl	HAL_ADC_ConfigChannel
 920              	.LVL52:
 372:Core/Src/main.c ****   {
 921              		.loc 1 372 6 discriminator 1 view .LVU242
 922 004c 20B9     		cbnz	r0, .L49
 380:Core/Src/main.c **** 
 923              		.loc 1 380 1 view .LVU243
 924 004e 05B0     		add	sp, sp, #20
 925              		.cfi_remember_state
 926              		.cfi_def_cfa_offset 4
 927              		@ sp needed
 928 0050 5DF804FB 		ldr	pc, [sp], #4
 929              	.L48:
 930              		.cfi_restore_state
 364:Core/Src/main.c ****   }
 931              		.loc 1 364 5 is_stmt 1 view .LVU244
 932 0054 FFF7FEFF 		bl	Error_Handler
 933              	.LVL53:
ARM GAS  C:\Users\Miks\AppData\Local\Temp\ccm1mhzP.s 			page 57


 934              	.L49:
 374:Core/Src/main.c ****   }
 935              		.loc 1 374 5 view .LVU245
 936 0058 FFF7FEFF 		bl	Error_Handler
 937              	.LVL54:
 938              	.L51:
 939              		.align	2
 940              	.L50:
 941 005c 00000000 		.word	hadc1
 942 0060 00200140 		.word	1073815552
 943 0064 0100000F 		.word	251658241
 944              		.cfi_endproc
 945              	.LFE245:
 947              		.section	.text.MX_I2C1_Init,"ax",%progbits
 948              		.align	1
 949              		.syntax unified
 950              		.thumb
 951              		.thumb_func
 953              	MX_I2C1_Init:
 954              	.LFB247:
 414:Core/Src/main.c **** 
 955              		.loc 1 414 1 view -0
 956              		.cfi_startproc
 957              		@ args = 0, pretend = 0, frame = 0
 958              		@ frame_needed = 0, uses_anonymous_args = 0
 959 0000 08B5     		push	{r3, lr}
 960              		.cfi_def_cfa_offset 8
 961              		.cfi_offset 3, -8
 962              		.cfi_offset 14, -4
 423:Core/Src/main.c ****   hi2c1.Init.ClockSpeed = 400000;
 963              		.loc 1 423 3 view .LVU247
 423:Core/Src/main.c ****   hi2c1.Init.ClockSpeed = 400000;
 964              		.loc 1 423 18 is_stmt 0 view .LVU248
 965 0002 0A48     		ldr	r0, .L56
 966 0004 0A4B     		ldr	r3, .L56+4
 967 0006 0360     		str	r3, [r0]
 424:Core/Src/main.c ****   hi2c1.Init.DutyCycle = I2C_DUTYCYCLE_2;
 968              		.loc 1 424 3 is_stmt 1 view .LVU249
 424:Core/Src/main.c ****   hi2c1.Init.DutyCycle = I2C_DUTYCYCLE_2;
 969              		.loc 1 424 25 is_stmt 0 view .LVU250
 970 0008 0A4B     		ldr	r3, .L56+8
 971 000a 4360     		str	r3, [r0, #4]
 425:Core/Src/main.c ****   hi2c1.Init.OwnAddress1 = 0;
 972              		.loc 1 425 3 is_stmt 1 view .LVU251
 425:Core/Src/main.c ****   hi2c1.Init.OwnAddress1 = 0;
 973              		.loc 1 425 24 is_stmt 0 view .LVU252
 974 000c 0023     		movs	r3, #0
 975 000e 8360     		str	r3, [r0, #8]
 426:Core/Src/main.c ****   hi2c1.Init.AddressingMode = I2C_ADDRESSINGMODE_7BIT;
 976              		.loc 1 426 3 is_stmt 1 view .LVU253
 426:Core/Src/main.c ****   hi2c1.Init.AddressingMode = I2C_ADDRESSINGMODE_7BIT;
 977              		.loc 1 426 26 is_stmt 0 view .LVU254
 978 0010 C360     		str	r3, [r0, #12]
 427:Core/Src/main.c ****   hi2c1.Init.DualAddressMode = I2C_DUALADDRESS_DISABLE;
 979              		.loc 1 427 3 is_stmt 1 view .LVU255
 427:Core/Src/main.c ****   hi2c1.Init.DualAddressMode = I2C_DUALADDRESS_DISABLE;
 980              		.loc 1 427 29 is_stmt 0 view .LVU256
ARM GAS  C:\Users\Miks\AppData\Local\Temp\ccm1mhzP.s 			page 58


 981 0012 4FF48042 		mov	r2, #16384
 982 0016 0261     		str	r2, [r0, #16]
 428:Core/Src/main.c ****   hi2c1.Init.OwnAddress2 = 0;
 983              		.loc 1 428 3 is_stmt 1 view .LVU257
 428:Core/Src/main.c ****   hi2c1.Init.OwnAddress2 = 0;
 984              		.loc 1 428 30 is_stmt 0 view .LVU258
 985 0018 4361     		str	r3, [r0, #20]
 429:Core/Src/main.c ****   hi2c1.Init.GeneralCallMode = I2C_GENERALCALL_DISABLE;
 986              		.loc 1 429 3 is_stmt 1 view .LVU259
 429:Core/Src/main.c ****   hi2c1.Init.GeneralCallMode = I2C_GENERALCALL_DISABLE;
 987              		.loc 1 429 26 is_stmt 0 view .LVU260
 988 001a 8361     		str	r3, [r0, #24]
 430:Core/Src/main.c ****   hi2c1.Init.NoStretchMode = I2C_NOSTRETCH_DISABLE;
 989              		.loc 1 430 3 is_stmt 1 view .LVU261
 430:Core/Src/main.c ****   hi2c1.Init.NoStretchMode = I2C_NOSTRETCH_DISABLE;
 990              		.loc 1 430 30 is_stmt 0 view .LVU262
 991 001c C361     		str	r3, [r0, #28]
 431:Core/Src/main.c ****   if (HAL_I2C_Init(&hi2c1) != HAL_OK)
 992              		.loc 1 431 3 is_stmt 1 view .LVU263
 431:Core/Src/main.c ****   if (HAL_I2C_Init(&hi2c1) != HAL_OK)
 993              		.loc 1 431 28 is_stmt 0 view .LVU264
 994 001e 0362     		str	r3, [r0, #32]
 432:Core/Src/main.c ****   {
 995              		.loc 1 432 3 is_stmt 1 view .LVU265
 432:Core/Src/main.c ****   {
 996              		.loc 1 432 7 is_stmt 0 view .LVU266
 997 0020 FFF7FEFF 		bl	HAL_I2C_Init
 998              	.LVL55:
 432:Core/Src/main.c ****   {
 999              		.loc 1 432 6 discriminator 1 view .LVU267
 1000 0024 00B9     		cbnz	r0, .L55
 440:Core/Src/main.c **** 
 1001              		.loc 1 440 1 view .LVU268
 1002 0026 08BD     		pop	{r3, pc}
 1003              	.L55:
 434:Core/Src/main.c ****   }
 1004              		.loc 1 434 5 is_stmt 1 view .LVU269
 1005 0028 FFF7FEFF 		bl	Error_Handler
 1006              	.LVL56:
 1007              	.L57:
 1008              		.align	2
 1009              	.L56:
 1010 002c 00000000 		.word	hi2c1
 1011 0030 00540040 		.word	1073763328
 1012 0034 801A0600 		.word	400000
 1013              		.cfi_endproc
 1014              	.LFE247:
 1016              		.section	.text.MX_I2C2_Init,"ax",%progbits
 1017              		.align	1
 1018              		.syntax unified
 1019              		.thumb
 1020              		.thumb_func
 1022              	MX_I2C2_Init:
 1023              	.LFB248:
 448:Core/Src/main.c **** 
 1024              		.loc 1 448 1 view -0
 1025              		.cfi_startproc
ARM GAS  C:\Users\Miks\AppData\Local\Temp\ccm1mhzP.s 			page 59


 1026              		@ args = 0, pretend = 0, frame = 0
 1027              		@ frame_needed = 0, uses_anonymous_args = 0
 1028 0000 08B5     		push	{r3, lr}
 1029              		.cfi_def_cfa_offset 8
 1030              		.cfi_offset 3, -8
 1031              		.cfi_offset 14, -4
 457:Core/Src/main.c ****   hi2c2.Init.ClockSpeed = 400000;
 1032              		.loc 1 457 3 view .LVU271
 457:Core/Src/main.c ****   hi2c2.Init.ClockSpeed = 400000;
 1033              		.loc 1 457 18 is_stmt 0 view .LVU272
 1034 0002 0A48     		ldr	r0, .L62
 1035 0004 0A4B     		ldr	r3, .L62+4
 1036 0006 0360     		str	r3, [r0]
 458:Core/Src/main.c ****   hi2c2.Init.DutyCycle = I2C_DUTYCYCLE_2;
 1037              		.loc 1 458 3 is_stmt 1 view .LVU273
 458:Core/Src/main.c ****   hi2c2.Init.DutyCycle = I2C_DUTYCYCLE_2;
 1038              		.loc 1 458 25 is_stmt 0 view .LVU274
 1039 0008 0A4B     		ldr	r3, .L62+8
 1040 000a 4360     		str	r3, [r0, #4]
 459:Core/Src/main.c ****   hi2c2.Init.OwnAddress1 = 0;
 1041              		.loc 1 459 3 is_stmt 1 view .LVU275
 459:Core/Src/main.c ****   hi2c2.Init.OwnAddress1 = 0;
 1042              		.loc 1 459 24 is_stmt 0 view .LVU276
 1043 000c 0023     		movs	r3, #0
 1044 000e 8360     		str	r3, [r0, #8]
 460:Core/Src/main.c ****   hi2c2.Init.AddressingMode = I2C_ADDRESSINGMODE_7BIT;
 1045              		.loc 1 460 3 is_stmt 1 view .LVU277
 460:Core/Src/main.c ****   hi2c2.Init.AddressingMode = I2C_ADDRESSINGMODE_7BIT;
 1046              		.loc 1 460 26 is_stmt 0 view .LVU278
 1047 0010 C360     		str	r3, [r0, #12]
 461:Core/Src/main.c ****   hi2c2.Init.DualAddressMode = I2C_DUALADDRESS_DISABLE;
 1048              		.loc 1 461 3 is_stmt 1 view .LVU279
 461:Core/Src/main.c ****   hi2c2.Init.DualAddressMode = I2C_DUALADDRESS_DISABLE;
 1049              		.loc 1 461 29 is_stmt 0 view .LVU280
 1050 0012 4FF48042 		mov	r2, #16384
 1051 0016 0261     		str	r2, [r0, #16]
 462:Core/Src/main.c ****   hi2c2.Init.OwnAddress2 = 0;
 1052              		.loc 1 462 3 is_stmt 1 view .LVU281
 462:Core/Src/main.c ****   hi2c2.Init.OwnAddress2 = 0;
 1053              		.loc 1 462 30 is_stmt 0 view .LVU282
 1054 0018 4361     		str	r3, [r0, #20]
 463:Core/Src/main.c ****   hi2c2.Init.GeneralCallMode = I2C_GENERALCALL_DISABLE;
 1055              		.loc 1 463 3 is_stmt 1 view .LVU283
 463:Core/Src/main.c ****   hi2c2.Init.GeneralCallMode = I2C_GENERALCALL_DISABLE;
 1056              		.loc 1 463 26 is_stmt 0 view .LVU284
 1057 001a 8361     		str	r3, [r0, #24]
 464:Core/Src/main.c ****   hi2c2.Init.NoStretchMode = I2C_NOSTRETCH_DISABLE;
 1058              		.loc 1 464 3 is_stmt 1 view .LVU285
 464:Core/Src/main.c ****   hi2c2.Init.NoStretchMode = I2C_NOSTRETCH_DISABLE;
 1059              		.loc 1 464 30 is_stmt 0 view .LVU286
 1060 001c C361     		str	r3, [r0, #28]
 465:Core/Src/main.c ****   if (HAL_I2C_Init(&hi2c2) != HAL_OK)
 1061              		.loc 1 465 3 is_stmt 1 view .LVU287
 465:Core/Src/main.c ****   if (HAL_I2C_Init(&hi2c2) != HAL_OK)
 1062              		.loc 1 465 28 is_stmt 0 view .LVU288
 1063 001e 0362     		str	r3, [r0, #32]
 466:Core/Src/main.c ****   {
ARM GAS  C:\Users\Miks\AppData\Local\Temp\ccm1mhzP.s 			page 60


 1064              		.loc 1 466 3 is_stmt 1 view .LVU289
 466:Core/Src/main.c ****   {
 1065              		.loc 1 466 7 is_stmt 0 view .LVU290
 1066 0020 FFF7FEFF 		bl	HAL_I2C_Init
 1067              	.LVL57:
 466:Core/Src/main.c ****   {
 1068              		.loc 1 466 6 discriminator 1 view .LVU291
 1069 0024 00B9     		cbnz	r0, .L61
 474:Core/Src/main.c **** 
 1070              		.loc 1 474 1 view .LVU292
 1071 0026 08BD     		pop	{r3, pc}
 1072              	.L61:
 468:Core/Src/main.c ****   }
 1073              		.loc 1 468 5 is_stmt 1 view .LVU293
 1074 0028 FFF7FEFF 		bl	Error_Handler
 1075              	.LVL58:
 1076              	.L63:
 1077              		.align	2
 1078              	.L62:
 1079 002c 00000000 		.word	hi2c2
 1080 0030 00580040 		.word	1073764352
 1081 0034 801A0600 		.word	400000
 1082              		.cfi_endproc
 1083              	.LFE248:
 1085              		.section	.text.MX_I2C3_Init,"ax",%progbits
 1086              		.align	1
 1087              		.syntax unified
 1088              		.thumb
 1089              		.thumb_func
 1091              	MX_I2C3_Init:
 1092              	.LFB249:
 482:Core/Src/main.c **** 
 1093              		.loc 1 482 1 view -0
 1094              		.cfi_startproc
 1095              		@ args = 0, pretend = 0, frame = 0
 1096              		@ frame_needed = 0, uses_anonymous_args = 0
 1097 0000 08B5     		push	{r3, lr}
 1098              		.cfi_def_cfa_offset 8
 1099              		.cfi_offset 3, -8
 1100              		.cfi_offset 14, -4
 491:Core/Src/main.c ****   hi2c3.Init.ClockSpeed = 100000;
 1101              		.loc 1 491 3 view .LVU295
 491:Core/Src/main.c ****   hi2c3.Init.ClockSpeed = 100000;
 1102              		.loc 1 491 18 is_stmt 0 view .LVU296
 1103 0002 0A48     		ldr	r0, .L68
 1104 0004 0A4B     		ldr	r3, .L68+4
 1105 0006 0360     		str	r3, [r0]
 492:Core/Src/main.c ****   hi2c3.Init.DutyCycle = I2C_DUTYCYCLE_2;
 1106              		.loc 1 492 3 is_stmt 1 view .LVU297
 492:Core/Src/main.c ****   hi2c3.Init.DutyCycle = I2C_DUTYCYCLE_2;
 1107              		.loc 1 492 25 is_stmt 0 view .LVU298
 1108 0008 0A4B     		ldr	r3, .L68+8
 1109 000a 4360     		str	r3, [r0, #4]
 493:Core/Src/main.c ****   hi2c3.Init.OwnAddress1 = 0;
 1110              		.loc 1 493 3 is_stmt 1 view .LVU299
 493:Core/Src/main.c ****   hi2c3.Init.OwnAddress1 = 0;
 1111              		.loc 1 493 24 is_stmt 0 view .LVU300
ARM GAS  C:\Users\Miks\AppData\Local\Temp\ccm1mhzP.s 			page 61


 1112 000c 0023     		movs	r3, #0
 1113 000e 8360     		str	r3, [r0, #8]
 494:Core/Src/main.c ****   hi2c3.Init.AddressingMode = I2C_ADDRESSINGMODE_7BIT;
 1114              		.loc 1 494 3 is_stmt 1 view .LVU301
 494:Core/Src/main.c ****   hi2c3.Init.AddressingMode = I2C_ADDRESSINGMODE_7BIT;
 1115              		.loc 1 494 26 is_stmt 0 view .LVU302
 1116 0010 C360     		str	r3, [r0, #12]
 495:Core/Src/main.c ****   hi2c3.Init.DualAddressMode = I2C_DUALADDRESS_DISABLE;
 1117              		.loc 1 495 3 is_stmt 1 view .LVU303
 495:Core/Src/main.c ****   hi2c3.Init.DualAddressMode = I2C_DUALADDRESS_DISABLE;
 1118              		.loc 1 495 29 is_stmt 0 view .LVU304
 1119 0012 4FF48042 		mov	r2, #16384
 1120 0016 0261     		str	r2, [r0, #16]
 496:Core/Src/main.c ****   hi2c3.Init.OwnAddress2 = 0;
 1121              		.loc 1 496 3 is_stmt 1 view .LVU305
 496:Core/Src/main.c ****   hi2c3.Init.OwnAddress2 = 0;
 1122              		.loc 1 496 30 is_stmt 0 view .LVU306
 1123 0018 4361     		str	r3, [r0, #20]
 497:Core/Src/main.c ****   hi2c3.Init.GeneralCallMode = I2C_GENERALCALL_DISABLE;
 1124              		.loc 1 497 3 is_stmt 1 view .LVU307
 497:Core/Src/main.c ****   hi2c3.Init.GeneralCallMode = I2C_GENERALCALL_DISABLE;
 1125              		.loc 1 497 26 is_stmt 0 view .LVU308
 1126 001a 8361     		str	r3, [r0, #24]
 498:Core/Src/main.c ****   hi2c3.Init.NoStretchMode = I2C_NOSTRETCH_DISABLE;
 1127              		.loc 1 498 3 is_stmt 1 view .LVU309
 498:Core/Src/main.c ****   hi2c3.Init.NoStretchMode = I2C_NOSTRETCH_DISABLE;
 1128              		.loc 1 498 30 is_stmt 0 view .LVU310
 1129 001c C361     		str	r3, [r0, #28]
 499:Core/Src/main.c ****   if (HAL_I2C_Init(&hi2c3) != HAL_OK)
 1130              		.loc 1 499 3 is_stmt 1 view .LVU311
 499:Core/Src/main.c ****   if (HAL_I2C_Init(&hi2c3) != HAL_OK)
 1131              		.loc 1 499 28 is_stmt 0 view .LVU312
 1132 001e 0362     		str	r3, [r0, #32]
 500:Core/Src/main.c ****   {
 1133              		.loc 1 500 3 is_stmt 1 view .LVU313
 500:Core/Src/main.c ****   {
 1134              		.loc 1 500 7 is_stmt 0 view .LVU314
 1135 0020 FFF7FEFF 		bl	HAL_I2C_Init
 1136              	.LVL59:
 500:Core/Src/main.c ****   {
 1137              		.loc 1 500 6 discriminator 1 view .LVU315
 1138 0024 00B9     		cbnz	r0, .L67
 508:Core/Src/main.c **** 
 1139              		.loc 1 508 1 view .LVU316
 1140 0026 08BD     		pop	{r3, pc}
 1141              	.L67:
 502:Core/Src/main.c ****   }
 1142              		.loc 1 502 5 is_stmt 1 view .LVU317
 1143 0028 FFF7FEFF 		bl	Error_Handler
 1144              	.LVL60:
 1145              	.L69:
 1146              		.align	2
 1147              	.L68:
 1148 002c 00000000 		.word	hi2c3
 1149 0030 005C0040 		.word	1073765376
 1150 0034 A0860100 		.word	100000
 1151              		.cfi_endproc
ARM GAS  C:\Users\Miks\AppData\Local\Temp\ccm1mhzP.s 			page 62


 1152              	.LFE249:
 1154              		.section	.text.MX_RTC_Init,"ax",%progbits
 1155              		.align	1
 1156              		.syntax unified
 1157              		.thumb
 1158              		.thumb_func
 1160              	MX_RTC_Init:
 1161              	.LFB250:
 516:Core/Src/main.c **** 
 1162              		.loc 1 516 1 view -0
 1163              		.cfi_startproc
 1164              		@ args = 0, pretend = 0, frame = 0
 1165              		@ frame_needed = 0, uses_anonymous_args = 0
 1166 0000 08B5     		push	{r3, lr}
 1167              		.cfi_def_cfa_offset 8
 1168              		.cfi_offset 3, -8
 1169              		.cfi_offset 14, -4
 528:Core/Src/main.c ****   hrtc.Init.HourFormat = RTC_HOURFORMAT_24;
 1170              		.loc 1 528 3 view .LVU319
 528:Core/Src/main.c ****   hrtc.Init.HourFormat = RTC_HOURFORMAT_24;
 1171              		.loc 1 528 17 is_stmt 0 view .LVU320
 1172 0002 0948     		ldr	r0, .L74
 1173 0004 094B     		ldr	r3, .L74+4
 1174 0006 0360     		str	r3, [r0]
 529:Core/Src/main.c ****   hrtc.Init.AsynchPrediv = 127;
 1175              		.loc 1 529 3 is_stmt 1 view .LVU321
 529:Core/Src/main.c ****   hrtc.Init.AsynchPrediv = 127;
 1176              		.loc 1 529 24 is_stmt 0 view .LVU322
 1177 0008 0023     		movs	r3, #0
 1178 000a 4360     		str	r3, [r0, #4]
 530:Core/Src/main.c ****   hrtc.Init.SynchPrediv = 255;
 1179              		.loc 1 530 3 is_stmt 1 view .LVU323
 530:Core/Src/main.c ****   hrtc.Init.SynchPrediv = 255;
 1180              		.loc 1 530 26 is_stmt 0 view .LVU324
 1181 000c 7F22     		movs	r2, #127
 1182 000e 8260     		str	r2, [r0, #8]
 531:Core/Src/main.c ****   hrtc.Init.OutPut = RTC_OUTPUT_DISABLE;
 1183              		.loc 1 531 3 is_stmt 1 view .LVU325
 531:Core/Src/main.c ****   hrtc.Init.OutPut = RTC_OUTPUT_DISABLE;
 1184              		.loc 1 531 25 is_stmt 0 view .LVU326
 1185 0010 FF22     		movs	r2, #255
 1186 0012 C260     		str	r2, [r0, #12]
 532:Core/Src/main.c ****   hrtc.Init.OutPutPolarity = RTC_OUTPUT_POLARITY_HIGH;
 1187              		.loc 1 532 3 is_stmt 1 view .LVU327
 532:Core/Src/main.c ****   hrtc.Init.OutPutPolarity = RTC_OUTPUT_POLARITY_HIGH;
 1188              		.loc 1 532 20 is_stmt 0 view .LVU328
 1189 0014 0361     		str	r3, [r0, #16]
 533:Core/Src/main.c ****   hrtc.Init.OutPutType = RTC_OUTPUT_TYPE_OPENDRAIN;
 1190              		.loc 1 533 3 is_stmt 1 view .LVU329
 533:Core/Src/main.c ****   hrtc.Init.OutPutType = RTC_OUTPUT_TYPE_OPENDRAIN;
 1191              		.loc 1 533 28 is_stmt 0 view .LVU330
 1192 0016 4361     		str	r3, [r0, #20]
 534:Core/Src/main.c ****   if (HAL_RTC_Init(&hrtc) != HAL_OK)
 1193              		.loc 1 534 3 is_stmt 1 view .LVU331
 534:Core/Src/main.c ****   if (HAL_RTC_Init(&hrtc) != HAL_OK)
 1194              		.loc 1 534 24 is_stmt 0 view .LVU332
 1195 0018 8361     		str	r3, [r0, #24]
ARM GAS  C:\Users\Miks\AppData\Local\Temp\ccm1mhzP.s 			page 63


 535:Core/Src/main.c ****   {
 1196              		.loc 1 535 3 is_stmt 1 view .LVU333
 535:Core/Src/main.c ****   {
 1197              		.loc 1 535 7 is_stmt 0 view .LVU334
 1198 001a FFF7FEFF 		bl	HAL_RTC_Init
 1199              	.LVL61:
 535:Core/Src/main.c ****   {
 1200              		.loc 1 535 6 discriminator 1 view .LVU335
 1201 001e 00B9     		cbnz	r0, .L73
 543:Core/Src/main.c **** 
 1202              		.loc 1 543 1 view .LVU336
 1203 0020 08BD     		pop	{r3, pc}
 1204              	.L73:
 537:Core/Src/main.c ****   }
 1205              		.loc 1 537 5 is_stmt 1 view .LVU337
 1206 0022 FFF7FEFF 		bl	Error_Handler
 1207              	.LVL62:
 1208              	.L75:
 1209 0026 00BF     		.align	2
 1210              	.L74:
 1211 0028 00000000 		.word	hrtc
 1212 002c 00280040 		.word	1073752064
 1213              		.cfi_endproc
 1214              	.LFE250:
 1216              		.section	.text.MX_SPI1_Init,"ax",%progbits
 1217              		.align	1
 1218              		.syntax unified
 1219              		.thumb
 1220              		.thumb_func
 1222              	MX_SPI1_Init:
 1223              	.LFB251:
 551:Core/Src/main.c **** 
 1224              		.loc 1 551 1 view -0
 1225              		.cfi_startproc
 1226              		@ args = 0, pretend = 0, frame = 0
 1227              		@ frame_needed = 0, uses_anonymous_args = 0
 1228 0000 08B5     		push	{r3, lr}
 1229              		.cfi_def_cfa_offset 8
 1230              		.cfi_offset 3, -8
 1231              		.cfi_offset 14, -4
 561:Core/Src/main.c ****   hspi1.Init.Mode = SPI_MODE_MASTER;
 1232              		.loc 1 561 3 view .LVU339
 561:Core/Src/main.c ****   hspi1.Init.Mode = SPI_MODE_MASTER;
 1233              		.loc 1 561 18 is_stmt 0 view .LVU340
 1234 0002 0D48     		ldr	r0, .L80
 1235 0004 0D4B     		ldr	r3, .L80+4
 1236 0006 0360     		str	r3, [r0]
 562:Core/Src/main.c ****   hspi1.Init.Direction = SPI_DIRECTION_2LINES;
 1237              		.loc 1 562 3 is_stmt 1 view .LVU341
 562:Core/Src/main.c ****   hspi1.Init.Direction = SPI_DIRECTION_2LINES;
 1238              		.loc 1 562 19 is_stmt 0 view .LVU342
 1239 0008 4FF48273 		mov	r3, #260
 1240 000c 4360     		str	r3, [r0, #4]
 563:Core/Src/main.c ****   hspi1.Init.DataSize = SPI_DATASIZE_8BIT;
 1241              		.loc 1 563 3 is_stmt 1 view .LVU343
 563:Core/Src/main.c ****   hspi1.Init.DataSize = SPI_DATASIZE_8BIT;
 1242              		.loc 1 563 24 is_stmt 0 view .LVU344
ARM GAS  C:\Users\Miks\AppData\Local\Temp\ccm1mhzP.s 			page 64


 1243 000e 0023     		movs	r3, #0
 1244 0010 8360     		str	r3, [r0, #8]
 564:Core/Src/main.c ****   hspi1.Init.CLKPolarity = SPI_POLARITY_LOW;
 1245              		.loc 1 564 3 is_stmt 1 view .LVU345
 564:Core/Src/main.c ****   hspi1.Init.CLKPolarity = SPI_POLARITY_LOW;
 1246              		.loc 1 564 23 is_stmt 0 view .LVU346
 1247 0012 C360     		str	r3, [r0, #12]
 565:Core/Src/main.c ****   hspi1.Init.CLKPhase = SPI_PHASE_1EDGE;
 1248              		.loc 1 565 3 is_stmt 1 view .LVU347
 565:Core/Src/main.c ****   hspi1.Init.CLKPhase = SPI_PHASE_1EDGE;
 1249              		.loc 1 565 26 is_stmt 0 view .LVU348
 1250 0014 0361     		str	r3, [r0, #16]
 566:Core/Src/main.c ****   hspi1.Init.NSS = SPI_NSS_SOFT;
 1251              		.loc 1 566 3 is_stmt 1 view .LVU349
 566:Core/Src/main.c ****   hspi1.Init.NSS = SPI_NSS_SOFT;
 1252              		.loc 1 566 23 is_stmt 0 view .LVU350
 1253 0016 4361     		str	r3, [r0, #20]
 567:Core/Src/main.c ****   hspi1.Init.BaudRatePrescaler = SPI_BAUDRATEPRESCALER_2;
 1254              		.loc 1 567 3 is_stmt 1 view .LVU351
 567:Core/Src/main.c ****   hspi1.Init.BaudRatePrescaler = SPI_BAUDRATEPRESCALER_2;
 1255              		.loc 1 567 18 is_stmt 0 view .LVU352
 1256 0018 4FF40072 		mov	r2, #512
 1257 001c 8261     		str	r2, [r0, #24]
 568:Core/Src/main.c ****   hspi1.Init.FirstBit = SPI_FIRSTBIT_MSB;
 1258              		.loc 1 568 3 is_stmt 1 view .LVU353
 568:Core/Src/main.c ****   hspi1.Init.FirstBit = SPI_FIRSTBIT_MSB;
 1259              		.loc 1 568 32 is_stmt 0 view .LVU354
 1260 001e C361     		str	r3, [r0, #28]
 569:Core/Src/main.c ****   hspi1.Init.TIMode = SPI_TIMODE_DISABLE;
 1261              		.loc 1 569 3 is_stmt 1 view .LVU355
 569:Core/Src/main.c ****   hspi1.Init.TIMode = SPI_TIMODE_DISABLE;
 1262              		.loc 1 569 23 is_stmt 0 view .LVU356
 1263 0020 0362     		str	r3, [r0, #32]
 570:Core/Src/main.c ****   hspi1.Init.CRCCalculation = SPI_CRCCALCULATION_DISABLE;
 1264              		.loc 1 570 3 is_stmt 1 view .LVU357
 570:Core/Src/main.c ****   hspi1.Init.CRCCalculation = SPI_CRCCALCULATION_DISABLE;
 1265              		.loc 1 570 21 is_stmt 0 view .LVU358
 1266 0022 4362     		str	r3, [r0, #36]
 571:Core/Src/main.c ****   hspi1.Init.CRCPolynomial = 10;
 1267              		.loc 1 571 3 is_stmt 1 view .LVU359
 571:Core/Src/main.c ****   hspi1.Init.CRCPolynomial = 10;
 1268              		.loc 1 571 29 is_stmt 0 view .LVU360
 1269 0024 8362     		str	r3, [r0, #40]
 572:Core/Src/main.c ****   if (HAL_SPI_Init(&hspi1) != HAL_OK)
 1270              		.loc 1 572 3 is_stmt 1 view .LVU361
 572:Core/Src/main.c ****   if (HAL_SPI_Init(&hspi1) != HAL_OK)
 1271              		.loc 1 572 28 is_stmt 0 view .LVU362
 1272 0026 0A23     		movs	r3, #10
 1273 0028 C362     		str	r3, [r0, #44]
 573:Core/Src/main.c ****   {
 1274              		.loc 1 573 3 is_stmt 1 view .LVU363
 573:Core/Src/main.c ****   {
 1275              		.loc 1 573 7 is_stmt 0 view .LVU364
 1276 002a FFF7FEFF 		bl	HAL_SPI_Init
 1277              	.LVL63:
 573:Core/Src/main.c ****   {
 1278              		.loc 1 573 6 discriminator 1 view .LVU365
ARM GAS  C:\Users\Miks\AppData\Local\Temp\ccm1mhzP.s 			page 65


 1279 002e 00B9     		cbnz	r0, .L79
 581:Core/Src/main.c **** 
 1280              		.loc 1 581 1 view .LVU366
 1281 0030 08BD     		pop	{r3, pc}
 1282              	.L79:
 575:Core/Src/main.c ****   }
 1283              		.loc 1 575 5 is_stmt 1 view .LVU367
 1284 0032 FFF7FEFF 		bl	Error_Handler
 1285              	.LVL64:
 1286              	.L81:
 1287 0036 00BF     		.align	2
 1288              	.L80:
 1289 0038 00000000 		.word	hspi1
 1290 003c 00300140 		.word	1073819648
 1291              		.cfi_endproc
 1292              	.LFE251:
 1294              		.section	.text.MX_SPI2_Init,"ax",%progbits
 1295              		.align	1
 1296              		.syntax unified
 1297              		.thumb
 1298              		.thumb_func
 1300              	MX_SPI2_Init:
 1301              	.LFB252:
 589:Core/Src/main.c **** 
 1302              		.loc 1 589 1 view -0
 1303              		.cfi_startproc
 1304              		@ args = 0, pretend = 0, frame = 0
 1305              		@ frame_needed = 0, uses_anonymous_args = 0
 1306 0000 08B5     		push	{r3, lr}
 1307              		.cfi_def_cfa_offset 8
 1308              		.cfi_offset 3, -8
 1309              		.cfi_offset 14, -4
 599:Core/Src/main.c ****   hspi2.Init.Mode = SPI_MODE_MASTER;
 1310              		.loc 1 599 3 view .LVU369
 599:Core/Src/main.c ****   hspi2.Init.Mode = SPI_MODE_MASTER;
 1311              		.loc 1 599 18 is_stmt 0 view .LVU370
 1312 0002 0E48     		ldr	r0, .L86
 1313 0004 0E4B     		ldr	r3, .L86+4
 1314 0006 0360     		str	r3, [r0]
 600:Core/Src/main.c ****   hspi2.Init.Direction = SPI_DIRECTION_2LINES;
 1315              		.loc 1 600 3 is_stmt 1 view .LVU371
 600:Core/Src/main.c ****   hspi2.Init.Direction = SPI_DIRECTION_2LINES;
 1316              		.loc 1 600 19 is_stmt 0 view .LVU372
 1317 0008 4FF48273 		mov	r3, #260
 1318 000c 4360     		str	r3, [r0, #4]
 601:Core/Src/main.c ****   hspi2.Init.DataSize = SPI_DATASIZE_8BIT;
 1319              		.loc 1 601 3 is_stmt 1 view .LVU373
 601:Core/Src/main.c ****   hspi2.Init.DataSize = SPI_DATASIZE_8BIT;
 1320              		.loc 1 601 24 is_stmt 0 view .LVU374
 1321 000e 0023     		movs	r3, #0
 1322 0010 8360     		str	r3, [r0, #8]
 602:Core/Src/main.c ****   hspi2.Init.CLKPolarity = SPI_POLARITY_HIGH;
 1323              		.loc 1 602 3 is_stmt 1 view .LVU375
 602:Core/Src/main.c ****   hspi2.Init.CLKPolarity = SPI_POLARITY_HIGH;
 1324              		.loc 1 602 23 is_stmt 0 view .LVU376
 1325 0012 C360     		str	r3, [r0, #12]
 603:Core/Src/main.c ****   hspi2.Init.CLKPhase = SPI_PHASE_2EDGE;
ARM GAS  C:\Users\Miks\AppData\Local\Temp\ccm1mhzP.s 			page 66


 1326              		.loc 1 603 3 is_stmt 1 view .LVU377
 603:Core/Src/main.c ****   hspi2.Init.CLKPhase = SPI_PHASE_2EDGE;
 1327              		.loc 1 603 26 is_stmt 0 view .LVU378
 1328 0014 0222     		movs	r2, #2
 1329 0016 0261     		str	r2, [r0, #16]
 604:Core/Src/main.c ****   hspi2.Init.NSS = SPI_NSS_SOFT;
 1330              		.loc 1 604 3 is_stmt 1 view .LVU379
 604:Core/Src/main.c ****   hspi2.Init.NSS = SPI_NSS_SOFT;
 1331              		.loc 1 604 23 is_stmt 0 view .LVU380
 1332 0018 0122     		movs	r2, #1
 1333 001a 4261     		str	r2, [r0, #20]
 605:Core/Src/main.c ****   hspi2.Init.BaudRatePrescaler = SPI_BAUDRATEPRESCALER_4;
 1334              		.loc 1 605 3 is_stmt 1 view .LVU381
 605:Core/Src/main.c ****   hspi2.Init.BaudRatePrescaler = SPI_BAUDRATEPRESCALER_4;
 1335              		.loc 1 605 18 is_stmt 0 view .LVU382
 1336 001c 4FF40072 		mov	r2, #512
 1337 0020 8261     		str	r2, [r0, #24]
 606:Core/Src/main.c ****   hspi2.Init.FirstBit = SPI_FIRSTBIT_MSB;
 1338              		.loc 1 606 3 is_stmt 1 view .LVU383
 606:Core/Src/main.c ****   hspi2.Init.FirstBit = SPI_FIRSTBIT_MSB;
 1339              		.loc 1 606 32 is_stmt 0 view .LVU384
 1340 0022 0822     		movs	r2, #8
 1341 0024 C261     		str	r2, [r0, #28]
 607:Core/Src/main.c ****   hspi2.Init.TIMode = SPI_TIMODE_DISABLE;
 1342              		.loc 1 607 3 is_stmt 1 view .LVU385
 607:Core/Src/main.c ****   hspi2.Init.TIMode = SPI_TIMODE_DISABLE;
 1343              		.loc 1 607 23 is_stmt 0 view .LVU386
 1344 0026 0362     		str	r3, [r0, #32]
 608:Core/Src/main.c ****   hspi2.Init.CRCCalculation = SPI_CRCCALCULATION_DISABLE;
 1345              		.loc 1 608 3 is_stmt 1 view .LVU387
 608:Core/Src/main.c ****   hspi2.Init.CRCCalculation = SPI_CRCCALCULATION_DISABLE;
 1346              		.loc 1 608 21 is_stmt 0 view .LVU388
 1347 0028 4362     		str	r3, [r0, #36]
 609:Core/Src/main.c ****   hspi2.Init.CRCPolynomial = 10;
 1348              		.loc 1 609 3 is_stmt 1 view .LVU389
 609:Core/Src/main.c ****   hspi2.Init.CRCPolynomial = 10;
 1349              		.loc 1 609 29 is_stmt 0 view .LVU390
 1350 002a 8362     		str	r3, [r0, #40]
 610:Core/Src/main.c ****   if (HAL_SPI_Init(&hspi2) != HAL_OK)
 1351              		.loc 1 610 3 is_stmt 1 view .LVU391
 610:Core/Src/main.c ****   if (HAL_SPI_Init(&hspi2) != HAL_OK)
 1352              		.loc 1 610 28 is_stmt 0 view .LVU392
 1353 002c 0A23     		movs	r3, #10
 1354 002e C362     		str	r3, [r0, #44]
 611:Core/Src/main.c ****   {
 1355              		.loc 1 611 3 is_stmt 1 view .LVU393
 611:Core/Src/main.c ****   {
 1356              		.loc 1 611 7 is_stmt 0 view .LVU394
 1357 0030 FFF7FEFF 		bl	HAL_SPI_Init
 1358              	.LVL65:
 611:Core/Src/main.c ****   {
 1359              		.loc 1 611 6 discriminator 1 view .LVU395
 1360 0034 00B9     		cbnz	r0, .L85
 619:Core/Src/main.c **** 
 1361              		.loc 1 619 1 view .LVU396
 1362 0036 08BD     		pop	{r3, pc}
 1363              	.L85:
ARM GAS  C:\Users\Miks\AppData\Local\Temp\ccm1mhzP.s 			page 67


 613:Core/Src/main.c ****   }
 1364              		.loc 1 613 5 is_stmt 1 view .LVU397
 1365 0038 FFF7FEFF 		bl	Error_Handler
 1366              	.LVL66:
 1367              	.L87:
 1368              		.align	2
 1369              	.L86:
 1370 003c 00000000 		.word	hspi2
 1371 0040 00380040 		.word	1073756160
 1372              		.cfi_endproc
 1373              	.LFE252:
 1375              		.section	.text.MX_SPI3_Init,"ax",%progbits
 1376              		.align	1
 1377              		.syntax unified
 1378              		.thumb
 1379              		.thumb_func
 1381              	MX_SPI3_Init:
 1382              	.LFB253:
 627:Core/Src/main.c **** 
 1383              		.loc 1 627 1 view -0
 1384              		.cfi_startproc
 1385              		@ args = 0, pretend = 0, frame = 0
 1386              		@ frame_needed = 0, uses_anonymous_args = 0
 1387 0000 08B5     		push	{r3, lr}
 1388              		.cfi_def_cfa_offset 8
 1389              		.cfi_offset 3, -8
 1390              		.cfi_offset 14, -4
 637:Core/Src/main.c ****   hspi3.Init.Mode = SPI_MODE_MASTER;
 1391              		.loc 1 637 3 view .LVU399
 637:Core/Src/main.c ****   hspi3.Init.Mode = SPI_MODE_MASTER;
 1392              		.loc 1 637 18 is_stmt 0 view .LVU400
 1393 0002 0D48     		ldr	r0, .L92
 1394 0004 0D4B     		ldr	r3, .L92+4
 1395 0006 0360     		str	r3, [r0]
 638:Core/Src/main.c ****   hspi3.Init.Direction = SPI_DIRECTION_2LINES;
 1396              		.loc 1 638 3 is_stmt 1 view .LVU401
 638:Core/Src/main.c ****   hspi3.Init.Direction = SPI_DIRECTION_2LINES;
 1397              		.loc 1 638 19 is_stmt 0 view .LVU402
 1398 0008 4FF48273 		mov	r3, #260
 1399 000c 4360     		str	r3, [r0, #4]
 639:Core/Src/main.c ****   hspi3.Init.DataSize = SPI_DATASIZE_8BIT;
 1400              		.loc 1 639 3 is_stmt 1 view .LVU403
 639:Core/Src/main.c ****   hspi3.Init.DataSize = SPI_DATASIZE_8BIT;
 1401              		.loc 1 639 24 is_stmt 0 view .LVU404
 1402 000e 0023     		movs	r3, #0
 1403 0010 8360     		str	r3, [r0, #8]
 640:Core/Src/main.c ****   hspi3.Init.CLKPolarity = SPI_POLARITY_LOW;
 1404              		.loc 1 640 3 is_stmt 1 view .LVU405
 640:Core/Src/main.c ****   hspi3.Init.CLKPolarity = SPI_POLARITY_LOW;
 1405              		.loc 1 640 23 is_stmt 0 view .LVU406
 1406 0012 C360     		str	r3, [r0, #12]
 641:Core/Src/main.c ****   hspi3.Init.CLKPhase = SPI_PHASE_1EDGE;
 1407              		.loc 1 641 3 is_stmt 1 view .LVU407
 641:Core/Src/main.c ****   hspi3.Init.CLKPhase = SPI_PHASE_1EDGE;
 1408              		.loc 1 641 26 is_stmt 0 view .LVU408
 1409 0014 0361     		str	r3, [r0, #16]
 642:Core/Src/main.c ****   hspi3.Init.NSS = SPI_NSS_HARD_OUTPUT;
ARM GAS  C:\Users\Miks\AppData\Local\Temp\ccm1mhzP.s 			page 68


 1410              		.loc 1 642 3 is_stmt 1 view .LVU409
 642:Core/Src/main.c ****   hspi3.Init.NSS = SPI_NSS_HARD_OUTPUT;
 1411              		.loc 1 642 23 is_stmt 0 view .LVU410
 1412 0016 4361     		str	r3, [r0, #20]
 643:Core/Src/main.c ****   hspi3.Init.BaudRatePrescaler = SPI_BAUDRATEPRESCALER_2;
 1413              		.loc 1 643 3 is_stmt 1 view .LVU411
 643:Core/Src/main.c ****   hspi3.Init.BaudRatePrescaler = SPI_BAUDRATEPRESCALER_2;
 1414              		.loc 1 643 18 is_stmt 0 view .LVU412
 1415 0018 4FF48022 		mov	r2, #262144
 1416 001c 8261     		str	r2, [r0, #24]
 644:Core/Src/main.c ****   hspi3.Init.FirstBit = SPI_FIRSTBIT_MSB;
 1417              		.loc 1 644 3 is_stmt 1 view .LVU413
 644:Core/Src/main.c ****   hspi3.Init.FirstBit = SPI_FIRSTBIT_MSB;
 1418              		.loc 1 644 32 is_stmt 0 view .LVU414
 1419 001e C361     		str	r3, [r0, #28]
 645:Core/Src/main.c ****   hspi3.Init.TIMode = SPI_TIMODE_DISABLE;
 1420              		.loc 1 645 3 is_stmt 1 view .LVU415
 645:Core/Src/main.c ****   hspi3.Init.TIMode = SPI_TIMODE_DISABLE;
 1421              		.loc 1 645 23 is_stmt 0 view .LVU416
 1422 0020 0362     		str	r3, [r0, #32]
 646:Core/Src/main.c ****   hspi3.Init.CRCCalculation = SPI_CRCCALCULATION_DISABLE;
 1423              		.loc 1 646 3 is_stmt 1 view .LVU417
 646:Core/Src/main.c ****   hspi3.Init.CRCCalculation = SPI_CRCCALCULATION_DISABLE;
 1424              		.loc 1 646 21 is_stmt 0 view .LVU418
 1425 0022 4362     		str	r3, [r0, #36]
 647:Core/Src/main.c ****   hspi3.Init.CRCPolynomial = 10;
 1426              		.loc 1 647 3 is_stmt 1 view .LVU419
 647:Core/Src/main.c ****   hspi3.Init.CRCPolynomial = 10;
 1427              		.loc 1 647 29 is_stmt 0 view .LVU420
 1428 0024 8362     		str	r3, [r0, #40]
 648:Core/Src/main.c ****   if (HAL_SPI_Init(&hspi3) != HAL_OK)
 1429              		.loc 1 648 3 is_stmt 1 view .LVU421
 648:Core/Src/main.c ****   if (HAL_SPI_Init(&hspi3) != HAL_OK)
 1430              		.loc 1 648 28 is_stmt 0 view .LVU422
 1431 0026 0A23     		movs	r3, #10
 1432 0028 C362     		str	r3, [r0, #44]
 649:Core/Src/main.c ****   {
 1433              		.loc 1 649 3 is_stmt 1 view .LVU423
 649:Core/Src/main.c ****   {
 1434              		.loc 1 649 7 is_stmt 0 view .LVU424
 1435 002a FFF7FEFF 		bl	HAL_SPI_Init
 1436              	.LVL67:
 649:Core/Src/main.c ****   {
 1437              		.loc 1 649 6 discriminator 1 view .LVU425
 1438 002e 00B9     		cbnz	r0, .L91
 657:Core/Src/main.c **** 
 1439              		.loc 1 657 1 view .LVU426
 1440 0030 08BD     		pop	{r3, pc}
 1441              	.L91:
 651:Core/Src/main.c ****   }
 1442              		.loc 1 651 5 is_stmt 1 view .LVU427
 1443 0032 FFF7FEFF 		bl	Error_Handler
 1444              	.LVL68:
 1445              	.L93:
 1446 0036 00BF     		.align	2
 1447              	.L92:
 1448 0038 00000000 		.word	hspi3
ARM GAS  C:\Users\Miks\AppData\Local\Temp\ccm1mhzP.s 			page 69


 1449 003c 003C0040 		.word	1073757184
 1450              		.cfi_endproc
 1451              	.LFE253:
 1453              		.section	.text.MX_TIM3_Init,"ax",%progbits
 1454              		.align	1
 1455              		.syntax unified
 1456              		.thumb
 1457              		.thumb_func
 1459              	MX_TIM3_Init:
 1460              	.LFB254:
 665:Core/Src/main.c **** 
 1461              		.loc 1 665 1 view -0
 1462              		.cfi_startproc
 1463              		@ args = 0, pretend = 0, frame = 56
 1464              		@ frame_needed = 0, uses_anonymous_args = 0
 1465 0000 00B5     		push	{lr}
 1466              		.cfi_def_cfa_offset 4
 1467              		.cfi_offset 14, -4
 1468 0002 8FB0     		sub	sp, sp, #60
 1469              		.cfi_def_cfa_offset 64
 671:Core/Src/main.c ****   TIM_MasterConfigTypeDef sMasterConfig = {0};
 1470              		.loc 1 671 3 view .LVU429
 671:Core/Src/main.c ****   TIM_MasterConfigTypeDef sMasterConfig = {0};
 1471              		.loc 1 671 26 is_stmt 0 view .LVU430
 1472 0004 0023     		movs	r3, #0
 1473 0006 0A93     		str	r3, [sp, #40]
 1474 0008 0B93     		str	r3, [sp, #44]
 1475 000a 0C93     		str	r3, [sp, #48]
 1476 000c 0D93     		str	r3, [sp, #52]
 672:Core/Src/main.c ****   TIM_OC_InitTypeDef sConfigOC = {0};
 1477              		.loc 1 672 3 is_stmt 1 view .LVU431
 672:Core/Src/main.c ****   TIM_OC_InitTypeDef sConfigOC = {0};
 1478              		.loc 1 672 27 is_stmt 0 view .LVU432
 1479 000e 0893     		str	r3, [sp, #32]
 1480 0010 0993     		str	r3, [sp, #36]
 673:Core/Src/main.c **** 
 1481              		.loc 1 673 3 is_stmt 1 view .LVU433
 673:Core/Src/main.c **** 
 1482              		.loc 1 673 22 is_stmt 0 view .LVU434
 1483 0012 0193     		str	r3, [sp, #4]
 1484 0014 0293     		str	r3, [sp, #8]
 1485 0016 0393     		str	r3, [sp, #12]
 1486 0018 0493     		str	r3, [sp, #16]
 1487 001a 0593     		str	r3, [sp, #20]
 1488 001c 0693     		str	r3, [sp, #24]
 1489 001e 0793     		str	r3, [sp, #28]
 678:Core/Src/main.c ****   htim3.Init.Prescaler = 0;
 1490              		.loc 1 678 3 is_stmt 1 view .LVU435
 678:Core/Src/main.c ****   htim3.Init.Prescaler = 0;
 1491              		.loc 1 678 18 is_stmt 0 view .LVU436
 1492 0020 1D48     		ldr	r0, .L106
 1493 0022 1E4A     		ldr	r2, .L106+4
 1494 0024 0260     		str	r2, [r0]
 679:Core/Src/main.c ****   htim3.Init.CounterMode = TIM_COUNTERMODE_UP;
 1495              		.loc 1 679 3 is_stmt 1 view .LVU437
 679:Core/Src/main.c ****   htim3.Init.CounterMode = TIM_COUNTERMODE_UP;
 1496              		.loc 1 679 24 is_stmt 0 view .LVU438
ARM GAS  C:\Users\Miks\AppData\Local\Temp\ccm1mhzP.s 			page 70


 1497 0026 4360     		str	r3, [r0, #4]
 680:Core/Src/main.c ****   htim3.Init.Period = 90-1;
 1498              		.loc 1 680 3 is_stmt 1 view .LVU439
 680:Core/Src/main.c ****   htim3.Init.Period = 90-1;
 1499              		.loc 1 680 26 is_stmt 0 view .LVU440
 1500 0028 8360     		str	r3, [r0, #8]
 681:Core/Src/main.c ****   htim3.Init.ClockDivision = TIM_CLOCKDIVISION_DIV1;
 1501              		.loc 1 681 3 is_stmt 1 view .LVU441
 681:Core/Src/main.c ****   htim3.Init.ClockDivision = TIM_CLOCKDIVISION_DIV1;
 1502              		.loc 1 681 21 is_stmt 0 view .LVU442
 1503 002a 5922     		movs	r2, #89
 1504 002c C260     		str	r2, [r0, #12]
 682:Core/Src/main.c ****   htim3.Init.AutoReloadPreload = TIM_AUTORELOAD_PRELOAD_DISABLE;
 1505              		.loc 1 682 3 is_stmt 1 view .LVU443
 682:Core/Src/main.c ****   htim3.Init.AutoReloadPreload = TIM_AUTORELOAD_PRELOAD_DISABLE;
 1506              		.loc 1 682 28 is_stmt 0 view .LVU444
 1507 002e 0361     		str	r3, [r0, #16]
 683:Core/Src/main.c ****   if (HAL_TIM_Base_Init(&htim3) != HAL_OK)
 1508              		.loc 1 683 3 is_stmt 1 view .LVU445
 683:Core/Src/main.c ****   if (HAL_TIM_Base_Init(&htim3) != HAL_OK)
 1509              		.loc 1 683 32 is_stmt 0 view .LVU446
 1510 0030 8361     		str	r3, [r0, #24]
 684:Core/Src/main.c ****   {
 1511              		.loc 1 684 3 is_stmt 1 view .LVU447
 684:Core/Src/main.c ****   {
 1512              		.loc 1 684 7 is_stmt 0 view .LVU448
 1513 0032 FFF7FEFF 		bl	HAL_TIM_Base_Init
 1514              	.LVL69:
 684:Core/Src/main.c ****   {
 1515              		.loc 1 684 6 discriminator 1 view .LVU449
 1516 0036 20BB     		cbnz	r0, .L101
 688:Core/Src/main.c ****   if (HAL_TIM_ConfigClockSource(&htim3, &sClockSourceConfig) != HAL_OK)
 1517              		.loc 1 688 3 is_stmt 1 view .LVU450
 688:Core/Src/main.c ****   if (HAL_TIM_ConfigClockSource(&htim3, &sClockSourceConfig) != HAL_OK)
 1518              		.loc 1 688 34 is_stmt 0 view .LVU451
 1519 0038 4FF48053 		mov	r3, #4096
 1520 003c 0A93     		str	r3, [sp, #40]
 689:Core/Src/main.c ****   {
 1521              		.loc 1 689 3 is_stmt 1 view .LVU452
 689:Core/Src/main.c ****   {
 1522              		.loc 1 689 7 is_stmt 0 view .LVU453
 1523 003e 0AA9     		add	r1, sp, #40
 1524 0040 1548     		ldr	r0, .L106
 1525 0042 FFF7FEFF 		bl	HAL_TIM_ConfigClockSource
 1526              	.LVL70:
 689:Core/Src/main.c ****   {
 1527              		.loc 1 689 6 discriminator 1 view .LVU454
 1528 0046 F0B9     		cbnz	r0, .L102
 693:Core/Src/main.c ****   {
 1529              		.loc 1 693 3 is_stmt 1 view .LVU455
 693:Core/Src/main.c ****   {
 1530              		.loc 1 693 7 is_stmt 0 view .LVU456
 1531 0048 1348     		ldr	r0, .L106
 1532 004a FFF7FEFF 		bl	HAL_TIM_PWM_Init
 1533              	.LVL71:
 693:Core/Src/main.c ****   {
 1534              		.loc 1 693 6 discriminator 1 view .LVU457
ARM GAS  C:\Users\Miks\AppData\Local\Temp\ccm1mhzP.s 			page 71


 1535 004e E0B9     		cbnz	r0, .L103
 697:Core/Src/main.c ****   sMasterConfig.MasterSlaveMode = TIM_MASTERSLAVEMODE_DISABLE;
 1536              		.loc 1 697 3 is_stmt 1 view .LVU458
 697:Core/Src/main.c ****   sMasterConfig.MasterSlaveMode = TIM_MASTERSLAVEMODE_DISABLE;
 1537              		.loc 1 697 37 is_stmt 0 view .LVU459
 1538 0050 0023     		movs	r3, #0
 1539 0052 0893     		str	r3, [sp, #32]
 698:Core/Src/main.c ****   if (HAL_TIMEx_MasterConfigSynchronization(&htim3, &sMasterConfig) != HAL_OK)
 1540              		.loc 1 698 3 is_stmt 1 view .LVU460
 698:Core/Src/main.c ****   if (HAL_TIMEx_MasterConfigSynchronization(&htim3, &sMasterConfig) != HAL_OK)
 1541              		.loc 1 698 33 is_stmt 0 view .LVU461
 1542 0054 0993     		str	r3, [sp, #36]
 699:Core/Src/main.c ****   {
 1543              		.loc 1 699 3 is_stmt 1 view .LVU462
 699:Core/Src/main.c ****   {
 1544              		.loc 1 699 7 is_stmt 0 view .LVU463
 1545 0056 08A9     		add	r1, sp, #32
 1546 0058 0F48     		ldr	r0, .L106
 1547 005a FFF7FEFF 		bl	HAL_TIMEx_MasterConfigSynchronization
 1548              	.LVL72:
 699:Core/Src/main.c ****   {
 1549              		.loc 1 699 6 discriminator 1 view .LVU464
 1550 005e B0B9     		cbnz	r0, .L104
 703:Core/Src/main.c ****   sConfigOC.Pulse = 0;
 1551              		.loc 1 703 3 is_stmt 1 view .LVU465
 703:Core/Src/main.c ****   sConfigOC.Pulse = 0;
 1552              		.loc 1 703 20 is_stmt 0 view .LVU466
 1553 0060 6023     		movs	r3, #96
 1554 0062 0193     		str	r3, [sp, #4]
 704:Core/Src/main.c ****   sConfigOC.OCPolarity = TIM_OCPOLARITY_HIGH;
 1555              		.loc 1 704 3 is_stmt 1 view .LVU467
 704:Core/Src/main.c ****   sConfigOC.OCPolarity = TIM_OCPOLARITY_HIGH;
 1556              		.loc 1 704 19 is_stmt 0 view .LVU468
 1557 0064 0022     		movs	r2, #0
 1558 0066 0292     		str	r2, [sp, #8]
 705:Core/Src/main.c ****   sConfigOC.OCFastMode = TIM_OCFAST_DISABLE;
 1559              		.loc 1 705 3 is_stmt 1 view .LVU469
 705:Core/Src/main.c ****   sConfigOC.OCFastMode = TIM_OCFAST_DISABLE;
 1560              		.loc 1 705 24 is_stmt 0 view .LVU470
 1561 0068 0392     		str	r2, [sp, #12]
 706:Core/Src/main.c ****   if (HAL_TIM_PWM_ConfigChannel(&htim3, &sConfigOC, TIM_CHANNEL_1) != HAL_OK)
 1562              		.loc 1 706 3 is_stmt 1 view .LVU471
 706:Core/Src/main.c ****   if (HAL_TIM_PWM_ConfigChannel(&htim3, &sConfigOC, TIM_CHANNEL_1) != HAL_OK)
 1563              		.loc 1 706 24 is_stmt 0 view .LVU472
 1564 006a 0592     		str	r2, [sp, #20]
 707:Core/Src/main.c ****   {
 1565              		.loc 1 707 3 is_stmt 1 view .LVU473
 707:Core/Src/main.c ****   {
 1566              		.loc 1 707 7 is_stmt 0 view .LVU474
 1567 006c 01A9     		add	r1, sp, #4
 1568 006e 0A48     		ldr	r0, .L106
 1569 0070 FFF7FEFF 		bl	HAL_TIM_PWM_ConfigChannel
 1570              	.LVL73:
 707:Core/Src/main.c ****   {
 1571              		.loc 1 707 6 discriminator 1 view .LVU475
 1572 0074 68B9     		cbnz	r0, .L105
 714:Core/Src/main.c **** 
ARM GAS  C:\Users\Miks\AppData\Local\Temp\ccm1mhzP.s 			page 72


 1573              		.loc 1 714 3 is_stmt 1 view .LVU476
 1574 0076 0848     		ldr	r0, .L106
 1575 0078 FFF7FEFF 		bl	HAL_TIM_MspPostInit
 1576              	.LVL74:
 716:Core/Src/main.c **** 
 1577              		.loc 1 716 1 is_stmt 0 view .LVU477
 1578 007c 0FB0     		add	sp, sp, #60
 1579              		.cfi_remember_state
 1580              		.cfi_def_cfa_offset 4
 1581              		@ sp needed
 1582 007e 5DF804FB 		ldr	pc, [sp], #4
 1583              	.L101:
 1584              		.cfi_restore_state
 686:Core/Src/main.c ****   }
 1585              		.loc 1 686 5 is_stmt 1 view .LVU478
 1586 0082 FFF7FEFF 		bl	Error_Handler
 1587              	.LVL75:
 1588              	.L102:
 691:Core/Src/main.c ****   }
 1589              		.loc 1 691 5 view .LVU479
 1590 0086 FFF7FEFF 		bl	Error_Handler
 1591              	.LVL76:
 1592              	.L103:
 695:Core/Src/main.c ****   }
 1593              		.loc 1 695 5 view .LVU480
 1594 008a FFF7FEFF 		bl	Error_Handler
 1595              	.LVL77:
 1596              	.L104:
 701:Core/Src/main.c ****   }
 1597              		.loc 1 701 5 view .LVU481
 1598 008e FFF7FEFF 		bl	Error_Handler
 1599              	.LVL78:
 1600              	.L105:
 709:Core/Src/main.c ****   }
 1601              		.loc 1 709 5 view .LVU482
 1602 0092 FFF7FEFF 		bl	Error_Handler
 1603              	.LVL79:
 1604              	.L107:
 1605 0096 00BF     		.align	2
 1606              	.L106:
 1607 0098 00000000 		.word	htim3
 1608 009c 00040040 		.word	1073742848
 1609              		.cfi_endproc
 1610              	.LFE254:
 1612              		.section	.text.MX_TIM4_Init,"ax",%progbits
 1613              		.align	1
 1614              		.syntax unified
 1615              		.thumb
 1616              		.thumb_func
 1618              	MX_TIM4_Init:
 1619              	.LFB255:
 724:Core/Src/main.c **** 
 1620              		.loc 1 724 1 view -0
 1621              		.cfi_startproc
 1622              		@ args = 0, pretend = 0, frame = 56
 1623              		@ frame_needed = 0, uses_anonymous_args = 0
 1624 0000 00B5     		push	{lr}
ARM GAS  C:\Users\Miks\AppData\Local\Temp\ccm1mhzP.s 			page 73


 1625              		.cfi_def_cfa_offset 4
 1626              		.cfi_offset 14, -4
 1627 0002 8FB0     		sub	sp, sp, #60
 1628              		.cfi_def_cfa_offset 64
 730:Core/Src/main.c ****   TIM_MasterConfigTypeDef sMasterConfig = {0};
 1629              		.loc 1 730 3 view .LVU484
 730:Core/Src/main.c ****   TIM_MasterConfigTypeDef sMasterConfig = {0};
 1630              		.loc 1 730 26 is_stmt 0 view .LVU485
 1631 0004 0023     		movs	r3, #0
 1632 0006 0A93     		str	r3, [sp, #40]
 1633 0008 0B93     		str	r3, [sp, #44]
 1634 000a 0C93     		str	r3, [sp, #48]
 1635 000c 0D93     		str	r3, [sp, #52]
 731:Core/Src/main.c ****   TIM_OC_InitTypeDef sConfigOC = {0};
 1636              		.loc 1 731 3 is_stmt 1 view .LVU486
 731:Core/Src/main.c ****   TIM_OC_InitTypeDef sConfigOC = {0};
 1637              		.loc 1 731 27 is_stmt 0 view .LVU487
 1638 000e 0893     		str	r3, [sp, #32]
 1639 0010 0993     		str	r3, [sp, #36]
 732:Core/Src/main.c **** 
 1640              		.loc 1 732 3 is_stmt 1 view .LVU488
 732:Core/Src/main.c **** 
 1641              		.loc 1 732 22 is_stmt 0 view .LVU489
 1642 0012 0193     		str	r3, [sp, #4]
 1643 0014 0293     		str	r3, [sp, #8]
 1644 0016 0393     		str	r3, [sp, #12]
 1645 0018 0493     		str	r3, [sp, #16]
 1646 001a 0593     		str	r3, [sp, #20]
 1647 001c 0693     		str	r3, [sp, #24]
 1648 001e 0793     		str	r3, [sp, #28]
 737:Core/Src/main.c ****   htim4.Init.Prescaler = 591;
 1649              		.loc 1 737 3 is_stmt 1 view .LVU490
 737:Core/Src/main.c ****   htim4.Init.Prescaler = 591;
 1650              		.loc 1 737 18 is_stmt 0 view .LVU491
 1651 0020 2348     		ldr	r0, .L122
 1652 0022 244A     		ldr	r2, .L122+4
 1653 0024 0260     		str	r2, [r0]
 738:Core/Src/main.c ****   htim4.Init.CounterMode = TIM_COUNTERMODE_UP;
 1654              		.loc 1 738 3 is_stmt 1 view .LVU492
 738:Core/Src/main.c ****   htim4.Init.CounterMode = TIM_COUNTERMODE_UP;
 1655              		.loc 1 738 24 is_stmt 0 view .LVU493
 1656 0026 40F24F22 		movw	r2, #591
 1657 002a 4260     		str	r2, [r0, #4]
 739:Core/Src/main.c ****   htim4.Init.Period = 2430;
 1658              		.loc 1 739 3 is_stmt 1 view .LVU494
 739:Core/Src/main.c ****   htim4.Init.Period = 2430;
 1659              		.loc 1 739 26 is_stmt 0 view .LVU495
 1660 002c 8360     		str	r3, [r0, #8]
 740:Core/Src/main.c ****   htim4.Init.ClockDivision = TIM_CLOCKDIVISION_DIV1;
 1661              		.loc 1 740 3 is_stmt 1 view .LVU496
 740:Core/Src/main.c ****   htim4.Init.ClockDivision = TIM_CLOCKDIVISION_DIV1;
 1662              		.loc 1 740 21 is_stmt 0 view .LVU497
 1663 002e 40F67E12 		movw	r2, #2430
 1664 0032 C260     		str	r2, [r0, #12]
 741:Core/Src/main.c ****   htim4.Init.AutoReloadPreload = TIM_AUTORELOAD_PRELOAD_DISABLE;
 1665              		.loc 1 741 3 is_stmt 1 view .LVU498
 741:Core/Src/main.c ****   htim4.Init.AutoReloadPreload = TIM_AUTORELOAD_PRELOAD_DISABLE;
ARM GAS  C:\Users\Miks\AppData\Local\Temp\ccm1mhzP.s 			page 74


 1666              		.loc 1 741 28 is_stmt 0 view .LVU499
 1667 0034 0361     		str	r3, [r0, #16]
 742:Core/Src/main.c ****   if (HAL_TIM_Base_Init(&htim4) != HAL_OK)
 1668              		.loc 1 742 3 is_stmt 1 view .LVU500
 742:Core/Src/main.c ****   if (HAL_TIM_Base_Init(&htim4) != HAL_OK)
 1669              		.loc 1 742 32 is_stmt 0 view .LVU501
 1670 0036 8361     		str	r3, [r0, #24]
 743:Core/Src/main.c ****   {
 1671              		.loc 1 743 3 is_stmt 1 view .LVU502
 743:Core/Src/main.c ****   {
 1672              		.loc 1 743 7 is_stmt 0 view .LVU503
 1673 0038 FFF7FEFF 		bl	HAL_TIM_Base_Init
 1674              	.LVL80:
 743:Core/Src/main.c ****   {
 1675              		.loc 1 743 6 discriminator 1 view .LVU504
 1676 003c 58BB     		cbnz	r0, .L116
 747:Core/Src/main.c ****   if (HAL_TIM_ConfigClockSource(&htim4, &sClockSourceConfig) != HAL_OK)
 1677              		.loc 1 747 3 is_stmt 1 view .LVU505
 747:Core/Src/main.c ****   if (HAL_TIM_ConfigClockSource(&htim4, &sClockSourceConfig) != HAL_OK)
 1678              		.loc 1 747 34 is_stmt 0 view .LVU506
 1679 003e 4FF48053 		mov	r3, #4096
 1680 0042 0A93     		str	r3, [sp, #40]
 748:Core/Src/main.c ****   {
 1681              		.loc 1 748 3 is_stmt 1 view .LVU507
 748:Core/Src/main.c ****   {
 1682              		.loc 1 748 7 is_stmt 0 view .LVU508
 1683 0044 0AA9     		add	r1, sp, #40
 1684 0046 1A48     		ldr	r0, .L122
 1685 0048 FFF7FEFF 		bl	HAL_TIM_ConfigClockSource
 1686              	.LVL81:
 748:Core/Src/main.c ****   {
 1687              		.loc 1 748 6 discriminator 1 view .LVU509
 1688 004c 28BB     		cbnz	r0, .L117
 752:Core/Src/main.c ****   {
 1689              		.loc 1 752 3 is_stmt 1 view .LVU510
 752:Core/Src/main.c ****   {
 1690              		.loc 1 752 7 is_stmt 0 view .LVU511
 1691 004e 1848     		ldr	r0, .L122
 1692 0050 FFF7FEFF 		bl	HAL_TIM_PWM_Init
 1693              	.LVL82:
 752:Core/Src/main.c ****   {
 1694              		.loc 1 752 6 discriminator 1 view .LVU512
 1695 0054 18BB     		cbnz	r0, .L118
 756:Core/Src/main.c ****   sMasterConfig.MasterSlaveMode = TIM_MASTERSLAVEMODE_DISABLE;
 1696              		.loc 1 756 3 is_stmt 1 view .LVU513
 756:Core/Src/main.c ****   sMasterConfig.MasterSlaveMode = TIM_MASTERSLAVEMODE_DISABLE;
 1697              		.loc 1 756 37 is_stmt 0 view .LVU514
 1698 0056 0023     		movs	r3, #0
 1699 0058 0893     		str	r3, [sp, #32]
 757:Core/Src/main.c ****   if (HAL_TIMEx_MasterConfigSynchronization(&htim4, &sMasterConfig) != HAL_OK)
 1700              		.loc 1 757 3 is_stmt 1 view .LVU515
 757:Core/Src/main.c ****   if (HAL_TIMEx_MasterConfigSynchronization(&htim4, &sMasterConfig) != HAL_OK)
 1701              		.loc 1 757 33 is_stmt 0 view .LVU516
 1702 005a 0993     		str	r3, [sp, #36]
 758:Core/Src/main.c ****   {
 1703              		.loc 1 758 3 is_stmt 1 view .LVU517
 758:Core/Src/main.c ****   {
ARM GAS  C:\Users\Miks\AppData\Local\Temp\ccm1mhzP.s 			page 75


 1704              		.loc 1 758 7 is_stmt 0 view .LVU518
 1705 005c 08A9     		add	r1, sp, #32
 1706 005e 1448     		ldr	r0, .L122
 1707 0060 FFF7FEFF 		bl	HAL_TIMEx_MasterConfigSynchronization
 1708              	.LVL83:
 758:Core/Src/main.c ****   {
 1709              		.loc 1 758 6 discriminator 1 view .LVU519
 1710 0064 E8B9     		cbnz	r0, .L119
 762:Core/Src/main.c ****   sConfigOC.Pulse = 0;
 1711              		.loc 1 762 3 is_stmt 1 view .LVU520
 762:Core/Src/main.c ****   sConfigOC.Pulse = 0;
 1712              		.loc 1 762 20 is_stmt 0 view .LVU521
 1713 0066 6023     		movs	r3, #96
 1714 0068 0193     		str	r3, [sp, #4]
 763:Core/Src/main.c ****   sConfigOC.OCPolarity = TIM_OCPOLARITY_HIGH;
 1715              		.loc 1 763 3 is_stmt 1 view .LVU522
 763:Core/Src/main.c ****   sConfigOC.OCPolarity = TIM_OCPOLARITY_HIGH;
 1716              		.loc 1 763 19 is_stmt 0 view .LVU523
 1717 006a 0023     		movs	r3, #0
 1718 006c 0293     		str	r3, [sp, #8]
 764:Core/Src/main.c ****   sConfigOC.OCFastMode = TIM_OCFAST_DISABLE;
 1719              		.loc 1 764 3 is_stmt 1 view .LVU524
 764:Core/Src/main.c ****   sConfigOC.OCFastMode = TIM_OCFAST_DISABLE;
 1720              		.loc 1 764 24 is_stmt 0 view .LVU525
 1721 006e 0393     		str	r3, [sp, #12]
 765:Core/Src/main.c ****   if (HAL_TIM_PWM_ConfigChannel(&htim4, &sConfigOC, TIM_CHANNEL_3) != HAL_OK)
 1722              		.loc 1 765 3 is_stmt 1 view .LVU526
 765:Core/Src/main.c ****   if (HAL_TIM_PWM_ConfigChannel(&htim4, &sConfigOC, TIM_CHANNEL_3) != HAL_OK)
 1723              		.loc 1 765 24 is_stmt 0 view .LVU527
 1724 0070 0593     		str	r3, [sp, #20]
 766:Core/Src/main.c ****   {
 1725              		.loc 1 766 3 is_stmt 1 view .LVU528
 766:Core/Src/main.c ****   {
 1726              		.loc 1 766 7 is_stmt 0 view .LVU529
 1727 0072 0822     		movs	r2, #8
 1728 0074 01A9     		add	r1, sp, #4
 1729 0076 0E48     		ldr	r0, .L122
 1730 0078 FFF7FEFF 		bl	HAL_TIM_PWM_ConfigChannel
 1731              	.LVL84:
 766:Core/Src/main.c ****   {
 1732              		.loc 1 766 6 discriminator 1 view .LVU530
 1733 007c 98B9     		cbnz	r0, .L120
 770:Core/Src/main.c ****   {
 1734              		.loc 1 770 3 is_stmt 1 view .LVU531
 770:Core/Src/main.c ****   {
 1735              		.loc 1 770 7 is_stmt 0 view .LVU532
 1736 007e 0C22     		movs	r2, #12
 1737 0080 01A9     		add	r1, sp, #4
 1738 0082 0B48     		ldr	r0, .L122
 1739 0084 FFF7FEFF 		bl	HAL_TIM_PWM_ConfigChannel
 1740              	.LVL85:
 770:Core/Src/main.c ****   {
 1741              		.loc 1 770 6 discriminator 1 view .LVU533
 1742 0088 78B9     		cbnz	r0, .L121
 777:Core/Src/main.c **** 
 1743              		.loc 1 777 3 is_stmt 1 view .LVU534
 1744 008a 0948     		ldr	r0, .L122
ARM GAS  C:\Users\Miks\AppData\Local\Temp\ccm1mhzP.s 			page 76


 1745 008c FFF7FEFF 		bl	HAL_TIM_MspPostInit
 1746              	.LVL86:
 779:Core/Src/main.c **** 
 1747              		.loc 1 779 1 is_stmt 0 view .LVU535
 1748 0090 0FB0     		add	sp, sp, #60
 1749              		.cfi_remember_state
 1750              		.cfi_def_cfa_offset 4
 1751              		@ sp needed
 1752 0092 5DF804FB 		ldr	pc, [sp], #4
 1753              	.L116:
 1754              		.cfi_restore_state
 745:Core/Src/main.c ****   }
 1755              		.loc 1 745 5 is_stmt 1 view .LVU536
 1756 0096 FFF7FEFF 		bl	Error_Handler
 1757              	.LVL87:
 1758              	.L117:
 750:Core/Src/main.c ****   }
 1759              		.loc 1 750 5 view .LVU537
 1760 009a FFF7FEFF 		bl	Error_Handler
 1761              	.LVL88:
 1762              	.L118:
 754:Core/Src/main.c ****   }
 1763              		.loc 1 754 5 view .LVU538
 1764 009e FFF7FEFF 		bl	Error_Handler
 1765              	.LVL89:
 1766              	.L119:
 760:Core/Src/main.c ****   }
 1767              		.loc 1 760 5 view .LVU539
 1768 00a2 FFF7FEFF 		bl	Error_Handler
 1769              	.LVL90:
 1770              	.L120:
 768:Core/Src/main.c ****   }
 1771              		.loc 1 768 5 view .LVU540
 1772 00a6 FFF7FEFF 		bl	Error_Handler
 1773              	.LVL91:
 1774              	.L121:
 772:Core/Src/main.c ****   }
 1775              		.loc 1 772 5 view .LVU541
 1776 00aa FFF7FEFF 		bl	Error_Handler
 1777              	.LVL92:
 1778              	.L123:
 1779 00ae 00BF     		.align	2
 1780              	.L122:
 1781 00b0 00000000 		.word	htim4
 1782 00b4 00080040 		.word	1073743872
 1783              		.cfi_endproc
 1784              	.LFE255:
 1786              		.section	.text.MX_TIM5_Init,"ax",%progbits
 1787              		.align	1
 1788              		.syntax unified
 1789              		.thumb
 1790              		.thumb_func
 1792              	MX_TIM5_Init:
 1793              	.LFB256:
 787:Core/Src/main.c **** 
 1794              		.loc 1 787 1 view -0
 1795              		.cfi_startproc
ARM GAS  C:\Users\Miks\AppData\Local\Temp\ccm1mhzP.s 			page 77


 1796              		@ args = 0, pretend = 0, frame = 56
 1797              		@ frame_needed = 0, uses_anonymous_args = 0
 1798 0000 00B5     		push	{lr}
 1799              		.cfi_def_cfa_offset 4
 1800              		.cfi_offset 14, -4
 1801 0002 8FB0     		sub	sp, sp, #60
 1802              		.cfi_def_cfa_offset 64
 793:Core/Src/main.c ****   TIM_MasterConfigTypeDef sMasterConfig = {0};
 1803              		.loc 1 793 3 view .LVU543
 793:Core/Src/main.c ****   TIM_MasterConfigTypeDef sMasterConfig = {0};
 1804              		.loc 1 793 26 is_stmt 0 view .LVU544
 1805 0004 0023     		movs	r3, #0
 1806 0006 0A93     		str	r3, [sp, #40]
 1807 0008 0B93     		str	r3, [sp, #44]
 1808 000a 0C93     		str	r3, [sp, #48]
 1809 000c 0D93     		str	r3, [sp, #52]
 794:Core/Src/main.c ****   TIM_OC_InitTypeDef sConfigOC = {0};
 1810              		.loc 1 794 3 is_stmt 1 view .LVU545
 794:Core/Src/main.c ****   TIM_OC_InitTypeDef sConfigOC = {0};
 1811              		.loc 1 794 27 is_stmt 0 view .LVU546
 1812 000e 0893     		str	r3, [sp, #32]
 1813 0010 0993     		str	r3, [sp, #36]
 795:Core/Src/main.c **** 
 1814              		.loc 1 795 3 is_stmt 1 view .LVU547
 795:Core/Src/main.c **** 
 1815              		.loc 1 795 22 is_stmt 0 view .LVU548
 1816 0012 0193     		str	r3, [sp, #4]
 1817 0014 0293     		str	r3, [sp, #8]
 1818 0016 0393     		str	r3, [sp, #12]
 1819 0018 0493     		str	r3, [sp, #16]
 1820 001a 0593     		str	r3, [sp, #20]
 1821 001c 0693     		str	r3, [sp, #24]
 1822 001e 0793     		str	r3, [sp, #28]
 800:Core/Src/main.c ****   htim5.Init.Prescaler = 591;
 1823              		.loc 1 800 3 is_stmt 1 view .LVU549
 800:Core/Src/main.c ****   htim5.Init.Prescaler = 591;
 1824              		.loc 1 800 18 is_stmt 0 view .LVU550
 1825 0020 3148     		ldr	r0, .L144
 1826 0022 324A     		ldr	r2, .L144+4
 1827 0024 0260     		str	r2, [r0]
 801:Core/Src/main.c ****   htim5.Init.CounterMode = TIM_COUNTERMODE_UP;
 1828              		.loc 1 801 3 is_stmt 1 view .LVU551
 801:Core/Src/main.c ****   htim5.Init.CounterMode = TIM_COUNTERMODE_UP;
 1829              		.loc 1 801 24 is_stmt 0 view .LVU552
 1830 0026 40F24F22 		movw	r2, #591
 1831 002a 4260     		str	r2, [r0, #4]
 802:Core/Src/main.c ****   htim5.Init.Period = 2430;
 1832              		.loc 1 802 3 is_stmt 1 view .LVU553
 802:Core/Src/main.c ****   htim5.Init.Period = 2430;
 1833              		.loc 1 802 26 is_stmt 0 view .LVU554
 1834 002c 8360     		str	r3, [r0, #8]
 803:Core/Src/main.c ****   htim5.Init.ClockDivision = TIM_CLOCKDIVISION_DIV1;
 1835              		.loc 1 803 3 is_stmt 1 view .LVU555
 803:Core/Src/main.c ****   htim5.Init.ClockDivision = TIM_CLOCKDIVISION_DIV1;
 1836              		.loc 1 803 21 is_stmt 0 view .LVU556
 1837 002e 40F67E12 		movw	r2, #2430
 1838 0032 C260     		str	r2, [r0, #12]
ARM GAS  C:\Users\Miks\AppData\Local\Temp\ccm1mhzP.s 			page 78


 804:Core/Src/main.c ****   htim5.Init.AutoReloadPreload = TIM_AUTORELOAD_PRELOAD_DISABLE;
 1839              		.loc 1 804 3 is_stmt 1 view .LVU557
 804:Core/Src/main.c ****   htim5.Init.AutoReloadPreload = TIM_AUTORELOAD_PRELOAD_DISABLE;
 1840              		.loc 1 804 28 is_stmt 0 view .LVU558
 1841 0034 0361     		str	r3, [r0, #16]
 805:Core/Src/main.c ****   if (HAL_TIM_Base_Init(&htim5) != HAL_OK)
 1842              		.loc 1 805 3 is_stmt 1 view .LVU559
 805:Core/Src/main.c ****   if (HAL_TIM_Base_Init(&htim5) != HAL_OK)
 1843              		.loc 1 805 32 is_stmt 0 view .LVU560
 1844 0036 8361     		str	r3, [r0, #24]
 806:Core/Src/main.c ****   {
 1845              		.loc 1 806 3 is_stmt 1 view .LVU561
 806:Core/Src/main.c ****   {
 1846              		.loc 1 806 7 is_stmt 0 view .LVU562
 1847 0038 FFF7FEFF 		bl	HAL_TIM_Base_Init
 1848              	.LVL93:
 806:Core/Src/main.c ****   {
 1849              		.loc 1 806 6 discriminator 1 view .LVU563
 1850 003c 0028     		cmp	r0, #0
 1851 003e 40D1     		bne	.L135
 810:Core/Src/main.c ****   if (HAL_TIM_ConfigClockSource(&htim5, &sClockSourceConfig) != HAL_OK)
 1852              		.loc 1 810 3 is_stmt 1 view .LVU564
 810:Core/Src/main.c ****   if (HAL_TIM_ConfigClockSource(&htim5, &sClockSourceConfig) != HAL_OK)
 1853              		.loc 1 810 34 is_stmt 0 view .LVU565
 1854 0040 4FF48053 		mov	r3, #4096
 1855 0044 0A93     		str	r3, [sp, #40]
 811:Core/Src/main.c ****   {
 1856              		.loc 1 811 3 is_stmt 1 view .LVU566
 811:Core/Src/main.c ****   {
 1857              		.loc 1 811 7 is_stmt 0 view .LVU567
 1858 0046 0AA9     		add	r1, sp, #40
 1859 0048 2748     		ldr	r0, .L144
 1860 004a FFF7FEFF 		bl	HAL_TIM_ConfigClockSource
 1861              	.LVL94:
 811:Core/Src/main.c ****   {
 1862              		.loc 1 811 6 discriminator 1 view .LVU568
 1863 004e 0028     		cmp	r0, #0
 1864 0050 39D1     		bne	.L136
 815:Core/Src/main.c ****   {
 1865              		.loc 1 815 3 is_stmt 1 view .LVU569
 815:Core/Src/main.c ****   {
 1866              		.loc 1 815 7 is_stmt 0 view .LVU570
 1867 0052 2548     		ldr	r0, .L144
 1868 0054 FFF7FEFF 		bl	HAL_TIM_PWM_Init
 1869              	.LVL95:
 815:Core/Src/main.c ****   {
 1870              		.loc 1 815 6 discriminator 1 view .LVU571
 1871 0058 0028     		cmp	r0, #0
 1872 005a 36D1     		bne	.L137
 819:Core/Src/main.c ****   {
 1873              		.loc 1 819 3 is_stmt 1 view .LVU572
 819:Core/Src/main.c ****   {
 1874              		.loc 1 819 7 is_stmt 0 view .LVU573
 1875 005c 2248     		ldr	r0, .L144
 1876 005e FFF7FEFF 		bl	HAL_TIM_OC_Init
 1877              	.LVL96:
 819:Core/Src/main.c ****   {
ARM GAS  C:\Users\Miks\AppData\Local\Temp\ccm1mhzP.s 			page 79


 1878              		.loc 1 819 6 discriminator 1 view .LVU574
 1879 0062 0028     		cmp	r0, #0
 1880 0064 33D1     		bne	.L138
 823:Core/Src/main.c ****   sMasterConfig.MasterSlaveMode = TIM_MASTERSLAVEMODE_DISABLE;
 1881              		.loc 1 823 3 is_stmt 1 view .LVU575
 823:Core/Src/main.c ****   sMasterConfig.MasterSlaveMode = TIM_MASTERSLAVEMODE_DISABLE;
 1882              		.loc 1 823 37 is_stmt 0 view .LVU576
 1883 0066 0023     		movs	r3, #0
 1884 0068 0893     		str	r3, [sp, #32]
 824:Core/Src/main.c ****   if (HAL_TIMEx_MasterConfigSynchronization(&htim5, &sMasterConfig) != HAL_OK)
 1885              		.loc 1 824 3 is_stmt 1 view .LVU577
 824:Core/Src/main.c ****   if (HAL_TIMEx_MasterConfigSynchronization(&htim5, &sMasterConfig) != HAL_OK)
 1886              		.loc 1 824 33 is_stmt 0 view .LVU578
 1887 006a 0993     		str	r3, [sp, #36]
 825:Core/Src/main.c ****   {
 1888              		.loc 1 825 3 is_stmt 1 view .LVU579
 825:Core/Src/main.c ****   {
 1889              		.loc 1 825 7 is_stmt 0 view .LVU580
 1890 006c 08A9     		add	r1, sp, #32
 1891 006e 1E48     		ldr	r0, .L144
 1892 0070 FFF7FEFF 		bl	HAL_TIMEx_MasterConfigSynchronization
 1893              	.LVL97:
 825:Core/Src/main.c ****   {
 1894              		.loc 1 825 6 discriminator 1 view .LVU581
 1895 0074 68BB     		cbnz	r0, .L139
 829:Core/Src/main.c ****   sConfigOC.Pulse = 0;
 1896              		.loc 1 829 3 is_stmt 1 view .LVU582
 829:Core/Src/main.c ****   sConfigOC.Pulse = 0;
 1897              		.loc 1 829 20 is_stmt 0 view .LVU583
 1898 0076 6023     		movs	r3, #96
 1899 0078 0193     		str	r3, [sp, #4]
 830:Core/Src/main.c ****   sConfigOC.OCPolarity = TIM_OCPOLARITY_HIGH;
 1900              		.loc 1 830 3 is_stmt 1 view .LVU584
 830:Core/Src/main.c ****   sConfigOC.OCPolarity = TIM_OCPOLARITY_HIGH;
 1901              		.loc 1 830 19 is_stmt 0 view .LVU585
 1902 007a 0022     		movs	r2, #0
 1903 007c 0292     		str	r2, [sp, #8]
 831:Core/Src/main.c ****   sConfigOC.OCFastMode = TIM_OCFAST_DISABLE;
 1904              		.loc 1 831 3 is_stmt 1 view .LVU586
 831:Core/Src/main.c ****   sConfigOC.OCFastMode = TIM_OCFAST_DISABLE;
 1905              		.loc 1 831 24 is_stmt 0 view .LVU587
 1906 007e 0392     		str	r2, [sp, #12]
 832:Core/Src/main.c ****   if (HAL_TIM_PWM_ConfigChannel(&htim5, &sConfigOC, TIM_CHANNEL_1) != HAL_OK)
 1907              		.loc 1 832 3 is_stmt 1 view .LVU588
 832:Core/Src/main.c ****   if (HAL_TIM_PWM_ConfigChannel(&htim5, &sConfigOC, TIM_CHANNEL_1) != HAL_OK)
 1908              		.loc 1 832 24 is_stmt 0 view .LVU589
 1909 0080 0592     		str	r2, [sp, #20]
 833:Core/Src/main.c ****   {
 1910              		.loc 1 833 3 is_stmt 1 view .LVU590
 833:Core/Src/main.c ****   {
 1911              		.loc 1 833 7 is_stmt 0 view .LVU591
 1912 0082 01A9     		add	r1, sp, #4
 1913 0084 1848     		ldr	r0, .L144
 1914 0086 FFF7FEFF 		bl	HAL_TIM_PWM_ConfigChannel
 1915              	.LVL98:
 833:Core/Src/main.c ****   {
 1916              		.loc 1 833 6 discriminator 1 view .LVU592
ARM GAS  C:\Users\Miks\AppData\Local\Temp\ccm1mhzP.s 			page 80


 1917 008a 20BB     		cbnz	r0, .L140
 837:Core/Src/main.c ****   {
 1918              		.loc 1 837 3 is_stmt 1 view .LVU593
 837:Core/Src/main.c ****   {
 1919              		.loc 1 837 7 is_stmt 0 view .LVU594
 1920 008c 0422     		movs	r2, #4
 1921 008e 0DEB0201 		add	r1, sp, r2
 1922 0092 1548     		ldr	r0, .L144
 1923 0094 FFF7FEFF 		bl	HAL_TIM_PWM_ConfigChannel
 1924              	.LVL99:
 837:Core/Src/main.c ****   {
 1925              		.loc 1 837 6 discriminator 1 view .LVU595
 1926 0098 F8B9     		cbnz	r0, .L141
 841:Core/Src/main.c ****   {
 1927              		.loc 1 841 3 is_stmt 1 view .LVU596
 841:Core/Src/main.c ****   {
 1928              		.loc 1 841 7 is_stmt 0 view .LVU597
 1929 009a 0822     		movs	r2, #8
 1930 009c 01A9     		add	r1, sp, #4
 1931 009e 1248     		ldr	r0, .L144
 1932 00a0 FFF7FEFF 		bl	HAL_TIM_PWM_ConfigChannel
 1933              	.LVL100:
 841:Core/Src/main.c ****   {
 1934              		.loc 1 841 6 discriminator 1 view .LVU598
 1935 00a4 D8B9     		cbnz	r0, .L142
 845:Core/Src/main.c ****   if (HAL_TIM_OC_ConfigChannel(&htim5, &sConfigOC, TIM_CHANNEL_4) != HAL_OK)
 1936              		.loc 1 845 3 is_stmt 1 view .LVU599
 845:Core/Src/main.c ****   if (HAL_TIM_OC_ConfigChannel(&htim5, &sConfigOC, TIM_CHANNEL_4) != HAL_OK)
 1937              		.loc 1 845 20 is_stmt 0 view .LVU600
 1938 00a6 0023     		movs	r3, #0
 1939 00a8 0193     		str	r3, [sp, #4]
 846:Core/Src/main.c ****   {
 1940              		.loc 1 846 3 is_stmt 1 view .LVU601
 846:Core/Src/main.c ****   {
 1941              		.loc 1 846 7 is_stmt 0 view .LVU602
 1942 00aa 0C22     		movs	r2, #12
 1943 00ac 01A9     		add	r1, sp, #4
 1944 00ae 0E48     		ldr	r0, .L144
 1945 00b0 FFF7FEFF 		bl	HAL_TIM_OC_ConfigChannel
 1946              	.LVL101:
 846:Core/Src/main.c ****   {
 1947              		.loc 1 846 6 discriminator 1 view .LVU603
 1948 00b4 A8B9     		cbnz	r0, .L143
 853:Core/Src/main.c **** 
 1949              		.loc 1 853 3 is_stmt 1 view .LVU604
 1950 00b6 0C48     		ldr	r0, .L144
 1951 00b8 FFF7FEFF 		bl	HAL_TIM_MspPostInit
 1952              	.LVL102:
 855:Core/Src/main.c **** 
 1953              		.loc 1 855 1 is_stmt 0 view .LVU605
 1954 00bc 0FB0     		add	sp, sp, #60
 1955              		.cfi_remember_state
 1956              		.cfi_def_cfa_offset 4
 1957              		@ sp needed
 1958 00be 5DF804FB 		ldr	pc, [sp], #4
 1959              	.L135:
 1960              		.cfi_restore_state
ARM GAS  C:\Users\Miks\AppData\Local\Temp\ccm1mhzP.s 			page 81


 808:Core/Src/main.c ****   }
 1961              		.loc 1 808 5 is_stmt 1 view .LVU606
 1962 00c2 FFF7FEFF 		bl	Error_Handler
 1963              	.LVL103:
 1964              	.L136:
 813:Core/Src/main.c ****   }
 1965              		.loc 1 813 5 view .LVU607
 1966 00c6 FFF7FEFF 		bl	Error_Handler
 1967              	.LVL104:
 1968              	.L137:
 817:Core/Src/main.c ****   }
 1969              		.loc 1 817 5 view .LVU608
 1970 00ca FFF7FEFF 		bl	Error_Handler
 1971              	.LVL105:
 1972              	.L138:
 821:Core/Src/main.c ****   }
 1973              		.loc 1 821 5 view .LVU609
 1974 00ce FFF7FEFF 		bl	Error_Handler
 1975              	.LVL106:
 1976              	.L139:
 827:Core/Src/main.c ****   }
 1977              		.loc 1 827 5 view .LVU610
 1978 00d2 FFF7FEFF 		bl	Error_Handler
 1979              	.LVL107:
 1980              	.L140:
 835:Core/Src/main.c ****   }
 1981              		.loc 1 835 5 view .LVU611
 1982 00d6 FFF7FEFF 		bl	Error_Handler
 1983              	.LVL108:
 1984              	.L141:
 839:Core/Src/main.c ****   }
 1985              		.loc 1 839 5 view .LVU612
 1986 00da FFF7FEFF 		bl	Error_Handler
 1987              	.LVL109:
 1988              	.L142:
 843:Core/Src/main.c ****   }
 1989              		.loc 1 843 5 view .LVU613
 1990 00de FFF7FEFF 		bl	Error_Handler
 1991              	.LVL110:
 1992              	.L143:
 848:Core/Src/main.c ****   }
 1993              		.loc 1 848 5 view .LVU614
 1994 00e2 FFF7FEFF 		bl	Error_Handler
 1995              	.LVL111:
 1996              	.L145:
 1997 00e6 00BF     		.align	2
 1998              	.L144:
 1999 00e8 00000000 		.word	htim5
 2000 00ec 000C0040 		.word	1073744896
 2001              		.cfi_endproc
 2002              	.LFE256:
 2004              		.section	.text.MX_USART1_UART_Init,"ax",%progbits
 2005              		.align	1
 2006              		.syntax unified
 2007              		.thumb
 2008              		.thumb_func
 2010              	MX_USART1_UART_Init:
ARM GAS  C:\Users\Miks\AppData\Local\Temp\ccm1mhzP.s 			page 82


 2011              	.LFB257:
 863:Core/Src/main.c **** 
 2012              		.loc 1 863 1 view -0
 2013              		.cfi_startproc
 2014              		@ args = 0, pretend = 0, frame = 0
 2015              		@ frame_needed = 0, uses_anonymous_args = 0
 2016 0000 08B5     		push	{r3, lr}
 2017              		.cfi_def_cfa_offset 8
 2018              		.cfi_offset 3, -8
 2019              		.cfi_offset 14, -4
 872:Core/Src/main.c ****   huart1.Init.BaudRate = 115200;
 2020              		.loc 1 872 3 view .LVU616
 872:Core/Src/main.c ****   huart1.Init.BaudRate = 115200;
 2021              		.loc 1 872 19 is_stmt 0 view .LVU617
 2022 0002 0A48     		ldr	r0, .L150
 2023 0004 0A4B     		ldr	r3, .L150+4
 2024 0006 0360     		str	r3, [r0]
 873:Core/Src/main.c ****   huart1.Init.WordLength = UART_WORDLENGTH_8B;
 2025              		.loc 1 873 3 is_stmt 1 view .LVU618
 873:Core/Src/main.c ****   huart1.Init.WordLength = UART_WORDLENGTH_8B;
 2026              		.loc 1 873 24 is_stmt 0 view .LVU619
 2027 0008 4FF4E133 		mov	r3, #115200
 2028 000c 4360     		str	r3, [r0, #4]
 874:Core/Src/main.c ****   huart1.Init.StopBits = UART_STOPBITS_1;
 2029              		.loc 1 874 3 is_stmt 1 view .LVU620
 874:Core/Src/main.c ****   huart1.Init.StopBits = UART_STOPBITS_1;
 2030              		.loc 1 874 26 is_stmt 0 view .LVU621
 2031 000e 0023     		movs	r3, #0
 2032 0010 8360     		str	r3, [r0, #8]
 875:Core/Src/main.c ****   huart1.Init.Parity = UART_PARITY_NONE;
 2033              		.loc 1 875 3 is_stmt 1 view .LVU622
 875:Core/Src/main.c ****   huart1.Init.Parity = UART_PARITY_NONE;
 2034              		.loc 1 875 24 is_stmt 0 view .LVU623
 2035 0012 C360     		str	r3, [r0, #12]
 876:Core/Src/main.c ****   huart1.Init.Mode = UART_MODE_TX_RX;
 2036              		.loc 1 876 3 is_stmt 1 view .LVU624
 876:Core/Src/main.c ****   huart1.Init.Mode = UART_MODE_TX_RX;
 2037              		.loc 1 876 22 is_stmt 0 view .LVU625
 2038 0014 0361     		str	r3, [r0, #16]
 877:Core/Src/main.c ****   huart1.Init.HwFlowCtl = UART_HWCONTROL_NONE;
 2039              		.loc 1 877 3 is_stmt 1 view .LVU626
 877:Core/Src/main.c ****   huart1.Init.HwFlowCtl = UART_HWCONTROL_NONE;
 2040              		.loc 1 877 20 is_stmt 0 view .LVU627
 2041 0016 0C22     		movs	r2, #12
 2042 0018 4261     		str	r2, [r0, #20]
 878:Core/Src/main.c ****   huart1.Init.OverSampling = UART_OVERSAMPLING_16;
 2043              		.loc 1 878 3 is_stmt 1 view .LVU628
 878:Core/Src/main.c ****   huart1.Init.OverSampling = UART_OVERSAMPLING_16;
 2044              		.loc 1 878 25 is_stmt 0 view .LVU629
 2045 001a 8361     		str	r3, [r0, #24]
 879:Core/Src/main.c ****   if (HAL_UART_Init(&huart1) != HAL_OK)
 2046              		.loc 1 879 3 is_stmt 1 view .LVU630
 879:Core/Src/main.c ****   if (HAL_UART_Init(&huart1) != HAL_OK)
 2047              		.loc 1 879 28 is_stmt 0 view .LVU631
 2048 001c C361     		str	r3, [r0, #28]
 880:Core/Src/main.c ****   {
 2049              		.loc 1 880 3 is_stmt 1 view .LVU632
ARM GAS  C:\Users\Miks\AppData\Local\Temp\ccm1mhzP.s 			page 83


 880:Core/Src/main.c ****   {
 2050              		.loc 1 880 7 is_stmt 0 view .LVU633
 2051 001e FFF7FEFF 		bl	HAL_UART_Init
 2052              	.LVL112:
 880:Core/Src/main.c ****   {
 2053              		.loc 1 880 6 discriminator 1 view .LVU634
 2054 0022 00B9     		cbnz	r0, .L149
 888:Core/Src/main.c **** 
 2055              		.loc 1 888 1 view .LVU635
 2056 0024 08BD     		pop	{r3, pc}
 2057              	.L149:
 882:Core/Src/main.c ****   }
 2058              		.loc 1 882 5 is_stmt 1 view .LVU636
 2059 0026 FFF7FEFF 		bl	Error_Handler
 2060              	.LVL113:
 2061              	.L151:
 2062 002a 00BF     		.align	2
 2063              	.L150:
 2064 002c 00000000 		.word	huart1
 2065 0030 00100140 		.word	1073811456
 2066              		.cfi_endproc
 2067              	.LFE257:
 2069              		.section	.text.MX_CRC_Init,"ax",%progbits
 2070              		.align	1
 2071              		.syntax unified
 2072              		.thumb
 2073              		.thumb_func
 2075              	MX_CRC_Init:
 2076              	.LFB246:
 388:Core/Src/main.c **** 
 2077              		.loc 1 388 1 view -0
 2078              		.cfi_startproc
 2079              		@ args = 0, pretend = 0, frame = 0
 2080              		@ frame_needed = 0, uses_anonymous_args = 0
 2081 0000 08B5     		push	{r3, lr}
 2082              		.cfi_def_cfa_offset 8
 2083              		.cfi_offset 3, -8
 2084              		.cfi_offset 14, -4
 397:Core/Src/main.c ****   if (HAL_CRC_Init(&hcrc) != HAL_OK)
 2085              		.loc 1 397 3 view .LVU638
 397:Core/Src/main.c ****   if (HAL_CRC_Init(&hcrc) != HAL_OK)
 2086              		.loc 1 397 17 is_stmt 0 view .LVU639
 2087 0002 0448     		ldr	r0, .L156
 2088 0004 044B     		ldr	r3, .L156+4
 2089 0006 0360     		str	r3, [r0]
 398:Core/Src/main.c ****   {
 2090              		.loc 1 398 3 is_stmt 1 view .LVU640
 398:Core/Src/main.c ****   {
 2091              		.loc 1 398 7 is_stmt 0 view .LVU641
 2092 0008 FFF7FEFF 		bl	HAL_CRC_Init
 2093              	.LVL114:
 398:Core/Src/main.c ****   {
 2094              		.loc 1 398 6 discriminator 1 view .LVU642
 2095 000c 00B9     		cbnz	r0, .L155
 406:Core/Src/main.c **** 
 2096              		.loc 1 406 1 view .LVU643
 2097 000e 08BD     		pop	{r3, pc}
ARM GAS  C:\Users\Miks\AppData\Local\Temp\ccm1mhzP.s 			page 84


 2098              	.L155:
 400:Core/Src/main.c ****   }
 2099              		.loc 1 400 5 is_stmt 1 view .LVU644
 2100 0010 FFF7FEFF 		bl	Error_Handler
 2101              	.LVL115:
 2102              	.L157:
 2103              		.align	2
 2104              	.L156:
 2105 0014 00000000 		.word	hcrc
 2106 0018 00300240 		.word	1073885184
 2107              		.cfi_endproc
 2108              	.LFE246:
 2110              		.section	.text.SystemClock_Config,"ax",%progbits
 2111              		.align	1
 2112              		.global	SystemClock_Config
 2113              		.syntax unified
 2114              		.thumb
 2115              		.thumb_func
 2117              	SystemClock_Config:
 2118              	.LFB244:
 289:Core/Src/main.c ****   RCC_OscInitTypeDef RCC_OscInitStruct = {0};
 2119              		.loc 1 289 1 view -0
 2120              		.cfi_startproc
 2121              		@ args = 0, pretend = 0, frame = 80
 2122              		@ frame_needed = 0, uses_anonymous_args = 0
 2123 0000 10B5     		push	{r4, lr}
 2124              		.cfi_def_cfa_offset 8
 2125              		.cfi_offset 4, -8
 2126              		.cfi_offset 14, -4
 2127 0002 94B0     		sub	sp, sp, #80
 2128              		.cfi_def_cfa_offset 88
 290:Core/Src/main.c ****   RCC_ClkInitTypeDef RCC_ClkInitStruct = {0};
 2129              		.loc 1 290 3 view .LVU646
 290:Core/Src/main.c ****   RCC_ClkInitTypeDef RCC_ClkInitStruct = {0};
 2130              		.loc 1 290 22 is_stmt 0 view .LVU647
 2131 0004 08AC     		add	r4, sp, #32
 2132 0006 3022     		movs	r2, #48
 2133 0008 0021     		movs	r1, #0
 2134 000a 2046     		mov	r0, r4
 2135 000c FFF7FEFF 		bl	memset
 2136              	.LVL116:
 291:Core/Src/main.c **** 
 2137              		.loc 1 291 3 is_stmt 1 view .LVU648
 291:Core/Src/main.c **** 
 2138              		.loc 1 291 22 is_stmt 0 view .LVU649
 2139 0010 0023     		movs	r3, #0
 2140 0012 0393     		str	r3, [sp, #12]
 2141 0014 0493     		str	r3, [sp, #16]
 2142 0016 0593     		str	r3, [sp, #20]
 2143 0018 0693     		str	r3, [sp, #24]
 2144 001a 0793     		str	r3, [sp, #28]
 295:Core/Src/main.c ****   __HAL_PWR_VOLTAGESCALING_CONFIG(PWR_REGULATOR_VOLTAGE_SCALE1);
 2145              		.loc 1 295 3 is_stmt 1 view .LVU650
 2146              	.LBB12:
 295:Core/Src/main.c ****   __HAL_PWR_VOLTAGESCALING_CONFIG(PWR_REGULATOR_VOLTAGE_SCALE1);
 2147              		.loc 1 295 3 view .LVU651
 2148 001c 0193     		str	r3, [sp, #4]
ARM GAS  C:\Users\Miks\AppData\Local\Temp\ccm1mhzP.s 			page 85


 295:Core/Src/main.c ****   __HAL_PWR_VOLTAGESCALING_CONFIG(PWR_REGULATOR_VOLTAGE_SCALE1);
 2149              		.loc 1 295 3 view .LVU652
 2150 001e 214A     		ldr	r2, .L164
 2151 0020 116C     		ldr	r1, [r2, #64]
 2152 0022 41F08051 		orr	r1, r1, #268435456
 2153 0026 1164     		str	r1, [r2, #64]
 295:Core/Src/main.c ****   __HAL_PWR_VOLTAGESCALING_CONFIG(PWR_REGULATOR_VOLTAGE_SCALE1);
 2154              		.loc 1 295 3 view .LVU653
 2155 0028 126C     		ldr	r2, [r2, #64]
 2156 002a 02F08052 		and	r2, r2, #268435456
 2157 002e 0192     		str	r2, [sp, #4]
 295:Core/Src/main.c ****   __HAL_PWR_VOLTAGESCALING_CONFIG(PWR_REGULATOR_VOLTAGE_SCALE1);
 2158              		.loc 1 295 3 view .LVU654
 2159 0030 019A     		ldr	r2, [sp, #4]
 2160              	.LBE12:
 295:Core/Src/main.c ****   __HAL_PWR_VOLTAGESCALING_CONFIG(PWR_REGULATOR_VOLTAGE_SCALE1);
 2161              		.loc 1 295 3 view .LVU655
 296:Core/Src/main.c **** 
 2162              		.loc 1 296 3 view .LVU656
 2163              	.LBB13:
 296:Core/Src/main.c **** 
 2164              		.loc 1 296 3 view .LVU657
 2165 0032 0293     		str	r3, [sp, #8]
 296:Core/Src/main.c **** 
 2166              		.loc 1 296 3 view .LVU658
 2167 0034 1C4B     		ldr	r3, .L164+4
 2168 0036 1A68     		ldr	r2, [r3]
 2169 0038 42F48042 		orr	r2, r2, #16384
 2170 003c 1A60     		str	r2, [r3]
 296:Core/Src/main.c **** 
 2171              		.loc 1 296 3 view .LVU659
 2172 003e 1B68     		ldr	r3, [r3]
 2173 0040 03F48043 		and	r3, r3, #16384
 2174 0044 0293     		str	r3, [sp, #8]
 296:Core/Src/main.c **** 
 2175              		.loc 1 296 3 view .LVU660
 2176 0046 029B     		ldr	r3, [sp, #8]
 2177              	.LBE13:
 296:Core/Src/main.c **** 
 2178              		.loc 1 296 3 view .LVU661
 301:Core/Src/main.c ****   RCC_OscInitStruct.HSEState = RCC_HSE_ON;
 2179              		.loc 1 301 3 view .LVU662
 301:Core/Src/main.c ****   RCC_OscInitStruct.HSEState = RCC_HSE_ON;
 2180              		.loc 1 301 36 is_stmt 0 view .LVU663
 2181 0048 0923     		movs	r3, #9
 2182 004a 0893     		str	r3, [sp, #32]
 302:Core/Src/main.c ****   RCC_OscInitStruct.LSIState = RCC_LSI_ON;
 2183              		.loc 1 302 3 is_stmt 1 view .LVU664
 302:Core/Src/main.c ****   RCC_OscInitStruct.LSIState = RCC_LSI_ON;
 2184              		.loc 1 302 30 is_stmt 0 view .LVU665
 2185 004c 4FF48033 		mov	r3, #65536
 2186 0050 0993     		str	r3, [sp, #36]
 303:Core/Src/main.c ****   RCC_OscInitStruct.PLL.PLLState = RCC_PLL_ON;
 2187              		.loc 1 303 3 is_stmt 1 view .LVU666
 303:Core/Src/main.c ****   RCC_OscInitStruct.PLL.PLLState = RCC_PLL_ON;
 2188              		.loc 1 303 30 is_stmt 0 view .LVU667
 2189 0052 0123     		movs	r3, #1
ARM GAS  C:\Users\Miks\AppData\Local\Temp\ccm1mhzP.s 			page 86


 2190 0054 0D93     		str	r3, [sp, #52]
 304:Core/Src/main.c ****   RCC_OscInitStruct.PLL.PLLSource = RCC_PLLSOURCE_HSE;
 2191              		.loc 1 304 3 is_stmt 1 view .LVU668
 304:Core/Src/main.c ****   RCC_OscInitStruct.PLL.PLLSource = RCC_PLLSOURCE_HSE;
 2192              		.loc 1 304 34 is_stmt 0 view .LVU669
 2193 0056 0223     		movs	r3, #2
 2194 0058 0E93     		str	r3, [sp, #56]
 305:Core/Src/main.c ****   RCC_OscInitStruct.PLL.PLLM = 4;
 2195              		.loc 1 305 3 is_stmt 1 view .LVU670
 305:Core/Src/main.c ****   RCC_OscInitStruct.PLL.PLLM = 4;
 2196              		.loc 1 305 35 is_stmt 0 view .LVU671
 2197 005a 4FF48002 		mov	r2, #4194304
 2198 005e 0F92     		str	r2, [sp, #60]
 306:Core/Src/main.c ****   RCC_OscInitStruct.PLL.PLLN = 144;
 2199              		.loc 1 306 3 is_stmt 1 view .LVU672
 306:Core/Src/main.c ****   RCC_OscInitStruct.PLL.PLLN = 144;
 2200              		.loc 1 306 30 is_stmt 0 view .LVU673
 2201 0060 0422     		movs	r2, #4
 2202 0062 1092     		str	r2, [sp, #64]
 307:Core/Src/main.c ****   RCC_OscInitStruct.PLL.PLLP = RCC_PLLP_DIV2;
 2203              		.loc 1 307 3 is_stmt 1 view .LVU674
 307:Core/Src/main.c ****   RCC_OscInitStruct.PLL.PLLP = RCC_PLLP_DIV2;
 2204              		.loc 1 307 30 is_stmt 0 view .LVU675
 2205 0064 9022     		movs	r2, #144
 2206 0066 1192     		str	r2, [sp, #68]
 308:Core/Src/main.c ****   RCC_OscInitStruct.PLL.PLLQ = 6;
 2207              		.loc 1 308 3 is_stmt 1 view .LVU676
 308:Core/Src/main.c ****   RCC_OscInitStruct.PLL.PLLQ = 6;
 2208              		.loc 1 308 30 is_stmt 0 view .LVU677
 2209 0068 1293     		str	r3, [sp, #72]
 309:Core/Src/main.c ****   if (HAL_RCC_OscConfig(&RCC_OscInitStruct) != HAL_OK)
 2210              		.loc 1 309 3 is_stmt 1 view .LVU678
 309:Core/Src/main.c ****   if (HAL_RCC_OscConfig(&RCC_OscInitStruct) != HAL_OK)
 2211              		.loc 1 309 30 is_stmt 0 view .LVU679
 2212 006a 0623     		movs	r3, #6
 2213 006c 1393     		str	r3, [sp, #76]
 310:Core/Src/main.c ****   {
 2214              		.loc 1 310 3 is_stmt 1 view .LVU680
 310:Core/Src/main.c ****   {
 2215              		.loc 1 310 7 is_stmt 0 view .LVU681
 2216 006e 2046     		mov	r0, r4
 2217 0070 FFF7FEFF 		bl	HAL_RCC_OscConfig
 2218              	.LVL117:
 310:Core/Src/main.c ****   {
 2219              		.loc 1 310 6 discriminator 1 view .LVU682
 2220 0074 90B9     		cbnz	r0, .L162
 317:Core/Src/main.c ****                               |RCC_CLOCKTYPE_PCLK1|RCC_CLOCKTYPE_PCLK2;
 2221              		.loc 1 317 3 is_stmt 1 view .LVU683
 317:Core/Src/main.c ****                               |RCC_CLOCKTYPE_PCLK1|RCC_CLOCKTYPE_PCLK2;
 2222              		.loc 1 317 31 is_stmt 0 view .LVU684
 2223 0076 0F23     		movs	r3, #15
 2224 0078 0393     		str	r3, [sp, #12]
 319:Core/Src/main.c ****   RCC_ClkInitStruct.AHBCLKDivider = RCC_SYSCLK_DIV1;
 2225              		.loc 1 319 3 is_stmt 1 view .LVU685
 319:Core/Src/main.c ****   RCC_ClkInitStruct.AHBCLKDivider = RCC_SYSCLK_DIV1;
 2226              		.loc 1 319 34 is_stmt 0 view .LVU686
 2227 007a 0223     		movs	r3, #2
ARM GAS  C:\Users\Miks\AppData\Local\Temp\ccm1mhzP.s 			page 87


 2228 007c 0493     		str	r3, [sp, #16]
 320:Core/Src/main.c ****   RCC_ClkInitStruct.APB1CLKDivider = RCC_HCLK_DIV4;
 2229              		.loc 1 320 3 is_stmt 1 view .LVU687
 320:Core/Src/main.c ****   RCC_ClkInitStruct.APB1CLKDivider = RCC_HCLK_DIV4;
 2230              		.loc 1 320 35 is_stmt 0 view .LVU688
 2231 007e 0023     		movs	r3, #0
 2232 0080 0593     		str	r3, [sp, #20]
 321:Core/Src/main.c ****   RCC_ClkInitStruct.APB2CLKDivider = RCC_HCLK_DIV2;
 2233              		.loc 1 321 3 is_stmt 1 view .LVU689
 321:Core/Src/main.c ****   RCC_ClkInitStruct.APB2CLKDivider = RCC_HCLK_DIV2;
 2234              		.loc 1 321 36 is_stmt 0 view .LVU690
 2235 0082 4FF4A053 		mov	r3, #5120
 2236 0086 0693     		str	r3, [sp, #24]
 322:Core/Src/main.c **** 
 2237              		.loc 1 322 3 is_stmt 1 view .LVU691
 322:Core/Src/main.c **** 
 2238              		.loc 1 322 36 is_stmt 0 view .LVU692
 2239 0088 4FF48053 		mov	r3, #4096
 2240 008c 0793     		str	r3, [sp, #28]
 324:Core/Src/main.c ****   {
 2241              		.loc 1 324 3 is_stmt 1 view .LVU693
 324:Core/Src/main.c ****   {
 2242              		.loc 1 324 7 is_stmt 0 view .LVU694
 2243 008e 0421     		movs	r1, #4
 2244 0090 03A8     		add	r0, sp, #12
 2245 0092 FFF7FEFF 		bl	HAL_RCC_ClockConfig
 2246              	.LVL118:
 324:Core/Src/main.c ****   {
 2247              		.loc 1 324 6 discriminator 1 view .LVU695
 2248 0096 18B9     		cbnz	r0, .L163
 328:Core/Src/main.c **** 
 2249              		.loc 1 328 1 view .LVU696
 2250 0098 14B0     		add	sp, sp, #80
 2251              		.cfi_remember_state
 2252              		.cfi_def_cfa_offset 8
 2253              		@ sp needed
 2254 009a 10BD     		pop	{r4, pc}
 2255              	.L162:
 2256              		.cfi_restore_state
 312:Core/Src/main.c ****   }
 2257              		.loc 1 312 5 is_stmt 1 view .LVU697
 2258 009c FFF7FEFF 		bl	Error_Handler
 2259              	.LVL119:
 2260              	.L163:
 326:Core/Src/main.c ****   }
 2261              		.loc 1 326 5 view .LVU698
 2262 00a0 FFF7FEFF 		bl	Error_Handler
 2263              	.LVL120:
 2264              	.L165:
 2265              		.align	2
 2266              	.L164:
 2267 00a4 00380240 		.word	1073887232
 2268 00a8 00700040 		.word	1073770496
 2269              		.cfi_endproc
 2270              	.LFE244:
 2272              		.section	.text.main,"ax",%progbits
 2273              		.align	1
ARM GAS  C:\Users\Miks\AppData\Local\Temp\ccm1mhzP.s 			page 88


 2274              		.global	main
 2275              		.syntax unified
 2276              		.thumb
 2277              		.thumb_func
 2279              	main:
 2280              	.LFB243:
 133:Core/Src/main.c **** 
 2281              		.loc 1 133 1 view -0
 2282              		.cfi_startproc
 2283              		@ Volatile: function does not return.
 2284              		@ args = 0, pretend = 0, frame = 528
 2285              		@ frame_needed = 0, uses_anonymous_args = 0
 2286 0000 00B5     		push	{lr}
 2287              		.cfi_def_cfa_offset 4
 2288              		.cfi_offset 14, -4
 2289 0002 ADF5057D 		sub	sp, sp, #532
 2290              		.cfi_def_cfa_offset 536
 142:Core/Src/main.c **** 
 2291              		.loc 1 142 3 view .LVU700
 2292 0006 FFF7FEFF 		bl	HAL_Init
 2293              	.LVL121:
 149:Core/Src/main.c **** 
 2294              		.loc 1 149 3 view .LVU701
 2295 000a FFF7FEFF 		bl	SystemClock_Config
 2296              	.LVL122:
 156:Core/Src/main.c ****   MX_DMA_Init();
 2297              		.loc 1 156 3 view .LVU702
 2298 000e FFF7FEFF 		bl	MX_GPIO_Init
 2299              	.LVL123:
 157:Core/Src/main.c ****   MX_ADC1_Init();
 2300              		.loc 1 157 3 view .LVU703
 2301 0012 FFF7FEFF 		bl	MX_DMA_Init
 2302              	.LVL124:
 158:Core/Src/main.c ****   MX_I2C1_Init();
 2303              		.loc 1 158 3 view .LVU704
 2304 0016 FFF7FEFF 		bl	MX_ADC1_Init
 2305              	.LVL125:
 159:Core/Src/main.c ****   MX_I2C2_Init();
 2306              		.loc 1 159 3 view .LVU705
 2307 001a FFF7FEFF 		bl	MX_I2C1_Init
 2308              	.LVL126:
 160:Core/Src/main.c ****   MX_I2C3_Init();
 2309              		.loc 1 160 3 view .LVU706
 2310 001e FFF7FEFF 		bl	MX_I2C2_Init
 2311              	.LVL127:
 161:Core/Src/main.c ****   MX_RTC_Init();
 2312              		.loc 1 161 3 view .LVU707
 2313 0022 FFF7FEFF 		bl	MX_I2C3_Init
 2314              	.LVL128:
 162:Core/Src/main.c ****   MX_SPI1_Init();
 2315              		.loc 1 162 3 view .LVU708
 2316 0026 FFF7FEFF 		bl	MX_RTC_Init
 2317              	.LVL129:
 163:Core/Src/main.c ****   MX_SPI2_Init();
 2318              		.loc 1 163 3 view .LVU709
 2319 002a FFF7FEFF 		bl	MX_SPI1_Init
 2320              	.LVL130:
ARM GAS  C:\Users\Miks\AppData\Local\Temp\ccm1mhzP.s 			page 89


 164:Core/Src/main.c ****   MX_SPI3_Init();
 2321              		.loc 1 164 3 view .LVU710
 2322 002e FFF7FEFF 		bl	MX_SPI2_Init
 2323              	.LVL131:
 165:Core/Src/main.c ****   MX_TIM3_Init();
 2324              		.loc 1 165 3 view .LVU711
 2325 0032 FFF7FEFF 		bl	MX_SPI3_Init
 2326              	.LVL132:
 166:Core/Src/main.c ****   MX_TIM4_Init();
 2327              		.loc 1 166 3 view .LVU712
 2328 0036 FFF7FEFF 		bl	MX_TIM3_Init
 2329              	.LVL133:
 167:Core/Src/main.c ****   MX_TIM5_Init();
 2330              		.loc 1 167 3 view .LVU713
 2331 003a FFF7FEFF 		bl	MX_TIM4_Init
 2332              	.LVL134:
 168:Core/Src/main.c ****   MX_USART1_UART_Init();
 2333              		.loc 1 168 3 view .LVU714
 2334 003e FFF7FEFF 		bl	MX_TIM5_Init
 2335              	.LVL135:
 169:Core/Src/main.c ****   MX_USB_DEVICE_Init();
 2336              		.loc 1 169 3 view .LVU715
 2337 0042 FFF7FEFF 		bl	MX_USART1_UART_Init
 2338              	.LVL136:
 170:Core/Src/main.c ****   MX_CRC_Init();
 2339              		.loc 1 170 3 view .LVU716
 2340 0046 FFF7FEFF 		bl	MX_USB_DEVICE_Init
 2341              	.LVL137:
 171:Core/Src/main.c ****   MX_FATFS_Init();
 2342              		.loc 1 171 3 view .LVU717
 2343 004a FFF7FEFF 		bl	MX_CRC_Init
 2344              	.LVL138:
 172:Core/Src/main.c ****   /* USER CODE BEGIN 2 */
 2345              		.loc 1 172 3 view .LVU718
 2346 004e FFF7FEFF 		bl	MX_FATFS_Init
 2347              	.LVL139:
 174:Core/Src/main.c ****   HAL_Delay(300);
 2348              		.loc 1 174 3 view .LVU719
 2349 0052 3F4C     		ldr	r4, .L173
 2350 0054 0122     		movs	r2, #1
 2351 0056 0821     		movs	r1, #8
 2352 0058 2046     		mov	r0, r4
 2353 005a FFF7FEFF 		bl	HAL_GPIO_WritePin
 2354              	.LVL140:
 175:Core/Src/main.c ****   HAL_GPIO_WritePin(BUZZER_GPIO_Port, BUZZER_Pin, GPIO_PIN_RESET);
 2355              		.loc 1 175 3 view .LVU720
 2356 005e 4FF49670 		mov	r0, #300
 2357 0062 FFF7FEFF 		bl	HAL_Delay
 2358              	.LVL141:
 176:Core/Src/main.c **** 
 2359              		.loc 1 176 3 view .LVU721
 2360 0066 0022     		movs	r2, #0
 2361 0068 0821     		movs	r1, #8
 2362 006a 2046     		mov	r0, r4
 2363 006c FFF7FEFF 		bl	HAL_GPIO_WritePin
 2364              	.LVL142:
 178:Core/Src/main.c ****   HAL_GPIO_WritePin(PYRO2_GPIO_Port, PYRO2_Pin, GPIO_PIN_SET);
ARM GAS  C:\Users\Miks\AppData\Local\Temp\ccm1mhzP.s 			page 90


 2365              		.loc 1 178 3 view .LVU722
 2366 0070 0122     		movs	r2, #1
 2367 0072 8021     		movs	r1, #128
 2368 0074 2046     		mov	r0, r4
 2369 0076 FFF7FEFF 		bl	HAL_GPIO_WritePin
 2370              	.LVL143:
 179:Core/Src/main.c **** 
 2371              		.loc 1 179 3 view .LVU723
 2372 007a 0122     		movs	r2, #1
 2373 007c 4FF48071 		mov	r1, #256
 2374 0080 2046     		mov	r0, r4
 2375 0082 FFF7FEFF 		bl	HAL_GPIO_WritePin
 2376              	.LVL144:
 181:Core/Src/main.c ****   uint32_t rprs, rtemp, time;
 2377              		.loc 1 181 3 view .LVU724
 181:Core/Src/main.c ****   uint32_t rprs, rtemp, time;
 2378              		.loc 1 181 16 is_stmt 0 view .LVU725
 2379 0086 3348     		ldr	r0, .L173+4
 2380 0088 334B     		ldr	r3, .L173+8
 2381 008a 0360     		str	r3, [r0]
 182:Core/Src/main.c ****   if(BMP388_Init(&hbmp388) == HAL_OK){
 2382              		.loc 1 182 3 is_stmt 1 view .LVU726
 183:Core/Src/main.c ****     HAL_Delay(5);
 2383              		.loc 1 183 3 view .LVU727
 183:Core/Src/main.c ****     HAL_Delay(5);
 2384              		.loc 1 183 6 is_stmt 0 view .LVU728
 2385 008c FFF7FEFF 		bl	BMP388_Init
 2386              	.LVL145:
 183:Core/Src/main.c ****     HAL_Delay(5);
 2387              		.loc 1 183 5 discriminator 1 view .LVU729
 2388 0090 70B3     		cbz	r0, .L171
 2389              	.L167:
 192:Core/Src/main.c **** 
 2390              		.loc 1 192 3 is_stmt 1 view .LVU730
 192:Core/Src/main.c **** 
 2391              		.loc 1 192 11 is_stmt 0 view .LVU731
 2392 0092 0023     		movs	r3, #0
 2393 0094 8DF80332 		strb	r3, [sp, #515]
 194:Core/Src/main.c ****   lsm6dso_io.Address  = 0;
 2394              		.loc 1 194 3 is_stmt 1 view .LVU732
 194:Core/Src/main.c ****   lsm6dso_io.Address  = 0;
 2395              		.loc 1 194 23 is_stmt 0 view .LVU733
 2396 0098 3049     		ldr	r1, .L173+12
 2397 009a 0122     		movs	r2, #1
 2398 009c 8A60     		str	r2, [r1, #8]
 195:Core/Src/main.c ****   lsm6dso_io.Init     = platform_imu_init;
 2399              		.loc 1 195 3 is_stmt 1 view .LVU734
 195:Core/Src/main.c ****   lsm6dso_io.Init     = platform_imu_init;
 2400              		.loc 1 195 23 is_stmt 0 view .LVU735
 2401 009e 0B73     		strb	r3, [r1, #12]
 196:Core/Src/main.c ****   lsm6dso_io.DeInit   = platform_imu_deinit;
 2402              		.loc 1 196 3 is_stmt 1 view .LVU736
 196:Core/Src/main.c ****   lsm6dso_io.DeInit   = platform_imu_deinit;
 2403              		.loc 1 196 23 is_stmt 0 view .LVU737
 2404 00a0 2F4B     		ldr	r3, .L173+16
 2405 00a2 0B60     		str	r3, [r1]
 197:Core/Src/main.c ****   lsm6dso_io.ReadReg  = platform_imu_read;
ARM GAS  C:\Users\Miks\AppData\Local\Temp\ccm1mhzP.s 			page 91


 2406              		.loc 1 197 3 is_stmt 1 view .LVU738
 197:Core/Src/main.c ****   lsm6dso_io.ReadReg  = platform_imu_read;
 2407              		.loc 1 197 23 is_stmt 0 view .LVU739
 2408 00a4 2F4B     		ldr	r3, .L173+20
 2409 00a6 4B60     		str	r3, [r1, #4]
 198:Core/Src/main.c ****   lsm6dso_io.WriteReg = platform_imu_write;
 2410              		.loc 1 198 3 is_stmt 1 view .LVU740
 198:Core/Src/main.c ****   lsm6dso_io.WriteReg = platform_imu_write;
 2411              		.loc 1 198 23 is_stmt 0 view .LVU741
 2412 00a8 2F4B     		ldr	r3, .L173+24
 2413 00aa 4B61     		str	r3, [r1, #20]
 199:Core/Src/main.c ****   lsm6dso_io.GetTick  = platform_get_tick;
 2414              		.loc 1 199 3 is_stmt 1 view .LVU742
 199:Core/Src/main.c ****   lsm6dso_io.GetTick  = platform_get_tick;
 2415              		.loc 1 199 23 is_stmt 0 view .LVU743
 2416 00ac 2F4B     		ldr	r3, .L173+28
 2417 00ae 0B61     		str	r3, [r1, #16]
 200:Core/Src/main.c ****   lsm6dso_io.Delay    = platform_delay;
 2418              		.loc 1 200 3 is_stmt 1 view .LVU744
 200:Core/Src/main.c ****   lsm6dso_io.Delay    = platform_delay;
 2419              		.loc 1 200 23 is_stmt 0 view .LVU745
 2420 00b0 2F4B     		ldr	r3, .L173+32
 2421 00b2 8B61     		str	r3, [r1, #24]
 201:Core/Src/main.c **** 
 2422              		.loc 1 201 3 is_stmt 1 view .LVU746
 201:Core/Src/main.c **** 
 2423              		.loc 1 201 23 is_stmt 0 view .LVU747
 2424 00b4 2F4B     		ldr	r3, .L173+36
 2425 00b6 CB61     		str	r3, [r1, #28]
 203:Core/Src/main.c ****   {
 2426              		.loc 1 203 3 is_stmt 1 view .LVU748
 203:Core/Src/main.c ****   {
 2427              		.loc 1 203 7 is_stmt 0 view .LVU749
 2428 00b8 2F48     		ldr	r0, .L173+40
 2429 00ba FFF7FEFF 		bl	LSM6DSO_RegisterBusIO
 2430              	.LVL146:
 203:Core/Src/main.c ****   {
 2431              		.loc 1 203 6 discriminator 1 view .LVU750
 2432 00be 90B3     		cbz	r0, .L172
 2433              	.L168:
 224:Core/Src/main.c **** 
 2434              		.loc 1 224 3 is_stmt 1 view .LVU751
 2435 00c0 0022     		movs	r2, #0
 2436 00c2 2E49     		ldr	r1, .L173+44
 2437 00c4 2E48     		ldr	r0, .L173+48
 2438 00c6 FFF7FEFF 		bl	Servo_Init
 2439              	.LVL147:
 226:Core/Src/main.c ****   memset(fl_data, 0, 512);
 2440              		.loc 1 226 3 view .LVU752
 227:Core/Src/main.c ****   // fl_data[0] = 0xAA;
 2441              		.loc 1 227 3 view .LVU753
 2442 00ca 4FF40072 		mov	r2, #512
 2443 00ce 0021     		movs	r1, #0
 2444 00d0 6846     		mov	r0, sp
 2445 00d2 FFF7FEFF 		bl	memset
 2446              	.LVL148:
 264:Core/Src/main.c **** 
ARM GAS  C:\Users\Miks\AppData\Local\Temp\ccm1mhzP.s 			page 92


 2447              		.loc 1 264 3 view .LVU754
 2448 00d6 FFF7FEFF 		bl	Mission_Init
 2449              	.LVL149:
 266:Core/Src/main.c ****   /* USER CODE END 2 */
 2450              		.loc 1 266 3 view .LVU755
 2451 00da 0022     		movs	r2, #0
 2452 00dc 4021     		movs	r1, #64
 2453 00de 1046     		mov	r0, r2
 2454 00e0 FFF7FEFF 		bl	LED_Set_Color
 2455              	.LVL150:
 2456              	.L169:
 271:Core/Src/main.c ****   {
 2457              		.loc 1 271 3 view .LVU756
 273:Core/Src/main.c ****     HAL_Delay(5);
 2458              		.loc 1 273 5 view .LVU757
 2459 00e4 FFF7FEFF 		bl	Mission_Update
 2460              	.LVL151:
 274:Core/Src/main.c **** 
 2461              		.loc 1 274 5 discriminator 1 view .LVU758
 2462 00e8 0520     		movs	r0, #5
 2463 00ea FFF7FEFF 		bl	HAL_Delay
 2464              	.LVL152:
 271:Core/Src/main.c ****   {
 2465              		.loc 1 271 9 view .LVU759
 2466 00ee F9E7     		b	.L169
 2467              	.L171:
 184:Core/Src/main.c ****     BMP388_SetTempOS(&hbmp388, BMP388_OVERSAMPLING_8X);
 2468              		.loc 1 184 5 view .LVU760
 2469 00f0 0520     		movs	r0, #5
 2470 00f2 FFF7FEFF 		bl	HAL_Delay
 2471              	.LVL153:
 185:Core/Src/main.c ****     BMP388_SetPressOS(&hbmp388, BMP388_OVERSAMPLING_8X);
 2472              		.loc 1 185 5 view .LVU761
 2473 00f6 174C     		ldr	r4, .L173+4
 2474 00f8 0321     		movs	r1, #3
 2475 00fa 2046     		mov	r0, r4
 2476 00fc FFF7FEFF 		bl	BMP388_SetTempOS
 2477              	.LVL154:
 186:Core/Src/main.c ****     BMP388_SetIIRFilterCoeff(&hbmp388, BMP3_IIR_FILTER_COEFF_3);
 2478              		.loc 1 186 5 view .LVU762
 2479 0100 0321     		movs	r1, #3
 2480 0102 2046     		mov	r0, r4
 2481 0104 FFF7FEFF 		bl	BMP388_SetPressOS
 2482              	.LVL155:
 187:Core/Src/main.c ****     BMP388_SetOutputDataRate(&hbmp388, BMP3_ODR_50_HZ);
 2483              		.loc 1 187 5 view .LVU763
 2484 0108 0221     		movs	r1, #2
 2485 010a 2046     		mov	r0, r4
 2486 010c FFF7FEFF 		bl	BMP388_SetIIRFilterCoeff
 2487              	.LVL156:
 188:Core/Src/main.c ****     BMP388_ReadRawPressTempTime(&hbmp388, &rprs, &rtemp, &time);  // DUMMY
 2488              		.loc 1 188 5 view .LVU764
 2489 0110 0221     		movs	r1, #2
 2490 0112 2046     		mov	r0, r4
 2491 0114 FFF7FEFF 		bl	BMP388_SetOutputDataRate
 2492              	.LVL157:
 189:Core/Src/main.c ****   }
ARM GAS  C:\Users\Miks\AppData\Local\Temp\ccm1mhzP.s 			page 93


 2493              		.loc 1 189 5 view .LVU765
 2494 0118 81AB     		add	r3, sp, #516
 2495 011a 82AA     		add	r2, sp, #520
 2496 011c 83A9     		add	r1, sp, #524
 2497 011e 2046     		mov	r0, r4
 2498 0120 FFF7FEFF 		bl	BMP388_ReadRawPressTempTime
 2499              	.LVL158:
 2500 0124 B5E7     		b	.L167
 2501              	.L172:
 205:Core/Src/main.c ****     {
 2502              		.loc 1 205 5 view .LVU766
 205:Core/Src/main.c ****     {
 2503              		.loc 1 205 9 is_stmt 0 view .LVU767
 2504 0126 1448     		ldr	r0, .L173+40
 2505 0128 FFF7FEFF 		bl	LSM6DSO_Init
 2506              	.LVL159:
 205:Core/Src/main.c ****     {
 2507              		.loc 1 205 8 discriminator 1 view .LVU768
 2508 012c 0028     		cmp	r0, #0
 2509 012e C7D1     		bne	.L168
 207:Core/Src/main.c **** 
 2510              		.loc 1 207 7 is_stmt 1 view .LVU769
 2511 0130 114C     		ldr	r4, .L173+40
 2512 0132 0DF20321 		addw	r1, sp, #515
 2513 0136 2046     		mov	r0, r4
 2514 0138 FFF7FEFF 		bl	LSM6DSO_ReadID
 2515              	.LVL160:
 209:Core/Src/main.c ****       HAL_Delay(100);
 2516              		.loc 1 209 7 view .LVU770
 2517 013c 2046     		mov	r0, r4
 2518 013e FFF7FEFF 		bl	IMU_Fusion_Init
 2519              	.LVL161:
 210:Core/Src/main.c ****       IMU_Fusion_CalibrateGyro(200);
 2520              		.loc 1 210 7 view .LVU771
 2521 0142 6420     		movs	r0, #100
 2522 0144 FFF7FEFF 		bl	HAL_Delay
 2523              	.LVL162:
 211:Core/Src/main.c ****     }
 2524              		.loc 1 211 7 view .LVU772
 2525 0148 C820     		movs	r0, #200
 2526 014a FFF7FEFF 		bl	IMU_Fusion_CalibrateGyro
 2527              	.LVL163:
 2528 014e B7E7     		b	.L168
 2529              	.L174:
 2530              		.align	2
 2531              	.L173:
 2532 0150 00080240 		.word	1073874944
 2533 0154 00000000 		.word	hbmp388
 2534 0158 00000000 		.word	hi2c2
 2535 015c 00000000 		.word	lsm6dso_io
 2536 0160 00000000 		.word	platform_imu_init
 2537 0164 00000000 		.word	platform_imu_deinit
 2538 0168 00000000 		.word	platform_imu_read
 2539 016c 00000000 		.word	platform_imu_write
 2540 0170 00000000 		.word	platform_get_tick
 2541 0174 00000000 		.word	platform_delay
 2542 0178 00000000 		.word	hlsm6dso1
ARM GAS  C:\Users\Miks\AppData\Local\Temp\ccm1mhzP.s 			page 94


 2543 017c 00000000 		.word	htim5
 2544 0180 00000000 		.word	hservo1
 2545              		.cfi_endproc
 2546              	.LFE243:
 2548              		.global	adc_buff
 2549              		.section	.bss.adc_buff,"aw",%nobits
 2550              		.align	2
 2553              	adc_buff:
 2554 0000 00000000 		.space	4
 2555              		.global	battery_v
 2556              		.section	.bss.battery_v,"aw",%nobits
 2557              		.align	2
 2560              	battery_v:
 2561 0000 00000000 		.space	4
 2562              		.global	fs
 2563              		.section	.bss.fs,"aw",%nobits
 2564              		.align	2
 2567              	fs:
 2568 0000 00000000 		.space	560
 2568      00000000 
 2568      00000000 
 2568      00000000 
 2568      00000000 
 2569              		.global	hservo1
 2570              		.section	.bss.hservo1,"aw",%nobits
 2571              		.align	2
 2574              	hservo1:
 2575 0000 00000000 		.space	8
 2575      00000000 
 2576              		.global	h24lc64
 2577              		.section	.bss.h24lc64,"aw",%nobits
 2578              		.align	2
 2581              	h24lc64:
 2582 0000 00000000 		.space	16
 2582      00000000 
 2582      00000000 
 2582      00000000 
 2583              		.global	hbmp388
 2584              		.section	.bss.hbmp388,"aw",%nobits
 2585              		.align	2
 2588              	hbmp388:
 2589 0000 00000000 		.space	64
 2589      00000000 
 2589      00000000 
 2589      00000000 
 2589      00000000 
 2590              		.global	lsm6dso_io
 2591              		.section	.bss.lsm6dso_io,"aw",%nobits
 2592              		.align	2
 2595              	lsm6dso_io:
 2596 0000 00000000 		.space	32
 2596      00000000 
 2596      00000000 
 2596      00000000 
 2596      00000000 
 2597              		.global	hlsm6dso1
 2598              		.section	.bss.hlsm6dso1,"aw",%nobits
ARM GAS  C:\Users\Miks\AppData\Local\Temp\ccm1mhzP.s 			page 95


 2599              		.align	2
 2602              	hlsm6dso1:
 2603 0000 00000000 		.space	56
 2603      00000000 
 2603      00000000 
 2603      00000000 
 2603      00000000 
 2604              		.global	huart1
 2605              		.section	.bss.huart1,"aw",%nobits
 2606              		.align	2
 2609              	huart1:
 2610 0000 00000000 		.space	72
 2610      00000000 
 2610      00000000 
 2610      00000000 
 2610      00000000 
 2611              		.global	hdma_tim3_ch1_trig
 2612              		.section	.bss.hdma_tim3_ch1_trig,"aw",%nobits
 2613              		.align	2
 2616              	hdma_tim3_ch1_trig:
 2617 0000 00000000 		.space	96
 2617      00000000 
 2617      00000000 
 2617      00000000 
 2617      00000000 
 2618              		.global	htim5
 2619              		.section	.bss.htim5,"aw",%nobits
 2620              		.align	2
 2623              	htim5:
 2624 0000 00000000 		.space	72
 2624      00000000 
 2624      00000000 
 2624      00000000 
 2624      00000000 
 2625              		.global	htim4
 2626              		.section	.bss.htim4,"aw",%nobits
 2627              		.align	2
 2630              	htim4:
 2631 0000 00000000 		.space	72
 2631      00000000 
 2631      00000000 
 2631      00000000 
 2631      00000000 
 2632              		.global	htim3
 2633              		.section	.bss.htim3,"aw",%nobits
 2634              		.align	2
 2637              	htim3:
 2638 0000 00000000 		.space	72
 2638      00000000 
 2638      00000000 
 2638      00000000 
 2638      00000000 
 2639              		.global	hspi3
 2640              		.section	.bss.hspi3,"aw",%nobits
 2641              		.align	2
 2644              	hspi3:
 2645 0000 00000000 		.space	88
ARM GAS  C:\Users\Miks\AppData\Local\Temp\ccm1mhzP.s 			page 96


 2645      00000000 
 2645      00000000 
 2645      00000000 
 2645      00000000 
 2646              		.global	hspi2
 2647              		.section	.bss.hspi2,"aw",%nobits
 2648              		.align	2
 2651              	hspi2:
 2652 0000 00000000 		.space	88
 2652      00000000 
 2652      00000000 
 2652      00000000 
 2652      00000000 
 2653              		.global	hspi1
 2654              		.section	.bss.hspi1,"aw",%nobits
 2655              		.align	2
 2658              	hspi1:
 2659 0000 00000000 		.space	88
 2659      00000000 
 2659      00000000 
 2659      00000000 
 2659      00000000 
 2660              		.global	hrtc
 2661              		.section	.bss.hrtc,"aw",%nobits
 2662              		.align	2
 2665              	hrtc:
 2666 0000 00000000 		.space	32
 2666      00000000 
 2666      00000000 
 2666      00000000 
 2666      00000000 
 2667              		.global	hi2c3
 2668              		.section	.bss.hi2c3,"aw",%nobits
 2669              		.align	2
 2672              	hi2c3:
 2673 0000 00000000 		.space	84
 2673      00000000 
 2673      00000000 
 2673      00000000 
 2673      00000000 
 2674              		.global	hi2c2
 2675              		.section	.bss.hi2c2,"aw",%nobits
 2676              		.align	2
 2679              	hi2c2:
 2680 0000 00000000 		.space	84
 2680      00000000 
 2680      00000000 
 2680      00000000 
 2680      00000000 
 2681              		.global	hi2c1
 2682              		.section	.bss.hi2c1,"aw",%nobits
 2683              		.align	2
 2686              	hi2c1:
 2687 0000 00000000 		.space	84
 2687      00000000 
 2687      00000000 
 2687      00000000 
ARM GAS  C:\Users\Miks\AppData\Local\Temp\ccm1mhzP.s 			page 97


 2687      00000000 
 2688              		.global	hcrc
 2689              		.section	.bss.hcrc,"aw",%nobits
 2690              		.align	2
 2693              	hcrc:
 2694 0000 00000000 		.space	8
 2694      00000000 
 2695              		.global	hadc1
 2696              		.section	.bss.hadc1,"aw",%nobits
 2697              		.align	2
 2700              	hadc1:
 2701 0000 00000000 		.space	72
 2701      00000000 
 2701      00000000 
 2701      00000000 
 2701      00000000 
 2702              		.text
 2703              	.Letext0:
 2704              		.file 3 "Drivers/CMSIS/Device/ST/STM32F4xx/Include/stm32f405xx.h"
 2705              		.file 4 "C:/Users/Miks/AppData/Roaming/Code/User/globalStorage/bmd.stm32-for-vscode/@xpack-dev-too
 2706              		.file 5 "C:/Users/Miks/AppData/Roaming/Code/User/globalStorage/bmd.stm32-for-vscode/@xpack-dev-too
 2707              		.file 6 "Drivers/CMSIS/Device/ST/STM32F4xx/Include/stm32f4xx.h"
 2708              		.file 7 "Drivers/STM32F4xx_HAL_Driver/Inc/stm32f4xx_hal_def.h"
 2709              		.file 8 "Drivers/STM32F4xx_HAL_Driver/Inc/stm32f4xx_hal_rcc_ex.h"
 2710              		.file 9 "Drivers/STM32F4xx_HAL_Driver/Inc/stm32f4xx_hal_rcc.h"
 2711              		.file 10 "Drivers/STM32F4xx_HAL_Driver/Inc/stm32f4xx_hal_gpio.h"
 2712              		.file 11 "Drivers/STM32F4xx_HAL_Driver/Inc/stm32f4xx_hal_dma.h"
 2713              		.file 12 "Drivers/STM32F4xx_HAL_Driver/Inc/stm32f4xx_hal_adc.h"
 2714              		.file 13 "Drivers/STM32F4xx_HAL_Driver/Inc/stm32f4xx_hal_crc.h"
 2715              		.file 14 "Drivers/STM32F4xx_HAL_Driver/Inc/stm32f4xx_hal_i2c.h"
 2716              		.file 15 "Drivers/STM32F4xx_HAL_Driver/Inc/stm32f4xx_hal_rtc.h"
 2717              		.file 16 "Drivers/STM32F4xx_HAL_Driver/Inc/stm32f4xx_hal_spi.h"
 2718              		.file 17 "Drivers/STM32F4xx_HAL_Driver/Inc/stm32f4xx_hal_tim.h"
 2719              		.file 18 "Drivers/STM32F4xx_HAL_Driver/Inc/stm32f4xx_hal_uart.h"
 2720              		.file 19 "Middlewares/Third_Party/FatFs/src/integer.h"
 2721              		.file 20 "Middlewares/Third_Party/FatFs/src/ff.h"
 2722              		.file 21 "Core/Inc/25flash.h"
 2723              		.file 22 "Core/Inc/neopixel.h"
 2724              		.file 23 "Core/Inc/lsm6dso_reg.h"
 2725              		.file 24 "Core/Inc/lsm6dso.h"
 2726              		.file 25 "Core/Inc/BMP388.h"
 2727              		.file 26 "Core/Inc/ee24.h"
 2728              		.file 27 "Core/Inc/servo.h"
 2729              		.file 28 "Core/Inc/GNSS.h"
 2730              		.file 29 "C:/Users/Miks/AppData/Roaming/Code/User/globalStorage/bmd.stm32-for-vscode/@xpack-dev-to
 2731              		.file 30 "Drivers/STM32F4xx_HAL_Driver/Inc/stm32f4xx_hal_tim_ex.h"
 2732              		.file 31 "Core/Inc/main.h"
 2733              		.file 32 "Drivers/STM32F4xx_HAL_Driver/Inc/stm32f4xx_hal_cortex.h"
 2734              		.file 33 "Core/Inc/mission.h"
 2735              		.file 34 "Core/Inc/imu_fusion.h"
 2736              		.file 35 "Drivers/STM32F4xx_HAL_Driver/Inc/stm32f4xx_hal.h"
 2737              		.file 36 "FATFS/App/fatfs.h"
 2738              		.file 37 "USB_DEVICE/App/usb_device.h"
 2739              		.file 38 "<built-in>"
ARM GAS  C:\Users\Miks\AppData\Local\Temp\ccm1mhzP.s 			page 98


DEFINED SYMBOLS
                            *ABS*:00000000 main.c
C:\Users\Miks\AppData\Local\Temp\ccm1mhzP.s:21     .text.platform_imu_init:00000000 $t
C:\Users\Miks\AppData\Local\Temp\ccm1mhzP.s:27     .text.platform_imu_init:00000000 platform_imu_init
C:\Users\Miks\AppData\Local\Temp\ccm1mhzP.s:42     .text.platform_imu_deinit:00000000 $t
C:\Users\Miks\AppData\Local\Temp\ccm1mhzP.s:48     .text.platform_imu_deinit:00000000 platform_imu_deinit
C:\Users\Miks\AppData\Local\Temp\ccm1mhzP.s:63     .text.platform_delay:00000000 $t
C:\Users\Miks\AppData\Local\Temp\ccm1mhzP.s:69     .text.platform_delay:00000000 platform_delay
C:\Users\Miks\AppData\Local\Temp\ccm1mhzP.s:90     .text.MX_GPIO_Init:00000000 $t
C:\Users\Miks\AppData\Local\Temp\ccm1mhzP.s:95     .text.MX_GPIO_Init:00000000 MX_GPIO_Init
C:\Users\Miks\AppData\Local\Temp\ccm1mhzP.s:380    .text.MX_GPIO_Init:00000160 $d
C:\Users\Miks\AppData\Local\Temp\ccm1mhzP.s:388    .text.MX_DMA_Init:00000000 $t
C:\Users\Miks\AppData\Local\Temp\ccm1mhzP.s:393    .text.MX_DMA_Init:00000000 MX_DMA_Init
C:\Users\Miks\AppData\Local\Temp\ccm1mhzP.s:439    .text.MX_DMA_Init:00000030 $d
C:\Users\Miks\AppData\Local\Temp\ccm1mhzP.s:444    .text.platform_imu_write:00000000 $t
C:\Users\Miks\AppData\Local\Temp\ccm1mhzP.s:450    .text.platform_imu_write:00000000 platform_imu_write
C:\Users\Miks\AppData\Local\Temp\ccm1mhzP.s:549    .text.platform_imu_write:0000006c $d
C:\Users\Miks\AppData\Local\Temp\ccm1mhzP.s:2651   .bss.hspi2:00000000 hspi2
C:\Users\Miks\AppData\Local\Temp\ccm1mhzP.s:555    .text.platform_imu_read:00000000 $t
C:\Users\Miks\AppData\Local\Temp\ccm1mhzP.s:561    .text.platform_imu_read:00000000 platform_imu_read
C:\Users\Miks\AppData\Local\Temp\ccm1mhzP.s:658    .text.platform_imu_read:00000074 $d
C:\Users\Miks\AppData\Local\Temp\ccm1mhzP.s:664    .text.platform_get_tick:00000000 $t
C:\Users\Miks\AppData\Local\Temp\ccm1mhzP.s:670    .text.platform_get_tick:00000000 platform_get_tick
C:\Users\Miks\AppData\Local\Temp\ccm1mhzP.s:690    .text.Get_Vbat:00000000 $t
C:\Users\Miks\AppData\Local\Temp\ccm1mhzP.s:696    .text.Get_Vbat:00000000 Get_Vbat
C:\Users\Miks\AppData\Local\Temp\ccm1mhzP.s:717    .text.Get_Vbat:00000010 $d
C:\Users\Miks\AppData\Local\Temp\ccm1mhzP.s:2553   .bss.adc_buff:00000000 adc_buff
C:\Users\Miks\AppData\Local\Temp\ccm1mhzP.s:2700   .bss.hadc1:00000000 hadc1
C:\Users\Miks\AppData\Local\Temp\ccm1mhzP.s:723    .text.HAL_ADC_ConvCpltCallback:00000000 $t
C:\Users\Miks\AppData\Local\Temp\ccm1mhzP.s:729    .text.HAL_ADC_ConvCpltCallback:00000000 HAL_ADC_ConvCpltCallback
C:\Users\Miks\AppData\Local\Temp\ccm1mhzP.s:785    .text.HAL_ADC_ConvCpltCallback:00000048 $d
C:\Users\Miks\AppData\Local\Temp\ccm1mhzP.s:2560   .bss.battery_v:00000000 battery_v
C:\Users\Miks\AppData\Local\Temp\ccm1mhzP.s:796    .text.Error_Handler:00000000 $t
C:\Users\Miks\AppData\Local\Temp\ccm1mhzP.s:802    .text.Error_Handler:00000000 Error_Handler
C:\Users\Miks\AppData\Local\Temp\ccm1mhzP.s:834    .text.MX_ADC1_Init:00000000 $t
C:\Users\Miks\AppData\Local\Temp\ccm1mhzP.s:839    .text.MX_ADC1_Init:00000000 MX_ADC1_Init
C:\Users\Miks\AppData\Local\Temp\ccm1mhzP.s:941    .text.MX_ADC1_Init:0000005c $d
C:\Users\Miks\AppData\Local\Temp\ccm1mhzP.s:948    .text.MX_I2C1_Init:00000000 $t
C:\Users\Miks\AppData\Local\Temp\ccm1mhzP.s:953    .text.MX_I2C1_Init:00000000 MX_I2C1_Init
C:\Users\Miks\AppData\Local\Temp\ccm1mhzP.s:1010   .text.MX_I2C1_Init:0000002c $d
C:\Users\Miks\AppData\Local\Temp\ccm1mhzP.s:2686   .bss.hi2c1:00000000 hi2c1
C:\Users\Miks\AppData\Local\Temp\ccm1mhzP.s:1017   .text.MX_I2C2_Init:00000000 $t
C:\Users\Miks\AppData\Local\Temp\ccm1mhzP.s:1022   .text.MX_I2C2_Init:00000000 MX_I2C2_Init
C:\Users\Miks\AppData\Local\Temp\ccm1mhzP.s:1079   .text.MX_I2C2_Init:0000002c $d
C:\Users\Miks\AppData\Local\Temp\ccm1mhzP.s:2679   .bss.hi2c2:00000000 hi2c2
C:\Users\Miks\AppData\Local\Temp\ccm1mhzP.s:1086   .text.MX_I2C3_Init:00000000 $t
C:\Users\Miks\AppData\Local\Temp\ccm1mhzP.s:1091   .text.MX_I2C3_Init:00000000 MX_I2C3_Init
C:\Users\Miks\AppData\Local\Temp\ccm1mhzP.s:1148   .text.MX_I2C3_Init:0000002c $d
C:\Users\Miks\AppData\Local\Temp\ccm1mhzP.s:2672   .bss.hi2c3:00000000 hi2c3
C:\Users\Miks\AppData\Local\Temp\ccm1mhzP.s:1155   .text.MX_RTC_Init:00000000 $t
C:\Users\Miks\AppData\Local\Temp\ccm1mhzP.s:1160   .text.MX_RTC_Init:00000000 MX_RTC_Init
C:\Users\Miks\AppData\Local\Temp\ccm1mhzP.s:1211   .text.MX_RTC_Init:00000028 $d
C:\Users\Miks\AppData\Local\Temp\ccm1mhzP.s:2665   .bss.hrtc:00000000 hrtc
C:\Users\Miks\AppData\Local\Temp\ccm1mhzP.s:1217   .text.MX_SPI1_Init:00000000 $t
C:\Users\Miks\AppData\Local\Temp\ccm1mhzP.s:1222   .text.MX_SPI1_Init:00000000 MX_SPI1_Init
C:\Users\Miks\AppData\Local\Temp\ccm1mhzP.s:1289   .text.MX_SPI1_Init:00000038 $d
C:\Users\Miks\AppData\Local\Temp\ccm1mhzP.s:2658   .bss.hspi1:00000000 hspi1
ARM GAS  C:\Users\Miks\AppData\Local\Temp\ccm1mhzP.s 			page 99


C:\Users\Miks\AppData\Local\Temp\ccm1mhzP.s:1295   .text.MX_SPI2_Init:00000000 $t
C:\Users\Miks\AppData\Local\Temp\ccm1mhzP.s:1300   .text.MX_SPI2_Init:00000000 MX_SPI2_Init
C:\Users\Miks\AppData\Local\Temp\ccm1mhzP.s:1370   .text.MX_SPI2_Init:0000003c $d
C:\Users\Miks\AppData\Local\Temp\ccm1mhzP.s:1376   .text.MX_SPI3_Init:00000000 $t
C:\Users\Miks\AppData\Local\Temp\ccm1mhzP.s:1381   .text.MX_SPI3_Init:00000000 MX_SPI3_Init
C:\Users\Miks\AppData\Local\Temp\ccm1mhzP.s:1448   .text.MX_SPI3_Init:00000038 $d
C:\Users\Miks\AppData\Local\Temp\ccm1mhzP.s:2644   .bss.hspi3:00000000 hspi3
C:\Users\Miks\AppData\Local\Temp\ccm1mhzP.s:1454   .text.MX_TIM3_Init:00000000 $t
C:\Users\Miks\AppData\Local\Temp\ccm1mhzP.s:1459   .text.MX_TIM3_Init:00000000 MX_TIM3_Init
C:\Users\Miks\AppData\Local\Temp\ccm1mhzP.s:1607   .text.MX_TIM3_Init:00000098 $d
C:\Users\Miks\AppData\Local\Temp\ccm1mhzP.s:2637   .bss.htim3:00000000 htim3
C:\Users\Miks\AppData\Local\Temp\ccm1mhzP.s:1613   .text.MX_TIM4_Init:00000000 $t
C:\Users\Miks\AppData\Local\Temp\ccm1mhzP.s:1618   .text.MX_TIM4_Init:00000000 MX_TIM4_Init
C:\Users\Miks\AppData\Local\Temp\ccm1mhzP.s:1781   .text.MX_TIM4_Init:000000b0 $d
C:\Users\Miks\AppData\Local\Temp\ccm1mhzP.s:2630   .bss.htim4:00000000 htim4
C:\Users\Miks\AppData\Local\Temp\ccm1mhzP.s:1787   .text.MX_TIM5_Init:00000000 $t
C:\Users\Miks\AppData\Local\Temp\ccm1mhzP.s:1792   .text.MX_TIM5_Init:00000000 MX_TIM5_Init
C:\Users\Miks\AppData\Local\Temp\ccm1mhzP.s:1999   .text.MX_TIM5_Init:000000e8 $d
C:\Users\Miks\AppData\Local\Temp\ccm1mhzP.s:2623   .bss.htim5:00000000 htim5
C:\Users\Miks\AppData\Local\Temp\ccm1mhzP.s:2005   .text.MX_USART1_UART_Init:00000000 $t
C:\Users\Miks\AppData\Local\Temp\ccm1mhzP.s:2010   .text.MX_USART1_UART_Init:00000000 MX_USART1_UART_Init
C:\Users\Miks\AppData\Local\Temp\ccm1mhzP.s:2064   .text.MX_USART1_UART_Init:0000002c $d
C:\Users\Miks\AppData\Local\Temp\ccm1mhzP.s:2609   .bss.huart1:00000000 huart1
C:\Users\Miks\AppData\Local\Temp\ccm1mhzP.s:2070   .text.MX_CRC_Init:00000000 $t
C:\Users\Miks\AppData\Local\Temp\ccm1mhzP.s:2075   .text.MX_CRC_Init:00000000 MX_CRC_Init
C:\Users\Miks\AppData\Local\Temp\ccm1mhzP.s:2105   .text.MX_CRC_Init:00000014 $d
C:\Users\Miks\AppData\Local\Temp\ccm1mhzP.s:2693   .bss.hcrc:00000000 hcrc
C:\Users\Miks\AppData\Local\Temp\ccm1mhzP.s:2111   .text.SystemClock_Config:00000000 $t
C:\Users\Miks\AppData\Local\Temp\ccm1mhzP.s:2117   .text.SystemClock_Config:00000000 SystemClock_Config
C:\Users\Miks\AppData\Local\Temp\ccm1mhzP.s:2267   .text.SystemClock_Config:000000a4 $d
C:\Users\Miks\AppData\Local\Temp\ccm1mhzP.s:2273   .text.main:00000000 $t
C:\Users\Miks\AppData\Local\Temp\ccm1mhzP.s:2279   .text.main:00000000 main
C:\Users\Miks\AppData\Local\Temp\ccm1mhzP.s:2532   .text.main:00000150 $d
C:\Users\Miks\AppData\Local\Temp\ccm1mhzP.s:2588   .bss.hbmp388:00000000 hbmp388
C:\Users\Miks\AppData\Local\Temp\ccm1mhzP.s:2595   .bss.lsm6dso_io:00000000 lsm6dso_io
C:\Users\Miks\AppData\Local\Temp\ccm1mhzP.s:2602   .bss.hlsm6dso1:00000000 hlsm6dso1
C:\Users\Miks\AppData\Local\Temp\ccm1mhzP.s:2574   .bss.hservo1:00000000 hservo1
C:\Users\Miks\AppData\Local\Temp\ccm1mhzP.s:2550   .bss.adc_buff:00000000 $d
C:\Users\Miks\AppData\Local\Temp\ccm1mhzP.s:2557   .bss.battery_v:00000000 $d
C:\Users\Miks\AppData\Local\Temp\ccm1mhzP.s:2567   .bss.fs:00000000 fs
C:\Users\Miks\AppData\Local\Temp\ccm1mhzP.s:2564   .bss.fs:00000000 $d
C:\Users\Miks\AppData\Local\Temp\ccm1mhzP.s:2571   .bss.hservo1:00000000 $d
C:\Users\Miks\AppData\Local\Temp\ccm1mhzP.s:2581   .bss.h24lc64:00000000 h24lc64
C:\Users\Miks\AppData\Local\Temp\ccm1mhzP.s:2578   .bss.h24lc64:00000000 $d
C:\Users\Miks\AppData\Local\Temp\ccm1mhzP.s:2585   .bss.hbmp388:00000000 $d
C:\Users\Miks\AppData\Local\Temp\ccm1mhzP.s:2592   .bss.lsm6dso_io:00000000 $d
C:\Users\Miks\AppData\Local\Temp\ccm1mhzP.s:2599   .bss.hlsm6dso1:00000000 $d
C:\Users\Miks\AppData\Local\Temp\ccm1mhzP.s:2606   .bss.huart1:00000000 $d
C:\Users\Miks\AppData\Local\Temp\ccm1mhzP.s:2616   .bss.hdma_tim3_ch1_trig:00000000 hdma_tim3_ch1_trig
C:\Users\Miks\AppData\Local\Temp\ccm1mhzP.s:2613   .bss.hdma_tim3_ch1_trig:00000000 $d
C:\Users\Miks\AppData\Local\Temp\ccm1mhzP.s:2620   .bss.htim5:00000000 $d
C:\Users\Miks\AppData\Local\Temp\ccm1mhzP.s:2627   .bss.htim4:00000000 $d
C:\Users\Miks\AppData\Local\Temp\ccm1mhzP.s:2634   .bss.htim3:00000000 $d
C:\Users\Miks\AppData\Local\Temp\ccm1mhzP.s:2641   .bss.hspi3:00000000 $d
C:\Users\Miks\AppData\Local\Temp\ccm1mhzP.s:2648   .bss.hspi2:00000000 $d
C:\Users\Miks\AppData\Local\Temp\ccm1mhzP.s:2655   .bss.hspi1:00000000 $d
C:\Users\Miks\AppData\Local\Temp\ccm1mhzP.s:2662   .bss.hrtc:00000000 $d
ARM GAS  C:\Users\Miks\AppData\Local\Temp\ccm1mhzP.s 			page 100


C:\Users\Miks\AppData\Local\Temp\ccm1mhzP.s:2669   .bss.hi2c3:00000000 $d
C:\Users\Miks\AppData\Local\Temp\ccm1mhzP.s:2676   .bss.hi2c2:00000000 $d
C:\Users\Miks\AppData\Local\Temp\ccm1mhzP.s:2683   .bss.hi2c1:00000000 $d
C:\Users\Miks\AppData\Local\Temp\ccm1mhzP.s:2690   .bss.hcrc:00000000 $d
C:\Users\Miks\AppData\Local\Temp\ccm1mhzP.s:2697   .bss.hadc1:00000000 $d

UNDEFINED SYMBOLS
HAL_Delay
HAL_GPIO_WritePin
HAL_GPIO_Init
HAL_NVIC_SetPriority
HAL_NVIC_EnableIRQ
memcpy
HAL_SPI_Transmit
HAL_SPI_Receive
HAL_GetTick
HAL_ADC_Start_DMA
__aeabi_f2d
__aeabi_dmul
__aeabi_d2f
HAL_ADC_Init
HAL_ADC_ConfigChannel
HAL_I2C_Init
HAL_RTC_Init
HAL_SPI_Init
HAL_TIM_Base_Init
HAL_TIM_ConfigClockSource
HAL_TIM_PWM_Init
HAL_TIMEx_MasterConfigSynchronization
HAL_TIM_PWM_ConfigChannel
HAL_TIM_MspPostInit
HAL_TIM_OC_Init
HAL_TIM_OC_ConfigChannel
HAL_UART_Init
HAL_CRC_Init
memset
HAL_RCC_OscConfig
HAL_RCC_ClockConfig
HAL_Init
MX_USB_DEVICE_Init
MX_FATFS_Init
BMP388_Init
LSM6DSO_RegisterBusIO
Servo_Init
Mission_Init
LED_Set_Color
Mission_Update
BMP388_SetTempOS
BMP388_SetPressOS
BMP388_SetIIRFilterCoeff
BMP388_SetOutputDataRate
BMP388_ReadRawPressTempTime
LSM6DSO_Init
LSM6DSO_ReadID
IMU_Fusion_Init
IMU_Fusion_CalibrateGyro
